tx,ty,r,c,x,y,tierA,slope,relief,tpi300,tpi1000,north,ndvi,bsi,carb,iron,dist_unit
372000,4284000,304,141,376245.0,4286865.0,True,2.735105514526367,6.773763179779053,-0.1183539479970932,3.5004611015319824,-0.9591487050056458,0.08707992732524872,0.1190476045012474,1.1073698997497559,1.4676117897033691,0.0
384000,4260000,45,120,387615.0,4270635.0,False,5.047096252441406,13.231635093688965,-3.6321613788604736,-17.09947395324707,0.9556217789649963,0.09426373988389969,0.15810361504554749,1.0484943389892578,1.593854308128357,815.5423583984375
300000,4428000,266,93,302805.0,4432005.0,False,2.103161573410034,4.61121940612793,-0.4645182192325592,-8.674072265625,0.07299108058214188,0.08020301163196564,0.1058344617486,1.0237329006195068,1.3243682384490967,852.3499145507812
396000,4440000,6,210,402315.0,4451805.0,True,19.169784545898438,50.2750358581543,-9.49549674987793,-42.96543884277344,0.7729159593582153,0.18892011046409607,0.01152833178639412,1.1783064603805542,1.2712254524230957,0.0
360000,4284000,117,190,365715.0,4292475.0,False,9.797837257385254,26.16848373413086,0.6316866874694824,3.1334500312805176,0.9084437489509583,0.1095108836889267,0.10346949845552444,1.0696877241134644,1.7007170915603638,600.250244140625
684000,4572000,162,385,695565.0,4579125.0,False,7.431767463684082,19.95703125,6.549736976623535,9.74892807006836,0.6381098031997681,0.12052784115076065,0.18204154074192047,1.1367652416229248,1.6030369997024536,6.666666507720947
408000,4512000,209,394,419835.0,4517715.0,False,13.328601837158203,35.32447814941406,5.544962406158447,29.3067626953125,-0.890711784362793,0.15385133028030396,0.1821628212928772,1.2727583646774292,1.6785688400268555,0.0
300000,4476000,51,109,303285.0,4486455.0,False,23.186717987060547,57.61288833618164,7.727837562561035,25.91756248474121,-0.9295743107795715,0.0907871425151825,0.10485018789768219,1.1723716259002686,1.371291995048523,0.0
384000,4476000,172,394,395835.0,4482825.0,True,21.45140266418457,54.52021026611328,29.384765625,33.84931182861328,-0.0933922603726387,0.1647624373435974,0.07467139512300491,1.1831066608428955,1.4604089260101318,0.0
384000,4476000,334,372,395175.0,4477965.0,True,12.866477966308594,33.79084014892578,-32.13414001464844,-57.26356506347656,-0.28779616951942444,0.277527391910553,0.10576166957616806,1.2066478729248047,1.4428404569625854,14.714045524597168
432000,4572000,212,87,434625.0,4577625.0,False,19.122604370117188,51.21416473388672,-23.51951789855957,-2.5737438201904297,-0.32606783509254456,0.19353391230106354,0.18747344613075256,1.4399199485778809,1.9747179746627808,684.5436401367188
684000,4572000,36,290,692715.0,4582905.0,False,12.517370223999023,23.88407325744629,9.511786460876465,30.28911590576172,0.9356259703636169,0.127444788813591,0.1707833856344223,1.0929601192474365,1.5340499877929688,0.0
432000,4392000,376,123,435705.0,4392705.0,False,24.443904876708984,68.75873565673828,-28.50257682800293,14.19533920288086,0.41332104802131653,0.23391978442668915,0.050503622740507126,1.2126498222351074,1.384772777557373,0.0
384000,4368000,390,194,389835.0,4368285.0,False,18.59603500366211,40.75359344482422,-5.425089359283447,-67.76432800292969,0.4332870543003082,0.10223836451768875,0.14559593796730042,1.1308722496032715,1.4101132154464722,1006.0816040039062
336000,4452000,62,157,340725.0,4462125.0,False,0.37469905614852905,1.091064453125,0.1036241352558136,-0.5493570566177368,0.6369755268096924,0.07326094806194305,0.08166215568780899,1.080567717552185,1.4545537233352661,685.2008056640625
408000,4248000,316,120,411615.0,4250505.0,True,25.65823745727539,60.35526657104492,-14.586073875427246,-60.17401885986328,-0.9459256529808044,0.13422644138336182,0.10737494379281998,1.125846028327942,1.5540823936462402,0.0
732000,4596000,120,372,743175.0,4604385.0,False,10.413421630859375,25.62383270263672,-4.187581539154053,-13.80848503112793,-0.8742915391921997,0.29699262976646423,0.11487426608800888,1.2090409994125366,1.4118096828460693,403.3621826171875
396000,4452000,183,384,407535.0,4458495.0,True,12.145319938659668,31.22806739807129,-8.16908073425293,2.4560546875,-0.2988145351409912,0.1302645206451416,0.13544823229312897,1.1379085779190063,1.4975138902664185,0.0
372000,4272000,103,155,376665.0,4280895.0,True,8.009593963623047,20.83401107788086,2.5194499492645264,29.73997688293457,-0.19742850959300995,0.1029575765132904,0.05538575351238251,1.1570924520492554,1.2657561302185059,0.0
444000,4572000,163,130,447915.0,4579095.0,False,4.714590549468994,11.134927749633789,3.9433999061584473,6.654812335968018,0.1653800904750824,0.12254093587398529,0.1728065460920334,1.282834529876709,1.7272528409957886,484.35552978515625
456000,4488000,102,267,464025.0,4496925.0,True,5.472872257232666,14.94357681274414,-1.3535563945770264,-20.7698974609375,-0.11602792143821716,0.18436671793460846,0.1749662309885025,1.1988768577575684,1.7128740549087524,0.0
396000,4452000,155,358,406755.0,4459335.0,False,9.521418571472168,24.36272430419922,-18.00229263305664,-43.6506233215332,-0.5746995806694031,0.15534061193466187,0.1697603315114975,1.1816308498382568,1.5068422555923462,336.15032958984375
384000,4440000,56,178,389355.0,4450305.0,False,13.214019775390625,35.9773063659668,-28.043241500854492,-58.45100784301758,-0.8747310638427734,0.18178167939186096,0.11302533000707626,1.176517367362976,1.3805168867111206,110.919189453125
420000,4500000,190,308,429255.0,4506285.0,True,13.452342987060547,40.49761199951172,33.82835388183594,35.37308883666992,0.43823298811912537,0.14967042207717896,0.213253453373909,1.3435877561569214,2.0086734294891357,0.0
420000,4296000,21,147,424425.0,4307355.0,True,2.173374652862549,5.961846351623535,-6.364786624908447,-40.3393669128418,0.2898411452770233,0.12680970132350922,0.11838077753782272,1.0847746133804321,1.5196493864059448,14.714045524597168
708000,4572000,361,361,718845.0,4573155.0,False,17.92562484741211,43.77962112426758,-5.361002445220947,6.865315914154053,-0.940795361995697,0.3367443084716797,0.13657622039318085,1.3218520879745483,1.5299891233444214,0.0
360000,4260000,391,347,370425.0,4260255.0,True,14.262718200683594,37.7747688293457,-17.19481086730957,-7.842624187469482,-0.824666440486908,0.20208638906478882,0.04655776917934418,1.154497742652893,1.4564987421035767,91.73817443847656
384000,4212000,75,311,393345.0,4221735.0,False,10.488885879516602,34.30625915527344,-1.2074922323226929,-4.650539875030518,-0.668766975402832,0.13651061058044434,0.11720353364944458,1.2051753997802734,1.6465214490890503,918.1505126953125
396000,4476000,313,288,404655.0,4478595.0,True,21.474388122558594,52.07065200805664,14.197998046875,13.394585609436035,-0.31718090176582336,0.15801680088043213,0.15638543665409088,1.1402350664138794,1.5790997743606567,0.0
432000,4560000,264,209,438285.0,4564065.0,False,10.537286758422852,28.16761589050293,0.005411788821220398,-30.46211814880371,0.2138955444097519,0.18399156630039215,0.15223157405853271,1.4819746017456055,1.8081645965576172,0.0
444000,4428000,128,273,452205.0,4436145.0,False,4.247252941131592,10.496826171875,-5.700887203216553,-21.71900749206543,0.18014982342720032,0.18035370111465454,0.18650856614112854,1.1204460859298706,1.5712790489196777,314.16900634765625
408000,4536000,331,389,419685.0,4538055.0,False,1.1650089025497437,3.3877766132354736,-1.4190537929534912,-9.83006477355957,0.7209411859512329,0.15306948125362396,0.17675381898880005,1.376057505607605,1.8580938577651978,787.8453979492188
396000,4512000,265,194,401835.0,4516035.0,False,15.576276779174805,39.38650131225586,-21.25887107849121,21.01877212524414,0.8338422179222107,0.18455436825752258,0.13568413257598877,1.2630246877670288,1.7118793725967407,0.0
396000,4512000,100,105,399165.0,4520985.0,False,25.781116485595703,77.87742614746094,20.27362823486328,-51.085205078125,0.8391579389572144,0.15053001046180725,0.17682191729545593,1.3153808116912842,1.854720950126648,0.0
648000,4500000,190,377,659325.0,4506285.0,False,16.42808723449707,46.17808532714844,25.75393295288086,90.0608139038086,0.28803205490112305,0.1676507294178009,0.19373171031475067,1.1598817110061646,1.7132642269134521,295.4417419433594
396000,4404000,303,148,400455.0,4406895.0,False,24.655515670776367,64.39554595947266,-20.95317840576172,-27.15826988220215,0.6743789315223694,0.18007709085941315,0.0696573555469513,1.1534448862075806,1.4395005702972412,954.7252197265625
384000,4476000,397,344,394335.0,4476075.0,True,16.212223052978516,44.24601364135742,20.75272560119629,31.22547721862793,-0.7228599786758423,0.18840737640857697,0.13200822472572327,1.175840973854065,1.4193519353866577,0.0
684000,4476000,325,128,687855.0,4478235.0,False,2.345308303833008,6.2109375,1.465087890625,-4.125759601593018,0.81663578748703,0.10325156152248383,0.17492416501045227,1.1650419235229492,1.5411533117294312,624.739990234375
408000,4236000,19,118,411555.0,4247415.0,False,33.01823806762695,91.87676239013672,43.41970443725586,56.92751693725586,-0.7954437732696533,0.2904752790927887,0.057566460222005844,1.2392877340316772,1.5460807085037231,658.4074096679688
396000,4212000,48,112,399375.0,4222545.0,False,2.473689079284668,6.124267578125,-1.7613389492034912,-7.432088375091553,-0.9964306354522705,0.07772209495306015,0.12153299897909164,1.0907089710235596,1.5425770282745361,924.5
348000,4428000,304,101,351045.0,4430865.0,False,3.49485445022583,10.06822395324707,-3.420423746109009,1.7777099609375,0.8894320130348206,0.13179735839366913,0.13696280121803284,1.163214921951294,1.629513144493103,71.60868835449219
360000,4500000,306,224,366735.0,4502805.0,False,7.047547817230225,18.99264907836914,-3.2355144023895264,-15.61667251586914,-0.3077208697795868,0.09423699229955673,0.14412368834018707,1.183052897453308,1.5228239297866821,0.0
360000,4464000,116,24,360735.0,4472505.0,False,3.1522974967956543,13.98923110961914,5.919243812561035,1.8227810859680176,-0.5259618163108826,0.11219464242458344,0.11433640122413635,1.1071321964263916,1.4545341730117798,833.906494140625
360000,4284000,249,390,371715.0,4288515.0,True,1.8716111183166504,4.977362632751465,1.0903998613357544,-2.019097328186035,-0.964342474937439,0.08326349407434464,0.1334768682718277,1.0492466688156128,1.4419523477554321,188.7163543701172
324000,4500000,297,314,333435.0,4503075.0,False,7.590558052062988,16.31688117980957,-4.882527828216553,-10.518717765808105,0.26797446608543396,0.07630768418312073,0.13904689252376556,1.1428266763687134,1.5472743511199951,360.0
396000,4452000,290,339,406185.0,4455285.0,False,23.914148330688477,54.620849609375,45.29436492919922,72.34877014160156,0.9787256121635437,0.1355735957622528,0.17980210483074188,1.303139328956604,1.6205257177352905,874.98583984375
420000,4416000,108,106,423195.0,4424745.0,False,27.759336471557617,74.23261260986328,2.9275174140930176,18.95427703857422,0.18433359265327454,0.07453984022140503,0.06745468080043793,1.1392632722854614,1.3202873468399048,510.58819580078125
744000,4596000,227,48,745455.0,4601175.0,False,19.435258865356445,50.16129684448242,27.39463996887207,51.80794143676758,-0.19652274250984192,0.17424288392066956,0.16976627707481384,1.2447190284729004,1.665519118309021,840.0
360000,4500000,186,397,371925.0,4506405.0,False,5.609655380249023,12.257866859436035,-1.7071669101715088,-26.03568458557129,-0.004060419742017984,0.1381913125514984,0.14637301862239838,1.2068711519241333,1.5563735961914062,496.8686828613281
372000,4488000,345,255,379665.0,4489635.0,False,4.048028945922852,13.46103286743164,-0.480414479970932,-5.087795734405518,0.34344568848609924,0.07470625638961792,0.07801703363656998,1.1114307641983032,1.2966724634170532,0.0
372000,4428000,334,126,375795.0,4429965.0,False,13.554515838623047,34.079872131347656,2.3153076171875,1.2408312559127808,0.219565287232399,0.0664205327630043,0.13447850942611694,1.1618229150772095,1.5421760082244873,0.0
444000,4584000,84,192,449775.0,4593465.0,False,12.674639701843262,30.592041015625,29.84403419494629,72.00761413574219,0.14859792590141296,0.14031042158603668,0.1440781056880951,1.2623097896575928,1.8188270330429077,151.9880828857422
720000,4572000,346,158,724755.0,4573605.0,False,7.822983264923096,19.44574737548828,10.308173179626465,-0.8301459550857544,0.6867466568946838,0.2717955410480499,0.12152598798274994,1.2109615802764893,1.5349249839782715,14.714045524597168
360000,4464000,198,329,369885.0,4470045.0,False,10.534615516662598,24.54397201538086,-13.905802726745605,-34.03751754760742,0.6385806798934937,0.21595975756645203,0.14911748468875885,1.1081217527389526,1.5804692506790161,721.8384399414062
648000,4500000,240,370,659115.0,4504785.0,False,2.925017833709717,7.02598762512207,-1.0428330898284912,-5.2767333984375,0.979092001914978,0.1246102824807167,0.201126366853714,1.129770040512085,1.5769999027252197,930.8062133789062
480000,4464000,302,39,481185.0,4466925.0,False,11.38894271850586,26.37221908569336,-3.6116943359375,53.24685287475586,0.27163851261138916,0.1467130035161972,0.12007152289152145,1.0961540937423706,1.5397937297821045,417.492919921875
432000,4608000,348,322,441675.0,4609545.0,False,25.37557029724121,69.18953704833984,-1.066460371017456,19.23687171936035,-0.9604969620704651,0.24527676403522491,0.11742011457681656,1.671781063079834,1.9799022674560547,0.0
360000,4464000,182,262,367875.0,4470525.0,False,14.574200630187988,33.29611587524414,-11.17591667175293,-5.579779624938965,-0.10548625141382217,0.21935170888900757,0.09362032264471054,1.161428689956665,1.3919426202774048,0.0
432000,4536000,280,4,432135.0,4539585.0,False,4.964498519897461,14.223822593688965,0.1148545891046524,-5.911865234375,0.8664790987968445,0.18772032856941223,0.21318784356117249,1.6062732934951782,2.219416618347168,322.50018310546875
372000,4500000,88,264,379935.0,4509345.0,False,2.044163703918457,5.6268310546875,-0.0438639335334301,-1.6891683340072632,0.2691287398338318,0.11536382883787155,0.16210591793060303,1.1736361980438232,1.6732916831970215,240.0
408000,4500000,339,95,410865.0,4501815.0,True,18.517719268798828,40.19853973388672,-11.52517318725586,49.99327087402344,0.06705670803785324,0.1522636115550995,0.1918560415506363,1.4274860620498657,2.098395347595215,0.0
396000,4476000,297,74,398235.0,4479075.0,True,21.536239624023438,57.28141403198242,60.81947326660156,139.39547729492188,0.06924313306808472,0.16122913360595703,0.15272307395935059,1.203228235244751,1.5502554178237915,0.0
336000,4464000,2,277,344325.0,4475925.0,False,10.007107734680176,28.55744171142578,-13.52895736694336,-26.42412757873535,-0.40385740995407104,0.09577065706253052,0.13301382958889008,1.1230225563049316,1.58920419216156,420.35791015625
420000,4524000,200,95,422865.0,4529985.0,False,3.2801690101623535,10.509100914001465,-2.2817111015319824,2.718275308609009,0.8730673789978027,0.15403632819652557,0.19047269225120544,1.4394586086273193,2.0751867294311523,71.45375061035156
420000,4392000,298,378,431355.0,4395045.0,False,13.685912132263184,47.20346450805664,-51.35044860839844,-131.2185821533203,-0.3656853437423706,0.27555081248283386,0.07919997721910477,1.2796918153762817,1.416730523109436,0.0
432000,4404000,129,315,441465.0,4412115.0,False,5.885644435882568,14.075018882751465,-3.3016629219055176,-16.42458724975586,0.2248414307832718,0.1644582897424698,0.09638501703739166,1.1192971467971802,1.4942426681518555,14.714045524597168
684000,4464000,265,140,688215.0,4468035.0,False,1.3692774772644043,4.17271614074707,-2.88671875,-5.100382328033447,-0.6408434510231018,0.1504705548286438,0.18364442884922028,1.151545524597168,1.5623934268951416,892.3003540039062
420000,4392000,301,351,430545.0,4394955.0,False,24.887693405151367,75.87367248535156,58.71237564086914,108.58409118652344,-0.8568910360336304,0.13311348855495453,0.12135011702775955,1.1189372539520264,1.5415793657302856,0.0
384000,4248000,186,68,386055.0,4254405.0,True,8.559486389160156,20.53291893005371,16.19297981262207,28.09214973449707,0.9463393688201904,0.09814385324716568,0.10778871923685074,1.1128950119018555,1.4568589925765991,252.19876098632812
300000,4428000,210,192,305775.0,4433685.0,False,24.994094848632812,76.73583984375,-23.65359115600586,3.310682535171509,-0.775804877281189,0.10139536112546921,0.0662299245595932,1.2118680477142334,1.3561630249023438,0.0
360000,4284000,253,181,365445.0,4288395.0,False,3.708677053451538,10.325737953186035,-0.7589653730392456,-11.188382148742676,-0.8972911238670349,0.12992200255393982,0.15269562602043152,1.0628050565719604,1.4745668172836304,427.08306884765625
384000,4452000,240,177,389325.0,4456785.0,False,6.4174017906188965,13.813382148742676,-10.4093017578125,-24.62398338317871,-0.9863858819007874,0.16588030755519867,0.17767547070980072,1.1474591493606567,1.5444883108139038,0.0
648000,4464000,398,255,655665.0,4464045.0,False,3.3111724853515625,10.079413414001465,-4.618937015533447,-7.932481288909912,-0.9022770524024963,0.15107926726341248,0.1972583830356598,1.180037498474121,1.6496052742004395,136.07275390625
360000,4452000,272,136,364095.0,4455825.0,False,3.8294599056243896,10.24974250793457,-2.766289472579956,-30.06669044494629,0.2590322196483612,0.1118382140994072,0.12162710726261139,1.1051008701324463,1.4900970458984375,188.7163543701172
432000,4392000,335,185,437565.0,4393935.0,False,19.843015670776367,56.69308853149414,21.19314193725586,36.19438934326172,0.613318145275116,0.22091296315193176,0.07077085971832275,1.226923942565918,1.3910900354385376,221.58868408203125
456000,4392000,172,73,458205.0,4398825.0,False,14.23976993560791,40.49449157714844,26.12504005432129,24.80055046081543,0.631819486618042,0.20198749005794525,0.17023541033267975,1.202588677406311,1.7336416244506836,624.739990234375
420000,4512000,26,122,423675.0,4523205.0,False,4.0909037590026855,10.67091178894043,0.3009440004825592,-3.681206464767456,-0.8746349215507507,0.14426879584789276,0.21691802144050598,1.2319214344024658,1.707382321357727,10.0
372000,4500000,46,144,376335.0,4510605.0,False,15.40886116027832,46.17898178100586,-6.178955078125,18.419921875,0.6695104241371155,0.13305848836898804,0.1965959370136261,1.1921565532684326,1.7464334964752197,0.0
300000,4440000,119,325,309765.0,4448415.0,False,5.803326606750488,14.75222396850586,-8.6954345703125,-47.77511978149414,-0.019756847992539406,0.056522440165281296,0.1048642247915268,1.0872129201889038,1.3537670373916626,513.2257080078125
312000,4488000,322,204,318135.0,4490325.0,False,2.75742769241333,7.311238765716553,-1.4238959550857544,-6.394911289215088,-0.07061679661273956,0.12488669157028198,0.18764473497867584,1.0664904117584229,1.7545217275619507,430.2332458496094
408000,4536000,316,91,410745.0,4538505.0,False,12.657785415649414,33.26951599121094,-8.6575927734375,-12.689913749694824,-0.8388897776603699,0.2339823842048645,0.14594987034797668,1.277093768119812,1.596030354499817,0.0
696000,4488000,374,24,696735.0,4488765.0,False,17.62548065185547,42.38908004760742,4.954481601715088,-2.132025718688965,-0.47044456005096436,0.19145824015140533,0.1425403654575348,1.1870059967041016,1.5374033451080322,0.0
444000,4284000,67,105,447165.0,4293975.0,True,6.075721263885498,15.25816535949707,2.427788734436035,2.8303494453430176,0.04651429504156113,0.2123934030532837,0.10128374397754669,1.1789063215255737,1.6110666990280151,65.20989227294922
432000,4596000,180,227,438825.0,4602585.0,False,35.06092834472656,96.74534606933594,5.28380012512207,-31.78223991394043,-0.24445752799510956,0.20176826417446136,0.22075395286083221,1.338317632675171,1.6181176900863647,276.6344299316406
360000,4464000,220,112,363375.0,4469385.0,False,16.178003311157227,43.591552734375,8.809515953063965,2.589246988296509,0.6122860908508301,0.09749717265367508,0.09169069677591324,1.0906814336776733,1.4769681692123413,175.47279357910156
444000,4452000,130,178,449355.0,4460085.0,False,13.862879753112793,38.917564392089844,-17.46759796142578,-31.42875099182129,-0.8221982717514038,0.26399287581443787,0.08593064546585083,1.2441580295562744,1.5068038702011108,6.666666507720947
312000,4476000,141,248,319455.0,4483755.0,False,0.830928385257721,1.620361328125,-0.6334228515625,-3.6312527656555176,-0.08642451465129852,0.11512278020381927,0.16083304584026337,1.0516328811645508,1.567758321762085,810.9256591796875
432000,4584000,169,290,440715.0,4590915.0,False,18.596172332763672,49.96232223510742,-59.85099411010742,-192.0966033935547,-0.2069803774356842,0.5025452971458435,-0.053163617849349976,1.5528889894485474,1.5414764881134033,0.0
408000,4248000,314,339,418185.0,4250565.0,True,27.38650894165039,81.67556762695312,26.31705665588379,49.195556640625,0.8146257400512695,0.19800306856632233,0.11698288470506668,1.184046983718872,1.564670443534851,0.0
480000,4248000,0,63,481905.0,4259985.0,False,3.403782606124878,8.995795249938965,0.9648979902267456,2.8445773124694824,-0.3620249927043915,0.0802827775478363,0.20369353890419006,1.0945080518722534,1.6220004558563232,578.8883056640625
444000,4440000,318,224,450735.0,4442445.0,False,15.176187515258789,40.47816467285156,4.530965328216553,13.422078132629395,0.7741762399673462,0.12288706749677658,0.11304941028356552,1.0993815660476685,1.5950686931610107,900.0
384000,4452000,174,99,386985.0,4458765.0,False,18.278989791870117,48.60297393798828,21.21835708618164,59.01532745361328,-0.9494378566741943,0.13235437870025635,0.16841763257980347,1.1640874147415161,1.5506360530853271,0.0
396000,4344000,143,256,403695.0,4351695.0,False,1.1553488969802856,3.526123046875,-5.532660484313965,-22.43466567993164,0.887076735496521,0.11785996705293655,0.09464146196842194,1.082316279411316,1.5428025722503662,433.359130859375
444000,4392000,97,337,454125.0,4401075.0,False,2.1498584747314453,6.53099250793457,-4.763929843902588,-35.51176071166992,0.5858956575393677,0.15269358456134796,0.12397507578134537,1.0731171369552612,1.580150842666626,965.8143310546875
360000,4500000,105,199,365985.0,4508835.0,False,14.664015769958496,33.27475357055664,13.689453125,10.5333251953125,0.990622341632843,0.07993237674236298,0.13348448276519775,1.1759580373764038,1.5085809230804443,0.0
432000,4464000,174,300,441015.0,4470765.0,True,12.153168678283691,31.01746940612793,30.54298210144043,66.11735534667969,-0.2820180356502533,0.12023556232452393,0.18156082928180695,1.120990514755249,1.6492679119110107,0.0
420000,4500000,87,108,423255.0,4509375.0,False,15.588622093200684,33.91162109375,-19.81464385986328,-19.16212272644043,-0.10359667241573334,0.15831837058067322,0.20467078685760498,1.4269587993621826,2.1537935733795166,685.8573608398438
612000,4608000,301,46,613395.0,4610955.0,False,19.429454803466797,56.71389389038086,25.194660186767578,75.4462890625,0.8233439922332764,0.2619763910770416,0.1731816828250885,1.4035998582839966,1.883138656616211,660.2274780273438
360000,4500000,13,248,367455.0,4511595.0,False,6.978720664978027,19.55788803100586,-5.381985187530518,-12.19040298461914,-0.7580573558807373,0.11293843388557434,0.18084117770195007,1.2022466659545898,1.5978097915649414,76.34464263916016
408000,4452000,292,3,408105.0,4455225.0,True,15.373271942138672,40.526123046875,32.6120719909668,30.22378158569336,0.4912455976009369,0.0991833284497261,0.11159177124500275,1.1109917163848877,1.3679416179656982,0.0
360000,4512000,252,253,367605.0,4516425.0,False,12.707992553710938,36.92970275878906,2.3760578632354736,28.06422233581543,-0.6236103773117065,0.07644299417734146,0.13438422977924347,1.1570520401000977,1.4337739944458008,0.0
432000,4548000,54,107,435225.0,4558365.0,False,32.75623321533203,99.23336791992188,-18.02837371826172,25.09239387512207,-0.9138408899307251,0.3625315725803375,0.015515885315835476,1.2861638069152832,1.2368872165679932,309.1816711425781
444000,4428000,376,214,450435.0,4428705.0,True,25.75303077697754,62.74956512451172,-16.630290985107422,-27.61793327331543,-0.9531915187835693,0.21364226937294006,0.14935694634914398,1.197117567062378,1.3959617614746094,59.04925537109375
348000,4440000,184,368,359055.0,4446465.0,False,5.335847854614258,13.183390617370605,-7.834540843963623,-1.9206949472427368,0.24403271079063416,0.08085907995700836,0.09180117398500443,1.0737252235412598,1.475549340248108,994.3843994140625
720000,4572000,296,186,725595.0,4575105.0,False,4.72285270690918,11.261312484741211,-3.377549886703491,-16.18625259399414,-0.03446891903877258,0.20731079578399658,0.1669401228427887,1.1756047010421753,1.5446827411651611,722.9107666015625
336000,4476000,94,99,338985.0,4485165.0,False,5.0990824699401855,14.359185218811035,-4.986124515533447,-11.63514518737793,-0.3875536024570465,0.10066325962543488,0.08749068528413773,1.1176860332489014,1.3692649602890015,0.0
432000,4596000,211,224,438735.0,4601655.0,False,18.638778686523438,47.21904754638672,-11.865478515625,-110.78900909423828,0.907500147819519,0.15142102539539337,0.18273532390594482,1.3408182859420776,1.720429539680481,0.0
360000,4500000,63,369,371085.0,4510095.0,False,10.611320495605469,24.22654914855957,-4.631130695343018,-5.337294101715088,-0.9861397743225098,0.10727512091398239,0.17648732662200928,1.2058509588241577,1.5630072355270386,26.66666603088379
612000,4608000,296,164,616935.0,4611105.0,False,18.082252502441406,46.0596923828125,-39.84054946899414,-87.92198181152344,-0.17820259928703308,0.4141078591346741,0.08105365186929703,1.4239662885665894,1.70902681350708,0.0
432000,4560000,150,197,437925.0,4567485.0,False,11.73567008972168,34.67790985107422,-20.26053810119629,-79.70096588134766,-0.928678035736084,0.22777186334133148,0.1799638569355011,1.2755532264709473,1.6579526662826538,789.55712890625
456000,4380000,256,71,458145.0,4384305.0,True,16.597543716430664,48.25851821899414,-30.026935577392578,-29.31795310974121,0.6345919966697693,0.2951693832874298,0.06418757140636444,1.2209603786468506,1.506921410560608,0.0
420000,4440000,298,371,431145.0,4443045.0,False,27.40411949157715,74.1495132446289,-4.715671062469482,-15.98828125,0.8726223707199097,0.1850646585226059,0.09728796780109406,1.1545734405517578,1.5153875350952148,0.0
372000,4488000,70,234,379035.0,4497885.0,False,6.974742412567139,17.7254638671875,-2.2865397930145264,-14.31979751586914,-0.10853787511587143,0.12360095977783203,0.09898295998573303,1.1411631107330322,1.498490571975708,0.0
420000,4428000,281,297,428925.0,4431555.0,True,21.001262664794922,61.06217575073242,-21.43670082092285,-15.38137435913086,0.7934595346450806,0.12130843847990036,0.09521619230508804,1.1435794830322266,1.397444486618042,42.97640609741211
372000,4476000,147,343,382305.0,4483575.0,False,8.902729034423828,23.31046485900879,11.748589515686035,4.89549446105957,-0.026064909994602203,0.12227294594049454,0.15610374510288239,1.0739624500274658,1.4289764165878296,0.0
468000,4452000,62,367,479025.0,4462125.0,False,8.633138656616211,21.79165267944336,4.0547285079956055,-28.62230110168457,0.034471992403268814,0.16511866450309753,0.11785975098609924,1.1135694980621338,1.5412288904190063,431.75982666015625
360000,4452000,30,278,368355.0,4463085.0,False,9.335284233093262,22.12699317932129,-14.87331771850586,3.511949300765991,0.8654442429542542,0.15756702423095703,0.12420067191123962,1.1673147678375244,1.4798064231872559,0.0
480000,4464000,297,78,482355.0,4467075.0,True,12.465478897094727,36.72418975830078,-24.11093521118164,-54.41060256958008,-0.8271836042404175,0.22301265597343445,0.038624655455350876,1.170721173286438,1.3479763269424438,0.0
420000,4248000,365,41,421245.0,4249035.0,True,29.230451583862305,85.97965240478516,-27.42635154724121,-23.964923858642578,0.4804016351699829,0.216636523604393,0.0239636842161417,1.2224206924438477,1.4808411598205566,136.07276916503906
432000,4560000,27,129,435885.0,4571175.0,False,6.882102012634277,19.39922523498535,-6.704155921936035,-43.50907516479492,-0.6155971884727478,0.1733049601316452,0.17045825719833374,1.4387644529342651,2.1193931102752686,0.0
420000,4512000,33,334,430035.0,4522995.0,False,1.3899918794631958,4.31519889831543,-1.3313666582107544,-11.01797103881836,-0.5579386949539185,0.15962807834148407,0.2231481671333313,1.485398530960083,2.231844663619995,934.6658935546875
420000,4404000,263,393,431805.0,4408095.0,False,3.014148712158203,8.912272453308105,1.4339871406555176,1.7625054121017456,-0.72970050573349,0.11215122044086456,0.13473309576511383,1.1111112833023071,1.5394378900527954,404.3511962890625
384000,4476000,262,370,395115.0,4480125.0,True,20.411054611206055,56.97260284423828,-14.53028678894043,-32.52012634277344,-0.36315885186195374,0.18331827223300934,0.08520161360502243,1.201218605041504,1.4406343698501587,0.0
432000,4596000,333,297,440925.0,4597995.0,False,21.11616325378418,61.94192123413086,-54.8619499206543,-120.51356506347656,-0.8257403373718262,0.3906880021095276,0.0554470531642437,1.4982390403747559,1.4762864112854004,297.3228454589844
396000,4392000,49,35,397065.0,4402515.0,False,15.591286659240723,38.91396713256836,37.82383728027344,30.07291603088379,-0.40272700786590576,0.09528908133506775,0.09729722887277603,1.1006762981414795,1.4328124523162842,0.0
420000,4452000,389,331,429945.0,4452315.0,False,3.7218308448791504,9.27121353149414,-1.32177734375,-13.2908935546875,0.8700112104415894,0.09816786646842957,0.14721135795116425,1.0591096878051758,1.510978102684021,785.5570678710938
648000,4596000,94,301,657045.0,4605165.0,False,10.943082809448242,30.97238540649414,4.109808921813965,13.826904296875,-0.5035754442214966,0.29816269874572754,0.15032760798931122,1.292434811592102,1.6596457958221436,270.0
408000,4344000,184,16,408495.0,4350465.0,False,22.0224666595459,57.43695831298828,37.7359619140625,60.54629135131836,0.7556776404380798,0.08333980292081833,0.1846902221441269,1.0246853828430176,1.554488182067871,853.6394653320312
336000,4440000,84,362,346875.0,4449465.0,False,5.866790771484375,13.04588508605957,5.12646484375,1.8628201484680176,-0.774440586566925,0.10912498831748962,0.10650220513343811,1.1011466979980469,1.519921898841858,957.4967651367188
432000,4392000,160,40,433215.0,4399185.0,False,23.96257209777832,59.69438934326172,0.48517513275146484,-21.43538475036621,0.3772853910923004,0.07408855110406876,0.11632082611322403,1.1237354278564453,1.4993329048156738,0.0
456000,4608000,348,15,456465.0,4609545.0,False,15.5332612991333,47.13554000854492,-30.23975944519043,-103.46038055419922,0.8626642227172852,0.27813225984573364,0.15750105679035187,1.3937933444976807,1.708853840827942,907.3037109375
372000,4428000,338,13,372405.0,4429845.0,False,3.306122064590454,9.743489265441895,-3.624131917953491,-21.27410125732422,-0.5930555462837219,0.13339880108833313,0.13868822157382965,1.078297734260559,1.4979066848754883,161.66990661621094
444000,4596000,302,129,447885.0,4598925.0,False,16.425817489624023,43.26833724975586,-8.606987953186035,-15.508748054504395,-0.18352629244327545,0.5431432127952576,-0.015173722989857197,1.5944870710372925,1.4890265464782715,342.4839782714844
372000,4428000,134,223,378705.0,4435965.0,False,3.6071202754974365,8.779337882995605,2.8403048515319824,-22.40743064880371,-0.18505345284938812,0.1094246581196785,0.1350591778755188,1.1655787229537964,1.430097222328186,808.1460571289062
432000,4560000,344,158,436755.0,4561665.0,False,22.281606674194336,59.63251495361328,17.85823631286621,96.78888702392578,-0.26264670491218567,0.1929253488779068,0.19077886641025543,1.2720006704330444,1.6684596538543701,270.0
396000,4440000,368,196,401895.0,4440945.0,False,8.861100196838379,16.48253059387207,4.12841796875,3.972913980484009,0.7602331638336182,0.1052362322807312,0.17420022189617157,1.0746043920516968,1.4732428789138794,154.955810546875
420000,4500000,298,378,431355.0,4503045.0,True,9.549297332763672,25.71298599243164,28.10423469543457,28.54781150817871,-0.2255791276693344,0.1300443410873413,0.1906472146511078,1.2664775848388672,1.8122564554214478,0.0
408000,4524000,16,80,410415.0,4535505.0,False,8.565345764160156,23.99427604675293,-25.25751304626465,-24.18013572692871,0.7231123447418213,0.1201324462890625,0.16705049574375153,1.2832316160202026,1.6756137609481812,120.0
420000,4536000,182,116,423495.0,4542525.0,False,5.179579734802246,14.27475357055664,2.384901285171509,-8.388711929321289,-0.8631402254104614,0.14794674515724182,0.19293943047523499,1.3086659908294678,1.8475050926208496,0.0
456000,4404000,224,5,456165.0,4409265.0,False,10.566426277160645,23.75027084350586,7.531575679779053,-7.8594970703125,-0.5841726660728455,0.15519563853740692,0.09984361380338669,1.1631553173065186,1.4525012969970703,588.8984375
384000,4392000,313,184,389535.0,4394595.0,False,9.048757553100586,23.661865234375,-15.7247314453125,-28.19989776611328,0.07364387065172195,0.11136452853679657,0.10665421187877655,1.1611273288726807,1.4647940397262573,0.0
360000,4512000,397,140,364215.0,4512075.0,False,6.543881416320801,15.49839973449707,-6.4776201248168945,10.713704109191895,0.4317381978034973,0.1014455109834671,0.16327065229415894,1.1855888366699219,1.5998883247375488,0.0
396000,4440000,89,298,404955.0,4449315.0,True,14.618032455444336,37.29128646850586,-10.201836585998535,-49.18036651611328,-0.1536731868982315,0.13888859748840332,0.12878449261188507,1.1271559000015259,1.5185887813568115,0.0
420000,4296000,388,338,430155.0,4296345.0,True,19.92201042175293,45.25789260864258,6.549831867218018,-1.7937824726104736,0.942413866519928,0.24210771918296814,0.13038791716098785,1.2187029123306274,1.650785207748413,0.0
360000,4512000,312,377,371325.0,4514625.0,False,1.503037929534912,3.799262046813965,-2.196641683578491,-10.779704093933105,0.5424612164497375,0.10972102731466293,0.1759960949420929,1.1317734718322754,1.5097215175628662,511.4696350097656
408000,4248000,387,99,410985.0,4248375.0,True,32.2697639465332,104.94754028320312,-19.76416015625,-33.236083984375,-0.6053479909896851,0.24142226576805115,0.052971888333559036,1.1522165536880493,1.579728603363037,0.0
732000,4644000,112,155,736665.0,4652625.0,False,19.18644142150879,41.63581085205078,23.61146354675293,26.25221061706543,0.9560110569000244,0.22123004496097565,0.15383365750312805,1.1696583032608032,1.585646152496338,0.0
456000,4488000,264,176,461295.0,4492065.0,True,10.353954315185547,28.73974609375,-14.931721687316895,-36.6181640625,-0.5244892239570618,0.19407466053962708,0.2091965526342392,1.1988298892974854,1.700171947479248,0.0
648000,4428000,32,56,649695.0,4439025.0,True,4.135496616363525,9.0799560546875,0.1720784455537796,-10.761800765991211,0.6700082421302795,0.16315123438835144,0.1562029868364334,1.1796866655349731,1.5448061227798462,0.0
408000,4416000,73,85,410565.0,4425795.0,False,24.149595260620117,63.91437530517578,-17.51044464111328,-31.62470054626465,0.1921546757221222,0.20928634703159332,0.06973259150981903,1.2533433437347412,1.3740628957748413,401.0007019042969
732000,4608000,287,318,741555.0,4611375.0,False,9.32846736907959,25.48928451538086,8.41274642944336,7.491739749908447,0.48985156416893005,0.18867209553718567,0.20505541563034058,1.1967958211898804,1.74355149269104,44.92902755737305
396000,4512000,46,310,405315.0,4522605.0,False,9.325075149536133,23.16680145263672,5.281805992126465,4.42820930480957,0.16434985399246216,0.17857690155506134,0.0968400090932846,1.230963945388794,1.5347795486450195,0.0
408000,4524000,75,113,411405.0,4533735.0,False,4.364884853363037,10.708062171936035,-4.746487140655518,-11.49277114868164,0.9730279445648193,0.09751710295677185,0.1967097520828247,1.2238085269927979,1.6482868194580078,213.55654907226562
456000,4488000,373,322,465675.0,4488795.0,True,4.974305152893066,12.944051742553711,-4.678887367248535,-15.30385971069336,0.1967637687921524,0.15843059122562408,0.18559466302394867,1.2219362258911133,1.644771695137024,150.0
444000,4452000,353,169,449085.0,4453395.0,False,18.858657836914062,42.85822296142578,-17.48208236694336,-59.42633819580078,-0.979500949382782,0.29250580072402954,0.08561979234218597,1.1463899612426758,1.4749571084976196,911.2630004882812
372000,4476000,88,288,380655.0,4485345.0,False,9.606918334960938,21.10886001586914,6.4501953125,5.087890625,-0.519560694694519,0.12204313278198242,0.11432104557752609,1.1779210567474365,1.4635065793991089,0.0
432000,4440000,248,380,443415.0,4444545.0,False,1.9130465984344482,5.350531578063965,-1.4067789316177368,-22.98600196838379,0.5145121216773987,0.14078862965106964,0.13817329704761505,1.0977833271026611,1.5780757665634155,502.293701171875
396000,4476000,290,318,405555.0,4479285.0,False,16.53384017944336,41.61406707763672,-2.272813558578491,3.1840007305145264,-0.14476920664310455,0.13965654373168945,0.1895476132631302,1.1847237348556519,1.6135109663009644,543.8759155273438
420000,4296000,95,57,421725.0,4305135.0,False,4.051140308380127,12.33580207824707,1.6447482109069824,2.343451499938965,-0.7979996204376221,0.056057363748550415,0.046773724257946014,1.219284176826477,1.3528082370758057,698.212158203125
444000,4488000,242,104,447135.0,4492725.0,False,3.8731861114501953,9.161322593688965,-1.5040555000305176,-13.25830078125,0.1404692828655243,0.16878381371498108,0.19493429362773895,1.425217628479004,2.1426758766174316,750.3316650390625
372000,4488000,156,320,381615.0,4495305.0,False,3.5131731033325195,9.869967460632324,-1.1463758945465088,-0.3041449785232544,-0.5919296145439148,0.1118871420621872,0.08618513494729996,1.115199327468872,1.4008259773254395,830.1204833984375
444000,4416000,96,243,451305.0,4425105.0,True,23.469871520996094,56.435791015625,-32.74953842163086,-38.55583953857422,0.8015394806861877,0.14592832326889038,0.15312157571315765,1.1161363124847412,1.4097681045532227,0.0
300000,4476000,59,134,304035.0,4486215.0,False,12.239808082580566,31.58037757873535,-6.274088382720947,2.138617515563965,0.927236795425415,0.0893988385796547,0.14049318432807922,1.1631730794906616,1.5598387718200684,0.0
360000,4500000,237,240,367215.0,4504875.0,False,19.724607467651367,54.59309768676758,25.68736457824707,53.76116180419922,-0.9491180777549744,0.10745379328727722,0.15162873268127441,1.1937235593795776,1.536331057548523,0.0
372000,4512000,107,1,372045.0,4520775.0,False,21.27919578552246,62.9967041015625,10.514851570129395,50.01962661743164,-0.8356354236602783,0.11206576973199844,0.15405099093914032,1.2399077415466309,1.5403317213058472,0.0
696000,4476000,274,23,696705.0,4479765.0,False,1.2751235961914062,3.6109347343444824,-0.2637668251991272,-3.842637777328491,0.5905397534370422,0.09215967357158661,0.1366032361984253,1.0886571407318115,1.491654872894287,658.4071655273438
732000,4608000,392,227,738825.0,4608225.0,False,4.042470455169678,13.385714530944824,7.510538578033447,-11.88705825805664,-0.18486271798610687,0.17260964214801788,0.1848808079957962,1.131414771080017,1.5587387084960938,172.4033660888672
396000,4512000,29,17,396525.0,4523115.0,False,17.574831008911133,50.72597885131836,14.92262077331543,34.97675323486328,0.854141116142273,0.15053001046180725,0.17682191729545593,1.3153808116912842,1.854720950126648,0.0
300000,4476000,91,128,303855.0,4485255.0,False,6.838249683380127,17.94552993774414,-2.1568195819854736,-12.23790168762207,-0.4229634702205658,0.10535619407892227,0.08843395113945007,1.1477783918380737,1.4092376232147217,0.0
300000,4428000,175,169,305085.0,4434735.0,False,20.313716888427734,60.12165069580078,35.64637756347656,49.1833610534668,-0.7282360792160034,0.08115863054990768,0.06254632771015167,1.1875371932983398,1.3501766920089722,0.0
324000,4464000,61,241,331245.0,4474155.0,False,3.390352249145508,11.4327392578125,-15.934054374694824,-20.81833267211914,-0.6258493661880493,0.06190122663974762,0.03697263449430466,1.146035075187683,1.2189340591430664,0.0
432000,4548000,143,160,436815.0,4555695.0,False,6.246713161468506,14.48330307006836,-1.5814751386642456,-7.534396648406982,0.07324094325304031,0.20522791147232056,0.19652310013771057,1.450120210647583,1.9934979677200317,65.99678802490234
432000,4572000,391,67,434025.0,4572255.0,False,11.424094200134277,38.89020538330078,-19.94870376586914,-24.92838478088379,0.008370851166546345,0.12921178340911865,0.17338168621063232,1.2564822435379028,1.6045327186584473,0.0
396000,4248000,267,337,406125.0,4251975.0,False,4.280313014984131,12.88595962524414,1.3689779043197632,1.9058701992034912,-0.2585890591144562,0.13044732809066772,0.10692373663187027,1.0605603456497192,1.5933266878128052,404.3511962890625
336000,4464000,56,18,336555.0,4474305.0,False,7.420365810394287,18.87544822692871,-11.186944007873535,-22.44479751586914,-0.9430761933326721,0.06350021809339523,0.08236538618803024,1.105170726776123,1.298004150390625,0.0
432000,4584000,185,276,440295.0,4590435.0,False,31.854341506958008,77.0628662109375,-26.54749870300293,-64.67735290527344,0.0051027326844632626,0.28202247619628906,0.1121402233839035,1.4391244649887085,1.5798629522323608,0.0
372000,4500000,308,85,374565.0,4502745.0,False,9.793232917785645,24.87444496154785,-1.9551730155944824,-39.75629425048828,0.9614114165306091,0.16083228588104248,0.14670661091804504,1.4447098970413208,2.0370535850524902,0.0
696000,4452000,164,20,696615.0,4459065.0,False,2.2980213165283203,6.074354648590088,-6.879312992095947,-5.080471515655518,-0.4692319333553314,0.11511564254760742,0.15305417776107788,1.1396156549453735,1.5236655473709106,71.60868835449219
444000,4584000,142,126,447795.0,4591725.0,False,15.491925239562988,37.5982666015625,-22.24967384338379,-34.27750778198242,0.984311580657959,0.17804768681526184,0.1844080537557602,1.5113205909729004,2.141782522201538,0.0
444000,4380000,107,392,455775.0,4388775.0,True,32.01384735107422,92.2247314453125,7.357706546783447,64.95494079589844,-0.8524795770645142,0.18110184371471405,0.13030724227428436,1.2012912034988403,1.6544183492660522,0.0
720000,4560000,202,112,723375.0,4565925.0,False,20.426803588867188,51.04523468017578,5.9265546798706055,-6.66554069519043,-0.9981564283370972,0.1593937873840332,0.18733914196491241,1.2029412984848022,1.6207317113876343,375.65179443359375
372000,4284000,319,12,372375.0,4286415.0,True,5.720696926116943,17.03011131286621,-5.08349609375,-0.97412109375,-0.8950357437133789,0.10678260773420334,0.15292900800704956,1.0616306066513062,1.455866813659668,0.0
372000,4260000,321,305,381165.0,4262355.0,True,13.531750679016113,38.37065887451172,-14.650715827941895,14.307400703430176,-0.5592344999313354,0.0890703871846199,0.07045295834541321,1.0786962509155273,1.5433348417282104,45.144012451171875
372000,4248000,122,170,377115.0,4256325.0,False,2.5778067111968994,5.870306968688965,-0.1522216796875,-3.6669108867645264,-0.9835724234580994,0.08436691761016846,0.14389309287071228,1.0737217664718628,1.5471057891845703,743.1688232421875
468000,4464000,333,348,478455.0,4465995.0,True,5.095126628875732,14.293212890625,-7.264946937561035,-41.54459762573242,-0.2999604046344757,0.15060389041900635,0.13168098032474518,1.1364850997924805,1.5061529874801636,0.0
396000,4500000,40,141,400245.0,4510785.0,False,4.510176658630371,10.048502922058105,-2.6321208477020264,-0.6656901240348816,0.7391691207885742,0.13124512135982513,0.18055033683776855,1.3175344467163086,1.8607603311538696,150.0
600000,4596000,196,378,611355.0,4602105.0,False,7.491430759429932,21.59200096130371,-2.2427029609680176,1.7854816913604736,0.26270273327827454,0.3100324273109436,0.15331192314624786,1.2630553245544434,1.588462471961975,135.67431640625
324000,4476000,230,360,334815.0,4481085.0,False,4.210050106048584,12.27220344543457,-1.2617865800857544,-5.768364906311035,0.6627974510192871,0.08871126174926758,0.1304745227098465,1.116365909576416,1.4472596645355225,912.7431030273438
408000,4536000,258,174,413235.0,4540245.0,False,4.421889305114746,12.10324478149414,-8.010334968566895,-18.22509765625,-0.9217880964279175,0.12542736530303955,0.20538230240345,1.2065852880477905,1.6296465396881104,0.0
612000,4608000,320,37,613125.0,4610385.0,False,12.43542194366455,28.795654296875,0.1831868439912796,-26.69523048400879,0.03917582333087921,0.3174772262573242,0.1351471245288849,1.2994176149368286,1.6958359479904175,937.0714721679688
720000,4572000,257,88,722655.0,4576275.0,False,20.960180282592773,62.2603874206543,-12.269124031066895,47.09031677246094,-0.5173091292381287,0.19442422688007355,0.1797647327184677,1.2084389925003052,1.5194571018218994,0.0
732000,4644000,94,200,738015.0,4653165.0,False,19.374643325805664,54.08658981323242,7.0873613357543945,45.99526596069336,-0.8218297362327576,0.23483441770076752,0.1728438287973404,1.2329778671264648,1.5660936832427979,60.0
720000,4572000,356,157,724725.0,4573305.0,False,3.1472675800323486,8.275146484375,-9.71963119506836,-24.92215919494629,0.4295651912689209,0.23300102353096008,0.15268580615520477,1.1532502174377441,1.5159218311309814,169.13421630859375
336000,4488000,283,221,342645.0,4491495.0,False,4.548717498779297,11.477606773376465,3.876288652420044,4.17164421081543,-0.2819202244281769,0.13505394756793976,0.16402305662631989,1.0910555124282837,1.551901936531067,962.1851806640625
360000,4512000,186,377,371325.0,4518405.0,False,2.667924642562866,7.106431484222412,-0.8909369707107544,-18.47360610961914,0.9627000689506531,0.11181860417127609,0.18174152076244354,1.1341142654418945,1.5122054815292358,528.4674682617188
432000,4560000,169,34,433035.0,4566915.0,False,21.715951919555664,56.2774543762207,11.395820617675781,4.846014976501465,0.2292158603668213,0.11330448091030121,0.11951633542776108,1.2469561100006104,1.6131373643875122,0.0
444000,4488000,277,320,453615.0,4491675.0,False,8.692992210388184,19.48844337463379,-3.031751871109009,-7.195108890533447,-0.9961472153663635,0.13570444285869598,0.202046200633049,1.2024717330932617,1.689743161201477,592.1994018554688
696000,4500000,35,283,704505.0,4510935.0,False,17.743621826171875,43.46895217895508,12.031331062316895,63.8952522277832,-0.7480438947677612,0.18010209500789642,0.17272697389125824,1.1891576051712036,1.5259615182876587,928.8518676757812
384000,4356000,64,97,386925.0,4366065.0,False,12.168395042419434,40.37208557128906,11.941596031188965,41.8898811340332,-0.4457714855670929,0.12925194203853607,0.09767908602952957,1.1948425769805908,1.437043309211731,0.0
480000,4248000,84,82,482475.0,4257465.0,False,3.9209814071655273,8.410400390625,0.4886881709098816,1.7553846836090088,0.028774114325642586,0.0821337029337883,0.1650426834821701,1.1541621685028076,1.621767282485962,427.44720458984375
396000,4440000,121,297,404925.0,4448355.0,False,17.283050537109375,42.81643295288086,-13.641058921813965,-52.25790786743164,0.6599720120429993,0.10570385307073593,0.09217655658721924,1.1375110149383545,1.4499341249465942,0.0
336000,4476000,116,303,345105.0,4484505.0,False,25.275283813476562,63.98334503173828,2.218939781188965,31.27741241455078,0.9685169458389282,0.203111931681633,0.16710180044174194,1.1644625663757324,1.7269288301467896,0.0
324000,4500000,313,252,331575.0,4502595.0,False,10.922627449035645,25.01296615600586,12.102254867553711,-0.9333360195159912,0.0028386712074279785,0.06338746845722198,0.11842475831508636,1.1484804153442383,1.413421869277954,488.8822326660156
420000,4440000,141,379,431385.0,4447755.0,False,20.590953826904297,60.33584213256836,11.98830795288086,63.11581802368164,-0.6303502321243286,0.344588965177536,0.01658453792333603,1.2618072032928467,1.3566135168075562,0.0
660000,4608000,143,275,668265.0,4615695.0,False,14.826184272766113,32.46259307861328,-2.00927734375,-30.25897979736328,0.798268735408783,0.23791922628879547,0.1664365828037262,1.2783732414245605,1.920070767402649,543.8759155273438
648000,4380000,345,99,650985.0,4381635.0,False,11.630233764648438,30.48624610900879,-0.19208437204360962,27.92561912536621,-0.9163660407066345,0.3480968475341797,0.074556864798069,1.2715328931808472,1.421757698059082,424.5002136230469
684000,4464000,50,318,693555.0,4474485.0,False,1.6214203834533691,3.868598222732544,0.6531304121017456,-0.2952745258808136,-0.37584882974624634,0.10191405564546585,0.16986434161663055,1.1735819578170776,1.6617320775985718,0.0
396000,4440000,152,4,396135.0,4447425.0,False,1.6988062858581543,4.818874835968018,-4.892239093780518,-6.463284015655518,0.6828992366790771,0.1029607430100441,0.14894002676010132,1.0997830629348755,1.4797179698944092,90.0
660000,4608000,257,207,666225.0,4612275.0,False,9.774012565612793,25.00965690612793,21.05512046813965,20.08064842224121,0.7852129936218262,0.14464831352233887,0.15824933350086212,1.1439412832260132,1.5463663339614868,120.0
372000,4500000,153,152,376575.0,4507395.0,False,5.102657794952393,12.41221809387207,-2.0858154296875,-24.52423858642578,-0.9780785441398621,0.09425171464681625,0.13680866360664368,1.202228307723999,1.4788142442703247,3.3333332538604736
420000,4260000,256,259,427785.0,4264305.0,True,11.981599807739258,32.69688415527344,16.970458984375,-9.309624671936035,0.40862035751342773,0.1326640248298645,0.10335920006036758,1.2410106658935547,1.4739108085632324,0.0
336000,4500000,46,101,339045.0,4510605.0,False,24.09396743774414,69.98171997070312,-22.72191047668457,-27.14286231994629,-0.42248281836509705,0.07198406755924225,0.16659851372241974,1.164925456047058,1.5986731052398682,532.1661376953125
648000,4452000,24,182,653475.0,4463265.0,False,3.3601014614105225,9.519856452941895,-5.162923336029053,-10.090521812438965,-0.7992745637893677,0.21319609880447388,0.15418189764022827,1.1853878498077393,1.5536938905715942,569.7373046875
420000,4284000,40,384,431535.0,4294785.0,True,12.238394737243652,31.29250717163086,-0.3333876132965088,9.230278968811035,-0.5783108472824097,0.28632378578186035,0.060374487191438675,1.2077312469482422,1.4558875560760498,0.0
372000,4476000,80,161,376845.0,4485585.0,False,3.0531814098358154,6.69603157043457,-1.7714436054229736,-7.874199867248535,-0.3007757067680359,0.13077686727046967,0.1115778237581253,1.124071717262268,1.450427770614624,254.9533233642578
336000,4464000,105,339,346185.0,4472835.0,False,3.666855812072754,10.771660804748535,-0.7840033769607544,-21.37000846862793,0.6828889846801758,0.14071530103683472,0.18759053945541382,1.0749226808547974,1.6955136060714722,787.4711303710938
312000,4488000,309,219,318585.0,4490715.0,False,3.6775283813476562,10.794161796569824,-1.1402451992034912,-7.813775062561035,0.7523478865623474,0.09413602203130722,0.16282661259174347,1.081386923789978,1.5068122148513794,800.874755859375
396000,4212000,1,247,403425.0,4223955.0,False,4.725592136383057,11.857502937316895,-12.33021354675293,-54.82828903198242,0.7688751816749573,0.17395693063735962,0.08094105869531631,1.094386100769043,1.503129243850708,626.7429809570312
696000,4452000,155,152,700575.0,4459335.0,False,4.19956636428833,11.95738410949707,-6.718329429626465,-10.00328254699707,-0.4450649917125702,0.09827614575624466,0.1296490877866745,1.141408920288086,1.5018178224563599,778.6798095703125
480000,4452000,131,39,481185.0,4460055.0,False,5.199799060821533,19.46194076538086,-16.17294692993164,-48.49903869628906,0.627824604511261,0.19509735703468323,0.14184939861297607,1.1453869342803955,1.5376113653182983,109.04316711425781
444000,4296000,343,123,447705.0,4297695.0,False,4.0368523597717285,9.312785148620605,0.9977484941482544,-9.095770835876465,-0.09371845424175262,0.15418829023838043,0.15154431760311127,1.1054937839508057,1.5369701385498047,594.1382446289062
456000,4416000,26,7,456225.0,4427205.0,True,13.530755043029785,38.35952377319336,-2.5253634452819824,-16.70004653930664,-0.005585138686001301,0.24688062071800232,0.05050985887646675,1.153347373008728,1.3890652656555176,0.0
324000,4464000,213,47,325425.0,4469595.0,False,18.544092178344727,47.69236755371094,-5.607855796813965,-7.868475914001465,-0.20604388415813446,0.11222320795059204,0.09073841571807861,1.1389787197113037,1.4306679964065552,0.0
324000,4464000,10,203,330105.0,4475685.0,False,1.6611624956130981,4.457804203033447,-0.4097629189491272,-3.4454751014709473,-0.3303942382335663,0.05675988271832466,0.06491987407207489,1.111973524093628,1.2726092338562012,900.0
396000,4512000,348,233,403005.0,4513545.0,False,15.468955039978027,41.53682327270508,2.1601290702819824,-4.861111164093018,0.9247868657112122,0.14598307013511658,0.17472310364246368,1.2811685800552368,1.9098856449127197,0.0
372000,4272000,293,314,381435.0,4275195.0,True,24.71910285949707,60.76390075683594,-1.490695595741272,2.6324191093444824,-0.2435111701488495,0.09659665077924728,0.07281877845525742,1.1368452310562134,1.3874584436416626,180.0
384000,4392000,287,357,394725.0,4395375.0,False,23.041748046875,59.63278579711914,-13.82339096069336,-130.00173950195312,0.8595995306968689,0.1722642332315445,0.03627026826143265,1.2448010444641113,1.275473713874817,0.0
360000,4500000,339,272,368175.0,4501815.0,False,8.10800838470459,19.908447265625,-8.96286392211914,-12.10240364074707,0.8978816270828247,0.10373378545045853,0.14361627399921417,1.2134944200515747,1.582460880279541,0.0
396000,4212000,43,75,398265.0,4222695.0,False,2.102008819580078,5.775784015655518,-2.8753254413604736,-18.38846778869629,-0.6991397142410278,0.09067743271589279,0.10229792445898056,1.0292887687683105,1.5256340503692627,794.6699829101562
636000,4620000,293,44,637335.0,4623195.0,False,15.29163646697998,34.49004364013672,-40.5875358581543,-118.98033142089844,0.9356248378753662,0.4781760573387146,0.06178875267505646,1.3712081909179688,1.6795897483825684,510.2945556640625
396000,4512000,7,323,405705.0,4523775.0,False,9.835678100585938,26.99009895324707,2.017225503921509,6.272257328033447,-0.3415270447731018,0.18471291661262512,0.14416630566120148,1.2383782863616943,1.6439650058746338,270.0
648000,4452000,122,246,655395.0,4460325.0,False,12.073437690734863,32.87290954589844,-4.21422004699707,-3.2723793983459473,0.7171355485916138,0.24349209666252136,0.16180694103240967,1.2182424068450928,1.6541507244110107,0.0
420000,4536000,307,23,420705.0,4538775.0,False,3.7922656536102295,9.322075843811035,-3.4835476875305176,-7.607693195343018,0.19241108000278473,0.16014260053634644,0.2158464640378952,1.4398508071899414,2.1316444873809814,0.0
372000,4488000,108,52,373575.0,4496745.0,False,5.796972274780273,14.431830406188965,-10.94798469543457,-18.49056053161621,0.643176794052124,0.1740690916776657,0.08631163090467453,1.1421538591384888,1.3617814779281616,0.0
648000,4440000,357,110,651315.0,4441275.0,False,2.622547149658203,6.8370361328125,0.03050401248037815,-4.5887451171875,0.8662229180335999,0.12613147497177124,0.18878903985023499,1.1860156059265137,1.578727126121521,730.95849609375
372000,4464000,105,362,382875.0,4472835.0,False,3.9003875255584717,10.083415031433105,-0.9936252236366272,-4.618353843688965,0.5894365310668945,0.0977572426199913,0.15177705883979797,1.1205703020095825,1.5376884937286377,0.0
324000,4464000,99,322,333675.0,4473015.0,False,5.586629867553711,20.75885772705078,-13.416911125183105,-33.14142608642578,-0.340190589427948,0.08503611385822296,0.07040087878704071,1.1259928941726685,1.285011649131775,0.0
396000,4512000,293,14,396435.0,4515195.0,False,8.888908386230469,22.64322853088379,2.4252524375915527,-1.1563585996627808,0.40484341979026794,0.15053001046180725,0.17682191729545593,1.3153808116912842,1.854720950126648,0.0
648000,4428000,39,56,649695.0,4438815.0,True,2.24187970161438,6.696967124938965,-4.733154296875,-17.74549674987793,0.404050350189209,0.13911709189414978,0.21319179236888885,1.1623600721359253,1.598040223121643,0.0
432000,4512000,40,277,440325.0,4522785.0,False,21.521442413330078,64.19816589355469,-48.35344696044922,-85.25997161865234,0.7936110496520996,0.1419743448495865,0.14710023999214172,1.23195481300354,1.6595165729522705,0.0
384000,4440000,355,38,385155.0,4441335.0,False,21.53476333618164,56.25334930419922,-12.84825325012207,-28.21908950805664,-0.43195629119873047,0.1255800724029541,0.1538524031639099,1.1869711875915527,1.4971437454223633,511.4696350097656
396000,4260000,355,289,404685.0,4261335.0,True,16.911869049072266,45.1881103515625,-9.58839225769043,-6.922987461090088,-0.16950270533561707,0.10649187862873077,0.04753812402486801,1.0792204141616821,1.3633748292922974,0.0
420000,4512000,337,317,429525.0,4513875.0,False,2.8748996257781982,8.667765617370605,-0.1295979768037796,-10.599175453186035,-0.6920725703239441,0.17583143711090088,0.21138614416122437,1.4066065549850464,2.0108540058135986,579.388916015625
312000,4488000,262,331,321945.0,4492125.0,False,7.458549976348877,17.97519302368164,-0.4442952275276184,-13.71484375,-0.3999500274658203,0.11950764060020447,0.18368692696094513,1.1017543077468872,1.5848606824874878,336.0076904296875
372000,4500000,397,130,375915.0,4500075.0,False,7.204073429107666,23.240478515625,21.50705337524414,46.58132553100586,0.10838024318218231,0.0952240601181984,0.12719276547431946,1.2671840190887451,1.541480541229248,0.0
648000,4428000,4,74,650235.0,4439865.0,False,3.8579671382904053,9.09792709350586,8.302666664123535,20.01519012451172,-0.739085853099823,0.17118293046951294,0.16937018930912018,1.1795189380645752,1.5906902551651,332.2691345214844
432000,4464000,239,252,439575.0,4468815.0,False,3.4403750896453857,8.176337242126465,0.5366753339767456,-1.3198920488357544,-0.22943758964538574,0.1536370813846588,0.17003685235977173,1.1016299724578857,1.4878599643707275,474.9745788574219
360000,4512000,228,308,369255.0,4517145.0,False,6.836221694946289,17.98600196838379,3.882744550704956,9.469658851623535,0.9320263862609863,0.07535640895366669,0.14316366612911224,1.149857997894287,1.4491698741912842,0.0
396000,4404000,378,16,396495.0,4404645.0,False,25.269163131713867,63.271240234375,10.14272689819336,-70.38552856445312,0.872104287147522,0.17079459130764008,0.05990368872880936,1.1656845808029175,1.4054168462753296,0.0
360000,4464000,297,268,368055.0,4467075.0,False,16.39956283569336,41.32655334472656,12.242512702941895,54.1855354309082,0.34429144859313965,0.23812589049339294,0.13286718726158142,1.1661514043807983,1.5095763206481934,0.0
384000,4248000,369,62,385875.0,4248915.0,False,1.4905284643173218,3.2939724922180176,-0.1869032084941864,-4.146796226501465,0.9953604936599731,0.09966085851192474,0.11963702738285065,1.0406160354614258,1.605168104171753,376.6968688964844
324000,4476000,206,306,333195.0,4481805.0,False,5.801852226257324,13.80555534362793,4.550116539001465,-0.8036838173866272,0.28661346435546875,0.10809935629367828,0.11952932178974152,1.119947075843811,1.4010823965072632,540.0
732000,4596000,124,380,743415.0,4604265.0,False,4.78296422958374,13.366156578063965,0.2197943776845932,-2.645819664001465,-0.6499516367912292,0.2254965752363205,0.1893235445022583,1.1952581405639648,1.4406460523605347,149.35888671875
420000,4296000,81,170,425115.0,4305555.0,True,3.5195677280426025,10.27845573425293,-3.810899496078491,-28.78780174255371,-0.6421434879302979,0.14910255372524261,0.15748180449008942,1.086336374282837,1.4982426166534424,237.65762329101562
444000,4584000,175,110,447315.0,4590735.0,False,10.05215835571289,28.41460418701172,23.35120964050293,46.743896484375,0.7091469764709473,0.12161789834499359,0.14890338480472565,1.3571640253067017,1.694682240486145,0.0
372000,4284000,94,337,382125.0,4293165.0,False,5.247385025024414,13.695502281188965,0.922743022441864,-3.7553982734680176,-0.31726744771003723,0.08793767541646957,0.1341254562139511,1.1712315082550049,1.5300898551940918,979.7958984375
456000,4428000,267,4,456135.0,4431975.0,True,9.021090507507324,26.56422233581543,-2.2515461444854736,-5.9268798828125,0.0760515034198761,0.2033316045999527,0.15049634873867035,1.1457070112228394,1.537293553352356,259.23004150390625
408000,4536000,283,342,418275.0,4539495.0,False,9.224308013916016,22.51589584350586,1.5072970390319824,2.0098605155944824,0.5964161157608032,0.144990473985672,0.19229547679424286,1.3149375915527344,1.904794454574585,633.3246459960938
456000,4404000,89,54,457635.0,4413315.0,True,8.321867942810059,20.71626853942871,-9.7882080078125,-20.90143585205078,-0.6869857311248779,0.2515183687210083,0.06611665338277817,1.2245935201644897,1.5249642133712769,116.35371398925781
408000,4248000,265,101,411045.0,4252035.0,False,11.428584098815918,29.39492416381836,2.111762046813965,-4.0660810470581055,-0.9322021007537842,0.09994170069694519,0.11778362840414047,1.0965301990509033,1.5025615692138672,322.1759338378906
432000,4596000,67,169,437085.0,4605975.0,False,6.3973212242126465,18.06772232055664,1.1728379726409912,-37.945556640625,-0.45644813776016235,0.13987696170806885,0.1874721795320511,1.2567278146743774,1.6840548515319824,70.82179260253906
384000,4452000,328,288,392655.0,4454145.0,False,9.322824478149414,19.82778549194336,13.81662368774414,80.92311096191406,0.990760326385498,0.1586536467075348,0.16753500699996948,1.134697437286377,1.5283880233764648,382.10015869140625
408000,4428000,157,213,414405.0,4435275.0,False,4.39891242980957,12.891438484191895,-2.370903730392456,-8.38636589050293,-0.8379435539245605,0.1077868640422821,0.14283600449562073,1.1072304248809814,1.4416412115097046,617.4126586914062
684000,4476000,235,318,693555.0,4480935.0,False,2.9200522899627686,6.622287273406982,-2.659193277359009,-3.9095864295959473,-0.11513403058052063,0.10186857730150223,0.1919073462486267,1.177619218826294,1.5940885543823242,210.0
660000,4500000,89,100,663015.0,4509315.0,False,14.509040832519531,40.25253677368164,-10.498860359191895,-4.930406093597412,-0.5721818208694458,0.13234686851501465,0.16526257991790771,1.2050089836120605,1.5622735023498535,495.379638671875
372000,4488000,63,45,373365.0,4498095.0,False,6.477059841156006,14.725802421569824,5.349704265594482,4.025580406188965,-0.3366107940673828,0.13683556020259857,0.12503811717033386,1.1404094696044922,1.4464333057403564,0.0
348000,4476000,32,167,353025.0,4487025.0,False,4.781510829925537,11.96352767944336,-6.33714485168457,-25.53004264831543,0.07132010906934738,0.13705715537071228,0.12875337898731232,1.111567735671997,1.5171023607254028,242.91148376464844
444000,4608000,336,107,447225.0,4609905.0,False,22.95197296142578,64.72801208496094,-54.96485900878906,-135.12774658203125,-0.6042640805244446,0.6574605107307434,-0.18213632702827454,1.8165220022201538,1.4315041303634644,0.0
468000,4488000,181,0,468015.0,4494555.0,False,5.893077850341797,12.846123695373535,-4.39027214050293,-21.96794891357422,0.23036988079547882,0.1497247815132141,0.17868486046791077,1.219468116760254,1.6750671863555908,534.2095336914062
732000,4644000,205,251,739545.0,4649835.0,False,5.667599678039551,13.91649055480957,-6.021443843841553,-7.114718914031982,0.19182610511779785,0.27958476543426514,0.13568463921546936,1.1510398387908936,1.4656332731246948,6.666666507720947
372000,4500000,212,136,376095.0,4505625.0,False,11.306365013122559,30.99778938293457,-21.03389549255371,-9.90077018737793,-0.5215239524841309,0.1083611324429512,0.15152764320373535,1.2461295127868652,1.6131584644317627,0.0
420000,4392000,195,188,425655.0,4398135.0,False,6.863633632659912,15.560601234436035,0.147677943110466,-4.522976398468018,-0.7783924341201782,0.13680240511894226,0.11442574113607407,1.1263599395751953,1.5597641468048096,886.7356567382812
432000,4392000,146,133,436005.0,4399605.0,False,16.873777389526367,42.38529586791992,-8.2767333984375,-14.805800437927246,0.5854460000991821,0.17514416575431824,0.1364448517560959,1.150028109550476,1.7290397882461548,0.0
432000,4380000,94,123,435705.0,4389165.0,False,20.914230346679688,67.17501831054688,-54.660728454589844,-105.79938507080078,0.31516033411026,0.18345767259597778,0.08674679696559906,1.202538251876831,1.4777156114578247,0.0
420000,4500000,184,381,431445.0,4506465.0,False,8.85998249053955,19.03892707824707,-1.8492838144302368,2.3681912422180176,-0.5923669934272766,0.19010859727859497,0.18706092238426208,1.3951807022094727,2.061311960220337,0.0
432000,4584000,154,256,439695.0,4591365.0,False,31.02420997619629,87.81269073486328,-45.25290298461914,-203.99281311035156,0.8374503254890442,0.20053178071975708,0.10157109797000885,1.3731945753097534,1.455884575843811,0.0
408000,4404000,354,4,408135.0,4405365.0,False,1.184812068939209,2.9663493633270264,0.2718098759651184,-6.47020149230957,-0.347744882106781,0.06985470652580261,0.08777990192174911,1.0227992534637451,1.4908462762832642,825.7725219726562
372000,4428000,314,228,378855.0,4430565.0,False,5.9276628494262695,13.80166244506836,-7.990627765655518,-38.21564483642578,0.9881497025489807,0.08394499123096466,0.10655009746551514,1.153123140335083,1.4760640859603882,270.0
384000,4452000,0,352,394575.0,4463985.0,True,18.552331924438477,43.65866470336914,16.037353515625,22.72233009338379,0.89366215467453,0.1352749913930893,0.18605771660804749,1.2435877323150635,1.6524856090545654,205.08648681640625
372000,4476000,298,302,381075.0,4479045.0,False,1.8672250509262085,5.075602054595947,-2.988457679748535,-14.369927406311035,0.8661868572235107,0.17407865822315216,0.09061134606599808,1.1187536716461182,1.478580355644226,0.0
372000,4476000,259,123,375705.0,4480215.0,False,3.858154296875,10.42824935913086,4.3671875,-3.3309326171875,0.39809659123420715,0.11763983219861984,0.14997270703315735,1.0511829853057861,1.548977255821228,234.93576049804688
432000,4608000,304,360,442815.0,4610865.0,False,28.706096649169922,78.69642639160156,-46.21200942993164,-65.65555572509766,-0.6376786828041077,0.2389192283153534,0.10806388407945633,1.3561164140701294,1.469956636428833,0.0
396000,4512000,227,55,397665.0,4517175.0,False,20.57723045349121,58.37101364135742,-11.37353515625,-66.53048706054688,0.469429075717926,0.15053001046180725,0.17682191729545593,1.3153808116912842,1.854720950126648,0.0
336000,4428000,375,328,345855.0,4428735.0,False,2.4566574096679688,6.180474281311035,-4.105523109436035,-21.22398567199707,-0.9898756742477417,0.11904868483543396,0.08923641592264175,1.0978037118911743,1.4959760904312134,600.0
396000,4512000,334,105,399165.0,4513965.0,False,15.583006858825684,38.58017349243164,-2.176201581954956,14.590508460998535,0.9574218988418579,0.15053001046180725,0.17682191729545593,1.3153808116912842,1.854720950126648,0.0
396000,4488000,338,275,404265.0,4489845.0,True,23.022706985473633,69.34072875976562,34.410888671875,66.27753448486328,-0.6938055753707886,0.14893582463264465,0.1639733463525772,1.3794748783111572,1.845208764076233,0.0
384000,4452000,269,143,388305.0,4455915.0,False,27.9046688079834,74.62550354003906,17.79892349243164,63.04725646972656,-0.9616673588752747,0.14812856912612915,0.12545989453792572,1.1767123937606812,1.495854377746582,0.0
696000,4476000,190,29,696885.0,4482285.0,False,3.6862075328826904,9.834771156311035,-0.9326850175857544,-6.281209468841553,0.9681645631790161,0.09215967357158661,0.1366032361984253,1.0886571407318115,1.491654872894287,787.8453979492188
444000,4296000,109,225,450765.0,4304715.0,False,28.418193817138672,90.72314453125,-13.612738609313965,13.307806968688965,0.7322199940681458,0.28676360845565796,0.03469177708029747,1.211628794670105,1.6148056983947754,642.4951171875
744000,4596000,99,20,744615.0,4605015.0,False,18.460947036743164,45.117149353027344,28.925861358642578,52.52947235107422,-0.28449758887290955,0.13234184682369232,0.19009816646575928,1.168216586112976,1.6093244552612305,638.2788696289062
444000,4572000,174,60,445815.0,4578765.0,False,31.85894203186035,90.42972564697266,-29.13827896118164,-31.10515594482422,-0.9583696126937866,0.20242156088352203,0.11805903166532516,1.4247673749923706,1.6834203004837036,0.0
444000,4452000,323,251,451545.0,4454295.0,True,20.32022476196289,49.59904098510742,-16.52080535888672,12.21652603149414,-0.5961411595344543,0.256283164024353,0.09239242970943451,1.1667290925979614,1.4858030080795288,0.0
444000,4572000,44,155,448665.0,4582665.0,False,8.343032836914062,21.06560707092285,-9.028985023498535,-22.18821907043457,-0.09357813000679016,0.16846975684165955,0.18689575791358948,1.357353687286377,1.9026150703430176,454.644287109375
360000,4452000,41,116,363495.0,4462755.0,False,19.335376739501953,52.90494918823242,-6.43359375,-1.7918158769607544,-0.28871387243270874,0.16641701757907867,0.1333901435136795,1.1242344379425049,1.5553771257400513,890.7861938476562
372000,4440000,143,375,383265.0,4447695.0,False,22.420021057128906,52.6472282409668,-4.186441898345947,-34.94829559326172,-0.2365330010652542,0.08126416057348251,0.09124533832073212,1.1979280710220337,1.4115477800369263,0.0
444000,4428000,60,350,454515.0,4438185.0,False,5.801867961883545,15.2061767578125,6.374579429626465,42.93942642211914,-0.0489395372569561,0.13536453247070312,0.1902511715888977,1.1205717325210571,1.6359556913375854,0.0
312000,4464000,234,351,322545.0,4468965.0,False,0.4166036546230316,1.2835829257965088,-0.2898898720741272,-3.8234050273895264,-0.9686409831047058,0.1351817548274994,0.13206352293491364,1.058955192565918,1.5753096342086792,830.1204223632812
420000,4308000,156,42,421275.0,4315305.0,True,19.123306274414062,52.63560485839844,6.3309326171875,28.69870376586914,0.6802531480789185,0.11467722803354263,0.133332759141922,1.1221213340759277,1.4767626523971558,0.0
420000,4440000,256,285,428565.0,4444305.0,True,24.67749786376953,67.11568450927734,40.130287170410156,38.57280731201172,0.3972308039665222,0.13257144391536713,0.11209151893854141,1.1314836740493774,1.4270654916763306,0.0
432000,4548000,231,232,438975.0,4553055.0,False,3.0163402557373047,8.542426109313965,-2.0771892070770264,-9.90493392944336,0.6353626251220703,0.16999585926532745,0.22617968916893005,1.3897173404693604,2.0404133796691895,510.5890808105469
408000,4500000,395,55,409665.0,4500135.0,False,2.3779995441436768,7.190972328186035,-5.29188346862793,-18.212158203125,-0.6421431303024292,0.16376128792762756,0.21056589484214783,1.444158673286438,2.1307735443115234,330.0
420000,4428000,327,219,426585.0,4430175.0,True,32.63589096069336,101.86181640625,-6.474799633026123,-45.57233428955078,0.44042056798934937,0.11303997039794922,0.06199169531464577,1.1539973020553589,1.2563824653625488,0.0
336000,4476000,399,299,344985.0,4476015.0,False,16.156082153320312,33.77180862426758,-15.04177474975586,-20.83821678161621,0.8260926008224487,0.10017097741365433,0.12042056769132614,1.1081665754318237,1.5281656980514526,93.3890380859375
432000,4548000,25,36,433095.0,4559235.0,False,11.62183952331543,25.86124610900879,-9.458536148071289,-38.27548599243164,-0.5440788269042969,0.17861445248126984,0.17375782132148743,1.2868918180465698,1.7599377632141113,59.4280891418457
300000,4476000,178,125,303765.0,4482645.0,False,3.333010673522949,8.760945320129395,-2.5683321952819824,-10.710394859313965,-0.341767817735672,0.13771851360797882,0.21730269491672516,1.2248775959014893,1.8137511014938354,646.6841430664062
372000,4464000,78,301,381045.0,4473645.0,False,11.739230155944824,25.29264259338379,-2.426038980484009,1.9051648378372192,-0.9269770383834839,0.11536646634340286,0.1413312554359436,1.1571598052978516,1.5342326164245605,0.0
432000,4380000,10,157,436725.0,4391685.0,False,22.216821670532227,64.23892974853516,17.81610870361328,105.11259460449219,0.0465824119746685,0.3485959470272064,0.06128310784697533,1.2801659107208252,1.4539821147918701,54.14213562011719
660000,4608000,163,271,668145.0,4615095.0,False,9.283137321472168,23.63514518737793,-4.187527179718018,-49.79774475097656,0.8666309118270874,0.18430696427822113,0.1831306517124176,1.2302340269088745,1.8119009733200073,57.6375617980957
324000,4500000,381,356,334695.0,4500555.0,False,19.59104347229004,49.48589324951172,26.24575424194336,100.11106872558594,-0.695738673210144,0.07542948424816132,0.09524151682853699,1.2123485803604126,1.3910356760025024,0.0
420000,4392000,0,373,431205.0,4403985.0,False,5.393482685089111,15.30467414855957,-1.384304404258728,-24.53419303894043,-0.4875245690345764,0.13079479336738586,0.1433102786540985,1.1678600311279297,1.4984419345855713,102.30328369140625
432000,4596000,322,268,440055.0,4598325.0,False,23.499555587768555,71.22737884521484,45.30007553100586,88.08506774902344,-0.48845821619033813,0.21077995002269745,0.14006923139095306,1.384700894355774,1.5210168361663818,0.0
432000,4596000,56,182,437475.0,4606305.0,False,14.39023494720459,42.14702606201172,-13.574395179748535,-60.06289291381836,-0.3677316904067993,0.15484528243541718,0.19523216784000397,1.3301355838775635,1.6558995246887207,0.0
444000,4584000,17,108,447255.0,4595475.0,False,14.60179615020752,42.46533203125,-7.635322093963623,-69.97242736816406,0.6835821866989136,0.3431696593761444,0.16467252373695374,1.3822506666183472,1.5672367811203003,932.2555541992188
396000,4512000,107,396,407895.0,4520775.0,False,2.5446345806121826,6.398152828216553,-0.4506564736366272,-0.3121066689491272,0.21236838400363922,0.1497429758310318,0.19448624551296234,1.427527904510498,2.052527904510498,324.039306640625
336000,4500000,341,27,336825.0,4501755.0,False,2.6349613666534424,6.544772624969482,-6.329508304595947,-26.47201919555664,-0.30970534682273865,0.10519161075353622,0.14625488221645355,1.2497130632400513,1.6730401515960693,571.3151245117188
384000,4428000,77,14,384435.0,4437675.0,False,15.601858139038086,38.94045639038086,-4.3849687576293945,-37.74773406982422,-0.5420530438423157,0.13083024322986603,0.10606364905834198,1.17376708984375,1.405444622039795,0.0
432000,4596000,126,341,442245.0,4604205.0,False,26.98252296447754,83.35218811035156,-21.45635414123535,-48.17274475097656,-0.6350115537643433,0.7727434635162354,-0.3192143738269806,2.1154305934906006,1.2111157178878784,0.0
396000,4440000,67,322,405675.0,4449975.0,True,24.122995376586914,69.828125,64.22914123535156,100.08501434326172,0.47443506121635437,0.12848468124866486,0.06731893122196198,1.121566891670227,1.337531328201294,0.0
648000,4368000,208,121,651645.0,4373745.0,True,2.9345877170562744,5.872802734375,-1.031982421875,-35.60354232788086,0.9495156407356262,0.17215535044670105,0.1911287158727646,1.1782505512237549,1.5600210428237915,240.0
420000,4440000,273,368,431055.0,4443795.0,False,17.864978790283203,51.77275848388672,-38.19482421875,-31.58548927307129,-0.7131735682487488,0.3120288848876953,0.0690041333436966,1.2443597316741943,1.4030811786651611,0.0
372000,4512000,131,127,375825.0,4520055.0,False,21.949373245239258,49.045166015625,18.10027503967285,5.055853843688965,-0.9050336480140686,0.09696897864341736,0.13508757948875427,1.1991703510284424,1.4643326997756958,0.0
432000,4512000,60,307,441225.0,4522185.0,False,30.492149353027344,80.88776397705078,34.17926788330078,31.99533462524414,-0.35242530703544617,0.1840807944536209,0.15233702957630157,1.310003638267517,1.8150160312652588,14.714045524597168
432000,4584000,36,297,440925.0,4594905.0,False,21.80005645751953,61.60952377319336,-35.78684997558594,-60.1941032409668,0.3111429810523987,0.2749190628528595,0.14725393056869507,1.4268776178359985,1.618728756904602,0.0
312000,4488000,312,359,322785.0,4490625.0,False,18.88726043701172,54.88434600830078,-12.519572257995605,34.25062561035156,0.590243935585022,0.11950764060020447,0.18368692696094513,1.1017543077468872,1.5848606824874878,0.0
444000,4596000,246,127,447825.0,4600605.0,False,17.24978256225586,43.71086883544922,-44.30730438232422,-93.3624496459961,0.35194337368011475,0.4182833135128021,0.05959130451083183,1.493601679801941,1.6482774019241333,0.0
372000,4464000,16,224,378735.0,4475505.0,False,4.051841735839844,10.76966667175293,-3.856689453125,-25.55071258544922,-0.8799975514411926,0.12294136732816696,0.11633780598640442,1.0920090675354004,1.5303970575332642,427.44720458984375
612000,4596000,175,92,614775.0,4602735.0,False,12.634841918945312,35.11789321899414,-1.2584906816482544,17.32972526550293,-0.16389499604701996,0.2629791498184204,0.16374485194683075,1.2476584911346436,1.6657034158706665,685.8573608398438
336000,4452000,119,248,343455.0,4460415.0,False,1.6670979261398315,4.220513343811035,-0.5482584238052368,-1.8769937753677368,-0.02422286756336689,0.06373057514429092,0.1210549920797348,1.052486777305603,1.476820707321167,553.7154541015625
324000,4464000,290,326,333795.0,4467285.0,False,19.645437240600586,52.33155822753906,37.81431579589844,38.87825393676758,0.7009886503219604,0.03420769050717354,0.06412354111671448,1.1518397331237793,1.3305379152297974,0.0
360000,4512000,320,232,366975.0,4514385.0,False,7.531638145446777,17.79941177368164,1.884426474571228,0.1927897185087204,0.9466763734817505,0.05908055230975151,0.12426094710826874,1.1296579837799072,1.4246994256973267,0.0
600000,4596000,86,383,611505.0,4605405.0,False,13.625536918640137,37.62692642211914,27.25537109375,56.25811004638672,0.5348864793777466,0.2511923611164093,0.1930740773677826,1.3330342769622803,1.6642212867736816,0.0
384000,4452000,61,191,389745.0,4462155.0,False,3.828684091567993,9.859782218933105,-2.6321613788604736,-17.14712142944336,-0.9385828971862793,0.1319570690393448,0.19318847358226776,1.1027958393096924,1.5067819356918335,579.9141845703125
396000,4488000,257,301,405045.0,4492275.0,True,17.570192337036133,52.88601303100586,-24.09327507019043,-67.17171478271484,-0.22335827350616455,0.2186177521944046,0.14556492865085602,1.432422399520874,1.9500482082366943,172.4033660888672
396000,4428000,0,154,400635.0,4439985.0,False,1.9156074523925781,4.706203937530518,-1.0567491054534912,1.3223741054534912,0.9390804767608643,0.10124192386865616,0.16034843027591705,1.049430251121521,1.4451329708099365,1017.9592895507812
444000,4260000,337,30,444915.0,4261875.0,True,4.146386623382568,12.00241470336914,-8.34922981262207,-6.113552570343018,-0.18525587022304535,0.09558237344026566,0.13059869408607483,1.2381789684295654,1.536672830581665,108.09188842773438
420000,4512000,21,330,429915.0,4523355.0,False,1.4220988750457764,3.615586996078491,-1.0568169355392456,-8.7384033203125,-0.31447896361351013,0.14217670261859894,0.1537376046180725,1.4281611442565918,2.0150017738342285,926.9304809570312
372000,4428000,383,125,375765.0,4428495.0,False,10.33762264251709,26.35145378112793,3.963799476623535,24.73486328125,0.9480445981025696,0.08707880973815918,0.1954883486032486,1.2658804655075073,1.6683331727981567,285.66131591796875
360000,4452000,153,335,370065.0,4459395.0,False,3.8198659420013428,9.89602279663086,-6.31751823425293,-10.270304679870605,0.967587947845459,0.08798573166131973,0.10467315465211868,1.1348779201507568,1.383590579032898,21.380712509155273
732000,4476000,300,127,735825.0,4478985.0,False,9.1344633102417,27.08394432067871,-16.20787239074707,-22.0294189453125,0.7758548259735107,0.19594122469425201,0.14671842753887177,1.1817201375961304,1.5420953035354614,937.5499877929688
444000,4248000,52,19,444585.0,4258425.0,False,16.823284149169922,41.4185791015625,49.06831741333008,89.81145477294922,0.09027097374200821,0.10758087038993835,0.12007442116737366,1.089707851409912,1.4927767515182495,939.468017578125
696000,4488000,399,57,697725.0,4488015.0,False,16.502792358398438,39.57902145385742,-9.15199089050293,27.60020637512207,0.33361348509788513,0.19145824015140533,0.1425403654575348,1.1870059967041016,1.5374033451080322,580.7024536132812
336000,4452000,93,346,346395.0,4461195.0,False,3.6958765983581543,10.544921875,-3.7674832344055176,-16.89572525024414,-0.49713999032974243,0.0997171476483345,0.14850687980651855,1.0788666009902954,1.5582606792449951,387.9529113769531
408000,4536000,244,387,419625.0,4540665.0,False,5.275177478790283,13.88998794555664,-0.2955864667892456,-10.515828132629395,-0.4475098252296448,0.12695978581905365,0.2100543975830078,1.1983401775360107,1.7166104316711426,690.0
420000,4308000,2,72,422175.0,4319925.0,False,8.665653228759766,23.54543685913086,-6.958998203277588,-2.929551839828491,-0.604924201965332,0.12594357132911682,0.1529075652360916,1.2456238269805908,1.4926843643188477,590.6653442382812
372000,4476000,243,222,378675.0,4480695.0,False,6.066761493682861,13.4876708984375,0.714708149433136,-4.794867515563965,0.24420537054538727,0.13052384555339813,0.09515247493982315,1.130736231803894,1.4698443412780762,163.419677734375
444000,4512000,37,33,445005.0,4522875.0,False,25.96530532836914,74.3948745727539,-3.1585559844970703,59.4872932434082,0.9132815003395081,0.22382450103759766,0.17394006252288818,1.308955430984497,1.7013001441955566,340.2937316894531
420000,4284000,83,343,430305.0,4293495.0,True,7.828582286834717,23.97892189025879,-0.6414116621017456,-3.8666720390319824,0.6561935544013977,0.20819617807865143,0.09347748011350632,1.1540825366973877,1.442889928817749,0.0
432000,4596000,176,194,437835.0,4602705.0,False,33.87668228149414,103.14158630371094,-55.67953872680664,93.66006469726562,0.3049454391002655,0.20082639157772064,0.17354203760623932,1.2801541090011597,1.433056116104126,959.1254272460938
372000,4272000,356,353,382605.0,4273305.0,True,7.953910827636719,21.77741241455078,-2.4479031562805176,-39.35801696777344,0.33602485060691833,0.09843675792217255,0.05247121304273605,1.1393157243728638,1.44100022315979,0.0
636000,4608000,7,23,636705.0,4619775.0,False,22.62447738647461,53.71340560913086,23.73312759399414,0.7305232286453247,0.3859032392501831,0.27138495445251465,0.12483837455511093,1.3600351810455322,1.5512003898620605,145.96568298339844
360000,4500000,102,217,366525.0,4508925.0,False,10.163512229919434,27.55845832824707,13.9608154296875,-9.464056968688965,0.922199010848999,0.07589834928512573,0.13035425543785095,1.1647508144378662,1.4781135320663452,0.0
300000,4476000,154,118,303555.0,4483365.0,False,2.7308437824249268,7.4910888671875,1.295166015625,-0.894056499004364,0.45458367466926575,0.1192924827337265,0.21673369407653809,1.1552850008010864,1.7844135761260986,661.1359252929688
372000,4500000,347,181,377445.0,4501575.0,False,19.141189575195312,53.72385025024414,-2.724229574203491,50.13396453857422,-0.6685730218887329,0.1341610848903656,0.168263778090477,1.3165286779403687,1.6927473545074463,0.0
648000,4380000,302,51,649545.0,4382925.0,False,7.644999980926514,20.18052864074707,-2.8870441913604736,4.584255695343018,-0.7140973210334778,0.27506956458091736,0.11400893330574036,1.231299638748169,1.4983205795288086,799.1871337890625
372000,4512000,207,297,380925.0,4517775.0,False,3.004974603652954,9.821478843688965,8.795207023620605,19.39686393737793,0.41389337182044983,0.08915893733501434,0.15354548394680023,1.1132471561431885,1.515135407447815,11.380711555480957
324000,4476000,203,154,328635.0,4481895.0,False,3.1875832080841064,8.91526985168457,-0.0343967005610466,-6.954277992248535,0.8350418210029602,0.10443657636642456,0.12438634783029556,1.076071858406067,1.5880969762802124,336.162109375
372000,4464000,97,286,380595.0,4473075.0,False,3.675536632537842,10.4742431640625,-10.402180671691895,2.649712562561035,-0.30493611097335815,0.11792362481355667,0.13690119981765747,1.1252379417419434,1.5282553434371948,0.0
648000,4368000,205,96,650895.0,4373835.0,True,1.3474030494689941,3.0673556327819824,-1.5640733242034912,-23.74232292175293,-0.016207601875066757,0.18486173450946808,0.19851674139499664,1.1717641353607178,1.5830203294754028,300.0
480000,4248000,0,115,483465.0,4259985.0,False,11.861943244934082,28.92331314086914,1.1664496660232544,10.20583724975586,0.7631611227989197,0.09972046315670013,0.2176479995250702,1.1987416744232178,1.7485240697860718,690.0
396000,4440000,278,71,398145.0,4443645.0,False,2.3450911045074463,6.710245609283447,0.3469780683517456,4.110324382781982,0.4558728337287903,0.1029607430100441,0.14894002676010132,1.0997830629348755,1.4797179698944092,314.16900634765625
636000,4428000,142,275,644265.0,4435725.0,False,10.949515342712402,28.877033233642578,-1.5372720956802368,-11.32663345336914,0.6343922019004822,0.221980020403862,0.1380542516708374,1.2433151006698608,1.590842843055725,336.162109375
360000,4464000,110,241,367245.0,4472685.0,False,18.661048889160156,50.501182556152344,-26.62018585205078,-50.65204620361328,0.8778136968612671,0.2142108529806137,0.1255570501089096,1.1662791967391968,1.4849462509155273,0.0
420000,4296000,172,240,427215.0,4302825.0,False,28.53390121459961,81.83490753173828,-7.736138343811035,74.18714904785156,-0.26255595684051514,0.13575780391693115,0.15714755654335022,1.3593188524246216,1.4645562171936035,644.2796630859375
396000,4488000,101,250,403515.0,4496955.0,False,4.531721591949463,11.08249282836914,2.9768338203430176,2.7863497734069824,-0.9771721363067627,0.14987397193908691,0.1818147897720337,1.5340174436569214,2.2072160243988037,924.4998779296875
396000,4404000,303,227,402825.0,4406895.0,False,29.121828079223633,76.19320678710938,-27.58530044555664,-124.50957489013672,0.2204195111989975,0.12649434804916382,0.062311407178640366,1.103929042816162,1.5092297792434692,149.35888671875
420000,4284000,128,247,427425.0,4292145.0,True,13.453925132751465,37.5094108581543,-7.25670051574707,-29.24720573425293,0.5586397647857666,0.19348777830600739,0.11491202563047409,1.143621802330017,1.465119481086731,149.35888671875
360000,4500000,389,370,371115.0,4500315.0,False,27.441102981567383,68.21219635009766,40.93259048461914,130.29010009765625,0.19872497022151947,0.11393273621797562,0.10462768375873566,1.2681324481964111,1.3321168422698975,0.0
420000,4284000,113,298,428955.0,4292595.0,True,14.142369270324707,38.62673568725586,0.617296040058136,-10.171793937683105,0.8349175453186035,0.23625417053699493,0.14658164978027344,1.199697494506836,1.5798531770706177,0.0
372000,4464000,307,142,376275.0,4466775.0,False,8.951274871826172,26.34159278869629,2.8750948905944824,-8.345879554748535,0.7313015460968018,0.10447902232408524,0.16205403208732605,1.1225285530090332,1.5359781980514526,144.1595458984375
432000,4392000,266,130,435915.0,4396005.0,False,29.424945831298828,69.78520965576172,31.86043357849121,38.36602020263672,0.027318105101585388,0.27978336811065674,0.06499172747135162,1.168810248374939,1.487324833869934,365.7896728515625
360000,4452000,389,96,362895.0,4452315.0,False,2.2723169326782227,8.07736587524414,-0.364990234375,-6.29224967956543,-0.8198083639144897,0.13540567457675934,0.14492756128311157,1.1240090131759644,1.4983433485031128,242.9114990234375
324000,4488000,211,2,324075.0,4493655.0,False,5.215651512145996,13.402886390686035,-0.7558051347732544,-1.8886854648590088,0.8021541237831116,0.13684821128845215,0.1835407316684723,1.0904078483581543,1.5597290992736816,977.0364379882812
396000,4512000,297,328,405855.0,4515075.0,False,3.687650680541992,10.7742919921875,2.0184326171875,0.3503825068473816,0.6042904257774353,0.13755373656749725,0.1539188176393509,1.255831003189087,1.792847990989685,646.2537231445312
372000,4248000,246,164,376935.0,4252605.0,True,1.9777969121932983,5.421332359313965,9.008517265319824,48.85453414916992,0.8923218846321106,0.14318141341209412,0.12229922413825989,1.1000115871429443,1.4690369367599487,300.0
420000,4260000,220,230,426915.0,4265385.0,True,24.6915225982666,60.436851501464844,39.26641082763672,121.28479766845703,0.43406108021736145,0.17485368251800537,-0.01686261035501957,1.2151778936386108,1.2292773723602295,0.0
612000,4596000,82,63,613905.0,4605525.0,False,19.646320343017578,49.28104782104492,7.643147945404053,-21.85956573486328,0.33522605895996094,0.2426791936159134,0.14047858119010925,1.2215899229049683,1.6633317470550537,421.78399658203125
444000,4440000,316,129,447885.0,4442505.0,False,4.676141738891602,11.259697914123535,-1.4935981035232544,-17.93937110900879,0.22666941583156586,0.09970732778310776,0.16461431980133057,1.0571889877319336,1.5880738496780396,349.281982421875
648000,4440000,314,90,650715.0,4442565.0,True,10.627206802368164,22.0072021484375,-3.396714925765991,-2.717176675796509,-0.956847608089447,0.18176418542861938,0.1947682946920395,1.1703462600708008,1.5861520767211914,175.4727783203125
420000,4296000,366,276,428295.0,4297005.0,True,16.069320678710938,47.64632034301758,38.66864776611328,2.4816622734069824,0.029884077608585358,0.34851694107055664,-0.011236592195928097,1.274018406867981,1.3709206581115723,0.0
360000,4452000,271,256,367695.0,4455855.0,False,3.691986083984375,10.486165046691895,-1.0050184726715088,-5.552164554595947,0.8774962425231934,0.1045045405626297,0.16406850516796112,1.0788334608078003,1.5201761722564697,942.337646484375
636000,4428000,208,286,644595.0,4433745.0,True,8.809188842773438,19.73532485961914,1.0819498300552368,3.0882973670959473,-0.19651786983013153,0.2537136375904083,0.1182728037238121,1.1636409759521484,1.557563304901123,0.0
420000,4392000,35,388,431655.0,4402935.0,False,17.688858032226562,39.92832946777344,11.085531234741211,78.84603118896484,-0.8650752305984497,0.14002633094787598,0.16204439103603363,1.1747121810913086,1.4633620977401733,0.0
348000,4500000,246,28,348855.0,4504605.0,False,3.3268282413482666,7.881808757781982,-2.997802734375,-8.86899185180664,0.15773551166057587,0.10665129125118256,0.1468469500541687,1.2020180225372314,1.7949457168579102,916.187744140625
336000,4476000,362,352,346575.0,4477125.0,False,10.003498077392578,27.72825813293457,-19.855060577392578,-37.38663864135742,0.4599743187427521,0.12036275863647461,0.12156201153993607,1.0992286205291748,1.650355339050293,723.47119140625
396000,4500000,10,5,396165.0,4511685.0,False,16.944992065429688,49.13722229003906,4.9813232421875,26.32400131225586,-0.3666936755180359,0.13847500085830688,0.17065221071243286,1.2354933023452759,1.734009027481079,0.0
444000,4308000,362,236,451095.0,4309125.0,True,23.86240577697754,65.003173828125,45.45130920410156,48.2845573425293,-0.7142443060874939,0.39306727051734924,0.02944302186369896,1.3474105596542358,1.5473616123199463,285.66131591796875
396000,4500000,83,81,398445.0,4509495.0,False,6.649112224578857,15.848091125488281,0.4800211489200592,-11.675537109375,0.7504677772521973,0.13847500085830688,0.17065221071243286,1.2354933023452759,1.734009027481079,513.2257080078125
420000,4512000,233,302,429075.0,4516995.0,False,10.015983581542969,26.5506591796875,-6.789496421813965,-14.486395835876465,0.242697075009346,0.13687247037887573,0.2172185331583023,1.4054113626480103,1.933971643447876,0.0
396000,4440000,204,47,397425.0,4445865.0,False,2.689542531967163,7.51905632019043,1.2229139804840088,-2.070014238357544,0.5977414846420288,0.1029607430100441,0.14894002676010132,1.0997830629348755,1.4797179698944092,170.88206481933594
432000,4572000,382,184,437535.0,4572525.0,False,17.040918350219727,50.51976013183594,-7.397691249847412,10.90481185913086,-0.7591920495033264,0.18441621959209442,0.15187039971351624,1.4208927154541016,2.0246689319610596,362.0771484375
360000,4512000,319,388,371655.0,4514415.0,False,1.7196868658065796,4.185763835906982,-0.1637776643037796,-8.94239616394043,0.1691349744796753,0.10729468613862991,0.17384052276611328,1.1407294273376465,1.508913278579712,745.5869750976562
444000,4392000,19,370,455115.0,4403415.0,True,3.590351104736328,10.07763671875,1.1898193359375,-1.596286416053772,0.262090265750885,0.19753164052963257,0.12247172743082047,1.1152201890945435,1.625128149986267,297.3228454589844
372000,4428000,381,75,374265.0,4428555.0,False,6.806587219238281,18.61977767944336,-7.825290203094482,-13.86549186706543,-0.933118462562561,0.1557302176952362,0.12676134705543518,1.0972497463226318,1.5006632804870605,818.5955810546875
432000,4440000,104,42,433275.0,4448865.0,False,9.14238166809082,21.04741668701172,2.3049588203430176,-3.7847087383270264,-0.048771098256111145,0.1393771767616272,0.15607507526874542,1.091064691543579,1.5264898538589478,0.0
384000,4488000,302,345,394365.0,4490925.0,False,1.7091939449310303,9.454142570495605,11.494439125061035,28.91521453857422,-0.3650083541870117,0.02652634307742119,0.22124584019184113,1.2784347534179688,1.9105678796768188,318.5932922363281
444000,4452000,145,62,445875.0,4459635.0,True,3.5332486629486084,8.74355697631836,-4.651570796966553,-43.37006378173828,-0.23064996302127838,0.16410371661186218,0.1491956263780594,1.1140183210372925,1.4995652437210083,240.62904357910156
648000,4464000,398,180,653415.0,4464045.0,False,15.25031566619873,37.09258270263672,21.01076889038086,21.63780403137207,-0.8313237428665161,0.3064262568950653,0.0992298498749733,1.261335849761963,1.5211762189865112,418.5700988769531
444000,4428000,67,323,453705.0,4437975.0,True,17.732614517211914,41.88955307006836,-12.96888542175293,-36.28287887573242,-0.8847009539604187,0.15745329856872559,0.13809485733509064,1.1136115789413452,1.6214227676391602,62.13662338256836
396000,4512000,391,301,405045.0,4512255.0,False,4.803178310394287,15.13613510131836,-8.22726821899414,-19.957355499267578,0.7930967807769775,0.14588159322738647,0.2099621444940567,1.341456413269043,2.094247341156006,268.3597412109375
468000,4452000,94,392,479775.0,4461165.0,False,14.08768081665039,37.78476333618164,-19.93812370300293,-27.57444953918457,-0.038416363298892975,0.15988747775554657,0.1374182403087616,1.1097042560577393,1.5296417474746704,238.9714813232422
312000,4488000,266,371,323145.0,4492005.0,False,16.179176330566406,39.6673583984375,-5.680243492126465,26.57420539855957,0.220222607254982,0.11950764060020447,0.18368692696094513,1.1017543077468872,1.5848606824874878,0.0
444000,4416000,340,382,455475.0,4417785.0,True,6.261027812957764,15.296048164367676,3.026556968688965,2.421210527420044,-0.4594253599643707,0.17696228623390198,0.13532517850399017,1.1291933059692383,1.4884121417999268,0.0
396000,4512000,281,303,405105.0,4515555.0,False,9.3353853225708,26.94660186767578,-6.198378086090088,-4.609415531158447,0.4364456534385681,0.17034709453582764,0.2088191658258438,1.435096263885498,2.309095621109009,0.0
384000,4272000,220,119,387585.0,4277385.0,False,3.119919776916504,8.15904426574707,-3.426988363265991,-34.10017776489258,0.8896583318710327,0.1310807317495346,0.13903988897800446,1.1113693714141846,1.6384398937225342,513.2257080078125
348000,4476000,68,130,351915.0,4485945.0,False,18.42320442199707,47.4393310546875,18.55632781982422,9.27749252319336,0.10956117510795593,0.13552534580230713,0.19691921770572662,1.2030137777328491,1.7292944192886353,384.15399169921875
432000,4524000,336,221,438645.0,4525905.0,False,3.9448118209838867,9.06406021118164,2.0765788555145264,-4.681722164154053,0.07735510170459747,0.15956637263298035,0.2212207317352295,1.3941216468811035,2.081930637359619,759.27783203125
372000,4488000,52,356,382695.0,4498425.0,False,1.9032715559005737,4.9756669998168945,0.4300265908241272,1.3004964590072632,-0.23352214694023132,0.09772257506847382,0.11998104304075241,1.1040493249893188,1.507379412651062,902.8289794921875
300000,4428000,344,187,305625.0,4429665.0,False,27.09592056274414,84.59322357177734,-8.92833137512207,88.68123626708984,0.44174066185951233,0.10443722456693649,0.11877574026584625,1.104727029800415,1.596877098083496,600.0
360000,4512000,89,368,371055.0,4521315.0,False,8.916495323181152,24.93931770324707,-10.075033187866211,1.4620904922485352,-0.8621464371681213,0.09889044612646103,0.16037243604660034,1.175589919090271,1.5206716060638428,0.0
744000,4608000,305,60,745815.0,4610835.0,False,4.362478733062744,10.893134117126465,0.219414621591568,-31.23733139038086,-0.4117075800895691,0.17122873663902283,0.23105370998382568,1.1423574686050415,1.6892365217208862,966.1795654296875
444000,4452000,361,127,447825.0,4453155.0,False,7.6732401847839355,20.19639778137207,2.0743813514709473,-23.2950439453125,-0.2766954302787781,0.16395501792430878,0.1555018275976181,1.1139788627624512,1.5299310684204102,819.20703125
432000,4260000,189,5,432165.0,4266315.0,True,4.946605205535889,16.0400390625,-6.845879554748535,-10.463826179504395,-0.6066252589225769,0.16950064897537231,0.1300380676984787,1.0858982801437378,1.6519564390182495,259.23004150390625
336000,4464000,151,225,342765.0,4471455.0,False,15.123048782348633,40.95449447631836,-28.35163116455078,-29.87685775756836,-0.6682911515235901,0.07867667078971863,0.06677529215812683,1.1444954872131348,1.292252779006958,0.0
444000,4584000,364,113,447405.0,4585065.0,False,11.468703269958496,32.5394287109375,24.98550033569336,79.34915161132812,-0.6719886660575867,0.19669105112552643,0.19096054136753082,1.3186155557632446,1.6466504335403442,572.9751586914062
384000,4212000,50,289,392685.0,4222485.0,False,5.414938926696777,12.646402359008789,-3.318983316421509,-9.8804931640625,-0.9768276810646057,0.1726612150669098,0.07327184081077576,1.2212451696395874,1.5267385244369507,150.0
300000,4440000,94,299,308985.0,4449165.0,False,7.6339874267578125,21.06749153137207,2.766357421875,11.778008460998535,-0.3422259986400604,0.056522440165281296,0.1048642247915268,1.0872129201889038,1.3537670373916626,830.1206665039062
396000,4392000,32,198,401955.0,4403025.0,False,21.271825790405273,51.02654266357422,7.07872200012207,17.65132713317871,-0.01699635572731495,0.09528908133506775,0.09729722887277603,1.1006762981414795,1.4328124523162842,563.8350219726562
408000,4512000,257,383,419505.0,4516275.0,False,17.930971145629883,46.69784927368164,6.958211421966553,36.27180862426758,0.643984854221344,0.11750592291355133,0.1949012279510498,1.3314746618270874,2.0003485679626465,0.0
420000,4284000,63,386,431595.0,4294095.0,True,10.916787147521973,29.16213607788086,7.387261390686035,6.104085445404053,-0.5206416249275208,0.2087252289056778,0.07917920500040054,1.191301703453064,1.4721883535385132,0.0
420000,4512000,42,204,426135.0,4522725.0,False,8.544483184814453,28.63738250732422,5.602498531341553,-4.1686201095581055,-0.8356465697288513,0.15400969982147217,0.19474929571151733,1.2457822561264038,1.6557151079177856,0.0
648000,4380000,374,196,653895.0,4380765.0,False,10.426654815673828,25.29630470275879,-0.5954589247703552,-4.788818359375,0.2545609772205353,0.14276720583438873,0.14749272167682648,1.167534351348877,1.5860010385513306,870.0
300000,4476000,232,183,305505.0,4481025.0,False,17.6622257232666,45.39302444458008,17.29519271850586,19.88857650756836,0.8881368637084961,0.15119631588459015,0.1715899407863617,1.0863372087478638,1.629848837852478,351.996337890625
420000,4440000,353,387,431625.0,4441395.0,False,22.639514923095703,55.528564453125,3.424750328063965,-5.8547773361206055,0.11306211352348328,0.17884428799152374,0.09771613776683807,1.1668825149536133,1.4324147701263428,239.10223388671875
336000,4428000,141,319,345585.0,4435755.0,False,5.107707977294922,13.02676010131836,-0.4482421875,0.424492746591568,0.2215457558631897,0.10715993493795395,0.1305646449327469,1.116925835609436,1.6345620155334473,257.49285888671875
396000,4272000,358,13,396405.0,4273245.0,False,7.933495044708252,18.85167121887207,-4.201714515686035,-24.821044921875,0.8449479937553406,0.06825871765613556,0.10730152577161789,1.1801214218139648,1.5344374179840088,618.9510498046875
396000,4440000,80,104,399135.0,4449585.0,False,11.257874488830566,21.27383041381836,-5.730780601501465,-13.79002571105957,0.8463947176933289,0.1029607430100441,0.14894002676010132,1.0997830629348755,1.4797179698944092,0.0
408000,4248000,10,242,415275.0,4259685.0,False,20.824909210205078,61.94331741333008,15.52769660949707,-13.178874015808105,0.9267435669898987,0.19165340065956116,0.13432933390140533,1.1212953329086304,1.5583564043045044,430.234130859375
396000,4512000,186,115,399465.0,4518405.0,False,23.804290771484375,56.91310119628906,-13.08763313293457,-15.95020866394043,0.9963114857673645,0.15053001046180725,0.17682191729545593,1.3153808116912842,1.854720950126648,0.0
396000,4440000,161,182,401475.0,4447155.0,False,19.5377197265625,59.02492904663086,8.363579750061035,19.30886459350586,0.8610462546348572,0.12117397785186768,0.13230019807815552,1.1507257223129272,1.5124056339263916,0.0
408000,4536000,323,216,414495.0,4538295.0,False,12.353123664855957,34.08360290527344,-3.8106281757354736,-17.38504981994629,-0.5445915460586548,0.14152055978775024,0.22490829229354858,1.2446166276931763,1.6697919368743896,0.0
360000,4500000,1,268,368055.0,4511955.0,False,2.5607659816741943,6.821234703063965,-1.3972574472427368,-14.93212890625,-0.9149454832077026,0.11543639004230499,0.18304306268692017,1.1801823377609253,1.568167805671692,448.70233154296875
456000,4416000,181,0,456015.0,4422555.0,True,5.486989974975586,15.191081047058105,-0.205905482172966,-2.382798910140991,0.7544524073600769,0.2432233989238739,0.1437695175409317,1.167927861213684,1.502305507659912,0.0
456000,4260000,359,172,461175.0,4261215.0,True,10.728952407836914,28.02205467224121,17.80103874206543,21.79317283630371,-0.20891237258911133,0.1260809600353241,0.09401272982358932,1.0936576128005981,1.4290316104888916,217.71685791015625
372000,4500000,17,238,379155.0,4511475.0,False,7.57714319229126,20.44093132019043,-10.10313606262207,4.991183757781982,0.27600470185279846,0.12953121960163116,0.19379982352256775,1.1566550731658936,1.9125968217849731,21.380712509155273
696000,4452000,74,279,704385.0,4461765.0,False,3.310915946960449,8.62668228149414,-0.2561170756816864,-5.431423664093018,0.833694577217102,0.13735318183898926,0.12471615523099899,1.1051255464553833,1.5942702293395996,643.4407348632812
360000,4284000,242,398,371955.0,4288725.0,False,2.034604072570801,4.8700361251831055,-1.5323350429534912,-4.093044757843018,-0.9495217800140381,0.08371176570653915,0.1309242993593216,1.0598183870315552,1.4658318758010864,492.03363037109375
408000,4224000,342,59,409785.0,4225725.0,False,4.906026840209961,10.832112312316895,0.9423285722732544,1.9553358554840088,0.4030967354774475,0.10707774758338928,0.10346061736345291,1.0795891284942627,1.5530749559402466,713.5127563476562
348000,4428000,323,14,348435.0,4430295.0,False,8.939848899841309,21.04847526550293,0.3591715395450592,-9.03884506225586,0.4686674177646637,0.11606429517269135,0.1271759271621704,1.1443966627120972,1.5993361473083496,979.4934692382812
348000,4440000,195,6,348195.0,4446135.0,False,5.767359733581543,15.506049156188965,-7.02293586730957,-12.147664070129395,0.62424635887146,0.11961381882429123,0.11322056502103806,1.116991639137268,1.6111258268356323,819.2069702148438
696000,4452000,336,195,701865.0,4453905.0,False,3.1368210315704346,8.023369789123535,-2.466200113296509,-13.53573989868164,-0.8451511859893799,0.12387647479772568,0.1811724752187729,1.1672661304473877,1.573912262916565,384.1835632324219
648000,4356000,52,231,654945.0,4366425.0,False,21.240745544433594,54.97317123413086,-11.515191078186035,19.00531768798828,-0.9212854504585266,0.27167072892189026,0.08369503915309906,1.2031384706497192,1.4677220582962036,832.2861328125
360000,4464000,172,304,369135.0,4470825.0,False,7.77558708190918,24.78074836730957,-8.531304359436035,15.273640632629395,0.38065579533576965,0.31825557351112366,0.12626811861991882,1.213136076927185,1.633100986480713,0.0
396000,4392000,105,78,398355.0,4400835.0,False,23.776601791381836,65.88729858398438,23.11872100830078,-21.96430206298828,0.2215568572282791,0.09528908133506775,0.09729722887277603,1.1006762981414795,1.4328124523162842,0.0
324000,4500000,359,340,334215.0,4501215.0,False,15.66159725189209,48.51592254638672,4.88209342956543,28.72227668762207,-0.5394828915596008,0.0972585454583168,0.12410610914230347,1.1922630071640015,1.484695553779602,0.0
648000,4596000,36,359,658785.0,4606905.0,False,15.524893760681152,42.24826431274414,-1.977077841758728,-5.333902835845947,-0.6843973398208618,0.4592718482017517,0.07871957123279572,1.4583892822265625,1.6629021167755127,30.0
396000,4488000,321,170,401115.0,4490355.0,True,30.30227279663086,97.46942901611328,31.68275260925293,121.08297729492188,-0.7684644460678101,0.2457999289035797,0.1118190661072731,1.3446872234344482,1.493749737739563,0.0
384000,4392000,265,165,388965.0,4396035.0,False,2.737605571746826,7.940497875213623,-7.484103679656982,-25.34796714782715,-0.3550383448600769,0.11351324617862701,0.12646043300628662,1.0728154182434082,1.471527099609375,852.54931640625
420000,4440000,298,266,427995.0,4443045.0,True,26.60563850402832,75.36363220214844,-29.178180694580078,-35.64697265625,0.3192308843135834,0.13334259390830994,0.09014949202537537,1.1605818271636963,1.411134123802185,0.0
432000,4428000,60,18,432555.0,4438185.0,False,5.127828121185303,14.823187828063965,1.9134385585784912,-18.39164161682129,0.8315466046333313,0.17612816393375397,0.14457052946090698,1.1221221685409546,1.4416176080703735,394.8646545410156
468000,4452000,148,399,479985.0,4459545.0,False,16.95438575744629,45.90452575683594,17.57337760925293,50.23814392089844,0.9797492027282715,0.17522646486759186,0.22665821015834808,1.042216420173645,1.702884554862976,986.1378784179688
696000,4476000,63,0,696015.0,4486095.0,False,4.452081203460693,12.428534507751465,-6.0569257736206055,-26.84648895263672,0.4501315653324127,0.09215967357158661,0.1366032361984253,1.0886571407318115,1.491654872894287,0.0
684000,4452000,16,303,693105.0,4463505.0,False,6.318811416625977,15.265339851379395,0.2264540046453476,3.9250080585479736,-0.5071203708648682,0.09145639091730118,0.14666156470775604,1.131949543952942,1.5182236433029175,282.3081970214844
396000,4488000,368,292,404775.0,4488945.0,False,28.152812957763672,80.81918334960938,-32.346595764160156,-75.42636108398438,-0.9519296884536743,0.14893582463264465,0.1639733463525772,1.3794748783111572,1.845208764076233,324.039306640625
396000,4248000,80,39,397185.0,4257585.0,True,21.681777954101562,56.5028076171875,-21.83208465576172,-35.42485809326172,0.3847408592700958,0.14090321958065033,0.11213931441307068,1.1348234415054321,1.4844022989273071,11.380711555480957
360000,4452000,78,30,360915.0,4461645.0,False,3.5597214698791504,8.96152114868164,-2.961669921875,-17.08028221130371,0.20720522105693817,0.14268650114536285,0.1694655418395996,1.106819987297058,1.58576238155365,276.2286071777344
468000,4488000,37,167,473025.0,4498875.0,False,0.7972097396850586,2.112548828125,0.2306450605392456,-0.1856960654258728,0.8576133847236633,0.12611176073551178,0.20846839249134064,1.2207343578338623,1.7344880104064941,721.0413208007812
324000,4464000,304,198,329955.0,4466865.0,False,26.699844360351562,74.70829010009766,41.98381805419922,102.18033599853516,0.8948185443878174,0.0635204017162323,0.14706070721149445,1.1169342994689941,1.5104422569274902,0.0
444000,4452000,333,150,448515.0,4453995.0,True,25.588279724121094,72.87876892089844,2.362359046936035,-1.583075761795044,0.614291250705719,0.13823232054710388,0.19216325879096985,1.1500147581100464,1.6717106103897095,201.20281982421875
384000,4260000,366,334,394035.0,4261005.0,True,11.895647048950195,34.35332489013672,-6.372097492218018,-11.938015937805176,-0.7034229040145874,0.12375134974718094,0.07492461055517197,1.1143909692764282,1.4587647914886475,0.0
432000,4584000,228,255,439665.0,4589145.0,False,28.336278915405273,91.52498626708984,14.546630859375,110.02902221679688,0.810929000377655,0.2741559147834778,0.15644973516464233,1.3296359777450562,1.4552655220031738,0.0
360000,4464000,161,90,362715.0,4471155.0,False,14.910447120666504,36.16891860961914,-13.376532554626465,-13.202921867370605,0.6289952993392944,0.100574791431427,0.0457523837685585,1.1880223751068115,1.2595832347869873,0.0
444000,4452000,215,186,449595.0,4457535.0,False,28.18683433532715,79.9292984008789,5.221354007720947,85.05818939208984,-0.35277336835861206,0.2040211409330368,0.16128166019916534,1.1545754671096802,1.4965957403182983,390.7696838378906
408000,4500000,27,399,419985.0,4511175.0,False,7.456787586212158,24.00925064086914,35.43977737426758,84.15879821777344,-0.717629611492157,0.1876404583454132,0.1520499587059021,1.2403857707977295,1.6599678993225098,0.0
444000,4596000,325,206,450195.0,4598235.0,False,9.625741958618164,23.27133560180664,9.338568687438965,-5.81787109375,0.40750792622566223,0.1573827713727951,0.22909940779209137,1.2112869024276733,1.74777352809906,248.23358154296875
432000,4452000,388,38,433155.0,4452345.0,False,6.015972137451172,17.01173210144043,14.211955070495605,25.20018196105957,0.6733686923980713,0.1603187769651413,0.1040717139840126,1.0999265909194946,1.4682163000106812,0.0
396000,4440000,319,79,398385.0,4442415.0,False,1.4120259284973145,4.26905632019043,-0.4185926616191864,-6.108452796936035,0.9213739037513733,0.1029607430100441,0.14894002676010132,1.0997830629348755,1.4797179698944092,117.63505554199219
444000,4416000,63,5,444165.0,4426095.0,False,5.2834320068359375,13.09396743774414,-1.30419921875,-2.2623019218444824,-0.3297910690307617,0.1226973906159401,0.13685151934623718,1.1339447498321533,1.6145950555801392,3.3333332538604736
420000,4308000,326,229,426885.0,4310205.0,False,6.233673572540283,14.390666007995605,-0.451348215341568,-33.72909927368164,0.10412616282701492,0.11457423120737076,0.15347102284431458,1.1273113489151,1.5017726421356201,484.35552978515625
372000,4476000,278,197,377925.0,4479645.0,False,2.156435489654541,6.3714599609375,-3.1741130352020264,-10.042574882507324,0.4477306008338928,0.18258242309093475,0.11703275144100189,1.143354058265686,1.6321098804473877,842.49658203125
444000,4416000,6,326,453795.0,4427805.0,True,17.511207580566406,39.50382614135742,28.59375,102.84561920166016,-0.07757049798965454,0.2525339722633362,0.05425255000591278,1.1497173309326172,1.3067750930786133,0.0
372000,4512000,104,60,373815.0,4520865.0,False,13.870325088500977,36.6563720703125,-2.233344078063965,9.47561264038086,-0.566133975982666,0.08807329833507538,0.15261147916316986,1.1694271564483643,1.5515861511230469,0.0
432000,4440000,106,68,434055.0,4448805.0,False,2.108588695526123,4.72364616394043,-3.4434406757354736,-22.62691307067871,-0.30567604303359985,0.13135962188243866,0.18190379440784454,1.0913892984390259,1.5089174509048462,531.7802124023438
372000,4512000,142,10,372315.0,4519725.0,False,12.735149383544922,34.17881774902344,12.010986328125,44.90312957763672,0.8663696050643921,0.06865645200014114,0.14453382790088654,1.1621551513671875,1.4943273067474365,0.0
396000,4404000,389,257,403725.0,4404315.0,False,20.79722785949707,59.97555923461914,34.50448989868164,24.41476821899414,0.44158491492271423,0.09367521852254868,0.0673859640955925,1.0578010082244873,1.502705454826355,359.03302001953125
444000,4608000,172,320,453615.0,4614825.0,False,24.835880279541016,63.89797592163086,2.859429359436035,-57.48627471923828,-0.9139149785041809,0.5680243372917175,-0.06450139731168747,1.8279310464859009,1.7241449356079102,990.0
636000,4596000,117,74,638235.0,4604475.0,False,13.647929191589355,32.83022689819336,-31.46359634399414,-43.78118133544922,0.43150806427001953,0.3672947883605957,0.10137838125228882,1.2907558679580688,1.6686643362045288,492.6459045410156
432000,4296000,108,110,435315.0,4304745.0,True,1.6065670251846313,4.6595458984375,-3.662407875061035,-15.76576042175293,0.09766685962677002,0.17502430081367493,0.16901610791683197,1.1068551540374756,1.6088448762893677,319.8434753417969
420000,4296000,100,175,425265.0,4304985.0,True,17.550479888916016,47.21308135986328,-3.485039710998535,3.1139321327209473,-0.8702570199966431,0.11740945279598236,0.14781007170677185,1.1568363904953003,1.496659517288208,0.0
420000,4440000,260,326,429795.0,4444185.0,False,26.14214515686035,68.72459411621094,-30.38336753845215,-28.94802474975586,-0.8180188536643982,0.1035139262676239,0.15147309005260468,1.0711289644241333,1.477783203125,0.0
420000,4236000,11,103,423105.0,4247655.0,True,28.356809616088867,69.43144989013672,-16.161701202392578,-12.529703140258789,-0.9893267154693604,0.20302417874336243,0.1569817066192627,1.3708577156066895,1.6294194459915161,0.0
456000,4404000,111,10,456315.0,4412655.0,True,15.340426445007324,36.60068130493164,7.659573078155518,45.01934051513672,-0.8113372325897217,0.16308681666851044,0.14215335249900818,1.1483110189437866,1.4538813829421997,0.0
408000,4536000,86,130,411915.0,4545405.0,False,1.333262324333191,3.1215548515319824,-0.2237277626991272,-2.8354086875915527,-0.9244282245635986,0.13901667296886444,0.1901676505804062,1.302036166191101,1.930234670639038,552.08740234375
396000,4512000,155,233,403005.0,4519335.0,False,22.7698974609375,55.84494400024414,13.506930351257324,19.328153610229492,-0.04711189493536949,0.10758069157600403,0.12765012681484222,1.2315272092819214,1.609566569328308,0.0
408000,4248000,271,268,416055.0,4251855.0,True,11.354175567626953,31.60215950012207,10.304524421691895,14.254556655883789,-0.02742706798017025,0.16884708404541016,0.148811936378479,1.2025566101074219,1.7852240800857544,0.0
372000,4428000,283,174,377235.0,4431495.0,False,18.092348098754883,44.53214645385742,4.941921710968018,69.58389282226562,0.9475375413894653,0.05504952743649483,-0.005423066671937704,1.1898136138916016,1.1846100091934204,0.0
396000,4248000,348,334,406035.0,4249545.0,False,4.5621843338012695,11.43069076538086,-4.04638671875,-26.44676399230957,0.11704910546541214,0.16387374699115753,0.11468400806188583,1.0639549493789673,1.6294318437576294,322.50018310546875
396000,4212000,69,281,404445.0,4221915.0,False,21.13105010986328,60.32887268066406,-2.387193441390991,34.30634307861328,0.7583025693893433,0.11449088156223297,0.0953102707862854,1.234586477279663,1.4859001636505127,506.2628173828125
444000,4284000,62,82,446475.0,4294125.0,False,4.520664691925049,12.972412109375,0.6165771484375,0.576036274433136,-0.506079912185669,0.12996430695056915,0.10349881649017334,1.1279391050338745,1.4841822385787964,510.2945556640625
384000,4392000,146,295,392865.0,4399605.0,False,14.821417808532715,36.911376953125,25.71375846862793,2.909491777420044,-0.12565261125564575,0.09476669877767563,0.110855333507061,1.134475588798523,1.4496407508850098,0.0
384000,4392000,282,354,394635.0,4395525.0,False,19.673791885375977,57.0032958984375,8.803141593933105,-88.10652923583984,0.7045109272003174,0.20500482618808746,0.018692027777433395,1.2221593856811523,1.342468023300171,0.0
396000,4488000,381,255,403665.0,4488555.0,True,34.54304504394531,96.71829986572266,-36.2048225402832,-115.71815490722656,-0.9823092818260193,0.14893582463264465,0.1639733463525772,1.3794748783111572,1.845208764076233,0.0
336000,4464000,100,311,345345.0,4472985.0,False,22.384536743164062,64.53184509277344,31.97684669494629,17.546466827392578,0.4831750690937042,0.13880303502082825,0.1488051414489746,1.1477092504501343,1.5555782318115234,0.0
720000,4560000,61,57,721725.0,4570155.0,False,17.64259910583496,43.5086669921875,4.069512367248535,2.2325844764709473,-0.7328687906265259,0.353805273771286,0.06801604479551315,1.24883234500885,1.3139517307281494,722.9111938476562
372000,4428000,4,314,381435.0,4439865.0,False,3.4153919219970703,7.670586585998535,0.1124810129404068,-0.5660806894302368,-0.03687752038240433,0.08755119144916534,0.15601681172847748,1.0858190059661865,1.396054744720459,888.5421752929688
312000,4464000,315,372,323175.0,4466535.0,False,4.508199214935303,16.45557975769043,-15.87912368774414,-15.079033851623535,0.31027713418006897,0.11459600925445557,0.18940964341163635,1.1086516380310059,1.5805184841156006,0.0
360000,4512000,163,168,365055.0,4519095.0,False,9.344404220581055,26.92026138305664,5.343817710876465,-0.797648012638092,-0.42026087641716003,0.07483533769845963,0.14220985770225525,1.1377278566360474,1.4349089860916138,0.0
684000,4572000,26,358,694755.0,4583205.0,False,3.371115207672119,10.76637077331543,14.02735710144043,19.949054718017578,0.8639947772026062,0.11375809460878372,0.23579740524291992,1.1447547674179077,1.6481727361679077,26.66666603088379
648000,4596000,54,252,655575.0,4606365.0,False,12.447072982788086,31.53969955444336,-30.52223014831543,-70.07331085205078,-0.3982616066932678,0.4240442216396332,0.1150655522942543,1.4336590766906738,1.6678988933563232,211.4405975341797
372000,4488000,72,308,381255.0,4497825.0,False,2.312983274459839,6.64478874206543,3.239244222640991,0.6740180253982544,-0.422807514667511,0.11556261777877808,0.11887776851654053,1.1132948398590088,1.4650979042053223,0.0
408000,4512000,329,329,417885.0,4514115.0,False,10.649476051330566,25.70793914794922,-2.2292346954345703,-0.23564979434013367,-0.1677021086215973,0.19431273639202118,0.20817391574382782,1.5177040100097656,2.282945156097412,0.0
372000,4272000,343,354,382635.0,4273695.0,True,9.768555641174316,27.26791763305664,0.3809814453125,-47.6606559753418,0.5563427805900574,0.07549356669187546,0.0930667296051979,1.0952080488204956,1.4180651903152466,0.0
348000,4488000,386,107,351225.0,4488405.0,False,21.357202529907227,58.35298538208008,-1.8017579317092896,20.68067741394043,0.417216420173645,0.15604856610298157,0.11022540926933289,1.142164945602417,1.542398452758789,180.0
420000,4236000,30,108,423255.0,4247085.0,True,26.214262008666992,62.05344009399414,-22.42282485961914,23.76123046875,-0.05612049251794815,0.16890136897563934,0.16861745715141296,1.2683733701705933,1.7932194471359253,0.0
672000,4464000,132,384,683535.0,4472025.0,False,14.864288330078125,40.29446029663086,1.9393446445465088,21.92428970336914,0.0732962042093277,0.21080391108989716,0.14996011555194855,1.1988369226455688,1.616896629333496,243.1072235107422
360000,4440000,67,134,364035.0,4449975.0,False,3.408005952835083,8.13259506225586,-0.8990207314491272,-7.430623531341553,0.19398729503154755,0.11881420016288757,0.16258539259433746,1.1227482557296753,1.4882776737213135,577.5819091796875
432000,4560000,360,282,440475.0,4561185.0,False,12.583773612976074,27.1495361328125,-14.396538734436035,-26.2171630859375,-0.017000405117869377,0.22916509211063385,0.17181207239627838,1.4686702489852905,1.971717119216919,210.4872589111328
372000,4488000,177,287,380625.0,4494675.0,False,4.119222164154053,10.06092643737793,-3.137993812561035,-7.246771812438965,0.4653876721858978,0.10589388757944107,0.07328405231237411,1.1236318349838257,1.3111580610275269,0.0
396000,4512000,133,40,397215.0,4519995.0,False,14.368038177490234,39.969078063964844,23.91683006286621,139.83448791503906,0.6213721036911011,0.15053001046180725,0.17682191729545593,1.3153808116912842,1.854720950126648,0.0
360000,4440000,387,229,366885.0,4440375.0,False,1.0914381742477417,2.85302734375,-1.454345703125,-9.82260513305664,0.9286677241325378,0.07506014406681061,0.09177293628454208,1.0690922737121582,1.393381118774414,757.5618896484375
456000,4380000,323,112,459375.0,4382295.0,True,17.245603561401367,41.34925842285156,-1.478515625,0.3720974922180176,0.7570363283157349,0.29830485582351685,0.05511891841888428,1.1645365953445435,1.7629600763320923,107.31619262695312
648000,4428000,230,3,648105.0,4433085.0,True,3.1839661598205566,8.625189781188965,-2.445543050765991,-4.523003578186035,0.9581295251846313,0.18394945561885834,0.1626182496547699,1.171836495399475,1.5718441009521484,180.84283447265625
420000,4428000,151,209,426285.0,4435455.0,False,17.75813865661621,41.95966339111328,-12.383843421936035,-14.277398109436035,0.9279997944831848,0.17214158177375793,0.0859040766954422,1.0971324443817139,1.3357245922088623,668.5969848632812
324000,4464000,67,234,331035.0,4473975.0,False,7.082813262939453,23.07949447631836,-12.16588020324707,-18.69940948486328,0.15411734580993652,0.06735014915466309,0.043124131858348846,1.1451897621154785,1.2496154308319092,0.0
432000,4260000,349,43,433305.0,4261515.0,False,3.578598976135254,10.05516242980957,1.8245849609375,-8.113118171691895,0.14006613194942474,0.10392920672893524,0.1546117663383484,1.185420274734497,1.490601897239685,390.0
372000,4488000,352,149,376485.0,4489425.0,False,2.6407711505889893,7.03468132019043,-0.4856363832950592,-0.8867323398590088,0.9105299711227417,0.12220092117786407,0.14638301730155945,1.1399785280227661,1.4624983072280884,671.2678833007812
336000,4428000,160,325,345765.0,4435185.0,False,4.06138277053833,10.54515266418457,-4.430867671966553,-21.04277801513672,-0.028064852580428123,0.10863670706748962,0.16450996696949005,1.1227073669433594,1.6504919528961182,6.666666507720947
372000,4488000,122,152,376575.0,4496325.0,False,6.75795841217041,18.86279296875,-11.869914054870605,-25.55799674987793,-0.9618145823478699,0.12729214131832123,0.09088018536567688,1.1539263725280762,1.355132818222046,0.0
360000,4500000,324,216,366495.0,4502265.0,False,4.104506015777588,11.420504570007324,-0.5463188886642456,-2.055853843688965,0.7663084268569946,0.090303435921669,0.11521846801042557,1.1860926151275635,1.3941527605056763,0.0
432000,4560000,113,281,440445.0,4568595.0,False,2.227189540863037,5.75048828125,-0.8521186113357544,-10.00112533569336,-0.3076641857624054,0.14056727290153503,0.20774374902248383,1.2433743476867676,1.765130639076233,510.58819580078125
444000,4596000,172,122,447675.0,4602825.0,False,26.986207962036133,77.29257202148438,18.3896484375,91.00899505615234,0.9293425679206848,0.190520241856575,0.18236075341701508,1.3290157318115234,1.744910717010498,0.0
336000,4476000,169,370,347115.0,4482915.0,False,22.452611923217773,53.14039611816406,9.00889778137207,-16.40265655517578,-0.08005071431398392,0.20922918617725372,0.07834163308143616,1.1752578020095825,1.521616816520691,180.84283447265625
372000,4500000,110,115,375465.0,4508685.0,False,4.499429702758789,9.42970085144043,2.7457275390625,-4.96190071105957,0.1285761296749115,0.10180826485157013,0.15623697638511658,1.1775795221328735,1.5258804559707642,0.0
444000,4608000,397,47,445425.0,4608075.0,False,27.86154556274414,81.19932556152344,-38.57771682739258,-72.82144927978516,-0.7485460042953491,0.7175175547599792,-0.25769951939582825,1.9780982732772827,1.3636993169784546,0.0
432000,4392000,55,30,432915.0,4402335.0,False,25.037551879882812,66.13197326660156,9.05813217163086,6.8802900314331055,0.18855516612529755,0.11519809812307358,0.18089771270751953,1.229485273361206,1.8099809885025024,0.0
384000,4476000,353,398,395955.0,4477395.0,True,29.570783615112305,68.19892120361328,-24.91427993774414,-51.489990234375,-0.9773033261299133,0.3017498850822449,0.09467142075300217,1.2920668125152588,1.4235187768936157,0.0
432000,4392000,156,153,436605.0,4399305.0,False,15.421195030212402,45.10576629638672,-31.7030029296875,-99.56490325927734,-0.6940138339996338,0.4218366742134094,0.02415020763874054,1.3152132034301758,1.5022799968719482,90.0
408000,4500000,369,89,410685.0,4500915.0,True,4.525288105010986,11.372721672058105,-3.4829509258270264,-7.298841953277588,0.9224915504455566,0.15499663352966309,0.19633950293064117,1.510389804840088,2.2901663780212402,255.55592346191406
384000,4392000,293,223,390705.0,4395195.0,False,34.438621520996094,91.8164291381836,3.8434786796569824,39.994300842285156,-0.3095974326133728,0.0836024135351181,0.06027708947658539,1.2007426023483276,1.3322819471359253,0.0
432000,4584000,133,135,436065.0,4591995.0,False,4.606524467468262,13.30019760131836,-1.9342447519302368,-16.88483428955078,-0.5665818452835083,0.16351160407066345,0.18840931355953217,1.3458539247512817,1.7553812265396118,723.47119140625
384000,4356000,103,299,392985.0,4364895.0,False,6.546116352081299,18.60584831237793,-14.303629875183105,-31.55010223388672,0.9530205726623535,0.11319550126791,0.12932178378105164,1.178849458694458,1.4619590044021606,0.0
396000,4212000,50,201,402045.0,4222485.0,False,17.032081604003906,38.8895149230957,28.04615592956543,58.3133544921875,-0.6045143008232117,0.08955508470535278,0.08071103692054749,1.0984489917755127,1.4149813652038574,54.92902755737305
432000,4560000,190,199,437985.0,4566285.0,False,26.899824142456055,63.72842025756836,-5.487494468688965,35.60795211791992,0.9967442154884338,0.17078205943107605,0.1750853955745697,1.3246322870254517,1.7941346168518066,0.0
420000,4260000,248,288,428655.0,4264545.0,True,12.855525016784668,33.806640625,-0.19992411136627197,9.95602798461914,0.3991786539554596,0.15665552020072937,0.07265371829271317,1.225599765777588,1.4210811853408813,0.0
696000,4452000,362,159,700785.0,4453125.0,False,14.371761322021484,33.362876892089844,3.1748859882354736,18.40775489807129,0.9469751119613647,0.10255372524261475,0.1292923390865326,1.1587514877319336,1.4559861421585083,778.393798828125
396000,4488000,360,3,396105.0,4489185.0,False,17.882633209228516,47.66224670410156,-31.182373046875,-47.88358688354492,0.7464420795440674,0.14893582463264465,0.1639733463525772,1.3794748783111572,1.845208764076233,0.0
360000,4512000,291,314,369435.0,4515255.0,False,7.444818019866943,19.62593650817871,10.7994384765625,7.253445148468018,0.7619207501411438,0.07277164608240128,0.12681972980499268,1.1482934951782227,1.3995980024337769,0.0
444000,4608000,173,242,451275.0,4614795.0,False,14.859603881835938,35.668701171875,-9.595947265625,-5.756374359130859,0.03875315934419632,0.3600766360759735,0.15703965723514557,1.552430510520935,2.071415662765503,282.3081970214844
396000,4452000,376,366,406995.0,4452705.0,True,23.997867584228516,60.50886917114258,-3.5260281562805176,42.39384078979492,0.9897858500480652,0.14441315829753876,0.13993456959724426,1.1177666187286377,1.5562270879745483,0.0
612000,4596000,78,275,620265.0,4605645.0,False,10.033702850341797,23.6334228515625,-1.3362629413604736,-4.568752765655518,-0.9762473702430725,0.2827134430408478,0.18140140175819397,1.271833896636963,1.6959882974624634,0.0
444000,4284000,46,147,448425.0,4294605.0,True,19.754274368286133,58.66926956176758,-10.916340827941895,48.24359893798828,0.4501382112503052,0.22049766778945923,0.05112859606742859,1.1904747486114502,1.5623633861541748,302.4951477050781
396000,4476000,137,225,402765.0,4483875.0,True,17.251665115356445,42.27882385253906,-1.5014243125915527,-38.26737594604492,-0.01750182919204235,0.20451495051383972,0.1707231104373932,1.2457903623580933,1.7211310863494873,0.0
420000,4440000,278,338,430155.0,4443645.0,False,13.820735931396484,39.88236618041992,44.65650939941406,89.58695983886719,0.5746520161628723,0.25775036215782166,0.03732451796531677,1.176701545715332,1.3982499837875366,0.0
432000,4584000,34,272,440175.0,4594965.0,False,23.388214111328125,68.40113830566406,4.71876335144043,59.31376266479492,0.8537981510162354,0.20084120333194733,0.1435128003358841,1.3384889364242554,1.543608546257019,0.0
612000,4596000,105,47,613425.0,4604835.0,False,8.270113945007324,17.89029884338379,-4.56883430480957,-30.06796646118164,0.23089541494846344,0.26449960470199585,0.17016951739788055,1.227308750152588,1.64312744140625,327.7463073730469
372000,4464000,241,307,381225.0,4468755.0,False,5.1243791580200195,11.579657554626465,-6.211561679840088,-17.7607421875,0.859062135219574,0.09761865437030792,0.16336138546466827,1.1158822774887085,1.5430318117141724,750.400146484375
372000,4248000,344,339,382185.0,4249665.0,False,5.110805988311768,11.657023429870605,4.032063961029053,-11.612019538879395,-0.8405292630195618,0.09644830971956253,0.15722127258777618,1.039263129234314,1.5648651123046875,572.9751586914062
360000,4464000,105,95,362865.0,4472835.0,False,2.825129985809326,11.02731704711914,-1.8849011659622192,-9.705851554870605,-0.415073961019516,0.07578542828559875,0.12960147857666016,1.315983772277832,1.5966486930847168,788.7412719726562
732000,4596000,125,175,737265.0,4604235.0,False,2.11234450340271,8.450140953063965,-9.7841796875,-30.79924964904785,0.3373357355594635,0.21738266944885254,0.1672130674123764,1.175970435142517,1.6598498821258545,229.78829956054688
420000,4284000,26,138,424155.0,4295205.0,True,17.651691436767578,40.95197296142578,24.55561065673828,45.9699821472168,-0.5981131196022034,0.1964772641658783,0.0534975603222847,1.159332036972046,1.3662437200546265,0.0
696000,4452000,179,96,698895.0,4458615.0,False,8.484420776367188,22.06351661682129,-8.76015853881836,6.049139976501465,-0.17872560024261475,0.11511564254760742,0.15305417776107788,1.1396156549453735,1.5236655473709106,840.1786499023438
300000,4488000,330,172,305175.0,4490085.0,False,5.364203453063965,17.83266830444336,9.83517837524414,12.795111656188965,0.004453880712389946,0.11699926108121872,0.16483835875988007,1.1229134798049927,1.4377907514572144,572.9751586914062
444000,4416000,140,149,448485.0,4423785.0,True,6.6754069328308105,19.27635383605957,-8.749579429626465,-12.51243782043457,0.34410494565963745,0.15925729274749756,0.11751821637153625,1.1407055854797363,1.4636703729629517,32.167606353759766
420000,4248000,124,6,420195.0,4256265.0,False,5.229812145233154,13.39072036743164,1.2349175214767456,-14.57468032836914,-0.5581223368644714,0.1210494190454483,0.08201777935028076,1.0820529460906982,1.5045647621154785,671.2678833007812
408000,4212000,76,175,413265.0,4221705.0,False,10.762293815612793,30.2548828125,-4.19556999206543,11.58045768737793,0.838322639465332,0.13316784799098969,0.1959259808063507,1.2103568315505981,1.9375165700912476,0.0
660000,4500000,248,46,661395.0,4504545.0,False,1.918548345565796,5.09376335144043,-1.0790743827819824,-1.8192816972732544,0.2298245131969452,0.11532082408666611,0.17493988573551178,1.09454345703125,1.4988163709640503,967.781005859375
372000,4488000,171,171,377145.0,4494855.0,False,15.145906448364258,37.939002990722656,2.379150390625,23.85358428955078,0.9480421543121338,0.12408234179019928,0.10430172830820084,1.1395207643508911,1.4209020137786865,0.0
444000,4608000,190,217,450525.0,4614285.0,False,14.555962562561035,44.67347717285156,-14.50233268737793,-12.136149406433105,-0.926934540271759,0.3240644931793213,0.16650670766830444,1.404142141342163,1.7846193313598633,741.3502807617188
372000,4260000,389,283,380505.0,4260315.0,True,15.293829917907715,48.41581344604492,-22.89044761657715,-35.38640594482422,-0.8280932307243347,0.10394565761089325,0.11104658991098404,1.1747175455093384,1.549594759941101,0.0
348000,4488000,325,203,354105.0,4490235.0,False,11.558066368103027,30.26254653930664,7.872328281402588,1.3765869140625,-0.8481765389442444,0.16030247509479523,0.11819557100534439,1.1290696859359741,1.5328152179718018,810.0
420000,4284000,97,107,423225.0,4293075.0,False,4.972313404083252,12.929362297058105,-4.530531406402588,-17.35130500793457,-0.2834683954715729,0.19180330634117126,0.060670457780361176,1.1027100086212158,1.4457780122756958,631.1900024414062
324000,4500000,356,375,335265.0,4501305.0,False,7.846996784210205,21.04196548461914,-5.703274250030518,-4.344889163970947,-0.8081073760986328,0.07463059574365616,0.10453833639621735,1.1858981847763062,1.4507718086242676,21.380712509155273
372000,4476000,350,88,374655.0,4477485.0,False,11.128719329833984,32.7840576171875,-13.211153984069824,-14.634345054626465,0.2729027569293976,0.15868447721004486,0.18529576063156128,1.0506906509399414,1.6297870874404907,0.0
444000,4452000,110,68,446055.0,4460685.0,True,18.588499069213867,45.97775650024414,-24.21847915649414,-60.73221969604492,0.01773393712937832,0.1598154753446579,0.12090135365724564,1.1543773412704468,1.44054114818573,57.6375617980957
348000,4476000,58,126,351795.0,4486245.0,False,12.2225341796875,36.67587661743164,-33.69166564941406,-6.784139156341553,0.8338324427604675,0.1796962469816208,0.18139205873012543,1.1555759906768799,1.6979475021362305,239.74822998046875
360000,4464000,243,327,369825.0,4468695.0,False,20.606544494628906,54.37391662597656,11.566853523254395,15.231607437133789,0.36775657534599304,0.1304297149181366,0.14841924607753754,1.1376534700393677,1.4549553394317627,0.0
384000,4452000,186,107,387225.0,4458405.0,False,9.18163013458252,27.20400619506836,7.301825523376465,47.65809631347656,-0.743928849697113,0.15956802666187286,0.1744348704814911,1.140022873878479,1.523603081703186,0.0
444000,4260000,291,26,444795.0,4263255.0,True,22.554609298706055,51.58999252319336,42.82526397705078,67.82797241210938,0.09110921621322632,0.08403674513101578,0.07836201041936874,1.1349180936813354,1.4548766613006592,3.3333332538604736
444000,4248000,125,139,448185.0,4256235.0,True,8.969256401062012,31.43379783630371,-10.540459632873535,8.40660285949707,0.1353336125612259,0.10280628502368927,0.06867074221372604,1.1324827671051025,1.530680537223816,35.500938415527344
408000,4224000,341,133,412005.0,4225755.0,False,5.786612510681152,17.38475227355957,-0.4862874448299408,-4.438381671905518,-0.5777982473373413,0.0877767875790596,0.132597416639328,1.1088634729385376,1.5235612392425537,0.0
732000,4644000,234,155,736665.0,4648965.0,False,7.7089104652404785,21.18280792236328,-2.053778648376465,7.631686687469482,0.46457651257514954,0.2790140211582184,0.12936247885227203,1.1496206521987915,1.5104639530181885,0.0
660000,4512000,395,136,664095.0,4512135.0,False,11.15609359741211,31.65831184387207,-5.525228023529053,-8.408040046691895,0.6450768113136292,0.14797788858413696,0.19508132338523865,1.1856950521469116,1.7048028707504272,270.0
396000,4488000,183,325,405765.0,4494495.0,False,19.979778289794922,50.57923889160156,29.14780044555664,101.80513763427734,0.9480040073394775,0.13007789850234985,0.16790850460529327,1.3312352895736694,1.8291997909545898,367.0151672363281
360000,4464000,382,213,366405.0,4464525.0,False,6.362429618835449,15.31434440612793,-6.20726203918457,-0.11421710252761841,-0.7380236983299255,0.1924426257610321,0.137975811958313,1.176576852798462,1.5157197713851929,0.0
408000,4248000,320,80,410415.0,4250385.0,True,19.048240661621094,54.4228401184082,-46.30466079711914,-49.61336135864258,-0.42822664976119995,0.1665775626897812,0.14321891963481903,1.2182790040969849,1.641404390335083,0.0
432000,4392000,375,27,432825.0,4392735.0,False,12.83281421661377,43.976806640625,29.58791732788086,50.68698501586914,-0.43018269538879395,0.21403250098228455,0.10748694837093353,1.1770527362823486,1.5832730531692505,180.0
360000,4440000,259,20,360615.0,4444215.0,False,1.5413239002227783,5.374104976654053,-2.570326089859009,-14.721896171569824,0.8581222891807556,0.07589694112539291,0.09938900172710419,1.0725244283676147,1.4444518089294434,242.2645721435547
648000,4596000,45,356,658695.0,4606635.0,False,5.2681379318237305,13.92626953125,0.08276369422674179,-7.809326171875,0.6782371997833252,0.1743737906217575,0.20116260647773743,1.1840667724609375,1.73361337184906,0.0
468000,4488000,19,17,468525.0,4499415.0,False,2.156144857406616,5.510281085968018,-2.2239041328430176,-7.804049968719482,0.7865949869155884,0.14121828973293304,0.15508635342121124,1.191360354423523,1.623362421989441,931.7726440429688
420000,4284000,53,44,421335.0,4294395.0,True,7.147462844848633,22.98011589050293,1.3195664882659912,-2.2479519844055176,0.5708391070365906,0.1346948742866516,0.10344459116458893,1.1526201963424683,1.4927232265472412,0.0
360000,4464000,144,284,368535.0,4471665.0,False,12.937986373901367,30.63060188293457,-10.21713638305664,10.700113296508789,-0.5847530961036682,0.2906971275806427,0.11542446166276932,1.2207821607589722,1.5330623388290405,0.0
372000,4248000,166,399,383985.0,4255005.0,True,4.9348978996276855,14.534491539001465,-3.09521484375,-10.973226547241211,0.5746763944625854,0.0972050279378891,0.11409275233745575,1.1263468265533447,1.4483190774917603,262.1148986816406
432000,4608000,363,283,440505.0,4609095.0,False,20.482425689697266,63.87822723388672,11.747992515563965,71.16219329833984,-0.6589898467063904,0.21010994911193848,0.15693733096122742,1.4415494203567505,1.5437792539596558,0.0
336000,4428000,325,234,343035.0,4430235.0,False,3.9143171310424805,9.22580337524414,0.6637776494026184,-0.6918402910232544,0.32612526416778564,0.08866249769926071,0.1340022087097168,1.1209187507629395,1.5134366750717163,0.0
372000,4476000,347,94,374835.0,4477575.0,False,13.741498947143555,35.8414306640625,-17.48894500732422,-16.64902114868164,-0.022386619821190834,0.16811487078666687,0.18661953508853912,1.138115644454956,1.7738255262374878,0.0
420000,4440000,125,334,430035.0,4448235.0,True,19.972515106201172,52.76371383666992,-51.53218460083008,-20.02273178100586,-0.2510618269443512,0.1920747458934784,0.09879814833402634,1.1805931329727173,1.5150847434997559,0.0
444000,4440000,102,278,452355.0,4448925.0,False,6.281752109527588,16.74964714050293,6.18724250793457,6.3634443283081055,0.30595695972442627,0.1406756341457367,0.14993949234485626,1.1348096132278442,1.540687084197998,757.5618896484375
372000,4500000,31,257,379725.0,4511055.0,False,12.701457977294922,28.11269760131836,-9.5751953125,1.5472955703735352,0.11229315400123596,0.14015348255634308,0.1888081282377243,1.2070286273956299,1.7640414237976074,0.0
396000,4212000,69,186,401595.0,4221915.0,False,5.690710067749023,14.766695976257324,-9.45728874206543,-9.57447624206543,0.9957903027534485,0.09808679670095444,0.13588349521160126,1.143257737159729,1.57442307472229,570.0
432000,4560000,280,205,438165.0,4563585.0,False,17.625043869018555,38.70732879638672,-13.25246810913086,-43.8983039855957,-0.03073660284280777,0.19322411715984344,0.14845864474773407,1.4705145359039307,1.8141121864318848,0.0
456000,4488000,121,76,458295.0,4496355.0,False,6.921256065368652,17.81564712524414,-6.440782070159912,-19.99598503112793,-0.2503504157066345,0.13013039529323578,0.20242875814437866,1.213462233543396,1.6659841537475586,900.166748046875
396000,4404000,380,126,399795.0,4404585.0,False,16.717113494873047,55.007080078125,33.416748046875,75.2327880859375,0.7840893268585205,0.17079459130764008,0.05990368872880936,1.1656845808029175,1.4054168462753296,840.8324584960938
420000,4260000,82,280,428415.0,4269525.0,False,8.993555068969727,26.29796028137207,-7.189805507659912,-9.066243171691895,-0.620525598526001,0.1925981491804123,0.10045228898525238,1.1780805587768555,1.5778212547302246,365.66168212890625
420000,4500000,21,339,430185.0,4511355.0,True,5.546862602233887,16.151081085205078,-1.0255805253982544,-21.17479133605957,-0.8430704474449158,0.13708610832691193,0.1890779584646225,1.3014682531356812,1.8061095476150513,277.6685485839844
372000,4248000,144,141,376245.0,4255665.0,True,3.786674737930298,8.9549560546875,1.6505669355392456,-4.08226203918457,-0.9487083554267883,0.08435291051864624,0.14147870242595673,1.0974608659744263,1.5564899444580078,0.0
660000,4608000,116,140,664215.0,4616505.0,False,9.24875259399414,20.45419692993164,4.04124641418457,-0.7331542372703552,-0.18848451972007751,0.16040213406085968,0.15334196388721466,1.1597644090652466,1.564842939376831,10.0
396000,4440000,229,327,405825.0,4445115.0,False,3.226776599884033,8.90440559387207,0.8131239414215088,-2.9651150703430176,0.5118453502655029,0.09441913664340973,0.14262773096561432,1.0797384977340698,1.461471438407898,510.0
696000,4488000,257,31,696945.0,4492275.0,False,16.596105575561523,50.81038284301758,4.98961067199707,-13.106879234313965,0.6126916408538818,0.33825263381004333,0.07595770806074142,1.219158411026001,1.538175106048584,0.0
432000,4560000,332,38,433155.0,4562025.0,False,6.533482551574707,18.70218849182129,-7.471123695373535,-28.00893783569336,-0.23936142027378082,0.2450232207775116,0.11725743114948273,1.3643066883087158,1.8374204635620117,96.20514678955078
408000,4248000,28,227,414825.0,4259145.0,True,7.841711521148682,25.39084243774414,-4.60413932800293,-27.53679656982422,0.5021638870239258,0.11881495267152786,0.08181484043598175,1.126487374305725,1.493416428565979,0.0
372000,4248000,93,383,383505.0,4257195.0,True,7.504151821136475,21.43911361694336,-13.86244010925293,-38.81846618652344,0.7576940655708313,0.11762630939483643,0.13967104256153107,1.0627481937408447,1.392286777496338,180.84283447265625
360000,4284000,113,281,368445.0,4292595.0,False,1.7284528017044067,4.32640266418457,-1.7402207851409912,-3.8385281562805176,-0.3292198181152344,0.1099962666630745,0.11118187755346298,1.0819876194000244,1.5619038343429565,713.5127563476562
396000,4488000,118,94,398835.0,4496445.0,False,15.013315200805664,36.13951110839844,0.8342690467834473,0.8899197578430176,-0.4412969946861267,0.14893582463264465,0.1639733463525772,1.3794748783111572,1.845208764076233,0.0
420000,4536000,154,35,421065.0,4543365.0,False,1.2088420391082764,3.4222004413604736,-6.1929931640625,-14.68260383605957,-0.9338887333869934,0.12822337448596954,0.21348410844802856,1.203601360321045,1.756304383277893,607.94775390625
360000,4452000,248,189,365685.0,4456545.0,False,14.655003547668457,36.402259826660156,3.4911837577819824,18.46922492980957,0.2667476236820221,0.12400099635124207,0.18482348322868347,1.0595532655715942,1.4987130165100098,0.0
444000,4416000,65,136,448095.0,4426035.0,False,13.259673118591309,27.20338249206543,-3.2061359882354736,-2.0626492500305176,-0.9469584226608276,0.23951400816440582,0.11316338926553726,1.194119930267334,1.5190225839614868,433.359130859375
684000,4476000,246,351,694545.0,4480605.0,False,3.535775661468506,10.4827880859375,17.50539779663086,31.07587242126465,0.7783271670341492,0.08264495432376862,0.17852383852005005,1.1424472332000732,1.5443236827850342,0.0
432000,4392000,344,33,433005.0,4393665.0,False,24.3795166015625,71.45553588867188,-22.68126106262207,-16.58194923400879,-0.8509666323661804,0.264902800321579,0.09355349838733673,1.2283177375793457,1.5113739967346191,663.1746826171875
432000,4560000,65,168,437055.0,4570035.0,False,25.02910804748535,63.7088508605957,16.05555534362793,89.56056213378906,0.9587082266807556,0.18790516257286072,0.1601853221654892,1.424414873123169,2.1394782066345215,30.0
372000,4464000,6,88,374655.0,4475805.0,False,11.108954429626465,27.65048599243164,8.312092781066895,5.41600227355957,-0.4245297610759735,0.15897680819034576,0.1051601767539978,1.1062095165252686,1.588154673576355,684.5440063476562
396000,4476000,323,122,399675.0,4478295.0,True,27.35182762145996,82.02249145507812,-44.396240234375,-61.62274932861328,0.45942720770835876,0.16122913360595703,0.15272307395935059,1.203228235244751,1.5502554178237915,170.88206481933594
732000,4596000,45,254,739635.0,4606635.0,False,9.185641288757324,24.85988998413086,-1.2482503652572632,8.692328453063965,0.8721370100975037,0.24861866235733032,0.1352538764476776,1.109424352645874,1.4967584609985352,0.0
432000,4392000,359,265,439965.0,4393215.0,False,15.24788761138916,38.36252212524414,-18.28498077392578,-82.5904541015625,-0.7709982991218567,0.26777026057243347,0.05791585519909859,1.18125319480896,1.445962905883789,243.11524963378906
372000,4272000,123,169,377085.0,4280295.0,True,4.937855243682861,13.579874992370605,0.2643364667892456,-4.396307945251465,-0.022216996178030968,0.10173549503087997,0.09901086986064911,1.1465178728103638,1.3999687433242798,30.0
648000,4428000,42,106,651195.0,4438725.0,False,1.6772940158843994,4.01951789855957,-0.02304416336119175,0.1445583701133728,-0.26371628046035767,0.12522068619728088,0.2053033858537674,1.1574493646621704,1.674131155014038,845.1629028320312
300000,4440000,83,244,307335.0,4449495.0,False,36.01518249511719,95.3765640258789,11.971014976501465,10.504693031311035,0.12385542690753937,0.10389214754104614,0.12986738979816437,1.0900297164916992,1.457398533821106,863.767333984375
336000,4428000,248,315,345465.0,4432545.0,False,8.137989044189453,24.32583236694336,-5.20582389831543,-9.64028549194336,0.4769918918609619,0.1102776750922203,0.14070609211921692,1.1143581867218018,1.6921765804290771,248.60394287109375
432000,4404000,375,124,435735.0,4404735.0,False,15.001795768737793,42.5018196105957,21.01129913330078,-56.29728317260742,-0.8617495894432068,0.21978376805782318,0.12588629126548767,1.2194924354553223,1.5843169689178467,985.2944946289062
408000,4536000,98,119,411585.0,4545045.0,False,1.224726676940918,3.4072265625,-0.0262722447514534,-1.6757540702819824,-0.8450660109519958,0.14057131111621857,0.15822583436965942,1.2699227333068848,1.7807412147521973,1006.479736328125
372000,4476000,30,381,383445.0,4487085.0,False,1.8228503465652466,5.35960578918457,-1.5294461250305176,-6.199679851531982,-0.5806354284286499,0.09022755920886993,0.16840912401676178,1.0589596033096313,1.4660712480545044,802.5678100585938
420000,4440000,168,229,426885.0,4446945.0,False,4.274129867553711,11.904229164123535,-2.267645835876465,-13.158841133117676,-0.33376336097717285,0.10941146314144135,0.16495253145694733,1.0713200569152832,1.4587374925613403,427.0830993652344
672000,4608000,328,6,672195.0,4610145.0,False,3.3981404304504395,13.8994140625,-17.46046257019043,-25.27458953857422,0.038595400750637054,0.16745486855506897,0.18391503393650055,1.1300071477890015,1.5868642330169678,57.6375617980957
432000,4548000,263,139,436185.0,4552095.0,False,8.817115783691406,21.15964126586914,12.27223014831543,48.05989456176758,0.6601676940917969,0.1151522845029831,0.18417988717556,1.22526216506958,1.6439117193222046,0.0
360000,4512000,12,352,370575.0,4523625.0,False,6.163725852966309,17.71156120300293,-11.67662239074707,-30.96407127380371,-0.7064982056617737,0.09438133984804153,0.16850976645946503,1.129214882850647,1.481175184249878,0.0
432000,4548000,190,80,434415.0,4554285.0,False,15.625961303710938,41.56241989135742,-28.1717529296875,-24.55428123474121,0.9665700793266296,0.14439718425273895,0.17796391248703003,1.3628618717193604,1.9449501037597656,0.0
432000,4548000,39,20,432615.0,4558815.0,False,11.234792709350586,31.4444580078125,28.7457275390625,55.834228515625,0.5869437456130981,0.1422502100467682,0.2141958475112915,1.3227436542510986,1.9504071474075317,0.0
372000,4440000,22,395,383865.0,4451325.0,False,15.45167064666748,36.90019989013672,-31.9083251953125,-33.81183624267578,0.6768081784248352,0.08120548725128174,0.12155935168266296,1.151365876197815,1.5453743934631348,0.0
456000,4404000,17,4,456135.0,4415475.0,True,7.63169527053833,18.38613510131836,-0.5260959267616272,-4.694960117340088,-0.09708854556083679,0.17806944251060486,0.12256086617708206,1.111344814300537,1.5200260877609253,44.92902755737305
384000,4464000,215,297,392925.0,4469535.0,False,2.02614164352417,5.781494140625,-0.5670301914215088,-12.22096061706543,0.7426031231880188,0.1817542016506195,0.15041658282279968,1.119252324104309,1.6169081926345825,641.49072265625
684000,4464000,26,316,693495.0,4475205.0,False,1.836584448814392,5.317437171936035,-0.1176215261220932,-2.2395291328430176,0.5357414484024048,0.09243565797805786,0.15376988053321838,1.1739741563796997,1.637294888496399,269.07586669921875
456000,4440000,390,13,456405.0,4440285.0,False,15.909675598144531,43.20990753173828,-15.32703971862793,-27.40082550048828,0.7923682928085327,0.13889983296394348,0.23837099969387054,1.0788843631744385,1.6178960800170898,0.0
384000,4488000,191,399,395985.0,4494255.0,False,15.658068656921387,38.134521484375,9.136651039123535,-9.947509765625,0.6862756609916687,0.11850970983505249,0.16557371616363525,1.208807110786438,1.7399845123291016,28.047378540039062
408000,4512000,367,359,418785.0,4512975.0,False,17.69294548034668,47.84194564819336,-5.92454719543457,1.5369329452514648,-0.8779376745223999,0.2646065652370453,0.11073590070009232,1.2695242166519165,1.6141492128372192,0.0
336000,4440000,84,380,347415.0,4449465.0,False,9.367462158203125,22.54436683654785,3.2021484375,11.89000129699707,-0.7239373922348022,0.09659897536039352,0.06601705402135849,1.1128565073013306,1.423009991645813,577.5813598632812
384000,4392000,210,214,390435.0,4397685.0,False,7.2850446701049805,18.974853515625,-12.254556655883789,-48.94729232788086,-0.21691499650478363,0.0943804383277893,0.1225634440779686,1.1319844722747803,1.4620879888534546,255.3434600830078
336000,4512000,366,141,340245.0,4513005.0,False,2.6203579902648926,7.462551593780518,-0.5646836757659912,-4.264688968658447,-0.8433648943901062,0.09390634298324585,0.16143907606601715,1.1371674537658691,1.5684524774551392,757.5618896484375
432000,4536000,299,145,436365.0,4539015.0,False,8.953560829162598,22.72246551513672,-5.355807781219482,-34.89191436767578,0.9746864438056946,0.19845111668109894,0.21601502597332,1.6538112163543701,2.408076763153076,238.906494140625
432000,4596000,218,138,436155.0,4601445.0,False,5.431474208831787,13.289238929748535,-3.6647000312805176,-31.68990135192871,-0.11199715733528137,0.15597420930862427,0.19271428883075714,1.285613775253296,1.8162909746170044,455.20147705078125
396000,4440000,80,210,402315.0,4449585.0,True,14.052154541015625,45.32573699951172,11.307780265808105,28.79108428955078,-0.6290447115898132,0.183386892080307,0.11427803337574005,1.1479495763778687,1.4225873947143555,270.0
360000,4512000,199,185,365565.0,4518015.0,False,1.7789607048034668,4.421237468719482,-5.337809085845947,-26.60390853881836,-0.9751806855201721,0.11245261877775192,0.17873051762580872,1.1769976615905762,1.5849541425704956,0.0
408000,4536000,285,217,414525.0,4539435.0,False,8.166509628295898,22.76451301574707,-0.8116455078125,21.61904525756836,0.7188119888305664,0.10044069588184357,0.17874178290367126,1.2150638103485107,1.6322373151779175,0.0
420000,4512000,5,155,424665.0,4523835.0,False,2.430436611175537,5.751654624938965,2.1106228828430176,1.674167275428772,-0.99136883020401,0.14648957550525665,0.19724008440971375,1.2214770317077637,1.704947590827942,830.1204833984375
372000,4284000,360,100,375015.0,4285185.0,True,5.125513076782227,14.26894760131836,-1.5463188886642456,0.9530707001686096,-0.8753658533096313,0.12241099029779434,0.15299859642982483,1.064903736114502,1.4408215284347534,0.0
360000,4512000,273,245,367365.0,4515795.0,False,15.501564979553223,42.847618103027344,4.324245929718018,15.817219734191895,-0.5191351175308228,0.06942713260650635,0.1290019005537033,1.167877435684204,1.4238402843475342,0.0
372000,4476000,250,91,374745.0,4480485.0,False,7.007805824279785,16.23832130432129,0.9171549677848816,4.317138671875,-0.2215050756931305,0.14451360702514648,0.14838600158691406,1.0976035594940186,1.5869914293289185,14.714045524597168
444000,4608000,288,173,449205.0,4611345.0,False,16.484071731567383,45.54999542236328,35.12114715576172,120.03775787353516,-0.4638892114162445,0.17609098553657532,0.14019891619682312,1.3444522619247437,1.6167967319488525,0.0
324000,4476000,143,182,329475.0,4483695.0,False,5.865349769592285,13.38869857788086,-4.837375164031982,-24.22977638244629,0.4009377062320709,0.08298449963331223,0.0677918866276741,1.1288554668426514,1.3136711120605469,0.0
408000,4536000,301,213,414405.0,4538955.0,False,7.679513454437256,19.24788475036621,-8.23324966430664,-13.73731803894043,0.7246018052101135,0.10082723945379257,0.17219002544879913,1.2350846529006958,1.6293926239013672,0.0
420000,4260000,8,329,429885.0,4271745.0,False,2.5272629261016846,6.342990398406982,-0.9570176601409912,-7.606024742126465,-0.9616354703903198,0.1429997831583023,0.11496950685977936,1.117679476737976,1.4832637310028076,616.0357055664062
372000,4476000,290,342,382275.0,4479285.0,False,2.0445187091827393,5.348524570465088,-0.799696147441864,-2.1263155937194824,0.8831081390380859,0.10891477018594742,0.13644939661026,1.119584321975708,1.451268196105957,0.0
360000,4248000,241,383,371505.0,4252755.0,False,10.880024909973145,25.99441146850586,24.20692253112793,67.49286651611328,0.4801945686340332,0.19610366225242615,0.14342518150806427,1.171528697013855,1.4751396179199219,450.3339538574219
396000,4212000,33,167,401025.0,4222995.0,False,2.023902654647827,5.814141273498535,-2.565741777420044,-19.25480079650879,-0.8823128938674927,0.08005060255527496,0.17722085118293762,1.0915676355361938,1.6594740152359009,191.3253631591797
444000,4440000,17,120,447615.0,4451475.0,False,10.910931587219238,32.87143325805664,1.0051947832107544,-11.968667984008789,-0.21514266729354858,0.14118105173110962,0.08973196893930435,1.1729577779769897,1.433854103088379,876.5272216796875
408000,4248000,308,180,413415.0,4250745.0,True,16.885465621948242,45.0046501159668,-16.0745849609375,40.90517807006836,-0.43609729409217834,0.1320236623287201,0.08042796701192856,1.1036611795425415,1.4797706604003906,88.1132583618164
372000,4512000,132,21,372645.0,4520025.0,False,19.520795822143555,56.920166015625,21.52829360961914,83.06857299804688,0.7146163582801819,0.0757470428943634,0.14595426619052887,1.1824617385864258,1.6146738529205322,0.0
372000,4428000,350,20,372615.0,4429485.0,False,11.498723030090332,28.34172821044922,-14.078192710876465,-39.52268981933594,-0.08792319148778915,0.1353769600391388,0.1447921097278595,1.0934408903121948,1.5411789417266846,70.82179260253906
432000,4560000,229,95,434865.0,4565115.0,False,14.84047794342041,43.85929489135742,-28.83595085144043,-0.7495930790901184,-0.4501487910747528,0.17316122353076935,0.14753398299217224,1.3257352113723755,1.6529934406280518,0.0
636000,4608000,303,92,638775.0,4610895.0,False,14.314769744873047,40.29267120361328,-13.767496109008789,-70.73174285888672,0.8169788718223572,0.46663546562194824,0.04832431674003601,1.4463776350021362,1.708631157875061,870.1724853515625
396000,4404000,316,223,402705.0,4406505.0,False,27.64542579650879,70.59275817871094,-13.680026054382324,-40.79323959350586,-0.6160564422607422,0.13255323469638824,0.08762514591217041,1.1502983570098877,1.5107200145721436,525.357177734375
420000,4284000,103,328,429855.0,4292895.0,True,10.155492782592773,26.31789779663086,6.414524078369141,7.095892906188965,-0.8135243654251099,0.25477707386016846,0.1745622307062149,1.19866943359375,1.4837747812271118,191.58489990234375
444000,4572000,1,9,444285.0,4583955.0,False,23.127317428588867,65.36239624023438,-6.451849937438965,-47.64287567138672,0.3173116445541382,0.19589699804782867,0.14601033926010132,1.338064432144165,1.628093957901001,0.0
420000,4512000,389,3,420105.0,4512315.0,False,19.604114532470703,54.064208984375,45.49929428100586,61.78636169433594,0.16273556649684906,0.1655893474817276,0.20136524736881256,1.3163092136383057,1.8298076391220093,0.0
420000,4500000,95,196,425895.0,4509135.0,True,20.05624008178711,55.75519561767578,-22.36138343811035,-70.50193786621094,-0.772696852684021,0.14738255739212036,0.19699646532535553,1.383649468421936,1.9409219026565552,181.6856689453125
384000,4512000,224,391,395745.0,4517265.0,False,20.2847957611084,49.60873794555664,3.174791097640991,5.500800132751465,-0.5046631097793579,0.09138655662536621,0.1397455334663391,1.2158901691436768,1.5657427310943604,0.0
396000,4248000,283,5,396165.0,4251495.0,True,3.979816198348999,9.48965072631836,-3.610772132873535,-35.21824645996094,0.1308899223804474,0.17706844210624695,0.09185188263654709,1.1322909593582153,1.5659946203231812,10.0
384000,4248000,252,76,386295.0,4252425.0,True,4.7062835693359375,15.998128890991211,8.42868423461914,9.459200859069824,0.42533478140830994,0.07889372110366821,0.11902042478322983,1.0520769357681274,1.5065070390701294,207.18309020996094
432000,4440000,1,40,433215.0,4451955.0,False,10.83659839630127,26.58246612548828,-9.95187759399414,-10.75649642944336,0.7819081544876099,0.15381993353366852,0.11453811079263687,1.0945773124694824,1.4870741367340088,0.0
732000,4644000,241,120,735615.0,4648755.0,False,12.833094596862793,30.9677734375,-3.8740642070770264,-22.65638542175293,-0.05403171479701996,0.18338504433631897,0.22451630234718323,1.2667381763458252,1.8155574798583984,0.0
396000,4476000,118,62,397875.0,4484445.0,True,21.208688735961914,62.38227081298828,17.80976104736328,16.86458396911621,-0.4308563470840454,0.16122913360595703,0.15272307395935059,1.203228235244751,1.5502554178237915,0.0
408000,4416000,49,66,409995.0,4426515.0,False,12.12574577331543,30.3671875,5.9767656326293945,-3.490180015563965,-0.3662341237068176,0.14446064829826355,0.12136048078536987,1.1218816041946411,1.4038890600204468,456.1924743652344
732000,4608000,384,166,736995.0,4608465.0,False,0.8492176532745361,2.0838217735290527,-4.162746906280518,-29.72341537475586,0.9778424501419067,0.1983696073293686,0.22388379275798798,1.1970397233963013,1.5342663526535034,726.6361083984375
360000,4248000,61,395,371865.0,4258155.0,False,14.793205261230469,42.27598571777344,-6.76451301574707,-15.468708992004395,-0.4481486678123474,0.1053537055850029,0.10076572000980377,1.0748237371444702,1.4075645208358765,488.9797058105469
372000,4464000,207,258,379755.0,4469775.0,False,8.406036376953125,20.27027702331543,-9.755438804626465,-25.38107681274414,-0.8859153985977173,0.12413555383682251,0.16057796776294708,1.065770149230957,1.6127185821533203,540.1903686523438
420000,4536000,179,163,424905.0,4542615.0,False,4.766773700714111,10.954874992370605,3.1260037422180176,-1.6969400644302368,-0.9236562848091125,0.153751403093338,0.18057364225387573,1.4225096702575684,1.8672871589660645,0.0
420000,4248000,20,393,431805.0,4259385.0,True,14.166651725769043,33.33320999145508,28.25177764892578,47.90897750854492,-0.9313995838165283,0.11065196990966797,0.14605699479579926,1.0880852937698364,1.5095856189727783,0.0
396000,4392000,92,63,397905.0,4401225.0,False,27.792192459106445,70.47341918945312,22.43585968017578,30.50070571899414,-0.23177723586559296,0.09528908133506775,0.09729722887277603,1.1006762981414795,1.4328124523162842,0.0
684000,4572000,106,292,692775.0,4580805.0,False,2.486212730407715,6.775472164154053,-8.3055419921875,-21.46038055419922,-0.8234553933143616,0.15943636000156403,0.20697730779647827,1.1527293920516968,1.5203044414520264,30.0
396000,4212000,18,184,401535.0,4223445.0,False,2.9024972915649414,7.616766929626465,-4.394775390625,-30.36819076538086,-0.2640320360660553,0.1326393038034439,0.10949990153312683,1.162024736404419,1.6598783731460571,330.0
444000,4296000,176,155,448665.0,4302705.0,True,7.524255752563477,17.90003776550293,4.782416343688965,-24.77799415588379,0.10715554654598236,0.18994151055812836,0.0735451877117157,1.1167044639587402,1.4514527320861816,0.0
420000,4500000,37,299,428985.0,4510875.0,True,13.379680633544922,34.04563903808594,-31.34145736694336,-55.14509963989258,0.4198574423789978,0.17370040714740753,0.1864214837551117,1.424309492111206,2.0468828678131104,0.0
372000,4488000,368,195,377865.0,4488945.0,False,4.138428211212158,13.95834732055664,0.9839003086090088,5.96630859375,0.47898945212364197,0.0813181921839714,0.0857066959142685,1.0865999460220337,1.2772810459136963,0.0
684000,4476000,283,333,694005.0,4479495.0,False,2.8927221298217773,6.628146648406982,-6.334296226501465,-3.9356689453125,0.22283869981765747,0.10637117922306061,0.19327592849731445,1.1602545976638794,1.6015400886535645,0.0
444000,4440000,55,187,449625.0,4450335.0,False,29.809213638305664,92.78194427490234,24.24346160888672,91.46512603759766,-0.7443888783454895,0.1981586217880249,0.12734432518482208,1.2375445365905762,1.558181643486023,633.3246459960938
324000,4464000,83,350,334515.0,4473495.0,False,9.894566535949707,23.87608528137207,0.7240668535232544,-11.917046546936035,-0.6807795166969299,0.06526443362236023,0.0879015177488327,1.130446434020996,1.279833436012268,0.0
300000,4476000,117,198,305955.0,4484475.0,False,33.01984786987305,91.05635833740234,-11.30324935913086,-1.8929579257965088,0.21032293140888214,0.14918473362922668,0.13391831517219543,1.1104295253753662,1.4374253749847412,890.7861938476562
336000,4476000,87,221,342645.0,4485375.0,False,16.486331939697266,35.27642059326172,-9.2529296875,-0.8604058623313904,0.9895952343940735,0.16864439845085144,0.17067809402942657,1.073474645614624,1.5649878978729248,911.2630004882812
420000,4284000,123,300,429015.0,4292295.0,True,18.659208297729492,46.81328582763672,-16.11493682861328,-31.43134117126465,0.7131940126419067,0.21109147369861603,0.1102798581123352,1.219671368598938,1.5496381521224976,0.0
360000,4500000,112,331,369945.0,4508625.0,False,8.656352996826172,20.7569580078125,-2.6382648944854736,-23.33357810974121,-0.29220250248908997,0.10368030518293381,0.1577233523130417,1.2080557346343994,1.5291997194290161,0.0
684000,4488000,352,389,695685.0,4489425.0,False,8.591629981994629,25.98817253112793,3.6962618827819824,-31.34822654724121,0.6730298399925232,0.2799992561340332,0.12049585580825806,1.2159578800201416,1.5704622268676758,0.0
372000,4248000,341,350,382515.0,4249755.0,True,4.008803367614746,11.202717781066895,-4.400906085968018,-22.20090103149414,0.8168315887451172,0.11500585824251175,0.15739698708057404,1.127768874168396,1.6614915132522583,297.154052734375
372000,4248000,146,21,372645.0,4255605.0,False,13.58420467376709,33.58121871948242,6.403225421905518,-18.15154266357422,0.22734493017196655,0.14347918331623077,0.15902665257453918,1.1099876165390015,1.508069634437561,349.281982421875
408000,4308000,65,331,417945.0,4318035.0,False,3.2587969303131104,9.872286796569824,-3.664849281311035,-14.46583366394043,0.49852412939071655,0.098749540746212,0.15973803400993347,1.1091405153274536,1.4906667470932007,384.96746826171875
360000,4452000,47,257,367725.0,4462575.0,False,10.841592788696289,29.21240234375,6.69969367980957,-7.615288257598877,0.3723286986351013,0.12573447823524475,0.12104243040084839,1.1670023202896118,1.482417106628418,0.0
396000,4476000,369,120,399615.0,4476915.0,True,26.398746490478516,76.77964782714844,17.14984893798828,123.74951171875,0.4324566125869751,0.16122913360595703,0.15272307395935059,1.203228235244751,1.5502554178237915,0.0
360000,4500000,44,177,365325.0,4510665.0,False,9.528096199035645,21.72614288330078,4.2386474609375,3.200629472732544,0.6320512294769287,0.09046369791030884,0.13560090959072113,1.2129838466644287,1.5420751571655273,0.0
420000,4512000,56,130,423915.0,4522305.0,False,5.623265266418457,13.27794075012207,-6.954522132873535,-21.62257194519043,-0.9529514908790588,0.15755298733711243,0.195413276553154,1.3671472072601318,2.023432970046997,0.0
384000,4368000,325,144,388335.0,4370235.0,False,16.855979919433594,43.16098403930664,-9.63148307800293,-0.05485028028488159,-0.20865735411643982,0.19925186038017273,0.1287076473236084,1.2604988813400269,1.6431931257247925,693.0372314453125
408000,4452000,387,45,409365.0,4452375.0,True,5.107880592346191,14.570733070373535,1.3885769844055176,-9.03927993774414,0.48129403591156006,0.13350489735603333,0.1509125679731369,1.1175343990325928,1.471245527267456,242.9114990234375
396000,4488000,298,100,399015.0,4491045.0,True,28.217731475830078,70.26565551757812,40.876708984375,77.24288940429688,-0.9960379600524902,0.14893582463264465,0.1639733463525772,1.3794748783111572,1.845208764076233,229.78829956054688
660000,4608000,197,284,668535.0,4614075.0,False,6.510331630706787,19.73941993713379,7.495944499969482,-10.89940071105957,0.7403175234794617,0.14538651704788208,0.17760859429836273,1.1495453119277954,1.7410895824432373,0.0
420000,4428000,8,354,430635.0,4439745.0,False,31.059946060180664,78.77059173583984,9.16077995300293,-23.4520263671875,0.9568018317222595,0.14622780680656433,0.09547651559114456,1.1562975645065308,1.4106632471084595,0.0
420000,4236000,36,35,421065.0,4246905.0,True,22.049762725830078,53.0888671875,74.07286071777344,156.9669952392578,0.9439386129379272,0.17712482810020447,0.11860021203756332,1.1480400562286377,1.652998924255371,98.09188842773438
324000,4476000,155,271,332145.0,4483335.0,False,21.21007537841797,59.37910842895508,-21.69614028930664,-47.15592575073242,-0.5876831412315369,0.11145095527172089,0.05448751896619797,1.1597892045974731,1.2898287773132324,0.0
480000,4464000,276,25,480765.0,4467705.0,False,11.090363502502441,30.73801040649414,-12.440375328063965,17.51255989074707,-0.47496381402015686,0.16142882406711578,0.10094255954027176,1.102782964706421,1.5747812986373901,830.1206665039062
360000,4512000,245,54,361635.0,4516635.0,False,26.72014617919922,70.86376953125,35.37702178955078,21.14203643798828,0.9479571580886841,0.056661903858184814,0.048263467848300934,1.1083943843841553,1.3571642637252808,728.8350830078125
396000,4488000,283,204,402135.0,4491495.0,True,30.18682289123535,80.09575653076172,-12.336371421813965,-2.2425127029418945,-0.20487162470817566,0.23082181811332703,0.1222953125834465,1.3592568635940552,1.5410449504852295,0.0
300000,4476000,14,156,304695.0,4487565.0,False,20.362051010131836,45.88716506958008,6.164984703063965,19.30430793762207,-0.22360564768314362,0.07791808992624283,0.14503361284732819,1.1479110717773438,1.446915864944458,0.0
420000,4296000,100,297,428925.0,4304985.0,False,20.399003982543945,54.79279327392578,-19.95003318786621,-2.377671957015991,-0.13409805297851562,0.22582463920116425,0.1282004415988922,1.194626808166504,1.4598145484924316,743.1688232421875
336000,4500000,53,365,346965.0,4510395.0,False,6.72991418838501,18.60929298400879,-9.358195304870605,-23.92563247680664,-0.3715713918209076,0.06929438561201096,0.14100366830825806,1.1491100788116455,1.494771957397461,120.0
372000,4488000,54,91,374745.0,4498365.0,False,7.96617317199707,19.436279296875,-13.12868881225586,-44.88043975830078,0.3416270613670349,0.17039188742637634,0.09573224931955338,1.166167974472046,1.496678113937378,0.0
696000,4488000,209,162,700875.0,4493715.0,False,10.889724731445312,25.78439712524414,-9.99118423461914,-43.33513641357422,-0.34413468837738037,0.27281102538108826,0.13002023100852966,1.2011349201202393,1.457589864730835,594.1382446289062
624000,4620000,361,373,635205.0,4621155.0,False,21.96269416809082,51.95632553100586,4.804660320281982,-61.05070114135742,0.9480077028274536,0.38454556465148926,0.12838435173034668,1.3361523151397705,1.8454492092132568,607.7783203125
312000,4464000,262,338,322155.0,4468125.0,False,1.522092342376709,3.2728679180145264,-0.131320521235466,-3.0490450859069824,-0.8322142958641052,0.11214903742074966,0.18309466540813446,1.0717997550964355,1.6413074731826782,738.173583984375
396000,4476000,374,136,400095.0,4476765.0,True,23.00214385986328,65.78575134277344,-24.38620376586914,-22.61626434326172,0.6359086632728577,0.2437429279088974,0.16490454971790314,1.2925301790237427,1.6022292375564575,193.64892578125
444000,4596000,290,241,451245.0,4599285.0,False,10.810251235961914,24.51479721069336,-3.9600560665130615,-15.167914390563965,-0.859991192817688,0.24895969033241272,0.14912153780460358,1.319974660873413,1.7071418762207031,794.1080322265625
384000,4500000,113,384,395535.0,4508595.0,False,8.034031867980957,17.38167381286621,18.88754653930664,38.833702087402344,-0.9833900332450867,0.1310124695301056,0.15327222645282745,1.2328577041625977,1.8379631042480469,0.0
336000,4452000,116,217,342525.0,4460505.0,False,1.1731553077697754,3.0148518085479736,-0.7585178017616272,-1.9542100429534912,0.2586849331855774,0.07049599289894104,0.11223430186510086,1.071518898010254,1.508936882019043,933.4881591796875
372000,4248000,76,109,375285.0,4257705.0,False,3.938631057739258,8.926215171813965,-0.6224365234375,-27.4822998046875,-0.9036276340484619,0.08316278457641602,0.13669466972351074,1.0878422260284424,1.5956767797470093,415.4560241699219
384000,4356000,111,202,390075.0,4364655.0,False,5.812171936035156,14.484564781188965,9.604586601257324,-5.782131671905518,0.693627655506134,0.08065599948167801,0.11417439579963684,1.18654203414917,1.5070680379867554,309.1816711425781
396000,4488000,325,318,405555.0,4490235.0,False,16.605634689331055,42.11862564086914,-31.07017707824707,-48.88693618774414,-0.17779548466205597,0.21298277378082275,0.11118582636117935,1.3952564001083374,1.857759952545166,815.3529663085938
648000,4596000,37,329,657885.0,4606875.0,False,17.370254516601562,42.11024475097656,-8.832818031311035,-1.5863984823226929,-0.11429165303707123,0.30493634939193726,0.1335238516330719,1.2927076816558838,1.8184620141983032,577.5813598632812
420000,4512000,327,17,420525.0,4514175.0,False,15.07845687866211,43.36600875854492,0.3486464321613312,-18.40833854675293,-0.40421757102012634,0.15723147988319397,0.1824250966310501,1.247726321220398,1.7257936000823975,0.0
660000,4500000,87,41,661245.0,4509375.0,False,2.8474459648132324,7.536159992218018,-6.958713054656982,-8.030205726623535,-0.0006488896906375885,0.22688038647174835,0.14361774921417236,1.1643496751785278,1.5674580335617065,110.919189453125
384000,4452000,270,193,389805.0,4455885.0,False,6.149386882781982,16.18581771850586,-7.30015754699707,-31.57375717163086,0.6686966419219971,0.16076909005641937,0.1744583249092102,1.1456341743469238,1.5403834581375122,395.3502502441406
432000,4560000,163,14,432435.0,4567095.0,False,5.8272809982299805,18.29257583618164,-14.619452476501465,-27.03483009338379,-0.24359066784381866,0.13488158583641052,0.16607573628425598,1.2608072757720947,1.6681326627731323,14.714045524597168
456000,4488000,251,1,456045.0,4492455.0,True,5.219892978668213,13.875067710876465,-7.179158687591553,-17.04372787475586,0.2487521767616272,0.14725500345230103,0.18838490545749664,1.2111685276031494,1.8008688688278198,0.0
468000,4452000,35,361,478845.0,4462935.0,False,23.873802185058594,61.67373275756836,11.0927734375,15.94725227355957,-0.5570078492164612,0.17963488399982452,0.1463324874639511,1.1408460140228271,1.501006007194519,162.25022888183594
324000,4476000,187,265,331965.0,4482375.0,False,19.35639762878418,49.54707717895508,-29.77602767944336,-39.2417106628418,0.734148383140564,0.08988099545240402,0.06841766089200974,1.1260991096496582,1.3213499784469604,0.0
408000,4536000,304,204,414135.0,4538865.0,False,6.693321228027344,16.16950035095215,-14.54124641418457,-34.9786376953125,0.9351155161857605,0.13635435700416565,0.19897834956645966,1.3551421165466309,1.9003856182098389,0.0
732000,4608000,260,256,739695.0,4612185.0,False,11.198862075805664,28.50139617919922,3.6045734882354736,22.84676170349121,-0.4464186429977417,0.2424379140138626,0.11164263635873795,1.1726763248443604,1.4686648845672607,713.5126342773438
684000,4572000,63,316,693495.0,4582095.0,False,2.2106807231903076,4.9699296951293945,-2.3472087383270264,-14.399699211120605,-0.8806515336036682,0.15196910500526428,0.2007230967283249,1.156673550605774,1.4828579425811768,0.0
444000,4608000,228,309,453285.0,4613145.0,False,29.442386627197266,78.26386260986328,-3.8773326873779297,9.610107421875,0.33678609132766724,0.5314384698867798,-0.02588779851794243,1.6658738851547241,1.7108571529388428,30.0
396000,4476000,314,132,399975.0,4478565.0,True,31.87337303161621,103.40483856201172,-10.22105598449707,-0.003607962280511856,0.5406847596168518,0.22171171009540558,0.15295889973640442,1.2752271890640259,1.5652143955230713,0.0
372000,4476000,250,251,379545.0,4480485.0,False,6.454795837402344,15.8770751953125,1.81591796875,-0.8684353828430176,0.897733211517334,0.10975641012191772,0.12225626409053802,1.145331621170044,1.4712282419204712,0.0
432000,4536000,237,54,433635.0,4540875.0,False,11.577444076538086,29.38707160949707,-3.4827609062194824,-24.906536102294922,0.3967479169368744,0.17924118041992188,0.19618284702301025,1.4345544576644897,1.9983022212982178,0.0
420000,4296000,22,230,426915.0,4307325.0,False,3.6475002765655518,9.653890609741211,-1.8992377519607544,-8.18846321105957,0.33950552344322205,0.13280333578586578,0.1347048580646515,1.0902231931686401,1.568350076675415,840.1786499023438
612000,4608000,353,178,617355.0,4609395.0,False,32.439937591552734,100.076171875,37.37958526611328,20.52264976501465,0.898490846157074,0.20528428256511688,0.18345806002616882,1.3442085981369019,1.8785324096679688,0.0
336000,4428000,256,332,345975.0,4432305.0,False,4.775444984436035,12.17454719543457,-2.0531277656555176,-10.673434257507324,0.04099467769265175,0.09915737062692642,0.11467576771974564,1.096279501914978,1.4904446601867676,750.9996948242188
384000,4272000,373,41,385245.0,4272795.0,True,28.46954917907715,86.42816925048828,-10.39442253112793,60.21493911743164,0.4204772114753723,0.0963829830288887,0.08689545840024948,1.1460356712341309,1.5079909563064575,0.0
648000,4608000,382,384,659535.0,4608525.0,False,19.435482025146484,54.2280387878418,28.82516860961914,34.239341735839844,-0.42836201190948486,0.21405121684074402,0.15484949946403503,1.251305341720581,1.7203565835952759,497.1925964355469
336000,4476000,112,214,342435.0,4484625.0,False,13.233270645141602,36.05940628051758,-28.9114990234375,-8.951416015625,-0.7605910301208496,0.23128584027290344,0.1600087285041809,1.131955623626709,1.6112955808639526,360.0
396000,4260000,195,203,402105.0,4266135.0,True,21.294673919677734,51.48664093017578,38.17985153198242,70.82254028320312,-0.5413607954978943,0.14107461273670197,0.10233753174543381,1.1146047115325928,1.5657764673233032,54.92902755737305
432000,4548000,259,113,435405.0,4552215.0,False,8.400044441223145,21.19829559326172,-11.22970962524414,4.242350101470947,0.6517471671104431,0.1328134387731552,0.18030375242233276,1.2024778127670288,1.6599078178405762,3.3333332538604736
396000,4512000,334,85,398565.0,4513965.0,False,22.373241424560547,51.75981903076172,-10.05613899230957,-15.92222785949707,0.9134871959686279,0.15053001046180725,0.17682191729545593,1.3153808116912842,1.854720950126648,0.0
384000,4452000,174,233,391005.0,4458765.0,False,20.598838806152344,54.38841247558594,28.89903450012207,37.85190200805664,0.5587396025657654,0.14058539271354675,0.1218983381986618,1.132918119430542,1.4731364250183105,0.0
372000,4512000,311,9,372285.0,4514655.0,False,3.621716260910034,10.483723640441895,-0.6404215693473816,-8.953694343566895,0.729148268699646,0.11803403496742249,0.16159777343273163,1.2256702184677124,1.6716060638427734,213.55654907226562
420000,4404000,299,380,431415.0,4407015.0,False,3.9967355728149414,10.080742835998535,-2.1123318672180176,-19.04629135131836,-0.9739061594009399,0.13645559549331665,0.13281869888305664,1.1042777299880981,1.5004963874816895,150.0
420000,4500000,119,374,431235.0,4508415.0,False,3.2907044887542725,9.15090560913086,-4.903279781341553,-18.90680694580078,-0.4201836884021759,0.20198635756969452,0.21212731301784515,1.4721161127090454,2.2445716857910156,157.72589111328125
408000,4536000,295,124,411735.0,4539135.0,False,4.439558029174805,11.046467781066895,-0.321044921875,-5.456353187561035,-0.022464120760560036,0.12450122833251953,0.19050383567810059,1.2287880182266235,1.6230179071426392,90.0
372000,4488000,124,67,374025.0,4496265.0,False,4.942678451538086,10.75168228149414,-7.187554359436035,-22.497882843017578,0.8272076845169067,0.1397601217031479,0.12729741632938385,1.1543076038360596,1.494814395904541,0.0
420000,4500000,193,377,431325.0,4506195.0,False,12.861974716186523,36.97638702392578,5.848849773406982,22.22207260131836,0.09068430215120316,0.1497214138507843,0.21235308051109314,1.3883525133132935,1.9638367891311646,0.0
384000,4272000,206,112,387375.0,4277805.0,False,3.194033145904541,7.940945148468018,-1.3458251953125,-28.13623046875,0.33820560574531555,0.14219264686107635,0.14668574929237366,1.0933398008346558,1.6473321914672852,908.5305786132812
444000,4608000,330,373,455205.0,4610085.0,False,22.31451988220215,65.7767562866211,-0.42875155806541443,34.50539779663086,0.27986636757850647,0.24467666447162628,0.17041081190109253,1.4283665418624878,1.63493812084198,0.0
360000,4284000,87,232,366975.0,4293375.0,False,3.077436923980713,8.52391242980957,0.01608615554869175,-0.5218234658241272,-0.6569466590881348,0.1239575743675232,0.08262920379638672,1.0806046724319458,1.55400550365448,424.97247314453125
324000,4488000,388,292,332775.0,4488345.0,False,24.04861831665039,58.58859634399414,-33.9179801940918,-21.4005126953125,-0.18392740190029144,0.2325921654701233,0.15447425842285156,1.1762890815734863,1.5960315465927124,210.73963928222656
612000,4596000,145,192,617775.0,4603635.0,False,3.9961202144622803,13.133503913879395,-9.976738929748535,-24.04090690612793,-0.12346650660037994,0.33393725752830505,0.18448151648044586,1.397856593132019,1.7011940479278564,509.3135681152344
432000,4392000,392,50,433515.0,4392225.0,False,30.384525299072266,89.82093811035156,22.99367904663086,52.6422004699707,-0.4573114812374115,0.22310949862003326,0.11469128727912903,1.1936246156692505,1.5172019004821777,0.0
432000,4572000,285,73,434205.0,4575435.0,False,14.747193336486816,39.09621810913086,-17.88243293762207,-24.78999900817871,-0.21209277212619781,0.1742173135280609,0.1856192648410797,1.426740288734436,1.977841854095459,0.0
420000,4296000,56,158,424755.0,4306305.0,True,10.321231842041016,33.19563674926758,-10.786702156066895,-1.6896700859069824,-0.7847811579704285,0.13926535844802856,0.14963188767433167,1.0691391229629517,1.5110560655593872,0.0
384000,4356000,34,265,391965.0,4366965.0,False,7.195576190948486,22.59229850769043,9.60693359375,51.83086395263672,0.9145893454551697,0.09486325830221176,0.12848789989948273,1.1234275102615356,1.4147106409072876,941.85986328125
444000,4608000,395,78,446355.0,4608135.0,False,18.353179931640625,55.81602478027344,-27.78285026550293,-54.60660934448242,-0.6892613768577576,0.75330650806427,-0.252189576625824,1.8918977975845337,1.2537474632263184,0.0
456000,4416000,357,16,456495.0,4417275.0,False,6.0977582931518555,20.14927864074707,1.3361952304840088,19.56385612487793,-0.6550890803337097,0.18928666412830353,0.11025884747505188,1.1152305603027344,1.5141648054122925,636.867919921875
360000,4248000,46,337,370125.0,4258605.0,False,16.353961944580078,40.74148178100586,0.8109674453735352,24.06940460205078,-0.5894967913627625,0.21040605008602142,0.08943428099155426,1.182925820350647,1.4850859642028809,723.47119140625
444000,4584000,301,98,446955.0,4586955.0,False,11.688461303710938,29.66982650756836,-13.808389663696289,-29.44600486755371,0.47900140285491943,0.2384047508239746,0.16112685203552246,1.3610577583312988,1.7427113056182861,0.0
360000,4440000,21,186,365595.0,4451355.0,False,6.351195812225342,19.80224609375,-1.5814751386642456,4.6397705078125,0.7669435143470764,0.1221935898065567,0.20152074098587036,1.1014900207519531,1.537615180015564,0.0
408000,4428000,387,83,410505.0,4428375.0,False,12.66108226776123,38.53028869628906,10.016926765441895,1.3369818925857544,-0.830291748046875,0.13579969108104706,0.09895744919776917,1.205519437789917,1.4461779594421387,0.0
384000,4392000,395,327,393825.0,4392135.0,False,29.26405906677246,85.46006774902344,-6.607638835906982,107.51292419433594,0.5115870237350464,0.20715591311454773,0.05189299210906029,1.2507694959640503,1.3645046949386597,0.0
396000,4260000,101,89,398685.0,4268955.0,False,3.3227245807647705,9.7576904296875,-1.251193642616272,-13.87928581237793,0.6761478781700134,0.0838470533490181,0.1290631741285324,1.0047608613967896,1.5404384136199951,511.46844482421875
456000,4416000,265,13,456405.0,4420035.0,True,5.419744491577148,14.113471031188965,-9.292805671691895,-17.96485710144043,0.9843775629997253,0.2781909704208374,0.10864442586898804,1.2412958145141602,1.4539910554885864,0.0
444000,4572000,89,121,447645.0,4581315.0,False,8.842065811157227,28.36910057067871,-13.431477546691895,-28.37906837463379,-0.6673150658607483,0.16975367069244385,0.2185324728488922,1.3193031549453735,1.7309948205947876,0.0
444000,4392000,147,380,455415.0,4399575.0,True,21.699377059936523,55.19662857055664,37.17450714111328,54.99038314819336,0.8151651620864868,0.11274226754903793,0.11557749658823013,1.0758941173553467,1.4843940734863281,0.0
360000,4512000,20,284,368535.0,4523385.0,False,3.759552001953125,10.221761703491211,-3.137993812561035,-13.3529052734375,-0.971957802772522,0.08967609703540802,0.15374606847763062,1.1527003049850464,1.4835046529769897,0.0
432000,4560000,328,163,436905.0,4562145.0,False,27.382808685302734,74.92337036132812,16.306964874267578,118.22535705566406,0.2328338623046875,0.1846766620874405,0.12856966257095337,1.315346121788025,1.4594011306762695,0.0
396000,4248000,62,5,396165.0,4258125.0,True,9.99239730834961,23.71224021911621,-4.9515380859375,43.03797912597656,-0.4131959080696106,0.11047402769327164,0.1285599172115326,1.1455461978912354,1.537811279296875,0.0
312000,4464000,256,362,322875.0,4468305.0,False,0.8381444215774536,2.1362576484680176,-0.0767144039273262,-20.681396484375,-0.8993320465087891,0.12463311851024628,0.16198718547821045,1.0668480396270752,1.640452265739441,240.0
408000,4536000,385,223,414705.0,4536435.0,False,8.70180892944336,21.89595603942871,2.3470458984375,-2.264784097671509,-0.4173247814178467,0.1384342610836029,0.22377638518810272,1.2725478410720825,1.7745006084442139,0.0
372000,4512000,360,121,375645.0,4513185.0,False,10.437169075012207,30.42324447631836,17.31472396850586,66.61965942382812,0.6878534555435181,0.10454750806093216,0.22369223833084106,1.087505578994751,1.6364818811416626,0.0
396000,4512000,375,104,399135.0,4512735.0,False,5.631829261779785,16.30166244506836,-13.17111587524414,-29.10267448425293,0.635455846786499,0.15053001046180725,0.17682191729545593,1.3153808116912842,1.854720950126648,241.2938995361328
324000,4428000,289,12,324375.0,4431315.0,False,6.923999309539795,19.15452766418457,4.0796308517456055,-2.9861788749694824,0.7863402366638184,0.10523522645235062,0.12098153680562973,1.0986889600753784,1.4769313335418701,488.97845458984375
696000,4452000,103,26,696795.0,4460895.0,False,3.4468255043029785,8.07883071899414,0.6211887001991272,0.838636577129364,-0.5605921149253845,0.11511564254760742,0.15305417776107788,1.1396156549453735,1.5236655473709106,939.9469604492188
420000,4296000,239,93,422805.0,4300815.0,False,33.208499908447266,95.39615631103516,35.42850875854492,66.78083801269531,-0.9143235683441162,0.14646126329898834,0.08496849238872528,1.120627522468567,1.4076945781707764,618.9512329101562
372000,4476000,118,385,383565.0,4484445.0,False,9.463044166564941,22.49846839904785,0.633829653263092,6.392822265625,0.19509582221508026,0.12610530853271484,0.19397029280662537,1.0972923040390015,1.5703834295272827,11.380711555480957
432000,4404000,372,36,433095.0,4404825.0,False,24.479867935180664,58.38199996948242,-23.31845474243164,-12.18919563293457,-0.9930391311645508,0.14099271595478058,0.12292733043432236,1.1128101348876953,1.5348403453826904,0.0
420000,4440000,194,321,429645.0,4446165.0,False,30.370662689208984,79.7697982788086,15.863959312438965,82.5760498046875,0.2886488437652588,0.18261826038360596,0.06811295449733734,1.1759394407272339,1.3354746103286743,0.0
384000,4452000,56,233,391005.0,4462305.0,False,14.61500358581543,40.59077835083008,-19.10355567932129,-18.0794677734375,-0.07870428264141083,0.14722180366516113,0.10910452902317047,1.0965543985366821,1.5639492273330688,757.5618896484375
432000,4596000,14,382,443475.0,4607565.0,False,12.244598388671875,35.69398498535156,-17.04299545288086,-35.80338668823242,0.5284357070922852,0.25586017966270447,0.17129848897457123,1.4342118501663208,1.6207342147827148,0.0
372000,4476000,367,260,379815.0,4476975.0,False,1.9935503005981445,5.93603515625,1.0450575351715088,2.1870932579040527,0.8117182850837708,0.12121427804231644,0.09358727186918259,1.1260185241699219,1.421602487564087,589.9158325195312
420000,4296000,176,156,424695.0,4302705.0,True,26.408639907836914,59.7288703918457,41.76204299926758,158.0701446533203,0.9794644713401794,0.08206699788570404,0.024146893993020058,1.1415104866027832,1.3202626705169678,0.0
432000,4584000,373,177,437325.0,4584795.0,False,24.777746200561523,75.46186065673828,19.22825813293457,41.58858108520508,0.6993141174316406,0.1585254669189453,0.1682950109243393,1.3770710229873657,1.9455955028533936,0.0
444000,4428000,146,281,452445.0,4435605.0,False,7.247397422790527,19.7894287109375,-2.694688558578491,-35.69384765625,-0.4151729941368103,0.1704775094985962,0.1402556598186493,1.1497474908828735,1.5449097156524658,445.63702392578125
360000,4500000,276,272,368175.0,4503705.0,False,20.638418197631836,56.63249969482422,5.111639976501465,32.09492874145508,0.9361261129379272,0.0849158838391304,0.12132884562015533,1.197441577911377,1.4420185089111328,0.0
444000,4608000,341,175,449265.0,4609755.0,False,16.66584014892578,49.03456115722656,-32.32077407836914,-96.92483520507812,0.08017946034669876,0.33437466621398926,0.07955143600702286,1.466123342514038,1.7328593730926514,0.0
420000,4512000,334,184,425535.0,4513965.0,True,6.811994552612305,18.45159149169922,1.0023870468139648,-5.828436851501465,-0.07792071998119354,0.17308753728866577,0.18101707100868225,1.2546331882476807,1.58986234664917,0.0
348000,4476000,113,32,348975.0,4484595.0,False,19.752592086791992,52.60514450073242,25.48997688293457,66.81597137451172,0.9299176335334778,0.2103506326675415,0.12222790718078613,1.1860861778259277,1.7303900718688965,390.7696838378906
444000,4452000,324,120,447615.0,4454265.0,True,13.403003692626953,37.45388412475586,-18.51055145263672,-69.65972137451172,0.6932839155197144,0.20029515027999878,0.12443932890892029,1.2598589658737183,1.61570405960083,151.9880828857422
432000,4584000,150,194,437835.0,4591485.0,False,26.93498992919922,75.73796844482422,-22.12068748474121,-89.15680694580078,-0.841331422328949,0.2128181755542755,0.13849250972270966,1.372942566871643,1.5297234058380127,0.0
324000,4476000,143,244,331335.0,4483695.0,False,20.629039764404297,46.1641845703125,22.66627311706543,109.48818969726562,-0.1273682713508606,0.12384653836488724,0.04359810799360275,1.1791638135910034,1.2512601613998413,0.0
456000,4380000,333,134,460035.0,4381995.0,False,10.741619110107422,23.81212043762207,-2.7651638984680176,-15.52609634399414,0.9092426896095276,0.27185818552970886,0.07831884920597076,1.159024715423584,1.6573269367218018,446.6552429199219
432000,4560000,237,81,434445.0,4564875.0,False,15.236623764038086,45.2801399230957,1.7492539882659912,12.996174812316895,0.863858163356781,0.15462933480739594,0.11488329619169235,1.2898627519607544,1.7176374197006226,0.0
444000,4608000,250,204,450135.0,4612485.0,False,31.334793090820312,93.81881713867188,10.661919593811035,113.02210998535156,0.524826169013977,0.36706939339637756,0.09466584771871567,1.3862532377243042,1.628708004951477,594.1382446289062
384000,4512000,33,130,387915.0,4522995.0,False,0.11358114331960678,0.3279486894607544,-0.0473904088139534,-2.008246421813965,-0.6352085471153259,0.09961339086294174,0.11680497974157333,1.190556526184082,1.5412741899490356,930.0
372000,4464000,380,148,376455.0,4464585.0,False,4.042487144470215,10.377047538757324,-8.12803840637207,-14.925456047058105,0.7982289791107178,0.13214445114135742,0.15866822004318237,1.0909587144851685,1.518763542175293,516.720458984375
324000,4464000,43,211,330345.0,4474695.0,False,3.252311944961548,8.69127082824707,-3.3604464530944824,-16.61751365661621,-0.9133268594741821,0.11622212827205658,0.14298947155475616,1.1492754220962524,1.501404881477356,242.9294891357422
372000,4476000,136,235,379065.0,4483905.0,False,7.27244758605957,19.95789909362793,-5.192789554595947,-3.698432207107544,-0.4802494943141937,0.11098062992095947,0.11294754594564438,1.1594493389129639,1.433482050895691,0.0
432000,4560000,136,253,439605.0,4567905.0,False,8.924612998962402,23.52989387512207,-9.89162826538086,-8.7149658203125,-0.9837770462036133,0.17800921201705933,0.2018374800682068,1.3142735958099365,1.731457233428955,0.0
636000,4608000,133,130,639915.0,4615995.0,False,20.00188636779785,48.86393356323242,-31.17556381225586,-143.0175018310547,0.04439105466008186,0.8194702863693237,-0.24800072610378265,1.8833564519882202,1.3029221296310425,0.0
444000,4428000,334,342,454275.0,4429965.0,True,37.54624557495117,96.328125,-7.076198577880859,49.38322067260742,-0.9725899696350098,0.19873888790607452,0.12107431143522263,1.1486492156982422,1.4451075792312622,0.0
360000,4464000,207,244,367335.0,4469775.0,False,5.796834468841553,16.39442253112793,-4.180419921875,-9.85464096069336,0.10352551937103271,0.2514886260032654,0.09706087410449982,1.2073193788528442,1.4843671321868896,0.0
432000,4392000,310,167,437025.0,4394685.0,False,16.734651565551758,36.37331771850586,24.59434700012207,59.86591339111328,0.8532907962799072,0.24267154932022095,0.1312665343284607,1.2453876733779907,1.6437413692474365,300.9984436035156
336000,4464000,139,284,344535.0,4471815.0,False,23.14767837524414,56.33253479003906,5.654364585876465,17.63442611694336,-0.039238497614860535,0.09835740923881531,0.14179664850234985,1.1765656471252441,1.5694552659988403,0.0
444000,4440000,161,193,449805.0,4447155.0,False,13.811556816101074,32.00547790527344,9.168511390686035,-14.261799812316895,-0.26574045419692993,0.1403483897447586,0.1527613252401352,1.2508643865585327,1.6105766296386719,172.4033660888672
384000,4272000,275,37,385125.0,4275735.0,True,9.110574722290039,23.12773895263672,-4.78148078918457,-21.96994400024414,-0.27461761236190796,0.10991524159908295,0.08488519489765167,1.1082701683044434,1.4066835641860962,0.0
684000,4452000,2,269,692085.0,4463925.0,False,0.49962642788887024,1.3277451992034912,0.4206271767616272,-2.298719644546509,0.20927956700325012,0.10083089023828506,0.14147929847240448,1.1122612953186035,1.5899080038070679,975.909912109375
444000,4452000,37,128,447855.0,4462875.0,True,28.322607040405273,79.62313079833984,38.515869140625,190.66668701171875,-0.8019898533821106,0.16941583156585693,0.12484388798475266,1.1785589456558228,1.4521750211715698,0.0
480000,4464000,390,21,480645.0,4464285.0,True,7.289803504943848,20.660358428955078,-5.120347499847412,-15.560099601745605,0.45443588495254517,0.14974205195903778,0.14140108227729797,1.1226511001586914,1.5078141689300537,0.0
396000,4392000,14,292,404775.0,4403565.0,False,16.950969696044922,45.6263427734375,-1.9636366367340088,-6.575995445251465,0.8005647659301758,0.09528908133506775,0.09729722887277603,1.1006762981414795,1.4328124523162842,533.663330078125
384000,4392000,48,316,393495.0,4402545.0,False,24.320314407348633,67.86249542236328,17.40451431274414,13.17127799987793,-0.6158282160758972,0.102872833609581,0.09806281328201294,1.129169225692749,1.3921619653701782,0.0
732000,4476000,308,229,738885.0,4478745.0,False,8.913302421569824,24.52402114868164,-0.4966092109680176,8.981201171875,0.5113015174865723,0.10033543407917023,0.1696542352437973,1.1560641527175903,1.5123873949050903,674.6112670898438
420000,4296000,36,200,426015.0,4306905.0,False,3.1116394996643066,7.394002437591553,-0.5774196982383728,-7.250908851623535,0.17907583713531494,0.13632167875766754,0.14513546228408813,1.0676196813583374,1.5410094261169434,975.9098510742188
444000,4584000,369,139,448185.0,4584915.0,False,15.209212303161621,45.86652374267578,-18.90696907043457,9.28138542175293,-0.5177737474441528,0.18149271607398987,0.18045775592327118,1.3811492919921875,1.8348560333251953,0.0
432000,4572000,150,343,442305.0,4579485.0,False,23.559696197509766,62.62826919555664,-6.472127437591553,-32.07450485229492,0.8936238288879395,0.1878526210784912,0.18337421119213104,1.3638063669204712,1.939396858215332,65.20989227294922
432000,4380000,7,185,437565.0,4391775.0,False,25.33852195739746,64.8699951171875,35.3807373046875,86.50630950927734,0.9426688551902771,0.15228071808815002,0.16554881632328033,1.2810856103897095,1.67661452293396,0.0
456000,4416000,341,11,456345.0,4417755.0,False,6.373610019683838,15.13563346862793,-7.206814289093018,-13.76015853881836,-0.4591127336025238,0.2476525604724884,0.14107443392276764,1.182840347290039,1.5573245286941528,336.0076904296875
408000,4416000,36,157,412725.0,4426905.0,False,24.701547622680664,64.50039672851562,-0.9771592617034912,28.04180145263672,-0.9447383284568787,0.44012853503227234,-0.0872202217578888,1.3357127904891968,1.2247551679611206,474.9745788574219
384000,4404000,340,379,395385.0,4405785.0,False,28.408414840698242,69.7239990234375,-6.2716064453125,27.40911102294922,-0.9147839546203613,0.11417225003242493,0.09823183715343475,1.1733472347259521,1.3385881185531616,0.0
648000,4596000,66,289,656685.0,4606005.0,False,13.453662872314453,29.77383041381836,-15.9097900390625,-54.66082000732422,0.9271746277809143,0.31945881247520447,0.14638598263263702,1.2809076309204102,1.7400355339050293,0.0
420000,4512000,3,74,422235.0,4523895.0,False,5.3076252937316895,11.60205078125,-4.00560188293457,-12.984293937683105,-0.9937224388122559,0.1441320925951004,0.1907886415719986,1.2978748083114624,1.8454277515411377,666.558837890625
444000,4584000,270,73,446205.0,4587885.0,False,14.73912239074707,39.39824676513672,-29.12034797668457,-48.25846481323242,-0.23166927695274353,0.3399241268634796,0.08758535981178284,1.432323932647705,1.6593286991119385,0.0
732000,4644000,165,58,733755.0,4651035.0,False,7.881017208099365,21.01633071899414,-13.413641929626465,-0.22969555854797363,0.5537731051445007,0.22703050076961517,0.18156147003173828,1.218644618988037,1.7712759971618652,450.66619873046875
444000,4452000,29,158,448755.0,4463115.0,False,12.101309776306152,35.12482452392578,-36.95452117919922,-55.24542999267578,-0.6578908562660217,0.1693759709596634,0.1477847844362259,1.1674901247024536,1.5312410593032837,0.0
432000,4548000,55,85,434565.0,4558335.0,False,32.753047943115234,105.8834228515625,-8.11790657043457,65.88191223144531,-0.6562634110450745,0.23809298872947693,0.12394531816244125,1.2647377252578735,1.4012619256973267,0.0
444000,4428000,233,329,453885.0,4432995.0,True,23.487773895263672,53.10499572753906,-31.84540557861328,-106.53644561767578,0.21840044856071472,0.2258746474981308,0.1526888906955719,1.1145501136779785,1.5210556983947754,0.0
420000,4260000,81,298,428955.0,4269555.0,False,6.545779705047607,16.48885154724121,2.080267906188965,-4.078586101531982,-0.7250799536705017,0.1800091713666916,0.1028761938214302,1.1335161924362183,1.5263557434082031,881.42041015625
336000,4428000,327,348,346455.0,4430175.0,False,11.26400089263916,29.94772720336914,3.9061686992645264,-8.678032875061035,0.7899714708328247,0.09182480722665787,0.08926095813512802,1.1699740886688232,1.5407639741897583,702.7092895507812
408000,4212000,118,17,408525.0,4220445.0,False,11.982560157775879,30.82444953918457,-10.38161849975586,-23.83722686767578,0.9426297545433044,0.1017315462231636,0.15938012301921844,1.1335399150848389,1.5821868181228638,300.0
720000,4560000,141,209,726285.0,4567755.0,False,4.399432182312012,11.478827476501465,-0.4697401225566864,-3.270399332046509,0.3101043999195099,0.11680389195680618,0.2156037986278534,1.1173815727233887,1.5520497560501099,480.3130187988281
408000,4248000,115,393,419805.0,4256535.0,False,3.2309117317199707,9.71921157836914,-1.7848172187805176,-18.549762725830078,-0.3477329611778259,0.10895587503910065,0.13764391839504242,1.083038091659546,1.6038837432861328,360.0
420000,4440000,214,285,428565.0,4445565.0,True,34.248043060302734,95.66898345947266,7.273600101470947,9.7794189453125,0.8881962299346924,0.09362902492284775,0.09643516689538956,1.137634038925171,1.3908747434616089,0.0
360000,4464000,259,359,370785.0,4468215.0,False,9.327000617980957,29.16668128967285,6.959825038909912,14.729452133178711,0.3796684443950653,0.14287978410720825,0.16079048812389374,1.167267918586731,1.475398302078247,0.0
420000,4236000,22,107,423225.0,4247325.0,True,23.788131713867188,73.54910278320312,35.59551239013672,74.81095123291016,-0.3270082473754883,0.14094075560569763,0.19762811064720154,1.3302634954452515,1.873336911201477,0.0
684000,4452000,93,265,691965.0,4461195.0,False,1.402735948562622,4.184353351593018,-5.471530437469482,-14.58104133605957,0.30014267563819885,0.11751896888017654,0.11965472251176834,1.1519708633422852,1.5063915252685547,149.43650817871094
420000,4296000,270,227,426825.0,4299885.0,True,31.35430145263672,90.82223510742188,-10.721625328063965,40.03586196899414,0.31272628903388977,0.2627207040786743,-0.030743693932890892,1.1981483697891235,1.2833690643310547,0.0
420000,4512000,111,360,430815.0,4520655.0,False,3.6563050746917725,10.010416984558105,-0.2426079660654068,-5.622219562530518,-0.34593072533607483,0.16438724100589752,0.23034824430942535,1.4993518590927124,2.0383388996124268,912.7432861328125
336000,4500000,24,99,338985.0,4511265.0,False,4.39362907409668,11.864542961120605,-2.93603515625,-22.39504623413086,-0.5620653033256531,0.08522271364927292,0.15588155388832092,1.1781799793243408,1.5842175483703613,391.9209289550781
372000,4512000,79,192,377775.0,4521615.0,False,9.320155143737793,24.97640037536621,-21.45205307006836,-39.1967658996582,-0.06764519214630127,0.1314501315355301,0.19831104576587677,1.143258810043335,1.804986596107483,551.8151245117188
360000,4464000,279,375,371265.0,4467615.0,False,11.7728910446167,31.4071044921875,-7.751532554626465,11.891072273254395,0.7493770122528076,0.13066944479942322,0.11276795715093613,1.1626218557357788,1.430564045906067,0.0
432000,4512000,13,246,439395.0,4523595.0,False,13.481705665588379,39.48220443725586,-33.40814971923828,-69.47019958496094,-0.737127959728241,0.18177583813667297,0.16955311596393585,1.3618111610412598,1.8159418106079102,0.0
372000,4452000,8,92,374775.0,4463745.0,False,7.503971099853516,22.11447525024414,5.1571044921875,5.403727054595947,0.328875333070755,0.12410851567983627,0.17027397453784943,1.0541572570800781,1.4736180305480957,0.0
360000,4440000,364,262,367875.0,4441065.0,False,1.2823295593261719,3.4944796562194824,0.0713433176279068,-9.39072036743164,0.4822356104850769,0.07157464325428009,0.07259392738342285,1.053495168685913,1.3735848665237427,721.6650390625
372000,4500000,292,320,381615.0,4503225.0,False,2.6118321418762207,6.200765132904053,-1.7516411542892456,-7.650444984436035,0.10536321252584457,0.11520171910524368,0.17846113443374634,1.2342264652252197,1.7874562740325928,785.0479125976562
348000,4500000,198,6,348195.0,4506045.0,False,1.8210946321487427,4.230197429656982,0.2389458566904068,-3.455878257751465,-0.9915162920951843,0.10267206281423569,0.17239615321159363,1.2021936178207397,1.7756222486495972,720.0
720000,4572000,267,150,724515.0,4575975.0,False,8.493598937988281,19.97896385192871,-1.9240857362747192,-30.53610610961914,0.03774358332157135,0.12880384922027588,0.21117015182971954,1.1463896036148071,1.5855672359466553,0.0
336000,4476000,115,82,338475.0,4484535.0,False,3.288403034210205,8.249701499938965,2.09033203125,-1.9039306640625,0.03736472874879837,0.09723109751939774,0.10482334345579147,1.099410057067871,1.41449773311615,457.6031799316406
360000,4284000,170,359,370785.0,4290885.0,False,1.05832040309906,2.8006319999694824,0.5410698652267456,-1.3007540702819824,-0.9686918258666992,0.12247397005558014,0.11016489565372467,1.0579066276550293,1.5284321308135986,807.5889892578125
372000,4248000,226,22,372675.0,4253205.0,False,2.840623378753662,10.99094009399414,4.389702796936035,46.80873107910156,0.5086473226547241,0.18022453784942627,0.15306532382965088,1.128033995628357,1.50016188621521,603.9812622070312
648000,4596000,92,301,657045.0,4605225.0,False,16.18329620361328,42.22439193725586,-0.7511122822761536,8.48988151550293,-0.7578714489936829,0.6565955281257629,-0.053555574268102646,1.6348962783813477,1.4118947982788086,210.0
384000,4392000,261,257,391725.0,4396155.0,False,31.892385482788086,94.08016967773438,36.57514190673828,73.2330322265625,-0.8999958634376526,0.102872833609581,0.09806281328201294,1.129169225692749,1.3921619653701782,0.0
372000,4488000,135,313,381405.0,4495935.0,False,1.988376498222351,5.705783367156982,-2.1155190467834473,-7.85350227355957,0.24459125101566315,0.10421473532915115,0.09176831692457199,1.134031891822815,1.4324535131454468,706.5411987304688
432000,4596000,112,236,439095.0,4604625.0,False,32.5087890625,100.4426040649414,-18.88810157775879,-48.54998016357422,0.915221631526947,0.13995791971683502,0.16294793784618378,1.3389205932617188,1.7584764957427979,0.0
372000,4512000,200,1,372045.0,4517985.0,False,2.5041627883911133,6.2014570236206055,-3.7071261405944824,-20.50246810913086,-0.9284603595733643,0.11663778871297836,0.18969424068927765,1.1462589502334595,1.5027636289596558,323.7140197753906
420000,4440000,298,260,427815.0,4443045.0,True,14.215209007263184,37.48944854736328,-30.77616310119629,-61.90851593017578,0.13154979050159454,0.14120669662952423,0.11627195030450821,1.1324957609176636,1.4624876976013184,0.0
324000,4488000,48,343,334305.0,4498545.0,False,18.63064193725586,37.9541015625,13.15098762512207,18.138916015625,-0.13214701414108276,0.15973109006881714,0.18818768858909607,1.1410412788391113,1.6681787967681885,14.714045524597168
732000,4644000,337,232,738975.0,4645875.0,False,15.31595230102539,44.03300094604492,6.455851078033447,33.23374938964844,-0.5023597478866577,0.2446311116218567,0.1568901240825653,1.1607199907302856,1.55059015750885,0.0
732000,4608000,355,250,739515.0,4609335.0,False,17.218582153320312,42.14606475830078,-6.471652507781982,-23.14023208618164,0.10672452300786972,0.1819438487291336,0.16578775644302368,1.159075140953064,1.5195252895355225,0.0
324000,4488000,59,322,333675.0,4498215.0,False,5.054241180419922,11.5784912109375,-0.5712754726409912,-22.05878448486328,0.9691025018692017,0.15507231652736664,0.1500721126794815,1.1104117631912231,1.4963371753692627,210.7202911376953
636000,4428000,218,231,642945.0,4433445.0,False,7.474884986877441,20.00816535949707,-0.9755588173866272,13.61642837524414,0.47363895177841187,0.21761584281921387,0.13931336998939514,1.2051985263824463,1.6312915086746216,507.6482849121094
384000,4452000,67,215,390465.0,4461975.0,False,16.353578567504883,52.05717086791992,19.07025909423828,27.95846939086914,-0.46750345826148987,0.12046852707862854,0.11505544185638428,1.1047465801239014,1.499956488609314,128.84600830078125
432000,4524000,334,359,442785.0,4525965.0,False,26.95221519470215,75.40200805664062,3.371392011642456,79.4281005859375,-0.8742414712905884,0.22188754379749298,0.15842856466770172,1.404989242553711,1.737749457359314,914.2210693359375
420000,4500000,46,60,421815.0,4510605.0,False,10.093148231506348,29.52137565612793,-2.8898520469665527,-32.45388412475586,0.7902421951293945,0.19122034311294556,0.14840668439865112,1.2182395458221436,1.7086670398712158,54.92902755737305
432000,4572000,323,37,433125.0,4574295.0,False,19.128137588500977,50.86235809326172,-33.02922821044922,12.525675773620605,-0.909757137298584,0.15575829148292542,0.15846385061740875,1.2529124021530151,1.5415207147598267,0.0
360000,4452000,340,225,366765.0,4453785.0,False,2.0503928661346436,4.544162273406982,-1.3542072772979736,-13.283854484558105,0.1576084941625595,0.12313862144947052,0.134815514087677,1.1009788513183594,1.4583369493484497,350.71417236328125
360000,4500000,375,359,370785.0,4500735.0,False,21.482803344726562,64.7947998046875,-16.03778839111328,-35.84104919433594,-0.5684924721717834,0.12589097023010254,0.14397306740283966,1.2588876485824585,1.4886549711227417,0.0
300000,4428000,286,132,303975.0,4431405.0,False,4.822042942047119,14.369425773620605,-4.698323726654053,-70.04924774169922,0.525215208530426,0.1402275115251541,0.02993888594210148,1.1499844789505005,1.3510372638702393,0.0
408000,4452000,100,36,409095.0,4460985.0,False,13.81518268585205,30.675495147705078,-11.06382942199707,-7.397176265716553,0.12263970077037811,0.13996176421642303,0.1892365962266922,1.1507724523544312,1.5010251998901367,882.1597290039062
384000,4440000,66,189,389685.0,4450005.0,False,21.767988204956055,61.9207763671875,32.98239517211914,74.32901763916016,-0.9345932006835938,0.17335596680641174,0.13686470687389374,1.1527881622314453,1.4047534465789795,551.9058227539062
300000,4440000,97,280,308415.0,4449075.0,False,18.007692337036133,44.7197265625,47.24305725097656,109.92134094238281,-0.7737297415733337,0.056522440165281296,0.1048642247915268,1.0872129201889038,1.3537670373916626,957.4967651367188
384000,4440000,210,114,387435.0,4445685.0,False,10.599000930786133,23.29389190673828,10.36574935913086,-34.0386962890625,-0.13434351980686188,0.13968952000141144,0.1497953087091446,1.1294124126434326,1.472878098487854,541.3876953125
480000,4452000,82,98,482955.0,4461525.0,True,3.5908186435699463,8.81141471862793,-4.184638023376465,-15.80776596069336,-0.0464700348675251,0.1625923365354538,0.1366499364376068,1.087786078453064,1.5437623262405396,191.3253631591797
444000,4428000,294,340,454215.0,4431165.0,True,16.60772705078125,50.42268753051758,15.12999153137207,72.93394470214844,-0.46175146102905273,0.22620068490505219,0.13371017575263977,1.1592364311218262,1.487687110900879,0.0
360000,4500000,11,117,363525.0,4511655.0,False,5.717104911804199,17.64580535888672,-10.31796646118164,0.5029296875,0.6849368810653687,0.10610052198171616,0.18986228108406067,1.209607720375061,1.731730341911316,0.0
300000,4428000,196,152,304575.0,4434105.0,False,28.93334197998047,74.68748474121094,11.9749755859375,37.42292022705078,0.03816865012049675,0.0785854160785675,0.09441566467285156,1.1728684902191162,1.424114465713501,10.0
396000,4488000,125,101,399045.0,4496235.0,False,9.28825569152832,25.705078125,4.887451171875,-1.2415227890014648,-0.6957682371139526,0.14893582463264465,0.1639733463525772,1.3794748783111572,1.845208764076233,0.0
348000,4500000,36,59,349785.0,4510905.0,False,13.13166332244873,33.50151824951172,-2.9072537422180176,-6.112521648406982,-0.6538099050521851,0.08313464373350143,0.13634847104549408,1.1956967115402222,1.5605107545852661,0.0
360000,4500000,55,235,367065.0,4510335.0,False,25.075580596923828,77.33797454833984,21.90090560913086,117.41449737548828,-0.728384792804718,0.1031419187784195,0.13730840384960175,1.2417306900024414,1.5289450883865356,0.0
444000,4416000,14,168,449055.0,4427565.0,False,10.415668487548828,31.7340087890625,-7.830824375152588,-13.705498695373535,-0.10715924948453903,0.15611839294433594,0.14218579232692719,1.1143262386322021,1.505691409111023,0.0
396000,4440000,298,41,397245.0,4443045.0,False,1.4228535890579224,3.8348660469055176,-0.3456081748008728,-1.2810872793197632,0.7080816626548767,0.1029607430100441,0.14894002676010132,1.0997830629348755,1.4797179698944092,755.778076171875
444000,4584000,188,54,445635.0,4590345.0,False,14.742932319641113,43.1448974609375,-28.81414222717285,-9.673542976379395,0.4188995659351349,0.5155422687530518,0.038579296320676804,1.55023992061615,1.7008509635925293,228.94509887695312
444000,4380000,256,388,455655.0,4384305.0,False,11.65215015411377,29.19965362548828,3.4015707969665527,-18.44878387451172,0.5721134543418884,0.16104906797409058,0.17769652605056763,1.1767420768737793,1.649506688117981,691.0861206054688
384000,4512000,201,329,393885.0,4517955.0,False,3.7372167110443115,9.733466148376465,0.4830322265625,0.6758354902267456,0.3240390419960022,0.11366293579339981,0.1728435903787613,1.2705485820770264,1.7314640283584595,698.212158203125
408000,4248000,307,218,414555.0,4250775.0,True,24.972789764404297,64.00688934326172,18.90821647644043,-21.92957878112793,0.8883922100067139,0.1283625215291977,0.1562207192182541,1.1619160175323486,1.6948611736297607,0.0
420000,4512000,140,271,428145.0,4519785.0,False,17.234573364257812,45.14565658569336,6.799492835998535,-34.62875747680664,-0.07040596753358841,0.18514364957809448,0.18155568838119507,1.5221779346466064,2.0989863872528076,0.0
420000,4308000,161,11,420345.0,4315155.0,True,8.368629455566406,21.04364585876465,-15.742987632751465,-6.323282718658447,0.44506916403770447,0.09769945591688156,0.12680669128894806,1.1226528882980347,1.5958938598632812,44.92902755737305
420000,4248000,305,62,421875.0,4250835.0,True,21.993162155151367,68.48225402832031,-7.19444465637207,52.41837692260742,0.5419593453407288,0.18052789568901062,0.07151775062084198,1.220652461051941,1.4824382066726685,0.0
432000,4596000,154,200,438015.0,4603365.0,False,35.63459396362305,109.30613708496094,-46.56856155395508,30.141033172607422,0.21485364437103271,0.18134033679962158,0.18152298033237457,1.2638015747070312,1.4142671823501587,384.96746826171875
312000,4428000,317,335,322065.0,4430475.0,False,2.6546034812927246,6.949245929718018,2.448431968688965,-2.5867648124694824,0.9275661110877991,0.12115215510129929,0.12918375432491302,1.076833963394165,1.5878751277923584,540.2781372070312
324000,4476000,36,263,331905.0,4486905.0,False,24.678800582885742,67.29324340820312,-8.424004554748535,81.693603515625,0.3145241141319275,0.18662390112876892,0.042883314192295074,1.1980066299438477,1.31858229637146,0.0
432000,4392000,21,74,434235.0,4403355.0,False,24.563175201416016,56.7874641418457,-1.0828313827514648,-38.39352798461914,-0.11636224389076233,0.15429522097110748,0.14744561910629272,1.228283166885376,1.6704604625701904,0.0
684000,4584000,324,285,692565.0,4586265.0,False,0.5280056595802307,1.2128770351409912,-0.6540663242340088,-3.069837808609009,0.8029417991638184,0.5715362429618835,-0.06504151225090027,1.7291710376739502,1.5562965869903564,768.7652587890625
432000,4572000,16,356,442695.0,4583505.0,False,22.96784019470215,52.49953842163086,26.64651107788086,99.79244995117188,0.9982935786247253,0.17990896105766296,0.15182200074195862,1.3059618473052979,1.5451794862747192,0.0
408000,4260000,182,1,408045.0,4266525.0,False,2.8209173679351807,7.819376468658447,-12.85302734375,-53.5323371887207,-0.36605846881866455,0.15628382563591003,0.1410391628742218,1.095500111579895,1.4959933757781982,1019.4115600585938
456000,4500000,364,259,463785.0,4501065.0,False,2.795034885406494,6.80921745300293,-3.4122314453125,-24.28413963317871,-0.9638174772262573,0.15237918496131897,0.21258501708507538,1.3001538515090942,1.9152690172195435,960.0
444000,4296000,166,140,448215.0,4303005.0,True,10.430219650268555,25.58414649963379,-6.981906414031982,-24.01866340637207,0.9661205410957336,0.20909608900547028,0.13107989728450775,1.1205942630767822,1.8186960220336914,0.0
444000,4608000,226,343,454305.0,4613205.0,False,15.677168846130371,38.22751235961914,13.431966781616211,11.823214530944824,-0.054330676794052124,0.24347655475139618,0.15949104726314545,1.37248957157135,1.7137370109558105,0.0
624000,4608000,189,309,633285.0,4614315.0,False,28.617847442626953,75.737060546875,8.923828125,-10.656874656677246,0.2641347646713257,0.3264824151992798,0.09838532656431198,1.2698678970336914,1.7659533023834229,953.7295532226562
372000,4488000,194,181,377445.0,4494165.0,False,17.91537094116211,47.89667510986328,21.41427993774414,72.61469268798828,0.8806049227714539,0.0994483008980751,0.07167219370603561,1.1524419784545898,1.3051226139068604,65.14401245117188
660000,4500000,221,16,660495.0,4505355.0,False,2.1636385917663574,6.02198600769043,-1.8740098476409912,-4.560709476470947,0.9147142767906189,0.1307097226381302,0.21179302036762238,1.1274948120117188,1.7438888549804688,0.0
420000,4428000,114,332,429975.0,4436565.0,False,21.911531448364258,65.7466049194336,-14.330607414245605,19.7359619140625,0.05153784900903702,0.18616211414337158,0.04489075765013695,1.2019342184066772,1.2562288045883179,325.4232177734375
480000,4248000,8,114,483435.0,4259745.0,False,5.213746547698975,15.732747077941895,0.9416775107383728,2.626410484313965,0.519558310508728,0.08769013732671738,0.17689989507198334,1.155997395515442,1.6391257047653198,663.1746826171875
444000,4440000,176,111,447345.0,4446705.0,False,13.343677520751953,34.31840133666992,-0.5433756709098816,-8.095377922058105,-0.8040842413902283,0.12741297483444214,0.16068117320537567,1.1938183307647705,1.5791243314743042,0.0
432000,4572000,203,56,433695.0,4577895.0,False,9.869424819946289,33.02666473388672,6.42603874206543,39.90631866455078,0.09931669384241104,0.12888556718826294,0.1695937216281891,1.2374131679534912,1.668958067893982,870.0
384000,4440000,0,315,393465.0,4451985.0,False,5.174011707305908,14.881103515625,-11.45412826538086,-33.69882583618164,0.6413516402244568,0.12615670263767242,0.1991383582353592,1.0788124799728394,1.5654230117797852,0.0
360000,4512000,355,200,366015.0,4513335.0,False,2.830988645553589,8.06161880493164,-2.30078125,-14.42845344543457,-0.8607029318809509,0.11539961397647858,0.1840122789144516,1.2057201862335205,1.6323503255844116,170.30174255371094
420000,4392000,390,325,429765.0,4392285.0,False,24.2850284576416,68.20651245117188,9.00510025024414,67.79399871826172,0.8655192255973816,0.20949476957321167,0.17946353554725647,1.2259882688522339,1.7185438871383667,0.0
468000,4452000,64,360,478815.0,4462065.0,False,8.986677169799805,32.17363739013672,1.0453559160232544,-24.92548179626465,-0.8454000949859619,0.1864347606897354,0.12065276503562927,1.1202642917633057,1.5375525951385498,600.4998168945312
636000,4452000,250,366,646995.0,4456485.0,False,1.558329463005066,4.263753414154053,-2.9519855976104736,-7.754787921905518,-0.9268574714660645,0.08919045329093933,0.14437444508075714,1.2032631635665894,1.3398751020431519,924.5
432000,4608000,374,374,443235.0,4608765.0,False,26.769046783447266,72.24031829833984,25.42919921875,92.60213470458984,-0.8290697336196899,0.3751514256000519,0.06543455272912979,1.5597801208496094,1.707077145576477,0.0
432000,4572000,343,36,433095.0,4573695.0,False,17.64874267578125,52.93498992919922,-34.42103576660156,48.82682418823242,0.14303503930568695,0.09907126426696777,0.12054242193698883,1.2202045917510986,1.4800606966018677,0.0
372000,4512000,123,58,373755.0,4520295.0,False,10.34837532043457,26.79173469543457,4.94053840637207,46.68069076538086,0.7642205953598022,0.08314429968595505,0.15308931469917297,1.149772047996521,1.5277016162872314,0.0
444000,4440000,114,167,449025.0,4448565.0,False,12.757333755493164,37.2342529296875,28.05257225036621,96.938720703125,0.7414112091064453,0.144506573677063,0.18048296868801117,1.1618502140045166,1.6477091312408447,0.0
324000,4476000,163,257,331725.0,4483095.0,False,29.570438385009766,83.93387603759766,-8.494086265563965,43.72319793701172,-0.4596327543258667,0.12454507499933243,0.04047757014632225,1.1705745458602905,1.2679275274276733,0.0
372000,4464000,183,172,377175.0,4470495.0,False,2.429030179977417,6.972751140594482,-3.34814453125,-21.36946678161621,0.3292383849620819,0.130287304520607,0.14550095796585083,1.0698320865631104,1.5245927572250366,446.6552429199219
432000,4380000,7,250,439515.0,4391775.0,False,31.762645721435547,92.6201400756836,60.75717544555664,75.2055892944336,0.7417511343955994,0.11819850653409958,0.18885856866836548,1.1128371953964233,1.6851736307144165,110.91919708251953
360000,4500000,252,153,364605.0,4504425.0,False,3.3683574199676514,8.15298080444336,-1.9755859375,-0.6918538212776184,0.31970804929733276,0.1000153198838234,0.14868953824043274,1.214691400527954,1.5613596439361572,789.55712890625
408000,4512000,383,312,417375.0,4512495.0,False,4.847770690917969,13.46717643737793,-0.6853976845741272,-6.7747392654418945,0.5259202718734741,0.16289326548576355,0.21918486058712006,1.503807783126831,2.306438684463501,54.92902755737305
408000,4260000,274,71,410145.0,4263765.0,True,32.060081481933594,91.92903900146484,-17.80067253112793,62.01736068725586,0.18060804903507233,0.13167819380760193,0.03955668583512306,1.1521563529968262,1.3167771100997925,0.0
372000,4512000,20,32,372975.0,4523385.0,False,5.613778591156006,12.969305992126465,1.3846570253372192,14.84962272644043,0.43604594469070435,0.09832298755645752,0.16465246677398682,1.1010475158691406,1.5392131805419922,0.0
372000,4440000,338,329,381885.0,4441845.0,False,3.5204837322235107,8.62673568725586,-0.2650010883808136,-8.18356704711914,0.2218916118144989,0.09194488823413849,0.15834109485149384,1.083283543586731,1.4380048513412476,657.7996826171875
396000,4404000,234,221,402645.0,4408965.0,False,23.99852180480957,61.65605926513672,-8.0303955078125,80.73287200927734,-0.037081554532051086,0.24385473132133484,0.007076132111251354,1.1878774166107178,1.4325973987579346,433.359130859375
384000,4248000,152,105,387165.0,4255425.0,True,5.721350193023682,14.695828437805176,-7.300320148468018,-28.44474220275879,0.737483024597168,0.10545612126588821,0.12349528074264526,1.1246452331542969,1.4618878364562988,0.0
396000,4464000,172,325,405765.0,4470825.0,False,4.411918640136719,11.55443000793457,3.213270425796509,-0.749525249004364,0.42906028032302856,0.1491089016199112,0.19441528618335724,1.1422370672225952,1.5797377824783325,810.185302734375
396000,4260000,104,120,399615.0,4268865.0,False,6.5709004402160645,21.53759765625,-9.33437728881836,-43.60024642944336,0.49095672369003296,0.09760700166225433,0.10711803287267685,1.0663634538650513,1.4852921962738037,666.558349609375
360000,4500000,383,294,368835.0,4500495.0,False,3.041914463043213,9.314290046691895,1.8254122734069824,-4.611029624938965,0.523932158946991,0.0954374447464943,0.14856986701488495,1.17960524559021,1.5100743770599365,536.2446899414062
396000,4512000,127,223,402705.0,4520175.0,False,9.415307998657227,29.03449058532715,43.4067497253418,121.75714874267578,-0.47512122988700867,0.06950074434280396,0.1378062665462494,1.2600369453430176,1.4457381963729858,0.0
420000,4308000,352,144,424335.0,4309425.0,True,9.36095905303955,25.65605926513672,-3.606621742248535,-49.85392379760742,-0.5890346169471741,0.1144135445356369,0.09720169752836227,1.1686173677444458,1.5366021394729614,0.0
420000,4392000,287,209,426285.0,4395375.0,False,19.459379196166992,45.45330047607422,-28.73806381225586,-18.54363250732422,-0.6770095825195312,0.19230735301971436,0.13727471232414246,1.243621826171875,1.6156630516052246,872.4107055664062
324000,4476000,57,274,332235.0,4486275.0,False,23.802541732788086,68.84629821777344,20.32290267944336,120.58726501464844,0.5414899587631226,0.13971222937107086,0.10932686179876328,1.099841594696045,1.409173846244812,0.0
444000,4488000,281,182,449475.0,4491555.0,False,12.650008201599121,26.49233627319336,13.857625007629395,7.030029296875,-0.9529380798339844,0.1280471384525299,0.2019624412059784,1.2323349714279175,1.7864857912063599,327.74627685546875
348000,4428000,326,47,349425.0,4430205.0,False,1.8566064834594727,6.57103157043457,-4.04771614074707,4.192193031311035,0.6375938653945923,0.12181386351585388,0.10566949099302292,1.1370426416397095,1.71549391746521,295.01416015625
420000,4308000,307,251,427545.0,4310775.0,False,16.333900451660156,35.96347427368164,5.968085289001465,-26.63003158569336,-0.43195509910583496,0.11351356655359268,0.17532463371753693,1.2796143293380737,1.691344976425171,395.3502502441406
432000,4584000,281,106,435195.0,4587555.0,False,3.849479913711548,9.514363288879395,1.9741617441177368,-6.326890468597412,-0.1312602311372757,0.1592576801776886,0.19952049851417542,1.3339920043945312,1.7658946514129639,794.6699829101562
384000,4452000,251,174,389235.0,4456455.0,False,11.416407585144043,33.85000228881836,-11.548909187316895,0.035888671875,-0.9468327164649963,0.15118734538555145,0.18496447801589966,1.1740727424621582,1.6348731517791748,0.0
408000,4260000,349,157,412725.0,4261515.0,False,6.3461103439331055,15.885986328125,11.777180671691895,61.419189453125,-0.22458788752555847,0.2079351246356964,0.10849085450172424,1.1136952638626099,1.5179681777954102,646.9488525390625
708000,4428000,279,101,711045.0,4431615.0,False,4.128936767578125,13.975178718566895,3.5288898944854736,-2.022271156311035,-0.6191419363021851,0.24604418873786926,0.08374776691198349,1.1885864734649658,1.5577588081359863,810.3705444335938
384000,4248000,234,46,385395.0,4252965.0,False,8.530896186828613,21.605876922607422,16.57565689086914,21.18467903137207,0.3066324293613434,0.09049008786678314,0.13470077514648438,1.0666688680648804,1.4748157262802124,805.2960815429688
468000,4236000,361,267,476025.0,4237155.0,False,14.096298217773438,32.3922119140625,14.31519889831543,55.46355438232422,-0.2181711345911026,0.0960427075624466,0.23167650401592255,1.215685248374939,1.6324024200439453,824.1359252929688
408000,4248000,212,337,418125.0,4253625.0,True,12.657241821289062,29.97170639038086,-5.035400390625,-12.045681953430176,-0.9581353664398193,0.1911214292049408,0.06998977810144424,1.1812758445739746,1.4194459915161133,0.0
360000,4524000,394,318,369555.0,4524165.0,False,5.789717674255371,15.782267570495605,-11.408392906188965,-27.546428680419922,0.4108465015888214,0.06898520886898041,0.13384751975536346,1.150665521621704,1.473007321357727,87.19741821289062
612000,4596000,206,231,618945.0,4601805.0,False,17.281002044677734,38.57033920288086,-23.83669662475586,-49.31015396118164,-0.045799337327480316,0.341217041015625,0.11686703562736511,1.2850443124771118,1.620412826538086,509.7057189941406
432000,4548000,113,245,439365.0,4556595.0,False,10.07590389251709,26.53241539001465,2.608873128890991,0.6064724922180176,0.4450041353702545,0.20452041923999786,0.25368717312812805,1.51185142993927,2.136903762817383,524.603271484375
396000,4488000,184,125,399765.0,4494465.0,True,18.102825164794922,49.537803649902344,6.495849609375,-16.62650489807129,-0.92824387550354,0.14893582463264465,0.1639733463525772,1.3794748783111572,1.845208764076233,0.0
360000,4512000,232,181,365445.0,4517025.0,False,8.506853103637695,23.94040298461914,6.090562343597412,9.66383171081543,0.44725438952445984,0.06125121936202049,0.12106673419475555,1.1364107131958008,1.4368531703948975,0.0
396000,4452000,152,65,397965.0,4459425.0,False,19.635135650634766,48.23979949951172,21.5234375,87.62934112548828,-0.9884878396987915,0.16507163643836975,0.14798960089683533,1.2340642213821411,1.5378427505493164,629.7723999023438
396000,4512000,357,210,402315.0,4513275.0,False,4.245591640472412,11.650200843811035,-2.190294027328491,-20.4998779296875,0.941815197467804,0.14210115373134613,0.14847558736801147,1.260349988937378,1.803269624710083,240.62904357910156
684000,4476000,396,158,688755.0,4476105.0,False,1.1252740621566772,3.1389973163604736,-2.5950655937194824,-6.810262203216553,0.2759381830692291,0.09703142195940018,0.18187959492206573,1.150179147720337,1.6343735456466675,0.0
636000,4416000,22,297,644925.0,4427325.0,True,14.423599243164062,38.38640594482422,7.053683757781982,11.917019844055176,-0.3054618835449219,0.3169565498828888,0.052994176745414734,1.2666702270507812,1.4421285390853882,300.5020751953125
396000,4512000,287,270,404115.0,4515375.0,False,13.262459754943848,32.75340270996094,-19.12474250793457,-28.28470802307129,0.440743625164032,0.1508016735315323,0.20816670358181,1.2923823595046997,1.9972138404846191,104.48888397216797
684000,4452000,213,265,691965.0,4457595.0,False,2.8470635414123535,6.740261554718018,0.0845133438706398,8.405816078186035,0.8967536687850952,0.05643110349774361,0.10795588046312332,1.1094518899917603,1.4595661163330078,849.41162109375
384000,4440000,355,4,384135.0,4441335.0,False,18.878767013549805,45.831626892089844,10.701836585998535,12.400418281555176,-0.8132039904594421,0.12163811922073364,0.15709203481674194,1.1640070676803589,1.467323899269104,0.0
324000,4476000,150,255,331665.0,4483485.0,False,23.676401138305664,66.40140533447266,-32.69065856933594,27.52848243713379,0.030824018642306328,0.11679369956254959,0.049222663044929504,1.1659729480743408,1.3173285722732544,0.0
432000,4596000,359,344,442335.0,4597215.0,False,28.261272430419922,81.42652893066406,48.32512664794922,24.51668357849121,0.8102855086326599,0.2174711674451828,0.1862614005804062,1.2394499778747559,1.5111826658248901,690.2175903320312
456000,4392000,188,14,456435.0,4398345.0,False,3.701150894165039,10.273491859436035,-7.2862138748168945,-28.49583625793457,0.7914482951164246,0.22833660244941711,0.10587339103221893,1.1880251169204712,1.6942753791809082,594.4744873046875
432000,4596000,215,315,441465.0,4601535.0,False,28.216686248779297,83.89773559570312,53.84765625,168.0120086669922,-0.22291849553585052,0.39307016134262085,0.059417419135570526,1.4897677898406982,1.5417215824127197,510.0
324000,4428000,275,11,324345.0,4431735.0,False,9.19024658203125,21.86253547668457,7.41649055480957,3.729261636734009,0.7071847319602966,0.10941692441701889,0.1386941522359848,1.0895129442214966,1.4559454917907715,799.1871337890625
684000,4452000,133,396,695895.0,4459995.0,False,3.7812318801879883,7.743869304656982,-2.271592855453491,-3.60888671875,0.160390704870224,0.08377786725759506,0.1300240010023117,1.1613856554031372,1.552259922027588,318.5932922363281
420000,4260000,245,325,429765.0,4264635.0,True,10.682454109191895,29.21853256225586,-4.741482257843018,5.621826171875,-0.7583320736885071,0.1842138022184372,0.09108608216047287,1.1610510349273682,1.42409348487854,0.0
648000,4368000,3,154,652635.0,4379895.0,True,14.388616561889648,33.953125,9.93115234375,2.931043863296509,-0.7929328680038452,0.3825225532054901,0.010525103658437729,1.2538299560546875,1.438194751739502,127.68257141113281
300000,4440000,266,336,310095.0,4444005.0,False,14.551011085510254,36.53922653198242,-28.82001495361328,-76.2865982055664,0.25001490116119385,0.056522440165281296,0.1048642247915268,1.0872129201889038,1.3537670373916626,745.5869750976562
444000,4608000,289,228,450855.0,4611315.0,False,26.023988723754883,71.294921875,0.10351550579071045,-63.63517379760742,-0.3281785845756531,0.5850591063499451,-0.07983623445034027,1.7453281879425049,1.581081509590149,0.0
696000,4452000,270,88,698655.0,4455885.0,False,1.8575716018676758,5.410820960998535,-9.18433952331543,-2.426201581954956,-0.6787214875221252,0.11511564254760742,0.15305417776107788,1.1396156549453735,1.5236655473709106,0.0
336000,4476000,159,349,346485.0,4483215.0,False,22.10624885559082,58.9077262878418,20.95598602294922,1.4311386346817017,-0.3732061982154846,0.1849488765001297,0.11470399796962738,1.1581536531448364,1.5311834812164307,0.0
432000,4560000,237,246,439395.0,4564875.0,False,4.892165660858154,16.32666015625,-19.08284568786621,-56.4643669128418,-0.46716436743736267,0.2118646204471588,0.14275513589382172,1.4704490900039673,1.7709814310073853,0.0
444000,4260000,295,104,447135.0,4263135.0,True,5.394410133361816,14.2174072265625,-1.083523154258728,0.9983859062194824,-0.40503740310668945,0.0933779925107956,0.17912103235721588,1.125273585319519,1.6881496906280518,57.6375617980957
372000,4428000,145,314,381435.0,4435635.0,False,7.243741512298584,18.61995506286621,-15.660956382751465,-31.52566146850586,-0.49687209725379944,0.10668649524450302,0.09536439925432205,1.190200924873352,1.3486078977584839,110.919189453125
324000,4476000,205,226,330795.0,4481835.0,False,16.37490463256836,46.54961395263672,13.605902671813965,50.89751434326172,0.3738260865211487,0.06580561399459839,0.03352421894669533,1.1441329717636108,1.2041425704956055,0.0
384000,4440000,76,191,389745.0,4449705.0,False,12.774645805358887,38.21481704711914,25.94249153137207,109.20296478271484,0.6149721145629883,0.18615373969078064,0.13884639739990234,1.165245532989502,1.4418309926986694,824.1359252929688
384000,4272000,327,166,388995.0,4274175.0,False,10.767051696777344,31.03182029724121,8.153076171875,7.613064289093018,0.8020109534263611,0.10560114681720734,0.1677631437778473,0.9914258718490601,1.5679603815078735,644.5930786132812
432000,4584000,263,142,436275.0,4588095.0,False,25.06720542907715,68.43595123291016,13.330770492553711,53.63908004760742,-0.2611628770828247,0.14836274087429047,0.09487178176641464,1.3353681564331055,1.536834716796875,0.0
444000,4248000,193,91,446745.0,4254195.0,False,1.9186441898345947,5.799899578094482,-0.128512904047966,-2.9959444999694824,0.5832887291908264,0.09588871151208878,0.16900810599327087,1.1316927671432495,1.6060091257095337,681.8489379882812
360000,4440000,271,26,360795.0,4443855.0,False,4.651791572570801,10.540608406066895,-4.942138671875,-15.6275634765625,0.19759565591812134,0.07011385262012482,0.07802596688270569,1.112219214439392,1.416593313217163,319.8434753417969
432000,4548000,278,218,438555.0,4551645.0,False,4.861516952514648,16.63053321838379,-3.057861328125,-9.114339828491211,-0.7507212162017822,0.12861058115959167,0.13292638957500458,1.1592111587524414,1.5266470909118652,210.73963928222656
420000,4428000,377,256,427695.0,4428675.0,True,34.59670639038086,100.93739318847656,-5.009222984313965,-15.193535804748535,0.56978440284729,0.09767351299524307,0.1383873075246811,1.0816571712493896,1.4326449632644653,0.0
324000,4488000,362,299,332985.0,4489125.0,False,25.12845802307129,72.62789916992188,1.0240885019302368,34.88650131225586,0.5794231295585632,0.1932777464389801,0.13382169604301453,1.153950572013855,1.4456032514572144,570.0
696000,4452000,92,123,699705.0,4461225.0,False,1.6286685466766357,4.827785968780518,0.0543348528444767,-0.7409125566482544,-0.7134096026420593,0.11511564254760742,0.15305417776107788,1.1396156549453735,1.5236655473709106,509.1179504394531
336000,4476000,312,136,340095.0,4478625.0,False,2.371415376663208,6.361016273498535,-2.256211996078491,-1.4486762285232544,0.6353102326393127,0.09942575544118881,0.11806207150220871,1.1112585067749023,1.4577685594558716,864.1181640625
456000,4380000,60,44,457335.0,4390185.0,False,20.91468620300293,59.51352310180664,24.68779754638672,-29.14179229736328,-0.08548004925251007,0.16601258516311646,0.20406334102153778,1.2192002534866333,1.833106517791748,371.10467529296875
324000,4500000,391,205,330165.0,4500255.0,False,9.208290100097656,23.03044891357422,5.211846351623535,3.0989584922790527,-0.5995911359786987,0.11579558998346329,0.17874149978160858,1.168066143989563,1.6316375732421875,285.66131591796875
420000,4260000,111,115,423465.0,4268655.0,True,8.443766593933105,22.62342643737793,-11.688164710998535,-15.252373695373535,0.6075027585029602,0.1529884934425354,0.17049846053123474,1.2276389598846436,1.7185291051864624,285.66131591796875
612000,4596000,112,204,618135.0,4604625.0,False,9.677133560180664,27.8056640625,-0.4660915732383728,-22.88514518737793,0.27402204275131226,0.30605223774909973,0.1918010413646698,1.2652535438537598,1.8078776597976685,0.0
444000,4440000,145,170,449115.0,4447635.0,False,17.11615562438965,35.86650848388672,16.16423797607422,68.27017974853516,-0.21242916584014893,0.17028138041496277,0.17323680222034454,1.2234394550323486,1.707229733467102,0.0
372000,4248000,196,347,382425.0,4254105.0,False,3.0760200023651123,8.9959716796875,-0.2523057758808136,-7.14000129699707,0.5849052667617798,0.08753767609596252,0.14002643525600433,1.0736310482025146,1.520480751991272,853.1119384765625
384000,4440000,25,17,384525.0,4451235.0,False,18.25820541381836,53.30447006225586,16.56819725036621,32.9024658203125,0.5993279218673706,0.07958872616291046,0.1463947892189026,1.1614562273025513,1.4929697513580322,0.0
360000,4248000,132,368,371055.0,4256025.0,False,6.508723735809326,16.66337013244629,-11.364081382751465,0.3843587636947632,-0.8479217290878296,0.1276804655790329,0.1454000025987625,1.1338452100753784,1.5343618392944336,529.08349609375
336000,4464000,108,72,338175.0,4472745.0,False,0.5013058185577393,1.2001274824142456,-1.381618857383728,-12.25778579711914,0.8863601088523865,0.08945734053850174,0.10372631251811981,1.0721832513809204,1.4555495977401733,524.500244140625
324000,4488000,333,75,326265.0,4489995.0,False,4.45149564743042,8.913750648498535,-3.3513455390930176,-3.384711265563965,0.22447389364242554,0.13794688880443573,0.18264640867710114,1.1058143377304077,1.5938259363174438,918.6402587890625
720000,4560000,100,184,725535.0,4568985.0,False,7.649903297424316,20.44833755493164,-6.23704719543457,-10.684380531311035,0.13879770040512085,0.26390042901039124,0.1140156164765358,1.170280933380127,1.5071219205856323,0.0
300000,4476000,229,144,304335.0,4481115.0,False,23.845674514770508,59.1483154296875,62.163028717041016,96.52092742919922,-0.4319525361061096,0.1116299107670784,0.17128603160381317,1.2473702430725098,1.7678786516189575,210.0
648000,4452000,110,168,653055.0,4460685.0,False,5.293771266937256,17.13810157775879,10.77964973449707,35.7464714050293,-0.40822166204452515,0.2921854555606842,0.10675166547298431,1.2042614221572876,1.6396087408065796,217.71685791015625
336000,4476000,366,334,346035.0,4477005.0,False,13.014917373657227,38.74476623535156,-7.314005374908447,-25.39039421081543,0.5805280208587646,0.12007372081279755,0.15484470129013062,1.1339739561080933,1.579386830329895,451.665283203125
372000,4440000,368,376,383295.0,4440945.0,False,15.931390762329102,43.59323501586914,20.75439453125,52.50530242919922,-0.9015997648239136,0.11487267911434174,0.07456090301275253,1.1653059720993042,1.3275068998336792,0.0
444000,4260000,256,31,444945.0,4264305.0,True,2.4738309383392334,6.58534049987793,-6.530219078063965,-14.448580741882324,-0.7684152722358704,0.0804370641708374,0.11003311723470688,1.0937886238098145,1.420490026473999,191.3253631591797
444000,4608000,296,97,446925.0,4611105.0,False,9.367116928100586,40.35171127319336,-60.59772491455078,-152.1043243408203,-0.11600985378026962,0.44816097617149353,0.015273678116500378,1.5296560525894165,1.571173906326294,0.0
372000,4272000,27,216,378495.0,4283175.0,False,3.5371575355529785,10.119046211242676,-0.6613227128982544,-2.8839519023895264,-0.7549946308135986,0.11614727228879929,0.10903270542621613,1.123443603515625,1.4511042833328247,655.201904296875
360000,4512000,93,123,363705.0,4521195.0,False,3.1192355155944824,8.2154541015625,-1.0973306894302368,-20.47798728942871,-0.1355343461036682,0.13685712218284607,0.1814282387495041,1.3146474361419678,1.9115010499954224,390.7696838378906
420000,4428000,332,205,426165.0,4430025.0,True,35.31966018676758,109.83984375,-24.30923080444336,-7.081583499908447,-0.4596010148525238,0.14663101732730865,0.12518754601478577,1.134090781211853,1.4562702178955078,0.0
372000,4440000,55,396,383895.0,4450335.0,False,18.063861846923828,48.5404052734375,36.96929168701172,78.67515563964844,-0.9067091345787048,0.11236187815666199,0.1038665920495987,1.1473393440246582,1.3931740522384644,0.0
408000,4536000,273,295,416865.0,4539795.0,False,14.178948402404785,30.63772201538086,1.118218183517456,1.6831731796264648,-0.19234049320220947,0.1282447874546051,0.18913498520851135,1.3037645816802979,1.705837607383728,57.6375617980957
372000,4500000,391,2,372075.0,4500255.0,False,22.650714874267578,62.49367904663086,15.196452140808105,97.08745574951172,0.2906047999858856,0.08106223493814468,0.10876722633838654,1.2738425731658936,1.5524156093597412,0.0
420000,4440000,315,360,430815.0,4442535.0,False,20.66853904724121,54.44297790527344,-2.6329753398895264,-25.456083297729492,0.9224565625190735,0.1857486218214035,0.10192303359508514,1.1739290952682495,1.5802100896835327,0.0
360000,4512000,258,233,367005.0,4516245.0,False,6.753268718719482,15.77076530456543,-0.5457764267921448,-7.5507001876831055,-0.48533105850219727,0.05906635895371437,0.11377102136611938,1.1270145177841187,1.345137119293213,0.0
396000,4476000,70,122,399675.0,4485885.0,True,26.727251052856445,75.19490814208984,-19.05707550048828,-65.97406768798828,0.29612526297569275,0.16122913360595703,0.15272307395935059,1.203228235244751,1.5502554178237915,0.0
432000,4596000,168,157,436725.0,4602945.0,False,17.634857177734375,48.26490783691406,-19.25235939025879,-58.8646240234375,0.17494487762451172,0.15136732161045074,0.1698245406150818,1.313449740409851,1.6795966625213623,54.92902755737305
420000,4284000,38,351,430545.0,4294845.0,True,13.97574520111084,31.21351432800293,-2.6107585430145264,-3.9683430194854736,-0.04844348877668381,0.262520968914032,0.07415887713432312,1.1924630403518677,1.455522060394287,0.0
348000,4428000,372,304,357135.0,4428825.0,False,0.5674571990966797,1.5765244960784912,-0.0847710520029068,-6.347818851470947,0.27787870168685913,0.06986801326274872,0.06662862747907639,1.0561391115188599,1.2670384645462036,1006.0816040039062
696000,4452000,35,193,701805.0,4462935.0,False,4.469269752502441,10.01259994506836,-1.760498046875,-9.44131088256836,0.7570191025733948,0.11237993836402893,0.1875675618648529,1.0915855169296265,1.6276583671569824,33.548316955566406
432000,4560000,79,267,440025.0,4569615.0,False,12.031352996826172,34.99037170410156,-2.828925371170044,-1.4766709804534912,0.579163670539856,0.18561702966690063,0.23142513632774353,1.4241055250167847,2.1198360919952393,0.0
684000,4476000,296,390,695715.0,4479105.0,False,1.2538232803344727,3.3262126445770264,-0.0288899727165699,-1.7144911289215088,0.26087453961372375,0.10406126081943512,0.17664700746536255,1.164735198020935,1.6132227182388306,242.2645721435547
372000,4500000,365,109,375285.0,4501035.0,False,9.263139724731445,24.77350616455078,13.84865951538086,52.12775421142578,-0.4697456359863281,0.09290657937526703,0.16229277849197388,1.2731977701187134,1.6382932662963867,16.66666603088379
408000,4260000,371,268,416055.0,4260855.0,True,11.972333908081055,34.47748565673828,-28.0537109375,-22.63018035888672,-0.3744920492172241,0.15471690893173218,0.12069126218557358,1.177609920501709,1.5513384342193604,26.881650924682617
396000,4452000,142,36,397095.0,4459725.0,True,12.621095657348633,33.28211975097656,-11.66940689086914,-30.2957763671875,-0.4415712356567383,0.16507163643836975,0.14798960089683533,1.2340642213821411,1.5378427505493164,32.167606353759766
660000,4608000,395,6,660195.0,4608135.0,False,9.790412902832031,28.87584114074707,-8.48342514038086,-5.571560382843018,-0.8784837126731873,0.2826310098171234,0.17494945228099823,1.3061728477478027,1.7166317701339722,764.9862060546875
420000,4272000,389,309,429285.0,4272315.0,False,2.710623264312744,7.828640460968018,0.5007460117340088,-1.346530556678772,-0.6845889091491699,0.15975689888000488,0.14215070009231567,1.1462818384170532,1.536742925643921,516.720458984375
360000,4488000,0,295,368865.0,4499985.0,False,3.306133508682251,9.610812187194824,1.6934136152267456,0.3218858540058136,0.7905948758125305,0.12587647140026093,0.11030034720897675,1.127812147140503,1.4032351970672607,369.0809326171875
744000,4596000,190,83,746505.0,4602285.0,False,10.134410858154297,29.15218162536621,-26.88813018798828,-31.22284507751465,-0.030174320563673973,0.23540188372135162,0.17066211998462677,1.2365164756774902,1.6356415748596191,819.2069702148438
444000,4584000,87,160,448815.0,4593375.0,False,16.82248878479004,45.49066925048828,1.2985025644302368,58.38069534301758,0.30097946524620056,0.14724218845367432,0.16842982172966003,1.4072235822677612,1.9606839418411255,0.0
396000,4440000,333,211,402345.0,4441995.0,False,10.358735084533691,19.29458236694336,7.3618974685668945,6.160101890563965,0.27531400322914124,0.10387177765369415,0.1667822152376175,1.0839444398880005,1.491932988166809,0.0
432000,4404000,393,4,432135.0,4404195.0,False,7.164360523223877,25.31239128112793,-16.96389389038086,-38.84604263305664,0.3450104594230652,0.11730792373418808,0.10843103379011154,1.1716477870941162,1.5127676725387573,0.0
372000,4488000,254,66,373995.0,4492365.0,False,4.041638374328613,10.66444206237793,-1.2564018964767456,-6.289822101593018,0.47678324580192566,0.10491292923688889,0.11883538216352463,1.1464009284973145,1.4698076248168945,859.4186401367188
396000,4464000,64,218,402555.0,4474065.0,False,19.55172348022461,47.19504165649414,-8.503581047058105,-82.05669403076172,0.9751709699630737,0.18324996531009674,0.16756023466587067,1.2255868911743164,1.6559219360351562,488.97845458984375
480000,4452000,34,44,481335.0,4462965.0,True,5.65177583694458,16.23745346069336,13.70289421081543,14.12099838256836,0.12899482250213623,0.16558414697647095,0.10160993039608002,1.1499419212341309,1.4510306119918823,0.0
636000,4608000,310,82,638475.0,4610685.0,False,21.90093994140625,57.88210678100586,4.453016757965088,-20.05392837524414,0.0779956579208374,0.41147223114967346,0.09792730957269669,1.3605796098709106,1.7566572427749634,589.9158325195312
732000,4644000,307,317,741525.0,4646775.0,False,6.068417549133301,16.53891372680664,0.212497279047966,29.55135154724121,0.5221394300460815,0.15896590054035187,0.13253967463970184,1.2871620655059814,1.431646704673767,849.941162109375
420000,4512000,396,327,429825.0,4512105.0,True,7.929268836975098,22.16533851623535,-6.12645149230957,-47.5238037109375,-0.8818123936653137,0.1711180955171585,0.20160828530788422,1.4681100845336914,2.0941572189331055,151.01629638671875
432000,4524000,299,292,440775.0,4527015.0,False,29.016691207885742,77.16645050048828,-6.439642906188965,16.78748893737793,-0.9510896801948547,0.16711114346981049,0.17084404826164246,1.3562246561050415,1.8603371381759644,690.0
432000,4440000,51,393,443805.0,4450455.0,False,3.1321218013763428,7.7718915939331055,-0.4819064736366272,1.5619168281555176,-0.33629289269447327,0.15237532556056976,0.15737956762313843,1.0964783430099487,1.5166789293289185,845.1629638671875
372000,4248000,244,84,374535.0,4252665.0,False,3.636859178543091,10.701985359191895,28.20846939086914,63.90071487426758,-0.09465508162975311,0.19770365953445435,0.11293294280767441,1.1359286308288574,1.4897340536117554,451.665283203125
420000,4284000,153,347,430425.0,4291395.0,False,9.549684524536133,22.09209632873535,-0.998860776424408,-10.900716781616211,0.2876428961753845,0.23892025649547577,0.05137075483798981,1.1786326169967651,1.4196909666061401,362.0771484375
372000,4488000,132,181,377445.0,4496025.0,False,16.530197143554688,46.01900100708008,-5.140421390533447,15.72610092163086,-0.6104443073272705,0.13225507736206055,0.06362603604793549,1.1631205081939697,1.425906777381897,0.0
420000,4296000,365,234,427035.0,4297035.0,True,16.269197463989258,49.38520050048828,31.71335220336914,106.86566925048828,-0.5475296974182129,0.3541523516178131,0.03192634880542755,1.285103678703308,1.4247890710830688,0.0
432000,4548000,311,106,435195.0,4550655.0,False,3.887434244155884,9.78793716430664,-4.552666664123535,-7.813720703125,0.9694378972053528,0.15581849217414856,0.2052743136882782,1.3143422603607178,1.805468201637268,248.2335662841797
696000,4476000,79,31,696945.0,4485615.0,False,26.307706832885742,65.41474914550781,28.71044921875,99.1357421875,-0.9618546962738037,0.09215967357158661,0.1366032361984253,1.0886571407318115,1.491654872894287,395.3502502441406
372000,4284000,311,34,373035.0,4286655.0,True,6.604303359985352,18.46786880493164,-2.9033203125,7.84840202331543,-0.8087842464447021,0.09520899504423141,0.12703996896743774,1.1055872440338135,1.4095592498779297,0.0
420000,4524000,201,22,420675.0,4529955.0,False,5.281213760375977,10.881903648376465,1.7064073085784912,28.63289451599121,0.01752377487719059,0.16390976309776306,0.1763315051794052,1.419882893562317,2.0327646732330322,0.0
348000,4488000,314,176,353295.0,4490565.0,False,15.654793739318848,35.44600296020508,-10.97349739074707,-35.71523666381836,0.028634585440158844,0.1724744737148285,0.14669562876224518,1.1618938446044922,1.5671350955963135,211.4405975341797
384000,4440000,140,55,385665.0,4447785.0,False,14.723236083984375,36.58401107788086,0.8626844882965088,-1.2168376445770264,0.6311181783676147,0.12561997771263123,0.1301088184118271,1.1430073976516724,1.540311336517334,0.0
384000,4452000,262,155,388665.0,4456125.0,False,24.03556251525879,73.53822326660156,-8.11097526550293,14.5047607421875,-0.5422931909561157,0.142282634973526,0.16125135123729706,1.1902589797973633,1.6069622039794922,0.0
372000,4512000,24,156,376695.0,4523265.0,False,10.12105655670166,27.718341827392578,-11.393744468688965,-24.10267448425293,-0.4516341984272003,0.09820132702589035,0.1591547578573227,1.1549299955368042,1.5073152780532837,0.0
396000,4488000,298,95,398865.0,4491045.0,True,33.91646194458008,89.634033203125,18.25675392150879,92.58290100097656,-0.9644214510917664,0.14893582463264465,0.1639733463525772,1.3794748783111572,1.845208764076233,219.7831573486328
360000,4464000,263,332,369975.0,4468095.0,False,13.109682083129883,32.96327209472656,-6.839273929595947,-31.90216827392578,0.914624810218811,0.15335695445537567,0.1293855756521225,1.166752815246582,1.486895203590393,0.0
432000,4296000,83,138,436155.0,4305495.0,False,8.673768043518066,17.6363525390625,2.3430991172790527,9.572089195251465,0.9388687014579773,0.1991981416940689,0.11550935357809067,1.1306722164154053,1.6488385200500488,808.1461791992188
684000,4464000,350,256,691695.0,4465485.0,False,1.2824543714523315,3.372138261795044,-0.5678032636642456,0.9272053837776184,0.9221843481063843,0.09126225858926773,0.12978577613830566,1.0864334106445312,1.5517709255218506,336.3070373535156
372000,4512000,189,123,375705.0,4518315.0,False,27.44784164428711,80.07291412353516,-3.8086206912994385,-35.35346221923828,-0.8597469925880432,0.10859166830778122,0.1614316999912262,1.1597987413406372,1.593318223953247,0.0
384000,4356000,147,198,389955.0,4363575.0,False,8.49664306640625,22.14426040649414,-2.1008028984069824,9.7503662109375,0.9249603152275085,0.08669919520616531,0.12006863951683044,1.1654701232910156,1.5330976247787476,840.8923950195312
444000,4452000,156,59,445785.0,4459305.0,False,4.943675994873047,11.563530921936035,0.5607231855392456,-38.60227966308594,0.11208711564540863,0.1538020521402359,0.1356995552778244,1.1079107522964478,1.5005794763565063,416.290771484375
684000,4584000,381,324,693735.0,4584555.0,False,9.05650520324707,18.86374282836914,4.64561653137207,10.51527214050293,0.8167285919189453,0.09286509454250336,0.20588119328022003,1.079325795173645,1.5388374328613281,0.0
408000,4416000,9,196,413895.0,4427715.0,False,5.237062454223633,14.57750129699707,-9.91848373413086,2.1573078632354736,-0.5894432067871094,0.3875695765018463,0.011461064219474792,1.2611802816390991,1.2956461906433105,693.037109375
432000,4560000,50,88,434655.0,4570485.0,False,21.059558868408203,52.73335647583008,30.420001983642578,145.78224182128906,0.07553860545158386,0.1382131725549698,0.14447049796581268,1.197444200515747,1.488540768623352,0.0
384000,4356000,12,211,390345.0,4367625.0,False,24.024614334106445,68.27925872802734,20.430908203125,10.78860092163086,0.7117187976837158,0.07950623333454132,0.13306257128715515,1.1242460012435913,1.3458150625228882,324.039306640625
396000,4260000,97,84,398535.0,4269075.0,False,2.999476432800293,8.7093505859375,-0.5912678837776184,-12.929253578186035,0.8198151588439941,0.09188950061798096,0.12641704082489014,1.0283020734786987,1.581853985786438,534.6961669921875
360000,4512000,386,258,367755.0,4512405.0,False,3.672325849533081,9.676350593566895,-2.2808566093444824,-0.4126925766468048,0.9020816683769226,0.0892949104309082,0.14746077358722687,1.1218289136886597,1.4583253860473633,0.0
432000,4548000,199,105,435165.0,4554015.0,False,11.109835624694824,33.51926040649414,-29.141193389892578,-35.17544174194336,0.6543048620223999,0.12100435793399811,0.14713093638420105,1.3257548809051514,1.7126845121383667,0.0
360000,4500000,67,65,361965.0,4509975.0,False,4.129429340362549,10.212971687316895,-2.0135226249694824,-14.143880844116211,-0.011946073733270168,0.10507190227508545,0.1633039265871048,1.2190921306610107,1.6573351621627808,742.5634155273438
396000,4488000,223,326,405795.0,4493295.0,False,24.670061111450195,68.1949234008789,-38.97128677368164,-40.30217742919922,-0.942717432975769,0.16311034560203552,0.1592460721731186,1.4886114597320557,2.0648341178894043,780.9613037109375
444000,4608000,288,285,452565.0,4611345.0,False,19.305789947509766,56.50900650024414,26.82305145263672,86.17963409423828,0.6871353983879089,0.15962083637714386,0.13188031315803528,1.3277589082717896,1.4437321424484253,0.0
408000,4248000,281,93,410805.0,4251555.0,True,11.489949226379395,24.15706443786621,-15.476522445678711,-38.93657684326172,0.6602259874343872,0.11940934509038925,0.11961711198091507,1.1200870275497437,1.627911925315857,0.0
648000,4464000,388,151,652545.0,4464345.0,False,11.86783504486084,30.93614387512207,-6.480251789093018,8.44240951538086,-0.19453801214694977,0.2682296633720398,0.13428930938243866,1.2128772735595703,1.6506164073944092,60.0
348000,4500000,52,23,348705.0,4510425.0,False,23.395143508911133,59.78888702392578,-4.824503421783447,31.70758819580078,-0.6364136934280396,0.09681421518325806,0.09338691830635071,1.1965125799179077,1.4369397163391113,0.0
432000,4512000,14,194,437835.0,4523565.0,False,4.803842544555664,14.269110679626465,-0.6982964277267456,-9.457112312316895,-0.6453543305397034,0.20268286764621735,0.1749819964170456,1.428377628326416,2.0306267738342285,881.42041015625
372000,4476000,350,152,376575.0,4477485.0,False,2.0316684246063232,5.0914306640625,0.5922987461090088,-4.322469234466553,0.24937330186367035,0.13466745615005493,0.14824241399765015,1.058420181274414,1.532887578010559,711.3344116210938
372000,4260000,301,314,381435.0,4262955.0,True,7.730038642883301,20.54428482055664,-2.408393144607544,-22.97412109375,-0.6558050513267517,0.06733812391757965,0.1277620494365692,1.0692903995513916,1.5360612869262695,90.0
432000,4572000,379,5,432165.0,4572615.0,False,16.619997024536133,39.0142936706543,12.76931381225586,9.8111572265625,-0.05618112534284592,0.11180071532726288,0.1678324043750763,1.312904715538025,1.6937092542648315,10.0
444000,4488000,288,173,449205.0,4491345.0,True,14.998772621154785,33.40623474121094,0.6068387627601624,-18.79871940612793,-0.1006472185254097,0.10926290601491928,0.18218481540679932,1.2559174299240112,1.8803675174713135,191.58489990234375
696000,4452000,116,148,700455.0,4460505.0,False,1.9902796745300293,5.522474765777588,-6.839328289031982,-25.45217514038086,-0.8959980607032776,0.10985109210014343,0.16288238763809204,1.1223171949386597,1.5698171854019165,257.49285888671875
696000,4476000,349,18,696555.0,4477515.0,False,1.1481438875198364,3.098768472671509,-0.3660753071308136,0.5583224892616272,0.4183572828769684,0.09215967357158661,0.1366032361984253,1.0886571407318115,1.491654872894287,706.5411987304688
324000,4464000,46,210,330315.0,4474605.0,False,3.896652936935425,10.482123374938965,-4.029608726501465,-16.92693328857422,-0.9240100383758545,0.12003271281719208,0.14125335216522217,1.165244698524475,1.5176876783370972,163.41966247558594
432000,4608000,324,304,441135.0,4610265.0,False,13.513226509094238,43.92875289916992,-53.97224807739258,-93.07598114013672,-0.535088300704956,0.3231208026409149,0.10798902809619904,1.4636744260787964,1.6539491415023804,0.0
420000,4512000,125,94,422835.0,4520235.0,False,25.213674545288086,63.912044525146484,-6.151312828063965,71.48062133789062,-0.9589871168136597,0.15881650149822235,0.18523739278316498,1.370476484298706,1.8764592409133911,0.0
372000,4488000,82,207,378225.0,4497525.0,False,8.556665420532227,22.37297821044922,-7.632785320281982,-10.224894523620605,0.6752140522003174,0.10649950057268143,0.0968971997499466,1.154414415359497,1.4379523992538452,0.0
432000,4596000,30,259,439785.0,4607085.0,False,11.649544715881348,37.96940231323242,31.90047264099121,159.66969299316406,0.04107516631484032,0.20713751018047333,0.1629502922296524,1.4197602272033691,1.642117977142334,0.0
684000,4584000,378,327,693825.0,4584645.0,False,6.259337425231934,14.751139640808105,-1.0181342363357544,7.002577304840088,-0.5624078512191772,0.11618787795305252,0.22007760405540466,1.1402556896209717,1.5788182020187378,0.0
408000,4248000,375,71,410145.0,4248735.0,True,19.941865921020508,55.04489517211914,-0.7446560263633728,41.969482421875,-0.4275938868522644,0.18420831859111786,0.08577283471822739,1.1019572019577026,1.6157290935516357,0.0
396000,4488000,215,258,403755.0,4493535.0,True,26.96104621887207,66.77940368652344,54.80485153198242,136.58987426757812,0.006431267596781254,0.20290207862854004,0.1093299388885498,1.3317464590072632,1.6265125274658203,0.0
636000,4428000,97,143,640305.0,4437075.0,True,6.89381742477417,19.61539649963379,-1.2587212324142456,-14.4940185546875,0.20585180819034576,0.11762535572052002,0.19306930899620056,1.1908118724822998,1.6049551963806152,149.35888671875
384000,4248000,351,371,395145.0,4249455.0,False,1.349765658378601,3.2671170234680176,-1.5447862148284912,-12.27842903137207,0.22724010050296783,0.10206400603055954,0.12667283415794373,1.05264413356781,1.6165809631347656,808.1461791992188
444000,4440000,351,395,455865.0,4441455.0,False,20.859146118164062,54.06522750854492,10.322686195373535,1.3310273885726929,-0.5778002738952637,0.1299600452184677,0.09217652678489685,1.0974724292755127,1.5894207954406738,276.2286071777344
324000,4464000,335,231,330945.0,4465935.0,False,3.0573339462280273,7.930487632751465,-3.063707113265991,-20.61764907836914,0.9233737587928772,0.08721033483743668,0.13225695490837097,1.1241143941879272,1.5541985034942627,595.986572265625
396000,4512000,317,220,402615.0,4514475.0,False,18.807798385620117,52.54840850830078,24.11562728881836,41.65520477294922,0.32977086305618286,0.1318151205778122,0.15736033022403717,1.2927998304367065,1.8083666563034058,0.0
408000,4248000,26,58,409755.0,4259205.0,True,14.162619590759277,29.07176399230957,3.7655436992645264,-14.405449867248535,-0.2033596932888031,0.10931632667779922,0.10499632358551025,1.061340093612671,1.5129897594451904,248.23358154296875
684000,4464000,46,318,693555.0,4474605.0,False,1.7281039953231812,4.13551139831543,-0.7847357988357544,-2.2891440391540527,0.0808170959353447,0.09880571812391281,0.1520446240901947,1.1428141593933105,1.6561152935028076,0.0
420000,4296000,308,25,420765.0,4298745.0,True,11.857619285583496,32.00398635864258,14.153523445129395,29.22074317932129,0.7136248350143433,0.09206629544496536,0.14282481372356415,1.25136399269104,1.6349300146102905,86.08457946777344
684000,4476000,260,393,695805.0,4480185.0,False,1.4341347217559814,4.118503093719482,0.334228515625,-1.3943142890930176,0.8447586894035339,0.10159259289503098,0.18210622668266296,1.1755551099777222,1.6250039339065552,993.4788208007812
432000,4572000,158,29,432885.0,4579245.0,False,19.593801498413086,56.03138732910156,-13.061861991882324,30.968505859375,0.7516064643859863,0.128081813454628,0.1631006896495819,1.2432435750961304,1.7203621864318848,212.60696411132812
360000,4512000,379,301,369045.0,4512615.0,False,1.0047882795333862,3.114732503890991,-2.5887856483459473,-11.00539779663086,-0.8211538791656494,0.11051973700523376,0.1873701512813568,1.105614423751831,1.5811854600906372,721.0413208007812
408000,4536000,277,335,418065.0,4539675.0,False,8.64331340789795,23.22075653076172,1.260403037071228,9.201619148254395,-0.833113968372345,0.13596555590629578,0.19972389936447144,1.249813437461853,1.721039891242981,362.779541015625
432000,4548000,132,151,436545.0,4556025.0,False,7.204009532928467,22.67271614074707,-6.795355796813965,-21.5655517578125,0.7850567698478699,0.20268087089061737,0.19514091312885284,1.4732791185379028,2.081533193588257,110.919189453125
360000,4464000,0,198,365955.0,4475985.0,False,12.407831192016602,29.25686264038086,-7.064249515533447,-7.896958827972412,-0.9538335204124451,0.1377812772989273,0.16495777666568756,1.171284556388855,1.5069140195846558,0.0
444000,4608000,200,198,449955.0,4613985.0,False,18.785255432128906,59.42415237426758,41.360595703125,76.2045669555664,-0.4212701916694641,0.22344452142715454,0.16039243340492249,1.3108508586883545,1.5804718732833862,852.349853515625
420000,4248000,275,76,422295.0,4251735.0,True,12.227304458618164,32.06087112426758,-4.929117679595947,-25.25987434387207,-0.04477332904934883,0.18736401200294495,0.08089222013950348,1.1250097751617432,1.5467239618301392,0.0
360000,4500000,121,350,370515.0,4508355.0,False,11.357410430908203,30.53397560119629,3.2817654609680176,43.2822265625,0.3373138904571533,0.09845741838216782,0.16426685452461243,1.2075060606002808,1.567633867263794,0.0
324000,4500000,344,215,330465.0,4501665.0,False,2.422883987426758,6.442789554595947,1.5391709804534912,8.38316535949707,-0.7645081281661987,0.12083040177822113,0.18955247104167938,1.1433788537979126,1.6030802726745605,918.1504516601562
708000,4464000,351,47,709425.0,4465455.0,False,9.603371620178223,29.65481185913086,-6.952446937561035,-30.9208984375,-0.8264508247375488,0.4940060079097748,-0.07766840606927872,1.3853087425231934,1.340171217918396,229.78829956054688
372000,4248000,244,91,374745.0,4252665.0,False,2.85906720161438,8.541558265686035,12.70372200012207,56.79362106323242,0.2785135507583618,0.1782274842262268,0.12865935266017914,1.1097896099090576,1.5034785270690918,495.379638671875
312000,4488000,137,132,315975.0,4495875.0,False,5.5761590003967285,14.4326171875,1.7410210371017456,0.3605550229549408,-0.9267239570617676,0.139236718416214,0.1871378868818283,1.0788296461105347,1.5562087297439575,684.4695434570312
300000,4428000,340,157,304725.0,4429785.0,False,18.186481475830078,54.26068878173828,16.66734504699707,21.37441635131836,0.41265055537223816,0.08840444684028625,0.06714622676372528,1.059378743171692,1.4509470462799072,518.4602661132812
396000,4440000,111,229,402885.0,4448655.0,False,12.2477445602417,29.651123046875,-6.1590986251831055,-18.32854461669922,0.930908203125,0.12923242151737213,0.16286374628543854,1.1265462636947632,1.5451676845550537,437.27581787109375
360000,4464000,115,106,363195.0,4472535.0,False,5.908079147338867,17.74654197692871,-5.233099937438965,-9.06944465637207,-0.456184983253479,0.10569317638874054,0.1444738656282425,1.2238929271697998,1.5460227727890015,583.0100708007812
444000,4440000,20,150,448515.0,4451385.0,False,16.24527359008789,46.1314582824707,-2.4696316719055176,-13.8531494140625,0.4817366898059845,0.16523589193820953,0.11131928861141205,1.1522125005722046,1.529369592666626,644.5930786132812
732000,4644000,296,161,736845.0,4647105.0,False,7.5255961418151855,21.19953155517578,-3.442559242248535,-32.55390167236328,-0.7887693643569946,0.25885605812072754,0.18708035349845886,1.2308473587036133,1.5343918800354004,0.0
372000,4248000,223,85,374565.0,4253295.0,True,14.109929084777832,38.076820373535156,-15.721489906311035,-62.8004150390625,-0.8299707770347595,0.17538541555404663,0.09085328876972198,1.148121953010559,1.5284793376922607,0.0
360000,4500000,102,207,366225.0,4508925.0,False,9.972343444824219,24.29665756225586,-3.8230929374694824,-16.95151138305664,0.9216458201408386,0.08013811707496643,0.12794959545135498,1.1624902486801147,1.4741827249526978,0.0
384000,4500000,4,311,393345.0,4511865.0,False,8.315141677856445,22.51357650756836,-0.4460178017616272,-6.983602046966553,0.5428991913795471,0.1278621107339859,0.16302846372127533,1.249146580696106,1.8774207830429077,967.781005859375
360000,4500000,155,219,366585.0,4507335.0,False,13.98066234588623,38.76588439941406,0.6328396201133728,7.412109375,0.7955790758132935,0.07153423130512238,0.1332036852836609,1.1837962865829468,1.4894347190856934,0.0
444000,4596000,394,9,444285.0,4596165.0,False,16.792842864990234,43.1468620300293,-25.51982879638672,-128.88232421875,0.37258467078208923,0.4642215073108673,0.04050043225288391,1.5066198110580444,1.530913233757019,964.5208129882812
684000,4452000,200,391,695745.0,4457985.0,False,1.370259404182434,4.35438346862793,-1.5341660976409912,-9.458428382873535,0.14729715883731842,0.07720604538917542,0.1261707842350006,1.1282373666763306,1.5253149271011353,150.0
408000,4512000,340,241,415245.0,4513785.0,False,3.112553119659424,8.125407218933105,-0.3401557207107544,-4.523736000061035,-0.5160263776779175,0.17513109743595123,0.16730967164039612,1.3167669773101807,2.1489405632019043,240.62904357910156
444000,4416000,153,167,449025.0,4423395.0,False,20.9624080657959,47.04984664916992,2.7806124687194824,8.855563163757324,0.9376699328422546,0.09996004402637482,0.1440822333097458,1.067856788635254,1.6057525873184204,570.2634887695312
408000,4536000,283,35,409065.0,4539495.0,False,23.5511531829834,62.90555953979492,-6.0044755935668945,56.06316375732422,-0.9029138088226318,0.13414734601974487,0.1277058720588684,1.3432636260986328,1.739607334136963,598.1669921875
372000,4488000,65,34,373035.0,4498035.0,False,7.2961106300354,19.92098045349121,4.8469648361206055,1.0351970195770264,0.9823235869407654,0.1361004114151001,0.09331323206424713,1.131040096282959,1.4349822998046875,0.0
396000,4404000,317,7,396225.0,4406475.0,False,27.67311668395996,76.89895629882812,44.21156311035156,13.705552101135254,-0.9323294162750244,0.17079459130764008,0.05990368872880936,1.1656845808029175,1.4054168462753296,0.0
408000,4248000,292,235,415065.0,4251225.0,True,14.46423053741455,35.3500862121582,-7.766533851623535,-6.053928375244141,0.7087743282318115,0.17413543164730072,0.0940060243010521,1.1447964906692505,1.5801881551742554,0.0
684000,4464000,156,135,688065.0,4471305.0,False,2.8346729278564453,6.7480058670043945,3.91748046875,0.570543110370636,0.27705925703048706,0.09798792749643326,0.19394682347774506,1.1270729303359985,1.6128103733062744,0.0
360000,4260000,362,377,371325.0,4261125.0,False,14.69645881652832,39.37876892089844,1.4832085371017456,-2.2530109882354736,0.5538339614868164,0.12170309573411942,0.15112543106079102,1.1076980829238892,1.5029830932617188,558.5696411132812
612000,4608000,270,77,614325.0,4611885.0,False,10.042424201965332,29.34890365600586,-21.79869270324707,-40.48244857788086,-0.333591103553772,0.46595844626426697,0.05725979804992676,1.4381552934646606,1.658310890197754,186.65231323242188
324000,4464000,269,33,325005.0,4467915.0,False,5.3500590324401855,13.25429916381836,-11.35195541381836,-33.99245834350586,-0.5365721583366394,0.12087889015674591,0.14561091363430023,1.1334022283554077,1.5383659601211548,0.0
360000,4464000,5,261,367845.0,4475835.0,False,5.624298095703125,14.90294075012207,3.2899169921875,0.2721218764781952,-0.8165605664253235,0.1615637242794037,0.15078625082969666,1.0907833576202393,1.5569612979888916,780.3846435546875
444000,4260000,398,113,447405.0,4260045.0,False,5.411331653594971,13.458523750305176,-7.231513023376465,-11.80189323425293,0.8471856713294983,0.10127387195825577,0.1038336381316185,1.0964123010635376,1.5347354412078857,774.5966796875
612000,4596000,38,311,621345.0,4606845.0,False,4.613975524902344,10.773356437683105,-2.6006672382354736,-6.5679931640625,-0.5437325239181519,0.3130951523780823,0.19346004724502563,1.2898142337799072,1.6918957233428955,597.9061279296875
432000,4572000,84,280,440415.0,4581465.0,False,23.475221633911133,68.76998901367188,47.47787857055664,43.92595672607422,0.7275952696800232,0.1389276683330536,0.11008259654045105,1.2891496419906616,1.4404109716415405,0.0
300000,4428000,304,360,310815.0,4430865.0,False,3.732863664627075,9.819172859191895,-3.634033203125,-8.84939193725586,0.2056187093257904,0.12493086606264114,0.17973221838474274,1.1055563688278198,1.7306296825408936,725.3966064453125
312000,4488000,347,233,319005.0,4489575.0,False,3.41686749458313,8.827935218811035,-4.545206546783447,4.57127571105957,-0.9518515467643738,0.11950764060020447,0.18368692696094513,1.1017543077468872,1.5848606824874878,188.7163543701172
432000,4584000,195,354,442635.0,4590135.0,False,21.902191162109375,59.52533721923828,-43.822265625,-63.28032684326172,-0.2118380218744278,0.6438459157943726,-0.09903329610824585,1.841168761253357,1.5138804912567139,110.91919708251953
360000,4272000,46,317,369525.0,4282605.0,False,9.855573654174805,26.76026725769043,23.53377342224121,15.828314781188965,-0.22598320245742798,0.13549494743347168,0.12959928810596466,1.0981097221374512,1.458366870880127,768.7652587890625
696000,4500000,61,303,705105.0,4510155.0,False,12.4854736328125,34.11294174194336,-1.2421332597732544,0.3992513120174408,0.8837528228759766,0.12994688749313354,0.1685313731431961,1.1962653398513794,1.6064931154251099,525.357177734375
336000,4500000,0,193,341805.0,4511985.0,False,4.350889682769775,12.41701889038086,-1.1585557460784912,-5.864556312561035,-0.7583861947059631,0.06591101735830307,0.11341182142496109,1.1709827184677124,1.4680652618408203,87.9646987915039
420000,4260000,381,362,430875.0,4260555.0,True,17.06883430480957,44.72599411010742,-3.024468421936035,5.872802734375,0.3670574426651001,0.11787280440330505,0.10957876592874527,1.1031488180160522,1.4020799398422241,108.09188842773438
432000,4596000,53,200,438015.0,4606395.0,False,26.303993225097656,62.43862533569336,-35.02809143066406,-91.70854949951172,0.8384312987327576,0.09512045234441757,0.12902802228927612,1.2552424669265747,1.6129310131072998,0.0
420000,4248000,304,68,422055.0,4250865.0,True,19.774791717529297,56.25735092163086,-0.4820421040058136,42.05390167236328,-0.371465802192688,0.20675227046012878,0.038244131952524185,1.1995368003845215,1.4056211709976196,0.0
444000,4596000,157,165,448965.0,4603275.0,False,16.173795700073242,38.21928024291992,46.0335693359375,80.77547454833984,0.8940759301185608,0.2368524819612503,0.15210986137390137,1.3883241415023804,1.5962564945220947,0.0
360000,4440000,44,351,370545.0,4450665.0,False,5.708136558532715,22.564411163330078,-12.38597297668457,-15.241156578063965,0.3860970437526703,0.1280727982521057,0.11765941977500916,1.0636792182922363,1.4895492792129517,942.337646484375
420000,4440000,272,393,431805.0,4443825.0,False,29.275226593017578,82.77915954589844,-1.9829643964767456,0.40900352597236633,-0.6809080839157104,0.30014899373054504,0.0478481687605381,1.2495090961456299,1.4004676342010498,0.0
444000,4596000,270,99,446985.0,4599885.0,False,16.83353042602539,48.58848571777344,-23.99448013305664,-70.70716857910156,-0.820884108543396,0.7363623380661011,-0.21575890481472015,1.9160871505737305,1.3103364706039429,217.71685791015625
420000,4296000,235,85,422565.0,4300935.0,False,29.0042667388916,77.69735717773438,12.18028450012207,39.36943817138672,-0.9529509544372559,0.13474537432193756,0.10786468535661697,1.146274209022522,1.4982837438583374,805.2940673828125
336000,4476000,7,323,345705.0,4487775.0,False,21.407638549804688,67.12564849853516,23.42664909362793,55.23166275024414,-0.738301157951355,0.2869378924369812,0.13894832134246826,1.2082189321517944,1.462770938873291,0.0
324000,4464000,82,359,334785.0,4473525.0,False,12.22513198852539,35.01634216308594,-6.341512203216553,-13.944024085998535,-0.6967243552207947,0.07375213503837585,0.0842544361948967,1.1303529739379883,1.270134449005127,0.0
420000,4296000,180,6,420195.0,4302585.0,False,2.8572187423706055,8.423380851745605,-1.4291177988052368,-8.76809310913086,0.39871785044670105,0.07720963656902313,0.047333866357803345,1.1644909381866455,1.3676273822784424,342.4839782714844
444000,4416000,265,292,452775.0,4420035.0,False,7.254517078399658,22.21366310119629,-15.898016929626465,-29.37833595275879,0.8513450026512146,0.1861165463924408,0.14312231540679932,1.1222180128097534,1.630598783493042,0.0
396000,4404000,256,40,397215.0,4408305.0,False,34.612335205078125,97.30049133300781,-16.08977508544922,-42.89988708496094,-0.8474608063697815,0.17079459130764008,0.05990368872880936,1.1656845808029175,1.4054168462753296,0.0
348000,4428000,16,97,350925.0,4439505.0,False,23.366260528564453,58.78188705444336,5.43199348449707,44.38944625854492,0.013265307061374187,0.14415688812732697,0.1987597495317459,1.1817761659622192,1.8177202939987183,0.0
444000,4380000,184,379,455385.0,4386465.0,False,11.928232192993164,28.41130828857422,-1.1184217929840088,-15.89076042175293,-0.1394902765750885,0.1641039252281189,0.17383506894111633,1.2382062673568726,1.784891963005066,450.0
360000,4452000,361,242,367275.0,4453155.0,False,1.2507716417312622,3.669935464859009,-2.168565511703491,-6.49940299987793,0.7374882102012634,0.12200814485549927,0.13133127987384796,1.1091222763061523,1.480056643486023,443.1646728515625
384000,4272000,259,138,388155.0,4276215.0,False,18.876855850219727,48.88437271118164,-13.84677505493164,-10.07716178894043,-0.7684187293052673,0.15242484211921692,0.12124426662921906,1.0697801113128662,1.360290765762329,636.7103271484375
648000,4464000,383,241,655245.0,4464495.0,False,2.795753002166748,7.211371421813965,-1.4743245840072632,-7.28309440612793,-0.861838161945343,0.13635917007923126,0.2169255167245865,1.2010469436645508,1.6140817403793335,743.1688842773438
360000,4440000,200,34,361035.0,4445985.0,False,2.73688006401062,6.147189617156982,-0.1173638254404068,-9.112751960754395,0.9982780814170837,0.07671820372343063,0.09462045878171921,1.1213222742080688,1.4364840984344482,0.0
396000,4440000,57,397,407925.0,4450275.0,True,23.18213653564453,58.76947784423828,15.757473945617676,18.08090591430664,0.7663613557815552,0.08177872747182846,0.09586268663406372,1.1021909713745117,1.3169089555740356,0.0
432000,4440000,320,61,433845.0,4442385.0,False,3.9155545234680176,11.475409507751465,0.6255967617034912,-7.750271320343018,0.6363440752029419,0.1570155769586563,0.15641966462135315,1.0963399410247803,1.4953126907348633,771.6867065429688
372000,4284000,147,321,381645.0,4291575.0,False,18.81879997253418,47.9654541015625,-2.9505343437194824,-29.09718132019043,-0.8649853467941284,0.1152380034327507,0.15385346114635468,1.3052587509155273,1.5551104545593262,376.15716552734375
336000,4464000,228,281,344445.0,4469145.0,False,13.32990837097168,29.13529396057129,-29.88800811767578,-32.34074020385742,0.10868144035339355,0.06836723536252975,0.11909423768520355,1.1341980695724487,1.47244393825531,0.0
360000,4500000,82,269,368085.0,4509525.0,False,13.205037117004395,38.17695999145508,-2.0428874492645264,-19.74191665649414,-0.653535008430481,0.09744598716497421,0.14426280558109283,1.239018201828003,1.5504149198532104,0.0
396000,4464000,295,303,405105.0,4467135.0,False,21.582515716552734,55.72203063964844,56.03718948364258,121.5511245727539,0.8833126425743103,0.09714920073747635,0.18663765490055084,1.3038978576660156,1.6250640153884888,605.3933715820312
312000,4428000,201,178,317355.0,4433955.0,False,3.752471446990967,9.18813705444336,1.0165473222732544,-1.7838948965072632,0.2683951258659363,0.12774161994457245,0.15531709790229797,1.0754106044769287,1.6476967334747314,135.67431640625
468000,4500000,347,89,470685.0,4501575.0,False,5.581826686859131,13.57750129699707,-0.834486186504364,-2.1868488788604736,-0.057004012167453766,0.1297256350517273,0.17436115443706512,1.273055911064148,1.8628976345062256,601.2493896484375
372000,4248000,61,84,374535.0,4258155.0,False,3.918274402618408,10.818318367004395,2.402235269546509,-6.63429069519043,-0.7772101163864136,0.09716369211673737,0.13699093461036682,1.0752403736114502,1.4796035289764404,380.26483154296875
384000,4248000,68,192,389775.0,4257945.0,True,16.236576080322266,47.52029037475586,14.3798828125,18.85479164123535,-0.32312002778053284,0.12080615013837814,0.07575859129428864,1.162804126739502,1.4668058156967163,0.0
408000,4212000,110,15,408465.0,4220685.0,False,22.451438903808594,70.945068359375,7.066365718841553,12.233724594116211,0.7923406958580017,0.0968390703201294,0.1850423663854599,1.1263306140899658,1.718148946762085,60.0
732000,4608000,355,214,738435.0,4609335.0,False,18.568151473999023,39.67238998413086,10.31178092956543,5.006686687469482,0.9092183709144592,0.19765891134738922,0.14946676790714264,1.1161243915557861,1.6145237684249878,65.20989227294922
432000,4584000,72,200,438015.0,4593825.0,False,6.9482316970825195,19.18882942199707,-10.2886962890625,-36.18568420410156,-0.4355711042881012,0.20560617744922638,0.18088242411613464,1.3001652956008911,1.7106201648712158,120.0
408000,4428000,208,178,413355.0,4433745.0,False,12.012031555175781,28.27716827392578,0.9200845956802368,-11.37403678894043,0.23487983644008636,0.07339680939912796,0.13443036377429962,1.1539270877838135,1.4943814277648926,0.0
456000,4428000,47,40,457215.0,4438575.0,False,23.703527450561523,64.43093872070312,21.67526626586914,72.46852111816406,0.4594744145870209,0.1535487323999405,0.1577700823545456,1.0779590606689453,1.7184038162231445,474.9737854003906
432000,4548000,267,255,439665.0,4551975.0,False,9.228246688842773,24.0496826171875,-1.765964150428772,6.336398601531982,-0.4236856698989868,0.18104660511016846,0.1847001016139984,1.2708706855773926,1.7469547986984253,706.8883666992188
372000,4512000,76,17,372525.0,4521705.0,False,14.906968116760254,37.79897689819336,-1.3666856288909912,8.374674797058105,-0.8148730397224426,0.11489900946617126,0.15475448966026306,1.2148187160491943,1.5534898042678833,0.0
396000,4260000,70,300,405015.0,4269885.0,True,21.885316848754883,56.3175163269043,8.939995765686035,64.59339904785156,-0.9154385328292847,0.17864878475666046,0.09443193674087524,1.1300582885742188,1.437692403793335,149.43650817871094
408000,4260000,272,15,408465.0,4263825.0,False,5.968409061431885,15.623982429504395,1.3036837577819824,-3.107245445251465,0.07613415271043777,0.1268642544746399,0.14146356284618378,1.0785609483718872,1.460758924484253,819.2069702148438
384000,4512000,333,389,395685.0,4513995.0,False,11.507560729980469,26.257854461669922,3.4565834999084473,45.379066467285156,-0.2981529235839844,0.11394041776657104,0.1610359102487564,1.1841764450073242,1.6320486068725586,724.7084350585938
420000,4440000,396,285,428565.0,4440105.0,False,18.09173011779785,61.00996780395508,7.055202960968018,42.75595474243164,-0.005321153439581394,0.3082476854324341,0.02254837192595005,1.2317272424697876,1.38667893409729,0.0
360000,4284000,262,34,361035.0,4288125.0,False,10.868326187133789,26.4822998046875,-9.63197135925293,2.997667074203491,-0.1624484658241272,0.10054749995470047,0.1933765560388565,1.2623006105422974,1.7283124923706055,616.7709350585938
360000,4500000,316,214,366435.0,4502505.0,False,9.973345756530762,22.19131088256836,5.214748859405518,2.7333712577819824,-0.6688908338546753,0.08755900710821152,0.13617105782032013,1.1892307996749878,1.4061750173568726,0.0
396000,4440000,366,211,402345.0,4441005.0,False,1.8951138257980347,6.100179195404053,-0.6917046308517456,-2.0756430625915527,0.7769900560379028,0.09037502855062485,0.18817327916622162,1.0592478513717651,1.6075820922851562,235.58401489257812
444000,4416000,83,398,455955.0,4425495.0,True,19.74837303161621,59.1229248046875,0.8310818076133728,-15.980008125305176,0.7870393991470337,0.1934901922941208,0.10877376049757004,1.1080423593521118,1.4865988492965698,175.47279357910156
420000,4512000,334,290,428715.0,4513965.0,True,14.910696983337402,40.89192581176758,-6.561130046844482,-27.67073631286621,-0.4611484706401825,0.15738403797149658,0.21986694633960724,1.4300673007965088,1.9537274837493896,0.0
348000,4428000,195,117,351525.0,4434135.0,False,3.640458345413208,10.413628578186035,-3.9853787422180176,-9.887858390808105,-0.1754615604877472,0.13760842382907867,0.09696999192237854,1.1255505084991455,1.5943517684936523,735.8671264648438
636000,4428000,181,375,647265.0,4434555.0,False,4.439819812774658,13.339571952819824,-8.46408462524414,-6.13438606262207,0.6087027192115784,0.20844191312789917,0.14189474284648895,1.161186695098877,1.5327668190002441,334.6894836425781
480000,4260000,363,59,481785.0,4261095.0,False,2.8865342140197754,8.011311531066895,-1.4991726875305176,-4.381537437438965,-0.4772379696369171,0.08110933005809784,0.16758501529693604,1.1730483770370483,1.7252947092056274,371.8894348144531
372000,4272000,82,114,375435.0,4281525.0,True,6.611011981964111,16.659099578857422,-3.694091796875,-19.58382225036621,-0.27634456753730774,0.13248421251773834,0.09986644238233566,1.1463534832000732,1.431441068649292,0.0
372000,4500000,375,61,373845.0,4500735.0,False,8.428357124328613,23.14206314086914,-4.675971031188965,33.96510314941406,0.8343834280967712,0.14395767450332642,0.23756365478038788,1.2202428579330444,1.8364861011505127,0.0
720000,4560000,105,122,723675.0,4568835.0,False,20.69854164123535,57.21853256225586,-1.022216796875,42.56117248535156,0.9489880204200745,0.14625830948352814,0.20685642957687378,1.1446328163146973,1.6416858434677124,906.9208374023438
384000,4356000,127,166,388995.0,4364175.0,False,7.535564422607422,17.32996940612793,5.251898765563965,-1.2633192539215088,0.131043940782547,0.0729493647813797,0.08749628067016602,1.1976224184036255,1.512011170387268,65.99678802490234
432000,4584000,288,294,440835.0,4587345.0,False,25.45781898498535,83.08924865722656,-9.308783531188965,-61.29931640625,-0.7214387059211731,0.6113420128822327,-0.045658860355615616,1.7463475465774536,1.3706082105636597,0.0
612000,4596000,100,145,616365.0,4604985.0,False,18.621150970458984,49.78987503051758,17.0732421875,58.16441345214844,-0.3506542146205902,0.2429623305797577,0.17997966706752777,1.179573655128479,1.7824532985687256,285.66131591796875
624000,4608000,2,386,635595.0,4619925.0,False,18.806528091430664,47.97393035888672,7.76378059387207,114.99270629882812,0.10280030965805054,0.4530010521411896,0.10255704820156097,1.3135191202163696,1.725770354270935,716.4527587890625
372000,4488000,140,311,381345.0,4495785.0,False,3.3895370960235596,8.720757484436035,-0.4439697265625,-6.014811038970947,-0.3509507477283478,0.11190325766801834,0.08884457498788834,1.1195653676986694,1.4037054777145386,698.212158203125
432000,4500000,213,19,432585.0,4505595.0,False,4.0203857421875,11.64735221862793,1.3295220136642456,-3.576104164123535,-0.5530492663383484,0.17374475300312042,0.199819415807724,1.4749829769134521,2.2208588123321533,601.2493896484375
660000,4608000,11,385,671565.0,4619655.0,False,3.7636938095092773,10.31348991394043,0.2977430522441864,-23.96790885925293,-0.08647486567497253,0.2018110156059265,0.1922692507505417,1.2106783390045166,1.6658179759979248,735.8671264648438
396000,4260000,158,295,404865.0,4267245.0,True,33.9888916015625,92.27330017089844,-50.41083526611328,-15.66916275024414,0.29650598764419556,0.16609911620616913,0.15249714255332947,1.1369332075119019,1.6770397424697876,229.32150268554688
360000,4284000,375,244,367335.0,4284735.0,True,15.767993927001953,37.93857192993164,-21.1356201171875,-13.467366218566895,-0.18291127681732178,0.14353971183300018,0.13410358130931854,1.1424534320831299,1.4968057870864868,0.0
408000,4428000,300,189,413685.0,4430985.0,False,26.39498519897461,72.70246124267578,19.9395751953125,44.99998474121094,0.1351909339427948,0.16447985172271729,0.051822975277900696,1.1592429876327515,1.2657378911972046,0.0
432000,4596000,3,322,441675.0,4607895.0,False,10.675590515136719,28.10544204711914,29.04901695251465,82.20298767089844,0.9630741477012634,0.18104848265647888,0.15210820734500885,1.2838985919952393,1.5587986707687378,0.0
420000,4500000,383,352,430575.0,4500495.0,False,18.17334747314453,51.68915557861328,23.82881736755371,57.76132583618164,0.7069973945617676,0.14777205884456635,0.23353929817676544,1.42042875289917,2.1790242195129395,920.5977783203125
444000,4248000,159,163,448905.0,4255215.0,True,11.243461608886719,24.27590560913086,15.654189109802246,51.46015167236328,0.6462998986244202,0.1128324642777443,0.17151153087615967,1.073715090751648,1.715263843536377,0.0
420000,4512000,304,47,421425.0,4514865.0,False,18.847759246826172,43.37639617919922,6.225545406341553,-28.92913055419922,-0.9887998700141907,0.18299444019794464,0.17659464478492737,1.2627216577529907,1.5539792776107788,0.0
612000,4608000,278,230,618915.0,4611645.0,False,8.68004035949707,22.6177978515625,9.173380851745605,6.509684085845947,-0.9572190046310425,0.29402804374694824,0.17931824922561646,1.237865924835205,1.6617709398269653,873.9566650390625
444000,4296000,342,159,448785.0,4297725.0,True,15.75847053527832,43.94148635864258,-5.783148765563965,-22.79047393798828,0.8281197547912598,0.1464075893163681,0.1340048611164093,1.1048954725265503,1.5247406959533691,0.0
456000,4488000,283,169,461085.0,4491495.0,True,18.45754051208496,52.56206512451172,21.38720703125,101.75648498535156,-0.716808021068573,0.3456753194332123,0.14238788187503815,1.368741512298584,1.507489562034607,0.0
456000,4488000,372,61,457845.0,4488825.0,False,7.6957173347473145,26.33611488342285,-11.70810317993164,-33.19779586791992,0.29318931698799133,0.15843059122562408,0.18559466302394867,1.2219362258911133,1.644771695137024,350.71417236328125
432000,4560000,322,265,439965.0,4562325.0,False,20.173049926757812,56.46955108642578,34.30243682861328,75.32646942138672,0.8560537099838257,0.14395907521247864,0.22737614810466766,1.3491477966308594,1.9688897132873535,0.0
384000,4368000,354,39,385185.0,4369365.0,False,19.506803512573242,56.45182418823242,-5.774441242218018,36.76700973510742,0.3377147614955902,0.2100284993648529,0.10632391273975372,1.2467546463012695,1.6105557680130005,336.3070373535156
732000,4608000,390,343,742305.0,4608285.0,False,7.465886116027832,21.32996940612793,-22.93311882019043,-46.70781707763672,-0.7540571689605713,0.2843053340911865,0.1457674354314804,1.2292933464050293,1.5077030658721924,118.35836029052734
360000,4464000,131,161,364845.0,4472055.0,False,10.9834566116333,27.01137924194336,-14.480130195617676,-32.57923889160156,-0.5555566549301147,0.16505536437034607,0.058514855802059174,1.1792227029800415,1.361419677734375,0.0
672000,4608000,19,11,672345.0,4619415.0,False,2.5205185413360596,6.11302375793457,-0.7110188603401184,-24.04433822631836,0.1284056156873703,0.22209611535072327,0.18025363981723785,1.2038118839263916,1.6534801721572876,618.95068359375
384000,4356000,66,198,389955.0,4366005.0,False,12.08331298828125,30.84893035888672,-5.906819820404053,1.4601237773895264,0.28161075711250305,0.11131002008914948,0.17226697504520416,1.2193814516067505,1.6947304010391235,305.6134948730469
660000,4608000,185,130,663915.0,4614435.0,False,6.768485069274902,15.0098876953125,-3.0939669609069824,-9.012518882751465,0.07584162801504135,0.16749875247478485,0.15347787737846375,1.146504282951355,1.6739697456359863,674.6112670898438
300000,4476000,44,165,304965.0,4486665.0,False,18.199125289916992,53.6702766418457,47.68035125732422,76.64398956298828,0.6619221568107605,0.11483560502529144,0.23755121231079102,1.0603001117706299,1.7664210796356201,342.931396484375
636000,4620000,350,3,636105.0,4621485.0,False,20.633996963500977,57.878578186035156,-50.947181701660156,-138.43923950195312,0.6241586208343506,0.5389930009841919,0.024649953469634056,1.3928073644638062,1.760412335395813,0.0
420000,4392000,209,368,431055.0,4397715.0,False,28.656259536743164,85.53789520263672,22.66151237487793,110.07382202148438,0.6295108795166016,0.11048141866922379,0.12369073927402496,1.2326477766036987,1.4861719608306885,0.0
444000,4380000,69,387,455625.0,4389915.0,True,7.267637729644775,17.85857391357422,-7.534952640533447,-38.59415817260742,0.15592032670974731,0.2332465648651123,0.12609054148197174,1.2822632789611816,1.7663428783416748,270.0
372000,4512000,26,75,374265.0,4523205.0,False,12.905850410461426,36.8521728515625,13.468329429626465,65.98728942871094,0.3874351382255554,0.06715087592601776,0.13398048281669617,1.1354113817214966,1.465825080871582,0.0
384000,4356000,98,219,390585.0,4365045.0,False,10.738054275512695,24.3681640625,-6.77577018737793,-8.533759117126465,0.3409064710140228,0.07802616059780121,0.1211729422211647,1.2017160654067993,1.5365668535232544,35.500938415527344
372000,4272000,49,66,373995.0,4282515.0,True,10.50947380065918,24.06618881225586,-8.60413932800293,-2.14990234375,0.24314628541469574,0.15374380350112915,0.10365831851959229,1.096251130104065,1.4198904037475586,302.4951477050781
396000,4260000,397,222,402675.0,4260075.0,False,3.9248173236846924,10.42270278930664,-1.5300971269607544,-6.757256507873535,0.28898483514785767,0.12354008853435516,0.09615238755941391,1.0533058643341064,1.5017939805984497,941.8599243164062
432000,4512000,28,296,440895.0,4523145.0,False,22.799884796142578,59.3770751953125,18.53814125061035,55.16520309448242,0.9689921140670776,0.16037333011627197,0.18751655519008636,1.287280559539795,1.961631178855896,0.0
348000,4452000,41,398,359955.0,4462755.0,False,2.3568873405456543,9.631550788879395,-5.654012203216553,-34.355712890625,-0.19788290560245514,0.14154961705207825,0.12452522665262222,1.118451714515686,1.4605962038040161,661.1359252929688
360000,4452000,79,129,363885.0,4461615.0,False,23.670183181762695,64.73748016357422,-10.171427726745605,9.48220443725586,-0.542124330997467,0.1654466986656189,0.157352015376091,1.1220836639404297,1.6458369493484497,778.6527709960938
372000,4476000,233,166,376995.0,4480995.0,False,4.364231586456299,12.641900062561035,-2.6739094257354736,-2.005845785140991,0.23080004751682281,0.13848651945590973,0.14064010977745056,1.0735676288604736,1.503308653831482,318.5932922363281
444000,4416000,72,24,444735.0,4425825.0,False,3.8165700435638428,11.456204414367676,-3.4909396171569824,-3.9893527030944824,-0.1976597011089325,0.16737696528434753,0.08405298739671707,1.094817876815796,1.5029014348983765,415.3508605957031
432000,4584000,32,260,439815.0,4595025.0,False,19.665170669555664,55.81964874267578,48.8759651184082,130.8818817138672,-0.1354973465204239,0.23517237603664398,0.09332110732793808,1.4187546968460083,1.7041194438934326,0.0
360000,4440000,353,268,368055.0,4441395.0,False,1.920501470565796,4.853786945343018,-1.1583116054534912,-16.94390296936035,0.8079968094825745,0.09683134406805038,0.07679038494825363,1.1029642820358276,1.3192771673202515,530.5662841796875
360000,4500000,241,212,366375.0,4504755.0,False,7.889259338378906,20.71230697631836,-4.366631507873535,-3.6324055194854736,-0.8662259578704834,0.11627020686864853,0.16904912889003754,1.1729209423065186,1.4904462099075317,0.0
384000,4476000,170,3,384105.0,4482885.0,False,5.463425636291504,13.928751945495605,-1.8355170488357544,-5.4348554611206055,-0.9008752107620239,0.11109142005443573,0.17115873098373413,1.083189606666565,1.5428926944732666,543.8759155273438
336000,4488000,394,255,343665.0,4488165.0,False,23.465946197509766,61.14055633544922,-28.782794952392578,23.415756225585938,-0.868942379951477,0.27502453327178955,0.13005028665065765,1.187835693359375,1.4871875047683716,690.0
732000,4644000,142,253,739605.0,4651725.0,False,9.262825965881348,20.39584732055664,2.1766490936279297,-5.601833820343018,-0.0009604108636267483,0.3213309645652771,0.13553546369075775,1.2191179990768433,1.4423481225967407,184.14227294921875
300000,4440000,73,184,305535.0,4449795.0,False,3.396456241607666,9.67115592956543,1.7500948905944824,-10.96360969543457,-0.3128187656402588,0.10014636814594269,0.17000670731067657,1.0796177387237549,1.5097315311431885,567.0771484375
348000,4500000,198,75,350265.0,4506045.0,False,2.7819554805755615,7.723931312561035,-2.685248374938965,-10.152289390563965,0.4692040979862213,0.09209044277667999,0.17126189172267914,1.1936770677566528,1.724055528640747,300.9984436035156
348000,4296000,249,367,359025.0,4300515.0,False,23.017410278320312,58.58790588378906,41.53947067260742,56.91811752319336,-0.6978582143783569,0.10951854288578033,0.13045743107795715,1.1357728242874146,1.5482406616210938,618.223388671875
408000,4248000,360,398,419955.0,4249185.0,True,15.16672420501709,45.99582290649414,0.3163791000843048,10.32470703125,-0.7842274904251099,0.24071994423866272,0.06257010996341705,1.196251630783081,1.4745652675628662,0.0
420000,4392000,154,305,429165.0,4399365.0,False,15.403301239013672,32.5533332824707,-6.687527179718018,-10.070298194885254,0.01003896165639162,0.10991586744785309,0.1275622695684433,1.1902999877929688,1.5880731344223022,836.0623168945312
660000,4608000,222,231,666945.0,4613325.0,False,4.868324279785156,14.429863929748535,-3.4890408515930176,-1.3184950351715088,-0.6546480059623718,0.21653331816196442,0.1923028975725174,1.196292519569397,1.6395952701568604,0.0
396000,4464000,234,370,407115.0,4468965.0,True,3.8729047775268555,10.44921875,0.1253662109375,-11.1810302734375,-0.5825453996658325,0.11168425530195236,0.17852318286895752,1.0825402736663818,1.537546992301941,81.44712829589844
348000,4428000,322,94,350835.0,4430325.0,False,3.7036216259002686,12.17125129699707,3.534125328063965,2.983642578125,0.580919623374939,0.11569575220346451,0.15379531681537628,1.1360334157943726,1.6841938495635986,603.4905395507812
444000,4380000,125,362,454875.0,4388235.0,False,6.039243221282959,16.94955825805664,2.679931640625,-17.88650131225586,-0.4452424645423889,0.25973930954933167,0.1690150499343872,1.3988463878631592,1.8689340353012085,351.45379638671875
432000,4560000,271,295,440865.0,4563855.0,False,7.347937107086182,20.85370635986328,-9.320841789245605,-15.735445976257324,0.6365863680839539,0.21857254207134247,0.196980819106102,1.3670214414596558,1.9421136379241943,524.500244140625
636000,4620000,329,82,638475.0,4622115.0,False,16.583391189575195,51.52634048461914,1.7551541328430176,43.40847396850586,-0.6836978793144226,0.38589420914649963,0.14291030168533325,1.2713854312896729,1.680484414100647,541.3880615234375
336000,4476000,85,100,339015.0,4485435.0,False,4.291830062866211,11.62082290649414,-5.323784828186035,-14.56467056274414,0.35636261105537415,0.12263014912605286,0.12792259454727173,1.0771278142929077,1.504895567893982,71.03677368164062
384000,4512000,86,193,389805.0,4521405.0,False,3.3852896690368652,9.675360679626465,-4.48668098449707,-14.75660514831543,-0.9750077724456787,0.1290496438741684,0.1390647143125534,1.2955738306045532,1.7344284057617188,150.0
444000,4488000,236,110,447315.0,4492905.0,False,3.9118893146514893,9.76291275024414,-5.888631343841553,-16.73271942138672,0.16393683850765228,0.17933955788612366,0.20085017383098602,1.5446668863296509,2.3573977947235107,612.3729858398438
408000,4236000,27,118,411555.0,4247175.0,False,30.735313415527344,86.27127075195312,16.32912826538086,53.03955078125,-0.2962055206298828,0.24605372548103333,0.08718188852071762,1.1992073059082031,1.584564208984375,882.4447021484375
432000,4536000,293,155,436665.0,4539195.0,False,10.472823143005371,24.17720603942871,1.5183647871017456,-23.10426139831543,-0.12724334001541138,0.21843451261520386,0.18032954633235931,1.5833184719085693,2.2310280799865723,57.6375617980957
432000,4560000,252,2,432075.0,4564425.0,False,15.40786361694336,37.99819564819336,1.0643038749694824,0.9466688632965088,0.2916347086429596,0.12711083889007568,0.17780253291130066,1.3147133588790894,1.7537930011749268,54.92902755737305
384000,4464000,62,376,395295.0,4474125.0,False,19.103662490844727,51.04451370239258,-12.891845703125,-55.81856155395508,0.9158861041069031,0.1758565604686737,0.17856161296367645,1.2143093347549438,1.691030740737915,966.1795654296875
444000,4608000,352,112,447375.0,4609425.0,False,18.9256649017334,54.7388801574707,-8.21335220336914,-50.77278518676758,-0.36319661140441895,0.345610648393631,0.10642934590578079,1.5398948192596436,1.669664978981018,0.0
456000,4488000,7,318,465555.0,4499775.0,False,5.150367259979248,11.445162773132324,-1.5360107421875,0.0748290866613388,0.04661186784505844,0.13019460439682007,0.20873089134693146,1.185179591178894,1.7013885974884033,821.77880859375
432000,4596000,282,231,438945.0,4599525.0,False,11.089855194091797,37.6171875,-24.49686622619629,-52.40468978881836,0.28335893154144287,0.19376130402088165,0.17211732268333435,1.4246728420257568,1.8089290857315063,0.0
360000,4512000,394,132,363975.0,4512165.0,False,5.939386367797852,14.529582023620605,18.16795539855957,40.11781311035156,0.30709874629974365,0.07482042908668518,0.15080644190311432,1.133057713508606,1.468194603919983,0.0
456000,4476000,1,87,458625.0,4487955.0,True,22.108076095581055,66.21611785888672,-2.5670437812805176,18.45947265625,-0.7691346406936646,0.24481716752052307,0.17264753580093384,1.2900079488754272,1.5027395486831665,65.99678802490234
660000,4500000,134,94,662835.0,4507965.0,False,3.9360573291778564,12.17007064819336,-7.809176921844482,-7.744913578033447,0.9731506109237671,0.14929433166980743,0.16918805241584778,1.171687126159668,1.5889359712600708,296.4818420410156
372000,4476000,201,145,376365.0,4481955.0,False,5.446249008178711,14.1966552734375,-7.570733070373535,-9.78696060180664,-0.8860180377960205,0.13558068871498108,0.07232123613357544,1.0739983320236206,1.3308086395263672,0.0
348000,4428000,281,114,351435.0,4431555.0,False,4.1178107261657715,13.389079093933105,1.893798828125,13.5606689453125,-0.3418942391872406,0.13212256133556366,0.059164661914110184,1.1597901582717896,1.5011130571365356,0.0
372000,4500000,9,268,380055.0,4511715.0,False,15.989720344543457,38.93886947631836,3.825303792953491,3.901909828186035,0.15263839066028595,0.14020565152168274,0.15941694378852844,1.287733793258667,1.9554691314697266,248.6039581298828
444000,4452000,255,178,449355.0,4456335.0,False,22.682462692260742,64.3143310546875,23.67027473449707,10.604452133178711,0.45774781703948975,0.1917179524898529,0.12067776173353195,1.1163538694381714,1.4385690689086914,618.6189575195312
444000,4584000,42,172,449175.0,4594725.0,False,17.981216430664062,45.419761657714844,23.29343032836914,23.63216209411621,0.12235981225967407,0.17530789971351624,0.15303994715213776,1.4323431253433228,2.0144901275634766,0.0
372000,4488000,127,171,377145.0,4496175.0,False,13.232751846313477,34.11604690551758,-3.9927163124084473,11.198893547058105,-0.5955221652984619,0.12132298201322556,0.06698829680681229,1.1522737741470337,1.3592149019241333,0.0
384000,4260000,34,120,387615.0,4270965.0,False,5.564323425292969,14.959919929504395,-0.5133056640625,-15.349081039428711,0.9263553619384766,0.09225594252347946,0.16601768136024475,1.039637804031372,1.618284821510315,952.7322998046875
420000,4512000,291,303,429105.0,4515255.0,False,3.6259214878082275,9.032999038696289,-0.1387125700712204,-11.0928955078125,0.21273162961006165,0.1742873638868332,0.22874674201011658,1.4578484296798706,1.954543948173523,324.039306640625
396000,4440000,57,365,406965.0,4450275.0,True,10.619413375854492,27.07213020324707,2.6562094688415527,-17.8773193359375,-0.8480978012084961,0.1513812243938446,0.1344497799873352,1.151401162147522,1.4286116361618042,0.0
372000,4476000,185,55,373665.0,4482435.0,False,5.916591644287109,19.56560516357422,0.0752902626991272,-4.212266445159912,-0.7902149558067322,0.15093053877353668,0.1573074907064438,1.10515558719635,1.5510162115097046,0.0
384000,4248000,96,164,388935.0,4257105.0,True,11.59155559539795,36.25127410888672,-10.069009780883789,-48.52671813964844,-0.7306531667709351,0.16364485025405884,0.10206243395805359,1.1561312675476074,1.4682754278182983,0.0
420000,4284000,17,202,426075.0,4295475.0,True,8.590361595153809,21.83631706237793,-5.78759765625,-18.81702995300293,-0.6763379573822021,0.32943063974380493,0.015034814365208149,1.2188891172409058,1.3467297554016113,0.0
360000,4440000,245,181,365445.0,4444635.0,False,6.351662635803223,15.088677406311035,0.9903835654258728,9.187092781066895,0.6224654912948608,0.07878050953149796,0.0432620570063591,1.136743426322937,1.2868636846542358,0.0
372000,4464000,203,146,376395.0,4469895.0,False,8.740616798400879,20.88762664794922,13.96165657043457,13.703545570373535,-0.4874345660209656,0.15817202627658844,0.16497497260570526,1.1334354877471924,1.531069040298462,0.0
300000,4428000,231,101,303045.0,4433055.0,False,1.9304924011230469,4.879299640655518,-1.2349039316177368,-24.42853546142578,-0.26458102464675903,0.1542641669511795,0.03052569553256035,1.1363434791564941,1.3005092144012451,497.1925964355469
372000,4464000,170,311,381345.0,4470885.0,False,12.60932445526123,32.710693359375,-8.00489616394043,27.8748779296875,-0.2913197875022888,0.10406394302845001,0.13062521815299988,1.141189694404602,1.5014106035232544,0.0
408000,4428000,182,284,416535.0,4434525.0,False,9.684492111206055,27.30626106262207,-4.7069091796875,-11.042656898498535,-0.5818899869918823,0.17732718586921692,0.10835330188274384,1.1269584894180298,1.4651508331298828,389.4931945800781
360000,4272000,110,299,368985.0,4280685.0,False,11.551244735717773,33.14889907836914,11.244140625,-17.290691375732422,-0.30553126335144043,0.13058392703533173,0.16093510389328003,1.0724223852157593,1.5236380100250244,815.3529663085938
384000,4392000,285,386,395595.0,4395435.0,False,35.61040496826172,103.06673431396484,-25.52772331237793,-110.52125549316406,-0.8756647109985352,0.102872833609581,0.09806281328201294,1.129169225692749,1.3921619653701782,0.0
660000,4608000,275,383,671505.0,4611735.0,False,8.387577056884766,20.35884666442871,-2.874742269515991,13.994683265686035,-0.188632071018219,0.19141647219657898,0.19842621684074402,1.2009735107421875,1.7488442659378052,342.9285583496094
372000,4476000,184,385,383565.0,4482465.0,False,13.385377883911133,32.38106155395508,31.453641891479492,44.72173309326172,-0.4609489142894745,0.12254264950752258,0.17166763544082642,1.071197271347046,1.542431354522705,255.55592346191406
708000,4464000,286,80,710415.0,4467405.0,False,12.577662467956543,33.08905792236328,13.77392578125,-1.9217393398284912,0.2503238916397095,0.27576160430908203,0.14695902168750763,1.1590538024902344,1.654405117034912,523.548828125
420000,4284000,59,25,420765.0,4294215.0,True,7.412110805511475,17.6839599609375,-0.6694064140319824,-16.93062400817871,-0.7688860297203064,0.12601345777511597,0.12409733235836029,1.1659101247787476,1.488020658493042,0.0
444000,4512000,77,4,444135.0,4521675.0,True,23.25313377380371,55.73544692993164,-22.89617347717285,-96.68326568603516,0.966032862663269,0.19002535939216614,0.10943619161844254,1.2339009046554565,1.422014832496643,0.0
420000,4524000,182,90,422715.0,4530525.0,False,2.693803071975708,6.6719160079956055,-2.991441488265991,-8.83059310913086,0.2860236167907715,0.13416028022766113,0.1676405817270279,1.2807393074035645,1.8512084484100342,269.2520446777344
432000,4572000,40,279,440385.0,4582785.0,False,27.223432540893555,70.01668548583984,-12.706379890441895,-29.39078712463379,0.3865208327770233,0.1810941994190216,0.15289390087127686,1.2852662801742554,1.5960932970046997,0.0
300000,4428000,319,159,304785.0,4430415.0,False,18.675151824951172,52.12126922607422,-23.57896614074707,-43.44273376464844,0.9059683084487915,0.04933437705039978,0.052856188267469406,1.1498643159866333,1.348512053489685,0.0
456000,4380000,189,56,457695.0,4386315.0,False,22.628986358642578,66.26907348632812,-11.46047592163086,-22.38454818725586,0.7756021618843079,0.3762556314468384,0.08356426656246185,1.3278095722198486,1.6008472442626953,360.0
408000,4236000,37,8,408255.0,4246875.0,True,34.040626525878906,91.53251647949219,8.930243492126465,-0.4275987446308136,-0.9579489827156067,0.12270420789718628,0.12561121582984924,1.1461777687072754,1.5354335308074951,70.82179260253906
432000,4548000,141,124,435735.0,4555755.0,False,12.043478965759277,31.624309539794922,5.954318523406982,-0.2261826992034912,-0.7338012456893921,0.17160853743553162,0.16756345331668854,1.3642125129699707,1.8989391326904297,0.0
648000,4452000,61,348,658455.0,4462155.0,False,4.062647342681885,12.85926628112793,-8.402995109558105,-23.87833595275879,-0.4833638072013855,0.203690305352211,0.16422267258167267,1.2087559700012207,1.608388066291809,979.7959594726562
360000,4512000,195,167,365025.0,4518135.0,False,3.480691909790039,9.974581718444824,-1.0297309160232544,-23.18631935119629,-0.6876981258392334,0.11883395910263062,0.177654430270195,1.1828731298446655,1.5641920566558838,0.0
396000,4512000,218,92,398775.0,4517445.0,False,20.37686538696289,55.77935028076172,-44.13290786743164,-85.15438079833984,0.5957176685333252,0.15053001046180725,0.17682191729545593,1.3153808116912842,1.854720950126648,0.0
444000,4428000,208,231,450945.0,4433745.0,False,5.121233940124512,15.049492835998535,-1.1040445566177368,-14.954155921936035,-0.8201215863227844,0.24358949065208435,0.15923449397087097,1.176297664642334,1.4760019779205322,382.10015869140625
384000,4356000,67,27,384825.0,4365975.0,False,6.048121452331543,14.282402992248535,0.11812333017587662,-28.09456443786621,0.8231804370880127,0.16486778855323792,0.1303841471672058,1.1271977424621582,1.6258606910705566,661.1359252929688
372000,4476000,149,281,380445.0,4483515.0,False,7.136297225952148,22.23607063293457,-13.485772132873535,-19.09224510192871,-0.9048706889152527,0.13082075119018555,0.08422187715768814,1.15866219997406,1.4161491394042969,0.0
432000,4512000,69,373,443205.0,4521915.0,False,14.170945167541504,38.56698989868164,-46.91489028930664,-88.72640228271484,0.5370953679084778,0.35031864047050476,0.09241742640733719,1.39496648311615,1.6605827808380127,0.0
360000,4512000,321,219,366585.0,4514355.0,False,4.848100662231445,10.542399406433105,3.953057289123535,-10.18930435180664,0.7300313711166382,0.09160906821489334,0.1636161506175995,1.1469337940216064,1.5564817190170288,0.0
408000,4224000,336,127,411825.0,4225905.0,False,3.4642560482025146,9.527926445007324,-0.6618245244026184,-2.279473304748535,-0.9546248912811279,0.07839997112751007,0.17324848473072052,1.143269658088684,1.658455491065979,0.0
444000,4608000,258,159,448785.0,4612245.0,False,28.07468032836914,85.23714447021484,-2.3409829139709473,-37.430908203125,0.9202905297279358,0.28370851278305054,0.1471589207649231,1.3891643285751343,1.7013620138168335,0.0
420000,4296000,212,61,421845.0,4301625.0,False,28.68736457824707,70.177490234375,0.3426782786846161,-25.46934700012207,-0.888651430606842,0.06988184154033661,0.06993859261274338,1.0766401290893555,1.399333119392395,572.1884155273438
420000,4524000,247,18,420555.0,4528575.0,False,0.23915280401706696,1.1020914316177368,-2.8241374492645264,-12.122029304504395,-0.08665607124567032,0.172956183552742,0.13942597806453705,1.2510721683502197,1.5484287738800049,615.3864135742188
384000,4500000,115,355,394665.0,4508535.0,False,25.1731014251709,55.9235725402832,15.249688148498535,36.169837951660156,-0.28535497188568115,0.11600124090909958,0.16183419525623322,1.299274206161499,1.898770809173584,0.0
408000,4524000,84,86,410595.0,4533465.0,False,4.030853748321533,9.55763053894043,-0.1750352680683136,-4.153415203094482,0.99212247133255,0.1380351483821869,0.19273391366004944,1.333719253540039,1.985373854637146,848.6460571289062
360000,4440000,337,126,363795.0,4441875.0,False,2.9596903324127197,8.71652603149414,-3.1816813945770264,-2.853447914123535,0.5709145665168762,0.0832175463438034,0.05920292064547539,1.1216216087341309,1.2806637287139893,328.05975341796875
396000,4512000,10,363,406905.0,4523685.0,False,4.379918098449707,11.415472984313965,-3.641655683517456,-13.721029281616211,0.01894327439367771,0.11160378158092499,0.20241224765777588,1.2154721021652222,1.7158786058425903,229.78829956054688
396000,4524000,386,84,398535.0,4524405.0,False,13.944544792175293,35.15120315551758,41.881103515625,43.19045639038086,-0.24685411155223846,0.12555243074893951,0.18297120928764343,1.249880313873291,1.698341727256775,780.0
372000,4464000,55,220,378615.0,4474335.0,False,11.321785926818848,30.13011360168457,21.69556999206543,22.24772071838379,-0.742609977722168,0.13145411014556885,0.11972679197788239,1.1039605140686035,1.4350625276565552,98.09188842773438
372000,4260000,382,253,379605.0,4260525.0,True,23.82590675354004,70.86627960205078,-14.1522216796875,-4.6127519607543945,-0.8684660792350769,0.130606010556221,0.10331928730010986,1.1435439586639404,1.4247140884399414,0.0
432000,4572000,368,214,438435.0,4572945.0,False,18.471399307250977,51.95708465576172,12.998480796813965,45.00439453125,-0.7534085512161255,0.16827969253063202,0.15916907787322998,1.4020373821258545,1.8249188661575317,955.1439819335938
420000,4440000,25,319,429585.0,4451235.0,False,3.6167914867401123,11.441826820373535,-4.819986820220947,-14.918701171875,-0.4038124084472656,0.12191247195005417,0.16267287731170654,1.066788911819458,1.4789259433746338,626.4295654296875
444000,4260000,266,123,447705.0,4264005.0,False,3.6990535259246826,9.52977180480957,-3.9333903789520264,-12.2119140625,-0.23892314732074738,0.14247259497642517,0.08913182467222214,1.103006362915039,1.5477505922317505,484.35552978515625
420000,4404000,328,375,431265.0,4406145.0,False,5.031900405883789,14.35205078125,0.4410807490348816,-9.7991943359375,-0.5232029557228088,0.151947021484375,0.11177714914083481,1.1056153774261475,1.454486608505249,297.3228454589844
444000,4440000,371,151,448545.0,4440855.0,True,15.727364540100098,35.32741928100586,8.989054679870605,21.145751953125,0.9867234230041504,0.13751794397830963,0.153007373213768,1.0929090976715088,1.5618757009506226,277.6685485839844
348000,4428000,15,82,350475.0,4439535.0,False,12.024582862854004,29.30263900756836,6.6392822265625,40.30471420288086,0.4440084397792816,0.15777447819709778,0.19430775940418243,1.1530499458312988,1.8078687191009521,420.35791015625
372000,4464000,197,327,381825.0,4470075.0,False,9.762824058532715,27.51173210144043,-5.365315914154053,4.258124351501465,0.2683314085006714,0.0992523804306984,0.1510234922170639,1.1553038358688354,1.581120491027832,3.3333332538604736
444000,4608000,331,222,450675.0,4610055.0,False,20.46320915222168,51.01768493652344,-24.79166603088379,5.4122724533081055,-0.17566269636154175,0.2768591046333313,0.1468721181154251,1.338338851928711,1.708641529083252,645.7562255859375
384000,4248000,155,5,384165.0,4255335.0,True,7.862696170806885,18.94215202331543,1.3963894844055176,-8.668741226196289,0.9750567078590393,0.09791737049818039,0.10284748673439026,1.115762710571289,1.477959394454956,0.0
444000,4572000,255,86,446595.0,4576335.0,False,5.236687183380127,13.947089195251465,-1.8006998300552368,-9.077298164367676,0.4427248239517212,0.19397737085819244,0.20765069127082825,1.5502856969833374,2.1828999519348145,254.9533233642578
456000,4488000,95,333,466005.0,4497135.0,True,21.575950622558594,62.418514251708984,-4.3186445236206055,-12.567803382873535,-0.8118423223495483,0.2578008770942688,0.08629586547613144,1.2299636602401733,1.5503699779510498,0.0
336000,4476000,96,122,339675.0,4485105.0,False,13.740036010742188,35.87522888183594,-1.3332384824752808,13.9622802734375,-0.60642409324646,0.13284362852573395,0.0681585744023323,1.1502193212509155,1.3453260660171509,0.0
408000,4212000,101,192,413775.0,4220955.0,False,5.873379707336426,19.44251823425293,-8.949923515319824,16.158935546875,0.7849308252334595,0.09786608815193176,0.09641032665967941,1.1240743398666382,1.4240339994430542,616.127197265625
396000,4512000,298,285,404565.0,4515045.0,False,6.157104015350342,15.487060546875,-6.248684406280518,-21.64337921142578,0.6150451302528381,0.11460261046886444,0.16851384937763214,1.1944878101348877,1.6232672929763794,65.41706085205078
324000,4500000,305,287,332625.0,4502835.0,False,3.212325096130371,8.279622077941895,1.672607421875,3.0378823280334473,-0.8408429026603699,0.08606836944818497,0.1317146271467209,1.1577988862991333,1.432464599609375,285.66131591796875
372000,4476000,133,9,372285.0,4483995.0,False,3.3764500617980957,8.85740852355957,-3.0402019023895264,-12.237833976745605,-0.6322474479675293,0.1516464501619339,0.10518079996109009,1.0766268968582153,1.5691636800765991,488.97845458984375
432000,4392000,255,39,433185.0,4396335.0,False,36.385379791259766,110.154296875,-3.5315349102020264,-37.6993522644043,-0.5421420335769653,0.23606857657432556,0.13032187521457672,1.3250142335891724,1.5780502557754517,0.0
372000,4500000,359,135,376065.0,4501215.0,False,15.008519172668457,50.20529556274414,21.93857192993164,27.192951202392578,-0.900736927986145,0.09582027047872543,0.15723764896392822,1.277725100517273,1.6788798570632935,0.0
360000,4440000,334,100,363015.0,4441965.0,False,3.8475899696350098,9.56419563293457,4.108615398406982,-0.4093153476715088,0.9470116496086121,0.09092101454734802,0.13307508826255798,1.0497854948043823,1.5312893390655518,799.1871337890625
372000,4500000,64,15,372465.0,4510065.0,False,17.2485294342041,41.44996643066406,25.69265365600586,90.88750457763672,-0.13674837350845337,0.09106002002954483,0.1653071492910385,1.1982202529907227,1.561218500137329,0.0
468000,4500000,381,70,470115.0,4500555.0,False,2.7808926105499268,7.781494140625,-2.866509437561035,-6.399617671966553,0.5209689140319824,0.1347474604845047,0.17814421653747559,1.1757712364196777,1.7509956359863281,816.4557495117188
732000,4644000,125,269,740085.0,4652235.0,False,6.866318702697754,17.82278060913086,-10.959187507629395,-15.4075927734375,0.5578286647796631,0.3082640469074249,0.12871408462524414,1.3001766204833984,1.4554502964019775,722.9111938476562
336000,4476000,103,286,344595.0,4484895.0,False,15.801186561584473,38.39052963256836,-35.96699905395508,-50.8411750793457,0.2388910949230194,0.28676748275756836,0.1260816901922226,1.1848775148391724,1.472706913948059,0.0
360000,4512000,114,208,366255.0,4520565.0,False,5.2754130363464355,14.21351432800293,-0.8025173544883728,-1.1079508066177368,-0.9665504693984985,0.07664306461811066,0.12154223024845123,1.1684387922286987,1.435362696647644,0.0
372000,4476000,176,122,375675.0,4482705.0,False,5.523876667022705,13.78818130493164,-0.306084543466568,-4.365057945251465,-0.9691002368927002,0.14889588952064514,0.09919370710849762,1.0484488010406494,1.3831760883331299,0.0
348000,4488000,340,205,354165.0,4489785.0,False,9.054973602294922,22.85404396057129,-14.551201820373535,-6.03184700012207,-0.5626010894775391,0.17829573154449463,0.11774004995822906,1.12972092628479,1.5685280561447144,941.8599243164062
384000,4512000,204,392,395775.0,4517865.0,False,11.587060928344727,27.13477897644043,10.99500846862793,-12.860282897949219,-0.0372600257396698,0.08554010093212128,0.15840187668800354,1.1921167373657227,1.5868825912475586,0.0
420000,4500000,239,249,427485.0,4504815.0,True,11.301013946533203,32.32145309448242,-8.8212890625,-34.85019302368164,0.6285635232925415,0.1516704112291336,0.17781642079353333,1.3870458602905273,1.9899526834487915,0.0
360000,4464000,353,297,368925.0,4465395.0,False,18.189252853393555,52.28997039794922,-12.466607093811035,15.474093437194824,-0.7820619940757751,0.22617453336715698,0.12428729981184006,1.1654655933380127,1.4377354383468628,201.20281982421875
396000,4440000,113,132,399975.0,4448595.0,False,6.834217548370361,19.84772491455078,-2.291449546813965,-21.62765884399414,-0.19976340234279633,0.10535919666290283,0.15572421252727509,1.098608374595642,1.5355502367019653,0.0
372000,4488000,8,287,380625.0,4499745.0,False,4.160523891448975,10.38671875,-0.9985080361366272,-6.988254070281982,0.7840556502342224,0.10903634130954742,0.10594630986452103,1.1807258129119873,1.5334422588348389,0.0
420000,4248000,39,329,429885.0,4258815.0,False,6.225521087646484,16.03687858581543,-4.328884601593018,-5.518134117126465,0.5988765358924866,0.11978917568922043,0.10965247452259064,1.085443377494812,1.6313151121139526,902.8290405273438
660000,4608000,369,335,670065.0,4608915.0,False,2.4950037002563477,7.208441734313965,-7.94032096862793,-24.42409896850586,0.4671918451786041,0.1438262164592743,0.2306811511516571,1.1523765325546265,1.78829026222229,60.0
384000,4356000,83,133,388005.0,4365495.0,False,11.354084968566895,34.375732421875,-14.11695671081543,-32.68947982788086,0.7503802180290222,0.11068163812160492,0.1495407223701477,1.2189610004425049,1.6207910776138306,70.82179260253906
372000,4500000,250,6,372195.0,4504485.0,False,15.055845260620117,42.4647216796875,15.967501640319824,96.34463500976562,0.5815304517745972,0.14794950187206268,0.11832190304994583,1.202528476715088,1.5296943187713623,0.0
456000,4488000,216,356,466695.0,4493505.0,True,16.4942569732666,39.06248474121094,-9.441840171813965,1.1297472715377808,0.9263725280761719,0.12596115469932556,0.23196861147880554,1.1861827373504639,1.849834680557251,0.0
444000,4416000,177,158,448755.0,4422675.0,False,6.551800727844238,19.257282257080078,-11.028985023498535,-16.9705810546875,0.9335023164749146,0.103431336581707,0.1260443776845932,1.0730453729629517,1.5278600454330444,424.97247314453125
300000,4428000,178,215,306465.0,4434645.0,False,29.710460662841797,74.97908782958984,55.63031768798828,81.92240905761719,0.928903341293335,0.08988510817289352,0.16223494708538055,1.0723422765731812,1.549628734588623,496.79595947265625
444000,4584000,179,42,445275.0,4590615.0,False,33.18160629272461,98.09744262695312,31.43061065673828,95.1704330444336,0.254130095243454,0.21151959896087646,0.14055591821670532,1.265647292137146,1.5911973714828491,674.611083984375
396000,4440000,136,182,401475.0,4447905.0,False,17.96613311767578,48.13308334350586,-22.648681640625,24.78126335144043,0.740172803401947,0.12948909401893616,0.17054007947444916,1.1694799661636353,1.7569973468780518,30.0
480000,4248000,52,77,482325.0,4258425.0,False,5.251213550567627,12.458319664001465,0.010850694961845875,-8.88487434387207,-0.6970873475074768,0.08519285172224045,0.10901276022195816,1.1256510019302368,1.4894630908966064,342.931396484375
384000,4452000,282,142,388275.0,4455525.0,False,18.991458892822266,54.82973861694336,1.3778754472732544,82.156494140625,0.5639066696166992,0.1243310496211052,0.1261337399482727,1.2026574611663818,1.6108441352844238,193.64892578125
648000,4452000,109,175,653265.0,4460715.0,False,16.54401397705078,40.21799087524414,11.873616218566895,18.67209243774414,-0.9042397737503052,0.2952057719230652,0.12976199388504028,1.2401959896087646,1.6309900283813477,45.144012451171875
312000,4428000,222,161,316845.0,4433325.0,False,2.296356201171875,6.163113117218018,1.6061739921569824,-1.4313693046569824,0.4928334057331085,0.12428572028875351,0.1693933606147766,1.0726476907730103,1.659668207168579,577.2312622070312
420000,4296000,160,183,425505.0,4303185.0,True,26.84759521484375,79.9807357788086,23.18565559387207,17.53316307067871,-0.6659750938415527,0.1677851527929306,0.0010170956375077367,1.1987038850784302,1.275635004043579,0.0
444000,4488000,271,236,451095.0,4491855.0,False,3.8638949394226074,10.884331703186035,1.7889946699142456,-11.220553398132324,0.3901376724243164,0.112039715051651,0.20049701631069183,1.147216796875,1.594141960144043,957.0266723632812
324000,4476000,53,345,334365.0,4486395.0,False,4.17933464050293,9.880940437316895,-1.3937174081802368,-22.05509376525879,0.12800924479961395,0.13621333241462708,0.15633559226989746,1.1195415258407593,1.4870498180389404,480.6260070800781
420000,4248000,246,36,421095.0,4252605.0,False,9.19980525970459,25.96180534362793,0.03862844780087471,5.707383632659912,-0.2843478322029114,0.18083502352237701,0.08247289061546326,1.1160354614257812,1.6006156206130981,445.4212646484375
696000,4452000,180,109,699285.0,4458585.0,False,15.64834213256836,37.96419143676758,12.39097785949707,26.60039520263672,0.9494776129722595,0.11511564254760742,0.15305417776107788,1.1396156549453735,1.5236655473709106,450.0
636000,4440000,338,382,647475.0,4441845.0,False,6.2375006675720215,18.35820770263672,7.675021648406982,9.637939453125,-0.7191026210784912,0.15932929515838623,0.19307288527488708,1.197420358657837,1.6634763479232788,759.9345092773438
456000,4440000,346,55,457665.0,4441605.0,False,36.94573974609375,102.6333999633789,-23.946086883544922,-42.74081802368164,0.9825276136398315,0.11780407279729843,0.1257181018590927,1.1034388542175293,1.70045006275177,702.7092895507812
348000,4500000,14,87,350625.0,4511565.0,False,16.264568328857422,38.45534896850586,5.804836750030518,-1.0658501386642456,-0.7948393821716309,0.07668378204107285,0.17479531466960907,1.226745843887329,1.6293576955795288,592.1994018554688
396000,4212000,11,197,401925.0,4223655.0,False,9.5413818359375,27.12154197692871,-4.283040523529053,-17.14809799194336,0.5775862336158752,0.14458425343036652,0.06642401218414307,1.1436516046524048,1.594951868057251,540.0
684000,4464000,213,122,687675.0,4469595.0,False,1.2740716934204102,2.8553874492645264,-0.3461642861366272,-2.785943031311035,0.963856041431427,0.08183163404464722,0.17225126922130585,1.1497153043746948,1.5351128578186035,678.9699096679688
444000,4440000,191,54,445635.0,4446255.0,False,3.5301272869110107,9.422661781311035,0.5072021484375,-1.2784559726715088,0.6968450546264648,0.12398672103881836,0.14740337431430817,1.0902371406555176,1.508022427558899,691.0861206054688
432000,4404000,274,15,432465.0,4407765.0,False,3.4961960315704346,9.11599349975586,-2.6433513164520264,-11.3441162109375,-0.9859945774078369,0.11518461257219315,0.1292531043291092,1.1128772497177124,1.5218260288238525,45.144012451171875
408000,4248000,343,192,413775.0,4249695.0,True,11.570112228393555,29.87018585205078,-12.297810554504395,-50.10640335083008,-0.889107346534729,0.17454421520233154,0.09100408852100372,1.1013290882110596,1.598793864250183,10.0
396000,4440000,101,49,397485.0,4448955.0,False,4.520485877990723,11.74461555480957,-9.981770515441895,-14.352484703063965,-0.2152983695268631,0.1029607430100441,0.14894002676010132,1.0997830629348755,1.4797179698944092,0.0
432000,4596000,170,279,440385.0,4602885.0,False,27.227914810180664,73.83120727539062,-9.5518798828125,-72.17717742919922,0.2137567549943924,0.20120766758918762,0.1683991402387619,1.354628562927246,1.6750428676605225,0.0
684000,4464000,43,100,687015.0,4474695.0,False,2.232712984085083,7.96751594543457,1.8795166015625,-1.3483614921569824,-0.7813501954078674,0.11624683439731598,0.1782524436712265,1.1139421463012695,1.7113490104675293,630.0
420000,4260000,355,346,430395.0,4261335.0,True,21.824892044067383,53.88362503051758,6.791205406188965,7.1009931564331055,0.7124148607254028,0.11088909208774567,0.09037113934755325,1.1513646841049194,1.4893147945404053,0.0
696000,4488000,233,9,696285.0,4492995.0,False,18.254749298095703,53.35847854614258,24.51926040649414,86.06426239013672,-0.900165855884552,0.2553163170814514,0.13938862085342407,1.2661739587783813,1.5582488775253296,684.469482421875
372000,4428000,297,122,375675.0,4431075.0,False,5.813629627227783,20.01540756225586,-10.148016929626465,-25.97193717956543,-0.43344444036483765,0.1129099503159523,0.09715664386749268,1.143834114074707,1.3288702964782715,0.0
684000,4476000,326,273,692205.0,4478205.0,False,1.5475176572799683,3.9569904804229736,-0.6950276494026184,-1.3711615800857544,0.8597384691238403,0.0959104672074318,0.16740278899669647,1.193583369255066,1.6181607246398926,720.0
420000,4512000,246,153,424605.0,4516605.0,False,24.909494400024414,72.21871948242188,-2.9871692657470703,47.440834045410156,0.48998379707336426,0.22421547770500183,0.08803298324346542,1.1608901023864746,1.443721055984497,0.0
444000,4584000,53,232,450975.0,4594395.0,False,4.530795574188232,12.407538414001465,-10.718411445617676,-33.26934051513672,-0.007945777848362923,0.3024154007434845,0.11882408708333969,1.480473279953003,1.8948578834533691,874.9859619140625
444000,4608000,201,204,450135.0,4613955.0,False,22.920289993286133,67.20952606201172,13.82701301574707,91.31361389160156,-0.4993831515312195,0.2646854519844055,0.15600253641605377,1.3523387908935547,1.5949428081512451,930.1615600585938
696000,4452000,306,196,701895.0,4454805.0,False,6.304768085479736,14.51637077331543,-0.2609049081802368,-9.640869140625,-0.3822985589504242,0.1294832080602646,0.17289918661117554,1.179397702217102,1.5972610712051392,900.333251953125
432000,4584000,112,189,437685.0,4592625.0,False,23.81533432006836,71.76457977294922,-9.993706703186035,-3.177110433578491,-0.790198028087616,0.17562934756278992,0.1344621777534485,1.3437674045562744,1.5392853021621704,0.0
420000,4512000,94,5,420165.0,4521165.0,False,9.562849044799805,24.17568588256836,7.746663570404053,-5.426676273345947,-0.41343584656715393,0.11853057891130447,0.17546623945236206,1.3314193487167358,1.7732125520706177,0.0
348000,4428000,113,55,349665.0,4436595.0,False,18.002792358398438,46.91653060913086,23.47417640686035,31.23933982849121,0.6973453760147095,0.13287004828453064,0.1108655110001564,1.0787221193313599,1.6339515447616577,932.2553100585938
468000,4452000,52,325,477765.0,4462425.0,False,7.626714706420898,21.21161651611328,-22.26949119567871,-55.9748649597168,-0.020990176126360893,0.2024652510881424,0.10254638642072678,1.1184028387069702,1.5221920013427734,741.3501586914062
384000,4392000,336,197,389925.0,4393905.0,False,16.365203857421875,42.44279098510742,46.12749481201172,37.69070053100586,-0.23269882798194885,0.0921953096985817,0.13879519701004028,1.1409447193145752,1.4935401678085327,0.0
696000,4476000,279,2,696075.0,4479615.0,False,1.0233533382415771,2.5212674140930176,-0.6916368007659912,-2.622992753982544,-0.17687039077281952,0.09215967357158661,0.1366032361984253,1.0886571407318115,1.491654872894287,363.3193359375
600000,4596000,95,304,609135.0,4605135.0,False,2.970599412918091,9.196587562561035,-5.14781379699707,-14.243815422058105,-0.8450103402137756,0.34249019622802734,0.16059473156929016,1.3656275272369385,1.6715319156646729,229.78829956054688
648000,4596000,21,228,654855.0,4607355.0,False,11.932785987854004,27.78678321838379,8.068793296813965,-19.33873176574707,-0.48785799741744995,0.31823745369911194,0.18215441703796387,1.272132396697998,1.9281789064407349,233.88705444335938
444000,4596000,264,87,446625.0,4600065.0,False,16.96980857849121,48.5231819152832,-11.816365242004395,-103.2293701171875,-0.577831506729126,0.6686835885047913,-0.11196504533290863,1.8866198062896729,1.4691886901855469,618.223388671875
432000,4380000,127,20,432615.0,4388175.0,False,25.875762939453125,66.54597473144531,13.743733406066895,78.91756439208984,0.9650858640670776,0.14352713525295258,0.15410853922367096,1.1863527297973633,1.6977179050445557,0.0
420000,4428000,110,238,427155.0,4436685.0,False,17.54998016357422,39.330078125,-5.786417484283447,-9.82765007019043,0.14553804695606232,0.18343384563922882,0.10071902722120285,1.2017499208450317,1.5627788305282593,0.0
396000,4224000,399,42,397275.0,4224015.0,False,6.543383598327637,23.26951789855957,-9.82724380493164,-17.27090072631836,-0.8073046803474426,0.11709624528884888,0.055675774812698364,1.0478640794754028,1.5455105304718018,914.7656860351562
444000,4584000,177,29,444885.0,4590675.0,False,23.99492835998535,74.31453704833984,7.200520992279053,47.53276824951172,0.4604220688343048,0.3763050436973572,0.08193089067935944,1.3541996479034424,1.5120031833648682,960.7810668945312
444000,4416000,373,377,455325.0,4416795.0,True,12.45978832244873,32.66474151611328,10.134033203125,10.50657844543457,0.806097149848938,0.1355423480272293,0.16115687787532806,1.0823278427124023,1.4669344425201416,0.0
420000,4284000,38,366,430995.0,4294845.0,True,6.742250919342041,25.77346420288086,7.304036617279053,15.559271812438965,0.42004460096359253,0.20792710781097412,0.07038787007331848,1.1403061151504517,1.4776253700256348,0.0
420000,4296000,296,209,426285.0,4299105.0,True,12.405616760253906,31.77739715576172,9.07937240600586,-41.88956832885742,-0.8134848475456238,0.311479777097702,0.08505407720804214,1.2213855981826782,1.562399983406067,0.0
420000,4296000,399,32,420975.0,4296015.0,True,11.649219512939453,27.68387794494629,4.78785514831543,2.9341769218444824,0.21290142834186554,0.13057425618171692,0.09793496131896973,1.1987961530685425,1.5087534189224243,0.0
396000,4404000,356,377,407325.0,4405305.0,False,2.201662302017212,6.17822265625,-2.381903648376465,-35.84148406982422,-0.461028516292572,0.08158262819051743,0.09965883940458298,1.0596901178359985,1.4310448169708252,110.919189453125
360000,4452000,60,313,369405.0,4462185.0,False,11.48114013671875,26.30537986755371,-5.036024570465088,-1.813381552696228,-0.15212805569171906,0.13695555925369263,0.12808458507061005,1.1756198406219482,1.5047045946121216,0.0
732000,4596000,9,344,742335.0,4607715.0,False,13.729791641235352,36.29836654663086,-4.709920406341553,-13.5499267578125,0.34042999148368835,0.22001130878925323,0.17259979248046875,1.2551645040512085,1.5937625169754028,236.0408477783203
420000,4440000,193,364,430935.0,4446195.0,False,8.674503326416016,22.79768943786621,28.59926986694336,96.82972717285156,0.8765802383422852,0.2994670271873474,0.05802474170923233,1.1947051286697388,1.4512773752212524,0.0
360000,4464000,356,155,364665.0,4465305.0,False,15.864721298217773,41.6394157409668,2.180799722671509,31.375,0.06953959912061691,0.13724814355373383,0.1162959486246109,1.088165044784546,1.6321232318878174,638.2789306640625
468000,4452000,69,388,479655.0,4461915.0,False,6.016864776611328,14.778360366821289,-17.53883171081543,-58.37795639038086,-0.09132440388202667,0.19013264775276184,0.1313827782869339,1.131514310836792,1.5268076658248901,45.144012451171875
696000,4488000,129,164,700935.0,4496115.0,False,16.331621170043945,50.57231903076172,-34.85389709472656,-30.88142967224121,0.399802029132843,0.3769136667251587,0.07474853843450546,1.2628517150878906,1.4327369928359985,730.95849609375
372000,4500000,59,243,379305.0,4510215.0,False,6.659363269805908,18.35423469543457,-3.700914144515991,-3.4142796993255615,0.6095739006996155,0.110484778881073,0.15638969838619232,1.1598200798034668,1.5832191705703735,0.0
396000,4512000,125,39,397185.0,4520235.0,False,30.776485443115234,89.63162994384766,17.6063232421875,112.73799896240234,-0.7993675470352173,0.15053001046180725,0.17682191729545593,1.3153808116912842,1.854720950126648,0.0
300000,4428000,273,284,308535.0,4431795.0,False,19.925832748413086,60.92434310913086,7.256279945373535,-18.40973663330078,0.640173614025116,0.13668741285800934,0.10773223638534546,1.1735389232635498,1.4620611667633057,0.0
396000,4260000,311,196,401895.0,4262655.0,True,4.813417911529541,14.1060791015625,0.5874701738357544,0.5346950888633728,0.7444043755531311,0.09744126349687576,0.10280919075012207,1.0885108709335327,1.4656082391738892,267.9275207519531
360000,4272000,46,277,368325.0,4282605.0,False,4.201269149780273,12.096598625183105,-2.9886066913604736,-26.37858009338379,-0.8382534384727478,0.1529228538274765,0.14759525656700134,1.0943305492401123,1.5346342325210571,840.8324584960938
732000,4644000,251,114,735435.0,4648455.0,False,18.761831283569336,55.23612594604492,-8.98434829711914,12.199178695678711,0.5460460782051086,0.20990894734859467,0.15710656344890594,1.1751916408538818,1.5874794721603394,0.0
372000,4476000,220,88,374655.0,4481385.0,False,2.8913214206695557,9.09608268737793,-2.890489339828491,-16.44482421875,-0.8447259068489075,0.14416204392910004,0.15775036811828613,1.0792800188064575,1.5948647260665894,30.0
732000,4608000,328,256,739695.0,4610145.0,False,6.686910152435303,17.40256118774414,-1.0380316972732544,-24.87065887451172,0.9297348856925964,0.20849871635437012,0.1296115219593048,1.1356520652770996,1.5958521366119385,146.5391387939453
432000,4392000,242,132,435975.0,4396725.0,False,25.83733558654785,77.1934814453125,6.381333827972412,-21.77511978149414,0.6330322027206421,0.22135691344738007,0.12224406749010086,1.223103642463684,1.5787436962127686,44.92902755737305
648000,4464000,368,151,652545.0,4464945.0,False,8.493408203125,23.19867515563965,-8.237548828125,9.564616203308105,-0.2394258677959442,0.27702221274375916,0.10894279181957245,1.2204604148864746,1.6435987949371338,227.4425506591797
408000,4512000,193,351,418545.0,4518195.0,False,15.810670852661133,40.25259017944336,11.9652099609375,13.495211601257324,-0.24632184207439423,0.13378705084323883,0.14959102869033813,1.3227366209030151,1.869916558265686,0.0
372000,4512000,343,71,374145.0,4513695.0,False,10.578814506530762,26.8338623046875,4.8834228515625,14.003933906555176,0.7727065086364746,0.08109717071056366,0.14761367440223694,1.1831114292144775,1.5738165378570557,0.0
432000,4464000,145,288,440655.0,4471635.0,False,3.6550300121307373,9.753010749816895,-4.3022871017456055,-18.675983428955078,-0.21041768789291382,0.12783020734786987,0.13393323123455048,1.088715672492981,1.4831808805465698,699.7175903320312
696000,4452000,40,247,703425.0,4462785.0,False,7.864768981933594,23.10005760192871,-3.083265542984009,5.395928382873535,0.4151528775691986,0.10911431163549423,0.17614619433879852,1.161898136138916,1.6739416122436523,285.66131591796875
660000,4608000,258,356,670695.0,4612245.0,False,9.974543571472168,25.50385093688965,-5.56480598449707,22.4996337890625,0.25790107250213623,0.17996002733707428,0.22612819075584412,1.1855086088180542,1.7788941860198975,340.2937316894531
660000,4500000,195,90,662715.0,4506135.0,False,3.073176622390747,7.492472171783447,-4.161661624908447,-1.7021620273590088,0.2994471490383148,0.17422492802143097,0.11665146797895432,1.1435223817825317,1.5160290002822876,594.1382446289062
384000,4356000,163,113,387405.0,4363095.0,False,5.481945514678955,14.43100357055664,-4.378390789031982,-9.255575180053711,0.7576577067375183,0.08421650528907776,0.1073743924498558,1.1275641918182373,1.5499523878097534,700.7857055664062
432000,4572000,365,41,433245.0,4573035.0,False,13.492406845092773,37.89406967163086,-13.8260498046875,-22.74149513244629,0.8934357166290283,0.12199217081069946,0.17728941142559052,1.3031692504882812,1.7436203956604004,0.0
420000,4428000,174,225,426765.0,4434765.0,False,20.779905319213867,53.33395767211914,-17.26015853881836,23.66097068786621,0.36529430747032166,0.22546283900737762,0.07676991820335388,1.1498339176177979,1.3529441356658936,648.0745239257812
408000,4536000,191,314,417435.0,4542255.0,False,2.8553361892700195,7.54026985168457,-5.766913414001465,-31.08521842956543,-0.2289327085018158,0.16127796471118927,0.19614183902740479,1.4286866188049316,2.0792806148529053,0.0
336000,4464000,395,280,344415.0,4464135.0,False,2.302658796310425,6.09693717956543,-0.8901909589767456,-20.31781768798828,-0.23527313768863678,0.08859175443649292,0.12719404697418213,1.0897501707077026,1.5311601161956787,407.7607116699219
432000,4260000,379,0,432015.0,4260615.0,True,5.956190586090088,15.529866218566895,-8.424235343933105,0.0843370258808136,0.8735107183456421,0.13987427949905396,0.11061044037342072,1.0906383991241455,1.589138388633728,78.93505096435547
648000,4368000,123,98,650955.0,4376295.0,False,3.498075008392334,10.60731315612793,-11.126275062561035,-8.344780921936035,0.7766785025596619,0.2322286069393158,0.17959709465503693,1.2526050806045532,1.5118075609207153,671.1946411132812
348000,4296000,106,340,358215.0,4304805.0,False,12.489798545837402,27.23436164855957,16.19875717163086,9.77389907836914,-0.38357484340667725,0.10588382929563522,0.1052432507276535,1.0770900249481201,1.4833911657333374,336.162109375
420000,4260000,190,204,426135.0,4266285.0,True,8.007493019104004,22.06222915649414,-6.619683265686035,15.635579109191895,0.3351022005081177,0.21892379224300385,0.04833866283297539,1.1696600914001465,1.3920786380767822,21.380712509155273
372000,4464000,386,84,374535.0,4464405.0,False,12.176217079162598,31.281494140625,-8.839938163757324,21.54598045349121,0.8030616044998169,0.11300750821828842,0.17306046187877655,1.0569288730621338,1.4614607095718384,0.0
396000,4260000,343,284,404535.0,4261695.0,True,23.904132843017578,71.02701568603516,-0.4477267563343048,8.75404167175293,0.8495132327079773,0.10512607544660568,0.015099022537469864,1.1157386302947998,1.3568693399429321,0.0
372000,4248000,40,92,374775.0,4258785.0,False,5.08336067199707,14.777411460876465,-5.338758945465088,-40.75602340698242,0.7829155921936035,0.10829831659793854,0.11398792266845703,1.0691406726837158,1.4565305709838867,418.5700988769531
432000,4560000,180,146,436395.0,4566585.0,False,10.511199951171875,33.85403060913086,-19.129718780517578,84.67259216308594,-0.09540154039859772,0.2203138768672943,0.16001732647418976,1.3243027925491333,1.6621671915054321,0.0
444000,4608000,245,373,455205.0,4612635.0,False,31.566761016845703,96.63981628417969,13.188883781433105,97.705322265625,0.8743604421615601,0.11771080642938614,0.15436077117919922,1.1526859998703003,1.9977138042449951,386.6644592285156
684000,4584000,361,367,695025.0,4585155.0,False,2.3040080070495605,5.965982913970947,-2.130601644515991,-0.9728190302848816,-0.91004478931427,0.12844835221767426,0.21830996870994568,1.117260217666626,1.5944124460220337,475.9233093261719
396000,4476000,347,124,399735.0,4477575.0,True,28.892866134643555,85.26353454589844,35.49728775024414,104.00811004638672,-0.9373854398727417,0.16122913360595703,0.15272307395935059,1.203228235244751,1.5502554178237915,0.0
696000,4452000,43,124,699735.0,4462695.0,False,2.149000644683838,5.14246940612793,-3.3415119647979736,-7.1148681640625,-0.7610190510749817,0.11511564254760742,0.15305417776107788,1.1396156549453735,1.5236655473709106,636.7103271484375
360000,4500000,50,153,364605.0,4510485.0,False,4.511785984039307,13.6297607421875,-3.9399821758270264,-9.438815116882324,-0.034598249942064285,0.10895679891109467,0.16329926252365112,1.1994322538375854,1.547308325767517,0.0
696000,4572000,173,37,697125.0,4578795.0,False,3.2237207889556885,10.353081703186035,-8.224799156188965,-17.73427963256836,0.5552535057067871,0.11538751423358917,0.18309138715267181,1.121771216392517,1.5179535150527954,469.2546691894531
396000,4260000,18,49,397485.0,4271445.0,False,3.1666243076324463,8.169352531433105,-1.8448078632354736,-8.71068000793457,0.9505845904350281,0.0920351967215538,0.10415759682655334,1.1709164381027222,1.5692496299743652,960.7811279296875
312000,4464000,366,396,323895.0,4465005.0,False,1.9331202507019043,4.663343906402588,-0.5637342929840088,-2.062812089920044,-0.9580287337303162,0.12119124829769135,0.19440902769565582,1.087259292602539,1.708045482635498,700.1429443359375
408000,4536000,327,186,413595.0,4538175.0,False,6.117029190063477,14.9228515625,11.66396713256836,29.10439682006836,0.46192803978919983,0.11208558827638626,0.1945353001356125,1.2058711051940918,1.6562706232070923,0.0
696000,4488000,69,252,703575.0,4497915.0,False,14.640155792236328,42.11149215698242,-25.80213737487793,-33.94520568847656,0.110920749604702,0.38541871309280396,0.03812173381447792,1.2866603136062622,1.45731782913208,420.35791015625
480000,4452000,52,115,483465.0,4462425.0,True,4.043579578399658,12.782511711120605,-8.644476890563965,-16.28358268737793,0.5135044455528259,0.1900833398103714,0.13951869308948517,1.1936982870101929,1.5523978471755981,81.44712829589844
408000,4524000,192,386,419595.0,4530225.0,False,2.2814342975616455,7.129489421844482,-6.975165367126465,-10.46898078918457,-0.6453180313110352,0.1444091647863388,0.19356513023376465,1.3643977642059326,2.0296154022216797,41.00187683105469
396000,4536000,198,399,407985.0,4542045.0,False,6.054342269897461,17.224407196044922,-3.003363609313965,-31.30644989013672,-0.6567200422286987,0.13956868648529053,0.15824663639068604,1.2858022451400757,1.8812367916107178,970.772705078125
372000,4500000,82,9,372285.0,4509525.0,False,19.01169204711914,56.326011657714844,16.594524383544922,65.02162170410156,0.824540913105011,0.07344341278076172,0.14726394414901733,1.1719250679016113,1.5479344129562378,0.0
336000,4452000,189,294,344835.0,4458315.0,False,2.583981990814209,6.37388801574707,0.9064399003982544,-1.2280545234680176,0.24162717163562775,0.09190848469734192,0.14525674283504486,1.065043568611145,1.5547391176223755,690.0
396000,4512000,119,101,399045.0,4520415.0,False,18.402406692504883,51.2540168762207,1.4363877773284912,-73.66380310058594,-0.9088801741600037,0.15053001046180725,0.17682191729545593,1.3153808116912842,1.854720950126648,0.0
408000,4260000,347,160,412815.0,4261575.0,False,10.608256340026855,22.69110679626465,-0.3055826723575592,39.04874801635742,-0.07405636459589005,0.2262202799320221,0.1063271015882492,1.1264723539352417,1.5620611906051636,636.7103271484375
432000,4584000,202,226,438795.0,4589925.0,False,26.57902717590332,78.06293487548828,-44.71213150024414,21.56871223449707,-0.7349891066551208,0.5028343200683594,-0.04255436360836029,1.6054916381835938,1.465481162071228,0.0
360000,4464000,326,335,370065.0,4466205.0,False,17.57903480529785,40.98780822753906,-2.6739909648895264,-0.07214357703924179,0.9031264185905457,0.1470106989145279,0.15814654529094696,1.0560396909713745,1.5048428773880005,990.1515502929688
444000,4416000,48,358,454755.0,4426545.0,True,25.394023895263672,60.82185745239258,8.699164390563965,64.56320190429688,-0.3436024785041809,0.3881310224533081,-0.00424598203971982,1.2625173330307007,1.29330575466156,0.0
432000,4512000,124,212,438375.0,4520265.0,False,5.208038330078125,12.982842445373535,-2.1438937187194824,-26.351032257080078,-0.20912812650203705,0.17905302345752716,0.21813011169433594,1.5011743307113647,2.1337900161743164,451.6890563964844
444000,4404000,93,346,454395.0,4413195.0,True,2.579105854034424,9.27627182006836,-3.179551839828491,-15.865519523620605,-0.766302227973938,0.19392888247966766,0.07933100312948227,1.0986897945404053,1.5432069301605225,213.55654907226562
360000,4440000,302,309,369285.0,4442925.0,False,3.953861951828003,11.66221809387207,1.6839057207107544,8.29615592956543,0.6340017318725586,0.08278059214353561,0.037151411175727844,1.1020089387893677,1.2660034894943237,912.7431640625
420000,4392000,276,228,426855.0,4395705.0,False,13.67576789855957,39.82347106933594,-36.6452522277832,-37.14463806152344,-0.3358440101146698,0.21118012070655823,0.12316320091485977,1.1475108861923218,1.5720911026000977,601.2494506835938
348000,4500000,52,172,353175.0,4510425.0,False,28.377185821533203,86.68211364746094,5.0101318359375,35.2841911315918,0.6041432619094849,0.08664211630821228,0.21295273303985596,1.1601147651672363,1.8714995384216309,0.0
300000,4428000,289,257,307725.0,4431315.0,False,12.320246696472168,29.03489875793457,5.142293453216553,-23.73036003112793,0.6013342142105103,0.10745174437761307,0.06071137636899948,1.1081409454345703,1.4900394678115845,358.4786071777344
312000,4428000,103,95,314865.0,4436895.0,False,1.1017234325408936,2.589857339859009,-0.0514322891831398,-3.549492597579956,0.9946843981742859,0.14259473979473114,0.1833280622959137,1.087744951248169,1.64803147315979,931.7726440429688
300000,4428000,324,167,305025.0,4430265.0,False,34.855159759521484,94.22150421142578,-24.79705238342285,-13.595282554626465,-0.05239163339138031,0.07135148346424103,0.12531812489032745,1.11774480342865,1.5526294708251953,90.0
360000,4284000,144,165,364965.0,4291665.0,False,3.2468795776367188,8.755181312561035,-1.0224473476409912,-9.321587562561035,0.07938555628061295,0.10732908546924591,0.08450409024953842,1.078174114227295,1.498703956604004,342.9285583496094
408000,4260000,371,321,417645.0,4260855.0,True,17.738460540771484,44.20826721191406,0.42631015181541443,-8.58155632019043,-0.8150770664215088,0.15036848187446594,0.1109137013554573,1.170227289199829,1.5768495798110962,0.0
600000,4596000,219,365,610965.0,4601415.0,False,6.995844841003418,20.80197525024414,2.5824382305145264,13.09133529663086,0.8750847578048706,0.2777586579322815,0.13311800360679626,1.2648309469223022,1.6044942140579224,730.95849609375
456000,4488000,92,349,466485.0,4497225.0,True,6.791594982147217,19.60763931274414,-2.751817464828491,-24.75249481201172,-0.664730429649353,0.1549576073884964,0.16308215260505676,1.1863219738006592,1.5554956197738647,226.79429626464844
444000,4296000,225,183,449505.0,4301235.0,False,18.42201042175293,50.99441146850586,21.07082748413086,46.06418228149414,-0.6860398054122925,0.2887292206287384,0.07150564342737198,1.2515147924423218,1.5911970138549805,462.740478515625
684000,4476000,305,356,694695.0,4478835.0,False,8.963639259338379,21.4365234375,16.55388641357422,28.47966766357422,-0.5629066824913025,0.08941160887479782,0.17256411910057068,1.1667425632476807,1.614202857017517,0.0
432000,4560000,91,166,436995.0,4569255.0,False,16.56796646118164,46.52756118774414,-8.329142570495605,-10.10043716430664,-0.9064188599586487,0.19023564457893372,0.1928856372833252,1.2737177610397339,1.7432904243469238,810.9256591796875
384000,4260000,394,209,390285.0,4260165.0,True,9.385757446289062,25.04043197631836,-0.8936360478401184,-5.445122718811035,-0.43305060267448425,0.1181885227560997,0.1635996252298355,1.1724404096603394,1.5880857706069946,0.0
420000,4536000,276,82,422475.0,4539705.0,False,5.190946578979492,13.51011848449707,-2.657416343688965,-8.271294593811035,0.5102317333221436,0.12460489571094513,0.21108773350715637,1.2274442911148071,1.7346347570419312,0.0
372000,4428000,170,233,379005.0,4434885.0,False,27.396108627319336,75.230224609375,39.29084014892578,89.71990203857422,-0.18321503698825836,0.10123496502637863,0.16000981628894806,1.200138807296753,1.5276812314987183,450.0
432000,4584000,20,200,438015.0,4595385.0,False,5.048769950866699,12.179497718811035,0.2048611044883728,-6.887939453125,-0.14511659741401672,0.1705595701932907,0.1762230396270752,1.3061480522155762,1.7326841354370117,683.6627807617188
360000,4512000,183,95,362865.0,4518495.0,False,4.949555397033691,12.907416343688965,-3.5269503593444824,-28.92781639099121,-0.9306493997573853,0.0932784229516983,0.16161294281482697,1.1722854375839233,1.5214744806289673,200.97280883789062
432000,4584000,367,183,437505.0,4584975.0,False,14.989534378051758,50.00141143798828,43.548828125,84.33220672607422,0.601222038269043,0.17444396018981934,0.16186806559562683,1.366663932800293,1.810629963874817,0.0
444000,4596000,57,6,444195.0,4606275.0,False,23.391735076904297,66.39702606201172,48.3538932800293,20.89488410949707,-0.39128366112709045,0.31291377544403076,0.1328354924917221,1.4989017248153687,1.7739707231521606,330.0
732000,4596000,119,192,737775.0,4604415.0,False,8.07631778717041,21.20582389831543,-7.807305335998535,-15.724853515625,0.4556467533111572,0.1824961006641388,0.1883489042520523,1.1644808053970337,1.5587642192840576,0.0
420000,4512000,13,121,423645.0,4523595.0,False,3.2989890575408936,7.4327392578125,-0.2326524555683136,-4.01609992980957,-0.9882490038871765,0.12895119190216064,0.28207552433013916,1.0269229412078857,1.680203914642334,365.7896728515625
372000,4476000,175,96,374895.0,4482735.0,False,3.5527350902557373,10.99964714050293,0.8091091513633728,-5.631659507751465,-0.7044770121574402,0.16713033616542816,0.10195509344339371,1.0754750967025757,1.5307449102401733,219.7831573486328
396000,4404000,373,30,396915.0,4404795.0,False,25.152931213378906,67.01451110839844,-14.623589515686035,10.9078369140625,0.8833783864974976,0.17079459130764008,0.05990368872880936,1.1656845808029175,1.4054168462753296,0.0
408000,4248000,363,2,408075.0,4249095.0,True,25.70613670349121,66.25775909423828,-42.50408172607422,-78.11038970947266,0.9653749465942383,0.05214059725403786,0.09191061556339264,1.0957615375518799,1.4965616464614868,10.0
432000,4536000,292,75,434265.0,4539225.0,False,26.723369598388672,73.65018463134766,-12.966389656066895,5.1895751953125,0.6298361420631409,0.19236236810684204,0.1961245834827423,1.570268154144287,2.253253698348999,0.0
432000,4548000,85,190,437715.0,4557435.0,False,8.556624412536621,26.41771125793457,-6.319281578063965,-41.62019729614258,-0.5947688221931458,0.17974898219108582,0.20410341024398804,1.4484734535217285,2.0568277835845947,269.3104248046875
420000,4536000,149,268,428055.0,4543515.0,False,4.439780235290527,12.39303970336914,-6.758816242218018,-15.96986198425293,-0.29787304997444153,0.17746277153491974,0.20503546297550201,1.4778696298599243,2.1032228469848633,902.8290405273438
408000,4536000,250,245,415365.0,4540485.0,False,4.608114242553711,11.70408821105957,-1.7985433340072632,2.6936440467834473,-0.5455421209335327,0.12880000472068787,0.20747004449367523,1.2321693897247314,1.7237521409988403,0.0
648000,4452000,110,274,656235.0,4460685.0,False,6.161961078643799,16.74563217163086,0.3207736015319824,-16.08718490600586,-0.7643775939941406,0.3023454248905182,0.1160750538110733,1.215982437133789,1.6822333335876465,0.0
408000,4308000,38,356,418695.0,4318845.0,False,14.616883277893066,33.89002990722656,10.94212532043457,11.25320053100586,0.013228761963546276,0.09073852002620697,0.14382337033748627,1.0290218591690063,1.4267592430114746,789.55712890625
660000,4452000,96,34,661035.0,4461105.0,False,11.230860710144043,26.172607421875,3.6652016639709473,-6.140597820281982,-0.48162639141082764,0.27907562255859375,0.09230229258537292,1.2458416223526,1.6295700073242188,109.04316711425781
336000,4464000,62,209,342285.0,4474125.0,False,4.4815287590026855,10.215576171875,-1.1455756425857544,-11.417914390563965,0.12853580713272095,0.10692179203033447,0.18014447391033173,1.071882963180542,1.587559461593628,0.0
360000,4500000,114,148,364455.0,4508565.0,False,3.4729726314544678,8.887248039245605,2.004150390625,1.1139864921569824,0.18481430411338806,0.10081120580434799,0.15494191646575928,1.2102078199386597,1.6261780261993408,367.0151672363281
612000,4596000,31,130,615915.0,4607055.0,False,16.903627395629883,45.11083984375,-51.64740753173828,-47.60788345336914,-0.5797289609909058,0.4982810914516449,0.07659757137298584,1.4554481506347656,1.6568412780761719,0.0
612000,4608000,196,173,617205.0,4614105.0,False,10.757487297058105,30.26516342163086,-8.18617057800293,-29.84564971923828,0.8934985399246216,0.41754767298698425,0.08985839039087296,1.4339550733566284,1.6903634071350098,750.0
324000,4464000,249,91,326745.0,4468515.0,False,15.64470386505127,42.10191345214844,-16.41593360900879,-11.957763671875,0.9385560154914856,0.10057251900434494,0.12077368050813675,1.1324766874313354,1.473110556602478,0.0
396000,4452000,371,194,401835.0,4452855.0,False,28.826416015625,77.13804626464844,4.32933235168457,45.29866409301758,-0.1344245970249176,0.1570272147655487,0.14590303599834442,1.2334377765655518,1.5151530504226685,360.0
396000,4476000,370,198,401955.0,4476885.0,True,30.285961151123047,100.95106506347656,-19.50747299194336,-50.8389892578125,-0.6487523317337036,0.3727070987224579,0.01709643006324768,1.4852139949798584,1.365257978439331,71.60868835449219
360000,4512000,38,237,367125.0,4522845.0,False,3.5837838649749756,10.864935874938965,-5.591851234436035,-12.171441078186035,-0.6410883069038391,0.10171696543693542,0.15091396868228912,1.1608296632766724,1.5120301246643066,0.0
684000,4476000,133,294,692835.0,4483995.0,False,7.01589298248291,15.455538749694824,-9.49868392944336,-15.445515632629395,0.5936647057533264,0.1506643444299698,0.19130779802799225,1.199556589126587,1.6408368349075317,748.936279296875
384000,4368000,303,145,388365.0,4370895.0,False,16.996606826782227,43.61471939086914,-30.01080894470215,-32.69900131225586,0.22252067923545837,0.23600909113883972,0.09161213040351868,1.2102346420288086,1.5862715244293213,780.3846435546875
420000,4500000,86,169,425085.0,4509405.0,False,25.363140106201172,66.09099578857422,5.9127197265625,34.49355697631836,0.22866730391979218,0.16669079661369324,0.20120330154895782,1.3711416721343994,1.9680376052856445,815.3529663085938
420000,4416000,0,213,426405.0,4427985.0,False,31.248920440673828,93.06419372558594,35.69895935058594,38.96645736694336,0.309155136346817,0.06535113602876663,0.032420799136161804,1.1596475839614868,1.2220762968063354,0.0
444000,4308000,261,209,450285.0,4312155.0,True,3.594052791595459,18.94620704650879,-24.10723114013672,-50.625732421875,0.01053810864686966,0.25765740871429443,0.06126280874013901,1.1426055431365967,1.5449172258377075,0.0
372000,4428000,23,340,382215.0,4439295.0,False,4.965330600738525,12.21827507019043,0.2472601979970932,-21.69966697692871,0.2201024442911148,0.11566969007253647,0.11876460164785385,1.1197952032089233,1.3580371141433716,252.19876098632812
444000,4584000,356,77,446325.0,4585305.0,False,10.485061645507812,28.134521484375,-27.31623077392578,-61.70842742919922,-0.16167059540748596,0.19236639142036438,0.1384066939353943,1.3696999549865723,1.7109202146530151,186.65231323242188
396000,4488000,175,6,396195.0,4494735.0,False,6.652464389801025,17.075847625732422,1.2059190273284912,-3.990302324295044,-0.9073393940925598,0.14893582463264465,0.1639733463525772,1.3794748783111572,1.845208764076233,21.380712509155273
312000,4464000,234,377,323325.0,4468965.0,False,0.7411395907402039,2.0242512226104736,-0.9774577021598816,-18.39625358581543,-0.909741997718811,0.143000066280365,0.13155949115753174,1.066664457321167,1.5545828342437744,510.2945556640625
372000,4428000,257,169,377085.0,4432275.0,False,13.754659652709961,35.16208267211914,-11.39051628112793,16.640869140625,-0.2815040647983551,0.10848715901374817,0.05332491919398308,1.169633150100708,1.3115426301956177,0.0
444000,4512000,7,12,444375.0,4523775.0,True,30.160253524780273,75.52518463134766,-7.149590015411377,-71.30045318603516,0.9562004804611206,0.19837893545627594,0.192498117685318,1.3052504062652588,1.746762752532959,0.0
420000,4320000,390,77,422325.0,4320285.0,False,5.002560138702393,14.18992805480957,-0.6639540195465088,-5.206231117248535,-0.8850708603858948,0.11110194027423859,0.13146714866161346,1.1457256078720093,1.4957696199417114,883.1763305664062
372000,4440000,66,376,383295.0,4450005.0,False,14.593167304992676,49.34294891357422,-24.80308723449707,-39.19497299194336,-0.47955653071403503,0.09969547390937805,0.09953261911869049,1.1440716981887817,1.4716682434082031,0.0
396000,4512000,98,222,402675.0,4521045.0,False,24.29022789001465,64.06204223632812,-29.97969627380371,-95.11561584472656,-0.48083212971687317,0.18556800484657288,0.13524974882602692,1.320158839225769,1.7385896444320679,0.0
348000,4296000,128,333,358005.0,4304145.0,True,9.388692855834961,20.25457191467285,-2.2443032264709473,-27.41182518005371,0.7081132531166077,0.10195934772491455,0.0883808508515358,1.0671377182006836,1.5510029792785645,10.0
432000,4392000,256,191,437745.0,4396305.0,False,26.659700393676758,69.66050720214844,4.113552570343018,65.4846420288086,0.9816295504570007,0.11007259041070938,0.11085695028305054,1.2486670017242432,1.3539750576019287,805.357177734375
396000,4464000,5,79,398385.0,4475835.0,False,26.352344512939453,75.31426239013672,40.27175521850586,56.17822265625,0.4623325765132904,0.14850549399852753,0.17107295989990234,1.1776633262634277,1.5476468801498413,454.644287109375
444000,4440000,170,145,448365.0,4446885.0,False,13.480721473693848,34.27198791503906,-15.722086906433105,-7.89341926574707,0.6401392817497253,0.12600024044513702,0.151703342795372,1.1208361387252808,1.6232584714889526,0.0
384000,4368000,339,24,384735.0,4369815.0,False,20.561996459960938,51.07763671875,-16.79619598388672,55.56730270385742,-0.35770556330680847,0.24045343697071075,0.08636454492807388,1.2337576150894165,1.5593910217285156,483.3199157714844
360000,4524000,374,225,366765.0,4524765.0,False,2.6512999534606934,7.151434898376465,2.2167155742645264,-3.2898898124694824,-0.46756303310394287,0.0799027532339096,0.1437700390815735,1.1544418334960938,1.5409356355667114,600.0
396000,4248000,40,18,396555.0,4258785.0,True,19.50293731689453,57.56684112548828,-32.88084411621094,-22.16951560974121,-0.05972149968147278,0.11580925434827805,0.11367646604776382,1.1195347309112549,1.5025707483291626,0.0
684000,4464000,125,94,686835.0,4472235.0,False,1.1975650787353516,3.289293050765991,-4.61952018737793,-12.007391929626465,0.4852774739265442,0.09683360904455185,0.17670664191246033,1.1453524827957153,1.5584255456924438,511.4696350097656
384000,4452000,304,305,393165.0,4454865.0,False,18.730695724487305,49.53273010253906,3.765082597732544,11.2794189453125,0.8854837417602539,0.11820667237043381,0.16849234700202942,1.2003315687179565,1.634214162826538,193.64892578125
432000,4608000,342,317,441525.0,4609725.0,False,28.217567443847656,85.78890991210938,-22.96143913269043,-36.276817321777344,-0.5715338587760925,0.25207990407943726,0.1540670394897461,1.453066349029541,1.7202448844909668,0.0
396000,4476000,222,19,396585.0,4481325.0,True,20.63813018798828,57.0443229675293,15.364609718322754,72.23908233642578,0.27177995443344116,0.16122913360595703,0.15272307395935059,1.203228235244751,1.5502554178237915,0.0
420000,4380000,64,369,431085.0,4390065.0,False,23.066556930541992,59.8214225769043,45.23591995239258,28.31852149963379,0.9448787569999695,0.1601380854845047,0.16649426519870758,1.1671308279037476,1.7132238149642944,0.0
360000,4512000,274,194,365835.0,4515765.0,False,6.675970077514648,16.92567253112793,2.252305746078491,11.321044921875,-0.1848858892917633,0.09932175278663635,0.16367116570472717,1.1373529434204102,1.4792516231536865,0.0
396000,4500000,91,54,397635.0,4509255.0,False,7.465230464935303,22.84540557861328,-7.275295734405518,-17.74210548400879,0.8121522665023804,0.13847500085830688,0.17065221071243286,1.2354933023452759,1.734009027481079,10.0
420000,4260000,220,192,425775.0,4265385.0,False,5.358281135559082,14.51673698425293,-6.490641117095947,-22.19102668762207,0.7533895969390869,0.19086237251758575,0.0739399865269661,1.1788339614868164,1.4699708223342896,473.3910827636719
360000,4464000,162,246,367395.0,4471125.0,False,13.819563865661621,35.27738571166992,-25.18622589111328,-56.65330505371094,-0.1456851363182068,0.24739928543567657,0.0963129773736,1.1925677061080933,1.3905595541000366,0.0
660000,4608000,204,213,666405.0,4613865.0,False,7.573894023895264,20.59876823425293,11.77341079711914,55.4273796081543,-0.5928381681442261,0.20966380834579468,0.15604080259799957,1.1872018575668335,1.5910342931747437,90.0
420000,4308000,397,176,425295.0,4308075.0,True,17.03378677368164,50.57968521118164,29.440767288208008,33.19920349121094,0.3466033339500427,0.08442749083042145,0.0788889154791832,1.1694202423095703,1.3693219423294067,0.0
420000,4416000,77,150,424515.0,4425675.0,False,22.899826049804688,64.61666107177734,-56.74936294555664,-108.73291015625,0.5767498016357422,0.12648703157901764,0.1098528653383255,1.1433969736099243,1.51027250289917,722.9111938476562
372000,4476000,232,316,381495.0,4481025.0,False,4.614743709564209,11.94288444519043,-5.394829750061035,-7.415879726409912,0.569835901260376,0.10979658365249634,0.07552725076675415,1.1062484979629517,1.3563092947006226,0.0
384000,4440000,60,278,392355.0,4450185.0,False,14.658490180969238,40.63473892211914,23.86619758605957,29.89788246154785,0.35252800583839417,0.09288132190704346,0.20672497153282166,1.2094933986663818,1.828972339630127,11.380711555480957
372000,4500000,301,9,372285.0,4502955.0,False,16.08157730102539,35.79338836669922,20.19710350036621,1.1564669609069824,-0.23335948586463928,0.1260330080986023,0.13113877177238464,1.2570816278457642,1.6074225902557373,0.0
420000,4392000,67,347,430425.0,4401975.0,False,4.147968292236328,12.26963996887207,-3.871039628982544,-18.80198860168457,-0.8512899279594421,0.12457944452762604,0.14298015832901,1.1686915159225464,1.5919675827026367,47.09663391113281
384000,4248000,187,166,388995.0,4254375.0,True,14.996564865112305,30.64130210876465,-0.6015896797180176,-12.428955078125,0.8094159364700317,0.14608338475227356,0.1581498384475708,1.052179217338562,1.5891879796981812,14.714045524597168
444000,4296000,378,156,448695.0,4296645.0,True,11.202789306640625,30.49260711669922,-10.672689437866211,-49.13430404663086,-0.4187667965888977,0.24268126487731934,0.09516341239213943,1.1168439388275146,1.5538054704666138,0.0
600000,4608000,184,342,610275.0,4614465.0,False,12.587944030761719,29.90412139892578,-10.973591804504395,-20.21770668029785,-0.5576308965682983,0.44832977652549744,0.05530903860926628,1.3762930631637573,1.532484531402588,1022.056884765625
408000,4248000,14,52,409575.0,4259565.0,True,19.455488204956055,54.1140251159668,14.73486328125,-5.205308437347412,0.614640474319458,0.14193516969680786,0.07477046549320221,1.075820803642273,1.5901883840560913,217.71685791015625
732000,4644000,192,206,738195.0,4650225.0,False,14.5140962600708,29.42308235168457,-4.593302249908447,23.88857650756836,-0.14161211252212524,0.220317542552948,0.19697226583957672,1.1804386377334595,1.5641987323760986,0.0
396000,4440000,50,57,397725.0,4450485.0,False,3.3548803329467773,7.58704948425293,-0.3953043520450592,-3.012586832046509,-0.06669247895479202,0.1029607430100441,0.14894002676010132,1.0997830629348755,1.4797179698944092,763.9371948242188
420000,4524000,139,71,422145.0,4531815.0,False,2.3262360095977783,5.86097526550293,-0.1500786691904068,-5.056057453155518,-0.2656141519546509,0.14607562124729156,0.18419720232486725,1.4246325492858887,2.0446648597717285,1022.056884765625
444000,4596000,197,178,449355.0,4602075.0,False,20.145082473754883,47.40924835205078,-19.698974609375,-29.18663215637207,0.965891420841217,0.21260438859462738,0.17980344593524933,1.4004206657409668,1.6904704570770264,0.0
336000,4428000,297,190,341715.0,4431075.0,False,1.6487401723861694,4.746866703033447,-0.0939127579331398,-2.6237385272979736,-0.5601401329040527,0.09804102033376694,0.14432956278324127,1.0861269235610962,1.5983318090438843,859.94189453125
420000,4284000,85,102,423075.0,4293435.0,True,4.245817184448242,11.755453109741211,-0.3528917133808136,-21.80662727355957,-0.42428961396217346,0.15960346162319183,0.12293079495429993,1.0992470979690552,1.5196632146835327,296.4818420410156
420000,4248000,262,80,422415.0,4252125.0,True,9.475102424621582,24.43390655517578,-1.3139241933822632,-9.596841812133789,-0.6518976092338562,0.18583467602729797,0.06806793063879013,1.1624858379364014,1.4437333345413208,233.88705444335938
444000,4572000,216,44,445335.0,4577505.0,False,25.766202926635742,80.05039978027344,24.25467872619629,28.13481903076172,0.7693501114845276,0.15484990179538727,0.15029893815517426,1.4179620742797852,1.9123172760009766,0.0
420000,4428000,285,263,427905.0,4431435.0,True,30.830778121948242,88.15166473388672,13.68260383605957,-36.35136032104492,0.9295567274093628,0.07982590794563293,0.07838239520788193,1.1190398931503296,1.2989774942398071,0.0
456000,4368000,18,184,461535.0,4379445.0,False,1.5583062171936035,4.2073974609375,-0.7781440019607544,-5.086358070373535,0.8787761330604553,0.16996969282627106,0.13866673409938812,1.099804401397705,1.6433913707733154,601.2494506835938
336000,4476000,156,66,337995.0,4483305.0,False,3.3049123287200928,8.9825439453125,-1.6863471269607544,-8.684353828430176,0.5937200784683228,0.07503162324428558,0.0834050178527832,1.1075541973114014,1.3526967763900757,382.3612365722656
456000,4440000,375,21,456645.0,4440735.0,False,20.199922561645508,62.49199676513672,-19.046630859375,-2.666029214859009,-0.6176495552062988,0.14271564781665802,0.18123696744441986,1.1204330921173096,1.56777024269104,0.0
420000,4512000,300,43,421305.0,4514985.0,False,22.51926040649414,48.09406280517578,-18.35898208618164,-65.09963989257812,-0.9916313290596008,0.19294418394565582,0.1616145223379135,1.259844422340393,1.569029688835144,0.0
324000,4464000,142,48,325455.0,4471725.0,False,0.1939113587141037,0.8819308876991272,-1.8500298261642456,-21.58706283569336,-0.7551461458206177,0.012919723987579346,0.0470893494784832,1.0937281847000122,1.299522876739502,443.6219177246094
336000,4476000,77,75,338265.0,4485675.0,False,2.70119309425354,6.345133304595947,1.1521131992340088,-0.3626030683517456,0.2121119350194931,0.13949821889400482,0.1466933786869049,1.0927138328552246,1.5594640970230103,824.1359252929688
312000,4488000,289,311,321345.0,4491315.0,False,6.682131767272949,19.04361915588379,-1.3420681953430176,-10.623332023620605,-0.4132643938064575,0.11950764060020447,0.18368692696094513,1.1017543077468872,1.5848606824874878,630.0
384000,4512000,222,107,387225.0,4517325.0,False,2.1876211166381836,6.5542402267456055,0.168063685297966,-1.8115370273590088,0.7621669769287109,0.11531054973602295,0.16148220002651215,1.1780285835266113,1.6543570756912231,0.0
396000,4260000,371,297,404925.0,4260855.0,True,19.76137924194336,55.98231506347656,-30.04119110107422,-43.68941116333008,0.2988763153553009,0.13079747557640076,0.0752929076552391,1.1096247434616089,1.4399279356002808,30.0
396000,4440000,265,85,398565.0,4444035.0,False,1.9290482997894287,5.474527835845947,1.6676431894302368,0.6770969033241272,0.5482034087181091,0.1029607430100441,0.14894002676010132,1.0997830629348755,1.4797179698944092,0.0
408000,4260000,285,234,415035.0,4263435.0,False,11.556541442871094,23.99509048461914,-0.794297993183136,-31.82302474975586,-0.07397788017988205,0.142297625541687,0.08033115416765213,1.1408528089523315,1.4992684125900269,693.037109375
300000,4440000,73,242,307275.0,4449795.0,False,31.362735748291016,99.70750427246094,39.0888786315918,80.46564483642578,0.6713135242462158,0.09560304880142212,0.13454574346542358,1.0536977052688599,1.4626318216323853,840.1786499023438
372000,4248000,62,361,382845.0,4258125.0,False,3.625736951828003,11.283881187438965,-0.2910427451133728,19.23451042175293,-0.7753196954727173,0.137059286236763,0.1501265913248062,1.0798344612121582,1.5007215738296509,743.1688842773438
384000,4512000,224,394,395835.0,4517265.0,False,20.30599021911621,46.1297607421875,13.46678352355957,19.58322525024414,0.07570868730545044,0.06743504852056503,0.12556590139865875,1.2006956338882446,1.4797847270965576,0.0
684000,4464000,173,179,689385.0,4470795.0,False,3.6404926776885986,8.173529624938965,1.7072075605392456,10.729681968688965,-0.7649251818656921,0.09735898673534393,0.16615715622901917,1.1265300512313843,1.460060715675354,69.04925537109375
396000,4476000,260,148,400455.0,4480185.0,True,23.53084945678711,69.80503845214844,-49.85419464111328,-50.32972717285156,0.6187889575958252,0.24939672648906708,0.08833454549312592,1.2813960313796997,1.4756978750228882,0.0
384000,4452000,127,232,390975.0,4460175.0,False,9.146721839904785,25.56024742126465,-21.34259796142578,-39.33676528930664,0.4333643913269043,0.13748784363269806,0.15744300186634064,1.125293254852295,1.5452593564987183,0.0
444000,4428000,324,155,448665.0,4430265.0,True,11.381385803222656,31.21550750732422,-18.12643814086914,-45.85554885864258,-0.6538255214691162,0.1792648285627365,0.15245817601680756,1.1378012895584106,1.5768134593963623,0.0
456000,4392000,173,17,456525.0,4398795.0,False,9.435704231262207,24.03352928161621,-5.045369625091553,-13.94398307800293,0.8037418127059937,0.23271134495735168,0.10769081860780716,1.1469751596450806,1.6998080015182495,330.0
432000,4560000,183,180,437415.0,4566495.0,False,22.2673397064209,53.77665328979492,7.255574703216553,53.99736785888672,0.9938105940818787,0.20078235864639282,0.154694601893425,1.2987383604049683,1.9124232530593872,0.0
444000,4416000,354,364,454935.0,4417365.0,True,4.839719295501709,11.636393547058105,-2.895399332046509,12.39657974243164,-0.852847695350647,0.20042593777179718,0.14306651055812836,1.1500295400619507,1.556740164756775,0.0
408000,4248000,249,171,413145.0,4252515.0,True,10.635546684265137,24.612060546875,-3.4701740741729736,-8.7261962890625,0.413580060005188,0.09302777051925659,0.09727096557617188,1.1360000371932983,1.483447790145874,228.87709045410156
372000,4476000,177,398,383955.0,4482675.0,False,2.9199111461639404,9.482327461242676,-0.8253988027572632,2.2786865234375,-0.635924220085144,0.10605878382921219,0.16815561056137085,1.070542335510254,1.5348557233810425,401.0007019042969
420000,4512000,48,64,421935.0,4522545.0,False,9.1380615234375,21.09757423400879,6.22193717956543,25.80817413330078,0.2758008539676666,0.1101975217461586,0.16452190279960632,1.2241308689117432,1.5694774389266968,0.0
396000,4464000,66,212,402375.0,4474005.0,False,15.929719924926758,41.56852340698242,-29.18229103088379,-121.1829833984375,-0.2809925675392151,0.5764002203941345,-0.08759849518537521,1.5775542259216309,1.3613325357437134,653.68017578125
432000,4608000,326,263,439905.0,4610205.0,False,15.954316139221191,41.35190200805664,5.523491859436035,32.12834930419922,0.9503788948059082,0.14404159784317017,0.21094945073127747,1.4300967454910278,1.932624101638794,0.0
384000,4356000,119,337,394125.0,4364415.0,False,11.67877197265625,28.11012077331543,0.7099745273590088,-6.313164710998535,-0.19742661714553833,0.11429709196090698,0.09929080307483673,1.1454662084579468,1.5344469547271729,136.40283203125
396000,4512000,122,115,399465.0,4520325.0,False,9.290078163146973,37.698081970214844,-40.49187469482422,-141.33514404296875,-0.5239419937133789,0.15053001046180725,0.17682191729545593,1.3153808116912842,1.854720950126648,0.0
384000,4368000,311,66,385995.0,4370655.0,False,17.284988403320312,36.94166564941406,-22.48076629638672,-24.06475257873535,-0.04893258959054947,0.2911359369754791,0.0975441262125969,1.1928191184997559,1.5696345567703247,0.0
396000,4512000,189,104,399135.0,4518315.0,False,21.231325149536133,55.71568298339844,-11.83827018737793,-73.87460327148438,0.14508038759231567,0.15053001046180725,0.17682191729545593,1.3153808116912842,1.854720950126648,0.0
360000,4284000,142,89,362685.0,4291725.0,False,3.629079818725586,10.272990226745605,-2.863593101501465,-24.22047233581543,-0.4861927926540375,0.11527103930711746,0.1419585794210434,1.0329948663711548,1.4155361652374268,603.4905395507812
336000,4476000,247,229,342885.0,4480575.0,False,12.605999946594238,28.42072296142578,0.271063894033432,-0.234768345952034,-0.9458147287368774,0.12348322570323944,0.14213848114013672,1.1303973197937012,1.5291072130203247,0.0
396000,4476000,248,294,404835.0,4480545.0,True,6.502979755401611,18.09676170349121,-4.940836429595947,6.845147132873535,0.7867233753204346,0.15978127717971802,0.13725188374519348,1.122788906097412,1.5284837484359741,0.0
696000,4452000,74,235,703065.0,4461765.0,False,1.8166987895965576,5.380398273468018,-2.7199435234069824,-20.26437759399414,0.6431638598442078,0.12409771233797073,0.17989780008792877,1.1291693449020386,1.5691871643066406,0.0
336000,4476000,304,189,341685.0,4478865.0,False,13.737339973449707,40.37290954589844,-2.72314453125,8.952392578125,-0.5434052348136902,0.13964839279651642,0.13911621272563934,1.159321904182434,1.5326662063598633,953.2576293945312
408000,4260000,381,208,414255.0,4260555.0,True,15.14544677734375,43.41230010986328,10.63991928100586,15.575439453125,0.9853712916374207,0.18100719153881073,0.11566946655511856,1.1150871515274048,1.5694020986557007,0.0
444000,4584000,394,163,448905.0,4584165.0,False,7.187252998352051,15.891560554504395,-8.387993812561035,-16.645263671875,-0.8522235751152039,0.16333042085170746,0.19080878794193268,1.3467836380004883,1.8475825786590576,869.8851928710938
372000,4500000,305,291,380745.0,4502835.0,False,3.8523120880126953,10.764485359191895,-6.067233562469482,-19.10892677307129,-0.4569151699542999,0.10854543745517731,0.1628386527299881,1.2475723028182983,1.7310618162155151,44.92902755737305
480000,4464000,206,41,481245.0,4469805.0,False,1.4329556226730347,3.9988200664520264,-2.3976235389709473,23.58867645263672,-0.4619446098804474,0.11977432668209076,0.1485147327184677,1.101250410079956,1.5612865686416626,960.3126220703125
372000,4284000,369,25,372765.0,4284915.0,True,2.4789326190948486,6.163628578186035,-4.282742023468018,-10.19068717956543,-0.9200451374053955,0.10955995321273804,0.13860660791397095,1.083587408065796,1.4524747133255005,293.4601745605469
360000,4500000,331,212,366375.0,4502055.0,False,6.603026390075684,15.702853202819824,2.0225830078125,-2.0881619453430176,0.7194505333900452,0.08962781727313995,0.12585850059986115,1.194130778312683,1.4295926094055176,0.0
720000,4572000,261,173,725205.0,4576155.0,False,3.1082515716552734,12.336751937866211,-13.245917320251465,-48.74260711669922,0.10659641772508621,0.17252130806446075,0.21180130541324615,1.1694530248641968,1.6786693334579468,96.20514678955078
684000,4476000,182,363,694905.0,4482525.0,False,2.8845760822296143,8.998711585998535,0.010592986829578876,-1.8492431640625,0.38606780767440796,0.09752710908651352,0.19005343317985535,1.198617935180664,1.6158620119094849,212.60696411132812
384000,4404000,234,393,395805.0,4408965.0,False,17.427528381347656,50.52322006225586,-15.0313720703125,-32.00278091430664,-0.6309813857078552,0.11846206337213516,0.13827840983867645,1.1553950309753418,1.542935848236084,940.90576171875
420000,4248000,364,76,422295.0,4249065.0,True,19.715089797973633,59.03171157836914,25.069580078125,11.390950202941895,0.6436787247657776,0.12792834639549255,0.1442539244890213,1.1451776027679443,1.593934416770935,0.0
444000,4584000,211,154,448635.0,4589655.0,False,7.155778408050537,16.66031837463379,6.759100914001465,-5.637234210968018,-0.8726057410240173,0.14955207705497742,0.16771018505096436,1.3303885459899902,1.7500511407852173,44.92902755737305
432000,4392000,132,48,433455.0,4400025.0,False,18.144567489624023,40.39983367919922,-19.17727279663086,44.26973342895508,-0.08444944024085999,0.1806069016456604,0.1763295978307724,1.2728617191314697,1.746558427810669,0.0
384000,4440000,161,4,384135.0,4447155.0,False,12.802644729614258,32.00229263305664,20.904499053955078,23.45285415649414,-0.370707631111145,0.0763474777340889,0.08945148438215256,1.1660056114196777,1.4230930805206299,0.0
420000,4296000,382,372,431175.0,4296525.0,True,4.899265766143799,12.50621223449707,2.965955972671509,0.6866319179534912,-0.25574225187301636,0.28970399498939514,0.09386098384857178,1.205509901046753,1.5424283742904663,0.0
444000,4296000,393,220,450615.0,4296195.0,False,11.608048439025879,24.26087760925293,8.348578453063965,-36.45119857788086,0.42721566557884216,0.21311652660369873,0.10725417733192444,1.1930885314941406,1.7434002161026,516.720458984375
396000,4344000,114,186,401595.0,4352565.0,False,3.2892377376556396,9.33974838256836,-1.464111328125,-11.2520751953125,-0.685118556022644,0.09458468854427338,0.1296268105506897,1.042054533958435,1.5752066373825073,872.3541259765625
420000,4440000,115,269,428085.0,4448535.0,False,5.06770658493042,11.55445671081543,-3.4318034648895264,-9.973700523376465,-0.10340342670679092,0.10324086993932724,0.17036685347557068,1.0785945653915405,1.5010337829589844,528.680908203125
384000,4512000,179,239,391185.0,4518615.0,False,0.8138574361801147,2.368516683578491,-2.4452311992645264,-23.25694465637207,-0.8939847946166992,0.15937858819961548,0.17586246132850647,1.352750539779663,2.063361406326294,510.0
420000,4296000,246,128,423855.0,4300605.0,True,21.528676986694336,59.82070541381836,24.76633071899414,60.52217483520508,0.6783812046051025,0.13670344650745392,0.13130271434783936,1.1711843013763428,1.6232247352600098,0.0
384000,4512000,233,174,389235.0,4516995.0,False,13.156615257263184,31.09320640563965,-4.381632328033447,8.24404525756836,0.9226417541503906,0.1056177020072937,0.137885183095932,1.2147951126098633,1.6739814281463623,0.0
384000,4272000,245,172,389175.0,4276635.0,True,11.642006874084473,36.83212661743164,-24.46550750732422,-89.19235229492188,-0.2821689546108246,0.18156594038009644,0.10889141261577606,1.0745456218719482,1.484167218208313,71.03677368164062
372000,4476000,129,285,380565.0,4484115.0,False,7.183060169219971,21.64313507080078,-19.23155403137207,-20.810546875,-0.4848495423793793,0.12723927199840546,0.09928208589553833,1.1328033208847046,1.4174692630767822,0.0
372000,4248000,340,399,383985.0,4249785.0,True,5.84888219833374,14.664510726928711,-4.971842288970947,1.1825765371322632,0.16404540836811066,0.09050702303647995,0.15109650790691376,1.058264970779419,1.6199767589569092,0.0
432000,4464000,155,351,442545.0,4471335.0,False,1.9579557180404663,4.6656494140625,0.5316840410232544,2.611504554748535,0.25569725036621094,0.13920971751213074,0.18571579456329346,1.0602691173553467,1.548048973083496,990.1515502929688
432000,4464000,247,281,440445.0,4468575.0,True,11.73380184173584,28.53782844543457,-13.700873374938965,-16.60325813293457,0.9678727984428406,0.12729133665561676,0.13772940635681152,1.0814567804336548,1.5700141191482544,293.4601745605469
408000,4500000,323,92,410775.0,4502295.0,True,19.988834381103516,46.59433364868164,4.814751625061035,77.90480041503906,-0.93670654296875,0.13180716335773468,0.1745687872171402,1.289918065071106,1.7188957929611206,0.0
444000,4248000,139,116,447495.0,4255815.0,True,7.732161998748779,19.9658203125,-0.7317301630973816,10.576457023620605,0.14674963057041168,0.0860171690583229,0.19307975471019745,1.2135089635849,1.5911704301834106,0.0
444000,4440000,185,54,445635.0,4446435.0,False,3.5883684158325195,9.03138542175293,-1.2972412109375,-4.033243656158447,0.6828151941299438,0.12502340972423553,0.15777504444122314,1.1187630891799927,1.5290303230285645,604.1506958007812
648000,4380000,309,122,651675.0,4382715.0,True,2.077146291732788,5.809000492095947,-0.9719509482383728,-13.59752082824707,-0.1634359061717987,0.17026641964912415,0.18708321452140808,1.2114781141281128,1.6256264448165894,0.0
384000,4452000,187,44,385335.0,4458375.0,False,21.26951789855957,51.83430862426758,19.51552963256836,54.25752639770508,0.6931877732276917,0.07898467034101486,0.16944056749343872,1.16853928565979,1.6804693937301636,153.81199645996094
660000,4608000,300,312,669375.0,4610985.0,False,4.912815570831299,11.46218490600586,-3.3388943672180176,-15.118802070617676,0.04592442885041237,0.1709502786397934,0.208187535405159,1.1330467462539673,1.6482059955596924,0.0
420000,4428000,53,225,426765.0,4438395.0,False,3.739204168319702,8.67177963256836,-7.6600341796875,-21.170654296875,-0.06635560095310211,0.14130352437496185,0.16811621189117432,1.0906877517700195,1.472555160522461,0.0
456000,4500000,328,267,464025.0,4502145.0,False,2.1748335361480713,6.742241859436035,-9.591498374938965,-30.85484504699707,-0.06876925379037857,0.1649702936410904,0.19829009473323822,1.3686788082122803,2.0561904907226562,684.3932495117188
372000,4428000,81,277,380325.0,4437555.0,False,18.58233642578125,46.92587661743164,1.0225017070770264,-9.43149185180664,-0.9386681318283081,0.1353936344385147,0.12280051410198212,1.148988962173462,1.392322063446045,297.3228454589844
348000,4428000,325,133,352005.0,4430235.0,False,4.6757402420043945,13.968180656433105,-2.689887046813965,-4.038601398468018,0.7414796948432922,0.13158129155635834,0.14969724416732788,1.1257874965667725,1.6308670043945312,693.037109375
444000,4428000,394,264,451935.0,4428165.0,True,17.650148391723633,52.7259635925293,2.792833089828491,7.065131664276123,0.3034452199935913,0.2847021818161011,0.042773228138685226,1.1837605237960815,1.382681131362915,0.0
360000,4500000,356,358,370755.0,4501305.0,False,13.516561508178711,37.75389099121094,-15.30604362487793,-92.32858276367188,0.28769195079803467,0.11912298947572708,0.1389240324497223,1.2417055368423462,1.4988443851470947,0.0
480000,4464000,202,52,481575.0,4469925.0,False,4.269352912902832,12.726752281188965,-4.4324951171875,16.92622947692871,-0.5975934267044067,0.11363387852907181,0.14671434462070465,1.0640852451324463,1.574476957321167,641.7948608398438
432000,4560000,13,100,435015.0,4571595.0,False,15.53559684753418,46.191001892089844,-7.05430793762207,18.74757194519043,-0.6742174029350281,0.15951146185398102,0.16540133953094482,1.3012512922286987,1.826712727546692,0.0
360000,4248000,155,301,369045.0,4255335.0,False,14.256693840026855,30.53602409362793,10.078680992126465,47.41887664794922,-0.9766237735748291,0.12870551645755768,0.11242730170488358,1.1471980810165405,1.475061058998108,525.357177734375
612000,4596000,112,137,616125.0,4604625.0,False,15.4591064453125,41.87809371948242,-2.113959312438965,27.64225196838379,0.381323903799057,0.2708996534347534,0.16394327580928802,1.2732319831848145,1.675495982170105,395.3502502441406
456000,4392000,387,67,458025.0,4392375.0,False,23.967336654663086,71.64707946777344,15.947402000427246,9.009684562683105,-0.6149410605430603,0.25057685375213623,0.13334663212299347,1.2021470069885254,1.6766527891159058,774.5966796875
432000,4572000,187,61,433845.0,4578375.0,False,16.866809844970703,46.0329475402832,-8.647013664245605,-6.957818031311035,-0.13754668831825256,0.20540183782577515,0.1598641723394394,1.3821204900741577,1.9059189558029175,997.547119140625
732000,4644000,106,47,733425.0,4652805.0,False,4.775946140289307,11.831501960754395,27.28508758544922,77.63063049316406,0.3971979022026062,0.2065783590078354,0.17484349012374878,1.2467654943466187,1.6497994661331177,450.0
408000,4536000,171,188,413655.0,4542855.0,False,2.191856622695923,5.58827018737793,-5.458998203277588,-19.96622657775879,0.3987599015235901,0.1361333131790161,0.19929532706737518,1.2700978517532349,1.8702092170715332,0.0
396000,4512000,302,139,400185.0,4514925.0,False,20.259830474853516,59.64710998535156,12.707329750061035,2.5378689765930176,0.6139999032020569,0.11083768308162689,0.1335725337266922,1.2379945516586304,1.7608921527862549,0.0
732000,4644000,164,173,737205.0,4651065.0,False,13.018470764160156,34.94535446166992,8.008233070373535,-14.581271171569824,0.5098092555999756,0.24243320524692535,0.1386241465806961,1.1586345434188843,1.5509246587753296,0.0
396000,4488000,295,216,402495.0,4491135.0,True,18.061538696289062,52.1573371887207,53.15410614013672,143.71714782714844,0.26386258006095886,0.2399023026227951,0.09692181646823883,1.327840805053711,1.531304955482483,0.0
372000,4284000,374,75,374265.0,4284765.0,True,6.735260963439941,16.76203155517578,-1.4715440273284912,-1.3782144784927368,-0.9604343771934509,0.11833983659744263,0.13089275360107422,1.1307603120803833,1.5044037103652954,108.09188842773438
348000,4428000,316,177,353325.0,4430505.0,False,4.242011547088623,11.24159049987793,5.45005989074707,17.92982292175293,0.9238953590393066,0.1392357498407364,0.13807760179042816,1.0884290933609009,1.6624795198440552,792.4015502929688
372000,4464000,173,297,380925.0,4470795.0,False,15.240158081054688,41.83938217163086,20.92677116394043,77.82139587402344,-0.9051006436347961,0.11880654096603394,0.14099372923374176,1.1795746088027954,1.5059930086135864,0.0
456000,4488000,175,99,458985.0,4494735.0,False,6.287942409515381,15.8892822265625,-7.45203971862793,-20.00592803955078,-0.24933888018131256,0.14574705064296722,0.21675600111484528,1.2061160802841187,1.57210111618042,325.4232177734375
360000,4500000,89,372,371175.0,4509315.0,False,7.735498905181885,27.53392219543457,4.20518684387207,47.8952522277832,-0.8008993268013,0.1064680814743042,0.17685304582118988,1.2128571271896362,1.5914573669433594,0.0
444000,4596000,75,46,445395.0,4605735.0,False,26.99714469909668,77.97415161132812,-5.633978843688965,42.15730667114258,0.39383581280708313,0.29453420639038086,0.1513833999633789,1.392119288444519,1.6746934652328491,200.48252868652344
300000,4428000,227,308,309255.0,4433175.0,False,9.12807559967041,25.39724349975586,-3.991143226623535,38.12773895263672,0.7930623292922974,0.16056670248508453,0.18021801114082336,1.0700254440307617,1.5809972286224365,0.0
396000,4392000,46,215,402465.0,4402605.0,False,11.790460586547852,29.20136070251465,2.5918102264404297,-8.06797981262207,-0.3741552233695984,0.09528908133506775,0.09729722887277603,1.1006762981414795,1.4328124523162842,730.95849609375
360000,4500000,104,181,365445.0,4508865.0,False,6.536092281341553,16.71335220336914,-5.861965656280518,-10.137003898620605,0.45201897621154785,0.08698651939630508,0.12754131853580475,1.1786226034164429,1.465651512145996,0.0
372000,4488000,219,246,379395.0,4493415.0,False,27.131418228149414,76.17487335205078,-21.70498275756836,19.59412956237793,0.7667732834815979,0.1281505823135376,0.15081435441970825,1.1141116619110107,1.4354037046432495,429.77593994140625
432000,4260000,351,336,442095.0,4261455.0,False,2.8311758041381836,6.737847328186035,-1.1671956777572632,-16.8724365234375,-0.11319888383150101,0.09516924619674683,0.13540512323379517,1.0945807695388794,1.6313562393188477,540.0
396000,4392000,10,242,403275.0,4403685.0,False,26.013309478759766,58.73358917236328,17.56075096130371,27.478801727294922,-0.28907933831214905,0.09528908133506775,0.09729722887277603,1.1006762981414795,1.4328124523162842,800.874755859375
648000,4452000,115,279,656385.0,4460535.0,False,8.188668251037598,22.75344467163086,-15.536322593688965,-32.71066665649414,-0.23833851516246796,0.3129945695400238,0.14495305716991425,1.2094330787658691,1.6547318696975708,0.0
444000,4428000,353,319,453585.0,4429395.0,True,29.741119384765625,65.81103515625,22.759765625,96.05780792236328,-0.10422404855489731,0.19410544633865356,0.0819266214966774,1.1442545652389526,1.346845269203186,0.0
696000,4476000,95,14,696435.0,4485135.0,False,7.601495265960693,20.50013542175293,-10.58119010925293,-13.5001220703125,0.4602109491825104,0.09215967357158661,0.1366032361984253,1.0886571407318115,1.491654872894287,6.666666507720947
396000,4512000,94,288,404655.0,4521165.0,False,10.491297721862793,26.12447166442871,-20.86766242980957,-25.09891700744629,0.15370984375476837,0.16221097111701965,0.2088707983493805,1.3943755626678467,2.0795111656188965,0.0
444000,4440000,122,163,448905.0,4448325.0,False,17.993118286132812,46.88114547729492,49.3838005065918,110.21409606933594,0.33974382281303406,0.14625561237335205,0.17861439287662506,1.204534649848938,1.6945539712905884,0.0
360000,4464000,294,222,366675.0,4467165.0,False,14.016377449035645,37.33320999145508,8.18372917175293,21.643474578857422,-0.8854265213012695,0.2369099259376526,0.11376699805259705,1.220967173576355,1.5801613330841064,0.0
684000,4476000,213,316,693495.0,4481595.0,False,1.2847431898117065,4.452216148376465,4.07301139831543,2.7513022422790527,0.4231744408607483,0.09564494341611862,0.18494337797164917,1.1867799758911133,1.6154096126556396,191.322998046875
420000,4296000,24,223,426705.0,4307265.0,False,3.174586772918701,7.316351890563965,-0.7017008662223816,-6.3970947265625,-0.002469248604029417,0.13832443952560425,0.13363289833068848,1.0822374820709229,1.5402171611785889,888.5421752929688
396000,4464000,4,313,405405.0,4475865.0,False,7.67039155960083,21.40228843688965,-12.10853385925293,-32.8133544921875,-0.2332475781440735,0.16144300997257233,0.16668982803821564,1.184877872467041,1.539553165435791,417.492919921875
420000,4536000,100,180,425415.0,4544985.0,False,1.1303294897079468,2.648138999938965,0.2279188483953476,-3.7972819805145264,-0.9896000623703003,0.15990902483463287,0.2369426190853119,1.415722131729126,2.112910270690918,942.337646484375
384000,4368000,350,104,387135.0,4369485.0,False,11.490917205810547,30.59349250793457,-26.06395149230957,-53.14216995239258,-0.02452324517071247,0.21236146986484528,0.13262690603733063,1.1985604763031006,1.579145073890686,35.500938415527344
432000,4380000,182,30,432915.0,4386525.0,False,28.783283233642578,83.86253356933594,1.6646186113357544,-46.044921875,-0.799950122833252,0.20155924558639526,0.12704497575759888,1.239821434020996,1.6308091878890991,933.4881591796875
396000,4392000,379,81,398445.0,4392615.0,False,4.426571846008301,12.27676010131836,-0.8203938603401184,-14.387736320495605,0.43537044525146484,0.1639203280210495,0.09864906966686249,1.2075726985931396,1.4653974771499634,685.2008056640625
372000,4512000,353,149,376485.0,4513395.0,False,11.546306610107422,30.39576530456543,-13.80555534362793,-15.793606758117676,-0.3504638671875,0.11609876155853271,0.1899910420179367,1.1017085313796997,1.6313953399658203,794.6699829101562
324000,4464000,336,237,331125.0,4465905.0,False,3.136077404022217,7.864393711090088,-0.348687082529068,-12.892062187194824,0.9675412178039551,0.0711396262049675,0.12168000638484955,1.1243033409118652,1.482085108757019,742.6306762695312
372000,4476000,93,176,377295.0,4485195.0,False,3.1327202320098877,9.713704109191895,-0.2030164897441864,-4.414008140563965,-0.676099419593811,0.10504617542028427,0.14306896924972534,1.1264716386795044,1.4949899911880493,0.0
420000,4308000,97,38,421155.0,4317075.0,True,13.095598220825195,36.00596618652344,31.54800033569336,96.0490951538086,-0.3031872510910034,0.08721601963043213,0.1439569592475891,1.1525593996047974,1.4494599103927612,0.0
696000,4488000,254,123,699705.0,4492365.0,False,13.962257385253906,37.31007385253906,-21.19132423400879,-29.252971649169922,-0.11401314288377762,0.2795464098453522,0.11122473329305649,1.2124052047729492,1.4808595180511475,44.92902755737305
420000,4500000,301,380,431415.0,4502955.0,True,15.644244194030762,37.769287109375,14.712239265441895,17.39302635192871,0.26550963521003723,0.14552487432956696,0.20042341947555542,1.3923901319503784,2.0473697185516357,11.380711555480957
444000,4608000,287,71,446145.0,4611375.0,False,24.057662963867188,77.39202117919922,-6.410604000091553,-25.09202766418457,-0.6543567180633545,0.24186784029006958,0.16333316266536713,1.6300886869430542,2.03501033782959,0.0
420000,4500000,244,313,429405.0,4504665.0,True,10.581457138061523,25.69063377380371,-8.284912109375,-23.88490104675293,0.43578940629959106,0.16581863164901733,0.20248982310295105,1.3906790018081665,2.059504508972168,0.0
432000,4440000,157,45,433365.0,4447275.0,False,8.856860160827637,19.81454849243164,-6.984035968780518,-37.62978744506836,-0.8438624143600464,0.2116437405347824,0.1547756940126419,1.142517328262329,1.4607620239257812,450.3339538574219
300000,4440000,236,276,308295.0,4444905.0,False,19.682125091552734,58.48891830444336,26.92812728881836,-12.079779624938965,0.6055486798286438,0.056522440165281296,0.1048642247915268,1.0872129201889038,1.3537670373916626,878.2428588867188
408000,4512000,318,250,415515.0,4514445.0,False,2.1887965202331543,4.9189453125,1.6914740800857544,-1.9487847089767456,-0.04840406775474548,0.1939493864774704,0.19428613781929016,1.447251558303833,2.1239564418792725,531.0717163085938
372000,4464000,208,126,375795.0,4469745.0,False,9.1024751663208,23.87110710144043,-3.116224527359009,3.848497152328491,-0.768347978591919,0.1570991724729538,0.14631353318691254,1.1514146327972412,1.5516918897628784,0.0
360000,4464000,159,102,363075.0,4471215.0,False,6.571854114532471,18.97828483581543,11.73423957824707,12.943156242370605,0.24080371856689453,0.10665346682071686,0.1270165592432022,1.168260097503662,1.5219964981079102,10.0
432000,4560000,279,197,437925.0,4563615.0,False,17.530771255493164,46.2559700012207,12.96973991394043,-10.3201904296875,0.3301180601119995,0.1752360463142395,0.12528446316719055,1.4471704959869385,1.7497426271438599,0.0
396000,4512000,96,31,396945.0,4521105.0,False,29.73086166381836,70.46796417236328,-44.92241668701172,-131.26605224609375,0.9859736561775208,0.15053001046180725,0.17682191729545593,1.3153808116912842,1.854720950126648,0.0
300000,4476000,195,158,304755.0,4482135.0,False,6.26495361328125,17.55801010131836,-1.3032362461090088,-36.12656021118164,0.5463599562644958,0.1372319757938385,0.1865791529417038,1.1368340253829956,1.7429448366165161,152.03257751464844
360000,4464000,122,161,364845.0,4472325.0,False,13.152639389038086,34.47977828979492,-16.75387954711914,-47.56057357788086,-0.8766793012619019,0.17487333714962006,0.05486409738659859,1.1919885873794556,1.321414828300476,0.0
432000,4440000,297,65,433965.0,4443075.0,False,5.074311256408691,10.69325065612793,-2.2576904296875,-8.589640617370605,-0.0681435689330101,0.14596419036388397,0.15985701978206635,1.0867323875427246,1.5048737525939941,785.5574340820312
684000,4452000,153,234,691035.0,4459395.0,False,0.26156026124954224,0.7763807773590088,-0.1682264506816864,-5.113525390625,-0.6339606642723083,0.09810007363557816,0.123919777572155,1.1375157833099365,1.5344409942626953,782.68798828125
480000,4248000,0,71,482145.0,4259985.0,False,3.419234275817871,9.043118476867676,0.6259494423866272,1.8490262031555176,-0.3597346246242523,0.08120552450418472,0.1972927749156952,1.1081212759017944,1.6389015913009644,345.15631103515625
360000,4464000,346,318,369555.0,4465605.0,False,27.973039627075195,85.1829833984375,7.861762046813965,64.700927734375,0.6592842936515808,0.1678619384765625,0.1542387753725052,1.1011652946472168,1.5358198881149292,863.767333984375
612000,4596000,136,323,621705.0,4603905.0,False,2.0689873695373535,7.290717124938965,-5.048068523406982,-25.03919792175293,0.6636450886726379,0.28246062994003296,0.19129377603530884,1.2548258304595947,1.7382392883300781,636.8673095703125
444000,4452000,124,59,445785.0,4460265.0,False,5.365833759307861,13.80160903930664,0.7734375,-42.87784957885742,0.33472928404808044,0.1632615476846695,0.1535758376121521,1.1135311126708984,1.5042294263839722,451.3487854003906
336000,4464000,75,198,341955.0,4473735.0,False,3.001889228820801,7.941690921783447,1.0375570058822632,-12.55276107788086,-0.36213716864585876,0.10661686211824417,0.17929820716381073,1.0903575420379639,1.6158338785171509,169.71453857421875
360000,4452000,80,181,365445.0,4461585.0,False,4.803150177001953,13.923027992248535,-11.838216781616211,-48.50242614746094,-0.01957249827682972,0.14050015807151794,0.10938502848148346,1.1945501565933228,1.357665777206421,794.6699829101562
660000,4608000,299,385,671565.0,4611015.0,False,17.666149139404297,42.28126525878906,14.925211906433105,36.51600646972656,-0.24434997141361237,0.2022414207458496,0.2157410830259323,1.2235409021377563,1.7686271667480469,35.500938415527344
372000,4464000,209,229,378885.0,4469715.0,False,7.35390567779541,18.45587730407715,-8.445068359375,2.188829183578491,-0.39766988158226013,0.12464793026447296,0.11132589727640152,1.0548816919326782,1.5184379816055298,524.603271484375
396000,4440000,76,172,401175.0,4449705.0,False,9.050224304199219,18.73928451538086,1.6221789121627808,-27.1285400390625,-0.3430764079093933,0.130719855427742,0.13092564046382904,1.1274715662002563,1.4322253465652466,219.7831573486328
360000,4464000,40,270,368115.0,4474785.0,False,7.0374836921691895,19.42275619506836,4.39622688293457,-26.92729949951172,-0.4328232407569885,0.20579111576080322,0.14930656552314758,1.123853087425232,1.5805684328079224,537.1199951171875
648000,4452000,86,282,656475.0,4461405.0,False,10.668072700500488,29.94892120361328,-19.40785026550293,-25.79839324951172,-0.21525976061820984,0.2567913830280304,0.175099179148674,1.1973594427108765,1.7102141380310059,362.779541015625
360000,4512000,386,248,367455.0,4512405.0,False,5.763160228729248,15.693562507629395,5.695502281188965,13.814629554748535,0.7444270253181458,0.09868908673524857,0.1755904108285904,1.1518223285675049,1.5763747692108154,26.881650924682617
624000,4596000,82,394,635835.0,4605525.0,False,13.544150352478027,31.46864128112793,-18.52312469482422,-55.36568069458008,0.6934496164321899,0.40770256519317627,0.0942203626036644,1.3565548658370972,1.5668962001800537,830.1206665039062
408000,4260000,381,344,418335.0,4260555.0,True,5.326385021209717,15.85447883605957,-6.962429523468018,-15.8001708984375,-0.6423616409301758,0.13688606023788452,0.14518649876117706,1.1766643524169922,1.6552314758300781,14.714045524597168
384000,4392000,111,288,392655.0,4400655.0,False,18.019197463989258,49.973388671875,16.26803970336914,17.93333625793457,0.3776618242263794,0.102872833609581,0.09806281328201294,1.129169225692749,1.3921619653701782,0.0
408000,4248000,72,149,412485.0,4257825.0,False,6.475285530090332,16.85651397705078,-5.180325031280518,-6.207112789154053,0.9521390199661255,0.10773389786481857,0.10342284291982651,1.097076654434204,1.5818392038345337,427.08306884765625
396000,4248000,320,56,397695.0,4250385.0,True,14.277634620666504,36.564453125,-20.32652473449707,-20.52475357055664,-0.597907543182373,0.13470163941383362,0.19992679357528687,1.271667242050171,1.7944316864013672,0.0
312000,4488000,397,324,321735.0,4488075.0,False,3.289247989654541,8.41734504699707,-0.1879611611366272,-0.3258870840072632,-0.04709775745868683,0.11950764060020447,0.18368692696094513,1.1017543077468872,1.5848606824874878,136.07275390625
360000,4440000,99,54,361635.0,4449015.0,False,6.02099609375,15.07899284362793,-2.764417886734009,-3.365044593811035,0.9081606268882751,0.091890349984169,0.055367361754179,1.1590068340301514,1.3282326459884644,0.0
372000,4272000,185,45,373365.0,4278435.0,False,26.83013153076172,72.85546875,2.021592855453491,17.10965919494629,0.21689170598983765,0.06567414104938507,0.09012633562088013,1.1681642532348633,1.425357460975647,953.2576293945312
648000,4368000,39,123,651705.0,4378815.0,True,3.5230445861816406,9.22059440612793,-3.7605252265930176,-44.62117385864258,-0.5057795643806458,0.29857686161994934,0.10642006248235703,1.2279391288757324,1.484351634979248,295.82342529296875
732000,4596000,35,158,736755.0,4606935.0,False,0.9625856280326843,4.341634273529053,-6.782864093780518,-29.57371711730957,0.6509666442871094,0.2918960452079773,0.15097041428089142,1.2739466428756714,1.4721115827560425,810.9257202148438
432000,4404000,382,44,433335.0,4404525.0,False,17.626800537109375,45.33562469482422,30.710693359375,101.48219299316406,-0.6492772698402405,0.15925036370754242,0.1021982878446579,1.1825345754623413,1.5559712648391724,0.0
408000,4260000,383,43,409305.0,4260495.0,True,14.845775604248047,38.05318069458008,-13.25999641418457,-16.05299186706543,0.6059542894363403,0.10545171797275543,0.14305327832698822,1.1934553384780884,1.665834665298462,0.0
432000,4572000,246,58,433755.0,4576605.0,False,15.084718704223633,36.19504165649414,-18.26779556274414,-64.308837890625,-0.3588753938674927,0.1585790514945984,0.17421181499958038,1.3452256917953491,1.850006341934204,45.144012451171875
444000,4452000,285,219,450585.0,4455435.0,True,24.82318687438965,68.67466735839844,-23.99964714050293,-18.75009536743164,-0.2618245482444763,0.26916271448135376,0.08026445657014847,1.158642053604126,1.4378666877746582,0.0
420000,4260000,160,389,431685.0,4267185.0,False,3.0645878314971924,8.48497200012207,-1.0430772304534912,-0.011583114974200726,-0.5353465676307678,0.15398505330085754,0.14178867638111115,1.0932674407958984,1.6188783645629883,930.8062744140625
396000,4212000,54,352,406575.0,4222365.0,False,14.57795238494873,32.953857421875,42.41354751586914,98.71651458740234,-0.30258697271347046,0.10210668295621872,0.22279781103134155,1.1641618013381958,1.7338244915008545,120.0
420000,4296000,319,246,427395.0,4298415.0,True,19.59272575378418,44.298828125,20.20472526550293,74.51790618896484,-0.9800155758857727,0.35480573773384094,0.08268402516841888,1.289141058921814,1.4666812419891357,0.0
384000,4392000,17,338,394155.0,4403475.0,False,28.0678768157959,87.3246841430664,-19.02171516418457,-43.34540557861328,0.562501847743988,0.102872833609581,0.09806281328201294,1.129169225692749,1.3921619653701782,0.0
300000,4428000,81,356,310695.0,4437555.0,False,8.889547348022461,20.42769432067871,5.092746257781982,-10.432671546936035,-0.32668644189834595,0.1283714920282364,0.17881420254707336,1.113935112953186,1.6541334390640259,645.7562255859375
444000,4608000,206,293,452805.0,4613805.0,False,26.419416427612305,61.80319595336914,-1.808892011642456,36.284095764160156,-0.9299530386924744,0.28603920340538025,0.10099629312753677,1.4179790019989014,1.6567190885543823,322.1759338378906
432000,4608000,338,173,437205.0,4609845.0,False,3.043936014175415,7.697550296783447,1.7949354648590088,-9.236151695251465,-0.21571028232574463,0.15417341887950897,0.21373696625232697,1.3635245561599731,1.8605717420578003,278.8615417480469
336000,4428000,330,194,341835.0,4430085.0,False,1.817560076713562,4.359591960906982,0.2029622346162796,0.5513509511947632,-0.1401180475950241,0.10186544060707092,0.1369345784187317,1.0835872888565063,1.609886884689331,830.1204223632812
732000,4644000,168,166,736995.0,4650945.0,False,13.564453125,41.72588348388672,-34.71826171875,-76.09381866455078,0.4241226613521576,0.19258707761764526,0.22517405450344086,1.2511833906173706,1.726733684539795,0.0
444000,4428000,335,387,455625.0,4429935.0,True,23.261245727539062,65.36775970458984,5.32703971862793,2.047471761703491,0.8695039749145508,0.13468177616596222,0.1964084655046463,1.0944124460220337,1.6979137659072876,0.0
732000,4476000,293,198,737955.0,4479195.0,False,13.206755638122559,30.947998046875,0.7591552734375,30.20308494567871,0.2809935510158539,0.11492696404457092,0.16185826063156128,1.1373904943466187,1.5441029071807861,741.3502807617188
408000,4536000,177,284,416535.0,4542675.0,False,8.158470153808594,22.61912727355957,-15.232340812683105,21.45903968811035,-0.1263938993215561,0.1237153708934784,0.17929822206497192,1.2500834465026855,1.821254014968872,349.281982421875
444000,4488000,300,335,454065.0,4490985.0,False,4.240240097045898,10.662028312683105,-7.971096515655518,-19.8424072265625,0.8806053996086121,0.1292324811220169,0.2045767605304718,1.1594791412353516,1.6113735437393188,992.1190795898438
636000,4608000,354,43,637305.0,4609365.0,False,22.593015670776367,62.93747329711914,24.64029884338379,72.27040100097656,0.9031106233596802,0.33001938462257385,0.11269243061542511,1.3028725385665894,1.6358989477157593,968.7106323242188
444000,4248000,137,174,449235.0,4255875.0,True,16.09212875366211,38.31430435180664,-1.1222872734069824,-0.1758490651845932,-0.8796463012695312,0.1244039237499237,0.1779242306947708,1.1023812294006348,1.5844552516937256,0.0
384000,4248000,221,153,388605.0,4253355.0,False,5.3149919509887695,12.519965171813965,-0.8099229335784912,-5.255398273468018,0.9597396850585938,0.09723344445228577,0.13419601321220398,1.0454069375991821,1.4686375856399536,882.6665649414062
408000,4512000,103,364,418935.0,4520895.0,False,3.0000317096710205,9.024210929870605,-0.5286865234375,-7.341227054595947,-0.6021709442138672,0.15574219822883606,0.19304917752742767,1.359783411026001,2.0237624645233154,588.0546264648438
660000,4500000,57,80,662415.0,4510275.0,False,11.551383972167969,25.62022590637207,-3.999932289123535,-18.71086883544922,0.9358759522438049,0.09766796976327896,0.13861405849456787,1.1594160795211792,1.4789625406265259,556.2803344726562
420000,4296000,141,256,427695.0,4303755.0,False,25.192625045776367,65.23200225830078,0.11941198259592056,36.24537658691406,0.45371013879776,0.12960326671600342,0.1904364675283432,1.2943378686904907,1.7451286315917969,351.996337890625
408000,4500000,348,22,408675.0,4501545.0,False,0.25368690490722656,0.7279052734375,-0.4170600175857544,-7.577840328216553,0.16662542521953583,0.15026730298995972,0.18392601609230042,1.3308128118515015,1.8927290439605713,424.7353210449219
408000,4248000,1,349,418485.0,4259955.0,True,8.73669147491455,21.49720573425293,-6.132269859313965,-3.7375218868255615,-0.8613768815994263,0.14012517035007477,0.11501485109329224,1.1746577024459839,1.5108208656311035,0.0
696000,4452000,218,152,700575.0,4457445.0,False,13.657954216003418,32.10647201538086,7.239501953125,33.14796447753906,0.935634195804596,0.08171895146369934,0.1251686066389084,1.1238322257995605,1.6010570526123047,371.8894348144531
696000,4488000,42,254,703635.0,4498725.0,False,16.362632751464844,46.47466278076172,-38.94094467163086,-64.41452026367188,0.01571345329284668,0.4222812056541443,0.014373891055583954,1.2598018646240234,1.354581356048584,797.4962768554688
612000,4608000,389,275,620265.0,4608315.0,False,11.31607723236084,38.09574508666992,16.64069366455078,36.14260482788086,-0.671846330165863,0.2691003382205963,0.19260574877262115,1.2739201784133911,1.786779522895813,0.0
372000,4248000,92,365,382965.0,4257225.0,True,21.77912712097168,51.81815719604492,-11.18398666381836,-11.118950843811035,0.8980287909507751,0.14319266378879547,0.1298549622297287,1.1106678247451782,1.5134789943695068,309.83990478515625
432000,4572000,1,314,441435.0,4583955.0,False,20.546201705932617,60.920166015625,-49.77205276489258,-9.757840156555176,0.6404017806053162,0.3857133388519287,0.13322369754314423,1.4088352918624878,1.6450066566467285,33.548316955566406
312000,4488000,288,317,321525.0,4491345.0,False,5.755827903747559,14.049153327941895,1.3028836250305176,-9.12246322631836,0.20687969028949738,0.11950764060020447,0.18368692696094513,1.1017543077468872,1.5848606824874878,450.0
456000,4488000,141,237,463125.0,4495755.0,True,16.302059173583984,45.69355010986328,-1.2882486581802368,125.91873168945312,-0.844552755355835,0.15239742398262024,0.14074233174324036,1.2529178857803345,1.4581570625305176,0.0
396000,4476000,52,87,398625.0,4486425.0,True,19.127666473388672,58.50387954711914,52.65237045288086,163.5823516845703,-0.7364158034324646,0.16122913360595703,0.15272307395935059,1.203228235244751,1.5502554178237915,0.0
696000,4488000,329,10,696315.0,4490115.0,False,9.792038917541504,22.63050651550293,-16.44959831237793,-48.06841278076172,-0.14448916912078857,0.19145824015140533,0.1425403654575348,1.1870059967041016,1.5374033451080322,0.0
420000,4500000,203,361,430845.0,4505895.0,False,10.061631202697754,29.42650032043457,-18.55757713317871,-4.640855312347412,-0.8226593136787415,0.18608509004116058,0.18723048269748688,1.421443223953247,2.0315449237823486,0.0
444000,4392000,183,360,454815.0,4398495.0,False,2.6416513919830322,7.672675132751465,-0.8439670205116272,-8.74513053894043,0.6282278299331665,0.31709539890289307,0.10271742939949036,1.1881403923034668,1.5366578102111816,664.5302124023438
684000,4464000,77,95,686865.0,4473675.0,False,3.3640291690826416,6.400119304656982,3.785264730453491,7.495632648468018,0.5600138306617737,0.1045188307762146,0.20073342323303223,1.138256549835205,1.6860018968582153,834.4600830078125
360000,4284000,136,274,368235.0,4291905.0,False,3.223900079727173,5.950507164001465,0.4714491069316864,-2.603257894515991,0.8343683481216431,0.08673234283924103,0.1283746212720871,1.049727439880371,1.5423779487609863,661.1353759765625
432000,4512000,178,249,439485.0,4518645.0,False,19.550922393798828,48.20359802246094,-1.3252767324447632,9.0670166015625,-0.5050396919250488,0.1324281394481659,0.20085816085338593,1.2750126123428345,1.719467282295227,0.0
432000,4512000,79,243,439305.0,4521615.0,False,30.08858871459961,81.03041076660156,1.7550863027572632,32.23196029663086,-0.9621400833129883,0.16186216473579407,0.17727446556091309,1.3251140117645264,1.7241865396499634,0.0
336000,4476000,117,108,339255.0,4484475.0,False,6.563248634338379,18.33795738220215,-13.140625,-20.11915397644043,0.30201274156570435,0.10850558429956436,0.051323939114809036,1.1420791149139404,1.2747149467468262,0.0
384000,4452000,174,203,390105.0,4458765.0,False,10.288373947143555,28.85853385925293,-8.09616470336914,14.923285484313965,-0.08138356357812881,0.12639792263507843,0.16015249490737915,1.1753969192504883,1.559233546257019,0.0
696000,4500000,138,260,703815.0,4507845.0,False,13.876815795898438,39.589599609375,-8.892523765563965,-33.26272201538086,0.08313727378845215,0.17793899774551392,0.19229243695735931,1.2977125644683838,1.8207967281341553,71.03677368164062
444000,4452000,26,118,447555.0,4463205.0,True,34.298465728759766,116.75505828857422,-14.34372329711914,0.786092221736908,-0.7823011875152588,0.18053144216537476,0.11791864782571793,1.1264411211013794,1.5254534482955933,0.0
384000,4476000,337,387,395625.0,4477875.0,True,13.856133460998535,33.84521484375,-4.028604984283447,-55.96955108642578,-0.09368927776813507,0.1734485775232315,0.08632459491491318,1.1738473176956177,1.4195582866668701,0.0
396000,4248000,23,359,406785.0,4259295.0,False,35.48000717163086,96.48696899414062,62.55692672729492,102.21435546875,0.5365002751350403,0.10232361406087875,0.019579164683818817,1.0622899532318115,1.3827407360076904,469.2546691894531
360000,4464000,127,284,368535.0,4472175.0,False,11.171385765075684,27.75648307800293,4.45703125,48.30302047729492,-0.9677033424377441,0.25525179505348206,0.13119566440582275,1.1903655529022217,1.5293079614639282,0.0
360000,4464000,203,377,371325.0,4469895.0,False,7.058320999145508,20.36310386657715,-17.51932716369629,-32.3354377746582,0.5255546569824219,0.15589168667793274,0.15884579718112946,1.0493972301483154,1.5913472175598145,975.909912109375
456000,4380000,316,158,460755.0,4382505.0,False,15.800753593444824,40.5116081237793,17.80254554748535,25.14678192138672,0.9181571006774902,0.2890605032444,0.0942525863647461,1.1638495922088623,1.7054682970046997,570.0
408000,4536000,388,57,409725.0,4536345.0,False,21.456478118896484,53.39579391479492,9.06125259399414,44.32025909423828,0.25913745164871216,0.14425219595432281,0.07177835702896118,1.2394578456878662,1.3927209377288818,836.0623168945312
468000,4488000,229,3,468105.0,4493115.0,False,7.052204132080078,19.02438735961914,2.28173828125,3.042711019515991,0.42231205105781555,0.11467953771352768,0.18707267940044403,1.1690552234649658,1.6119364500045776,450.66619873046875
396000,4272000,351,176,401295.0,4273455.0,False,14.017597198486328,47.30681610107422,17.7313232421875,58.42641830444336,-0.1722225546836853,0.09660645574331284,0.14343391358852386,1.3093713521957397,1.5187865495681763,967.781005859375
420000,4272000,352,258,427755.0,4273425.0,False,8.663991928100586,29.03755760192871,18.36056900024414,40.18716049194336,-0.6294535398483276,0.11434858292341232,0.14584535360336304,1.3566228151321411,1.515371322631836,778.393798828125
396000,4464000,246,334,406035.0,4468605.0,True,5.707458972930908,14.55434799194336,-7.44068717956543,-26.71888542175293,-0.32619065046310425,0.11119944602251053,0.15897685289382935,1.1532617807388306,1.571898341178894,21.380712509155273
360000,4512000,277,59,361785.0,4515675.0,False,15.506858825683594,33.10114288330078,5.327840328216553,2.662611246109009,-0.5732888579368591,0.11609040945768356,0.1385398507118225,1.1365731954574585,1.572251319885254,721.5261840820312
696000,4500000,71,315,705465.0,4509855.0,False,5.59367561340332,15.799072265625,-13.79079818725586,-31.39674186706543,0.6180390119552612,0.14796745777130127,0.18619391322135925,1.2210164070129395,1.6696878671646118,577.5819091796875
444000,4572000,15,126,447795.0,4583535.0,False,25.402328491210938,59.11018753051758,-21.07484245300293,-25.98796844482422,-0.9953916072845459,0.18268254399299622,0.16638746857643127,1.2638227939605713,1.6217533349990845,176.64031982421875
660000,4512000,399,82,662475.0,4512015.0,False,6.84608268737793,19.03826141357422,-6.439629554748535,-44.56657028198242,0.4169800877571106,0.1739654541015625,0.20232529938220978,1.1596665382385254,1.6688085794448853,250.4611358642578
432000,4608000,244,243,439305.0,4612665.0,False,16.255859375,40.13758850097656,-1.5972764492034912,24.40740394592285,0.007038633339107037,0.1371811181306839,0.17578426003456116,1.3437055349349976,1.8065741062164307,60.0
684000,4476000,149,324,693735.0,4483515.0,False,4.99000883102417,12.210856437683105,1.768947958946228,-0.983534038066864,0.7371668815612793,0.12009761482477188,0.17294956743717194,1.1484261751174927,1.58695650100708,0.0
384000,4272000,314,149,388485.0,4274565.0,False,9.69107437133789,21.57124900817871,4.024197101593018,-6.945868492126465,-0.6980437636375427,0.10968342423439026,0.1366090029478073,1.0752085447311401,1.6358587741851807,968.7106323242188
348000,4500000,8,87,350625.0,4511745.0,False,6.930822849273682,21.6273193359375,-4.743001461029053,-12.39283561706543,-0.6460908055305481,0.08072573691606522,0.17214207351207733,1.1807204484939575,1.707705020904541,751.5308227539062
420000,4512000,337,247,427425.0,4513875.0,False,9.74075698852539,30.79063606262207,14.417196273803711,21.65566635131836,0.5747409462928772,0.09640981256961823,0.14437200129032135,1.2791980504989624,1.6935540437698364,0.0
396000,4512000,156,398,407955.0,4519305.0,False,1.7710094451904297,5.16455078125,-0.3176947832107544,-4.61474609375,0.6349400281906128,0.17544296383857727,0.19269001483917236,1.5697616338729858,2.3648414611816406,604.2352905273438
396000,4488000,101,330,405915.0,4496955.0,True,21.451562881469727,52.14451599121094,2.7461345195770264,-16.64412498474121,0.2802544832229614,0.0816340297460556,0.10381580889225006,1.2388594150543213,1.4621394872665405,0.0
384000,4392000,202,374,395235.0,4397925.0,False,34.13668441772461,93.19686889648438,-30.38194465637207,65.46981811523438,0.18023377656936646,0.19485020637512207,0.07625879347324371,1.260778784751892,1.3605905771255493,0.0
696000,4452000,211,6,696195.0,4457655.0,False,1.2150509357452393,3.395806312561035,-2.2020671367645264,-8.09693717956543,0.28496843576431274,0.11511564254760742,0.15305417776107788,1.1396156549453735,1.5236655473709106,126.15751647949219
348000,4428000,321,220,354615.0,4430355.0,False,10.037569999694824,29.13457489013672,4.869534015655518,25.77959442138672,0.6378761529922485,0.1342136710882187,0.14826326072216034,1.086348056793213,1.6621655225753784,380.26483154296875
444000,4428000,274,350,454515.0,4431765.0,True,29.243772506713867,96.01028442382812,22.35289192199707,19.34030532836914,-0.69687819480896,0.22366388142108917,0.12171494215726852,1.1713780164718628,1.417874813079834,0.0
384000,4440000,148,107,387225.0,4447545.0,False,14.314253807067871,32.62049865722656,9.687785148620605,29.85980987548828,0.8012790679931641,0.12837719917297363,0.13887068629264832,1.1471608877182007,1.5348129272460938,0.0
408000,4536000,182,331,417945.0,4542525.0,False,8.950887680053711,19.6197509765625,-5.570610523223877,-17.04688835144043,-0.855312705039978,0.1371101438999176,0.19768239557743073,1.2528473138809204,1.753839373588562,268.3597412109375
360000,4296000,302,13,360405.0,4298925.0,True,12.351951599121094,36.20952606201172,-0.6060248613357544,-19.10069465637207,0.6337981224060059,0.09779646247625351,0.11256947368383408,1.218437671661377,1.5641847848892212,11.380711555480957
420000,4440000,254,320,429615.0,4444365.0,False,26.539724349975586,75.21739196777344,-30.54371452331543,-31.94342613220215,0.6648393869400024,0.20268703997135162,0.07317450642585754,1.1733248233795166,1.384723424911499,0.0
348000,4476000,72,23,348705.0,4485825.0,False,17.833520889282227,40.82858657836914,6.784912109375,-61.98209762573242,0.95847088098526,0.16480274498462677,0.18653295934200287,1.1171530485153198,1.648734211921692,0.0
432000,4608000,394,310,441315.0,4608165.0,False,21.555627822875977,50.21736526489258,24.64971160888672,49.99652862548828,-0.9957419037818909,0.311199814081192,0.11025792360305786,1.5432438850402832,1.8210318088531494,0.0
336000,4476000,38,346,346395.0,4486845.0,False,14.095373153686523,38.76318359375,-16.52292251586914,12.072428703308105,0.3365461528301239,0.36766499280929565,0.08050446957349777,1.236712098121643,1.5919513702392578,0.0
336000,4500000,44,303,345105.0,4510665.0,False,2.6955621242523193,6.268364906311035,-0.2279188334941864,-5.833835124969482,-0.1353251188993454,0.09814376384019852,0.14461632072925568,1.205138087272644,1.5484358072280884,845.1629028320312
684000,4452000,16,302,693075.0,4463505.0,False,5.868519306182861,15.323052406311035,-0.9180637001991272,1.9059786796569824,-0.7206088900566101,0.08395710587501526,0.13484688103199005,1.1364610195159912,1.4952596426010132,295.82342529296875
336000,4440000,192,362,346875.0,4446225.0,False,2.3019251823425293,8.63174057006836,-3.3870441913604736,-3.0028347969055176,-0.10677673667669296,0.10944782942533493,0.11232200264930725,1.0748474597930908,1.5951228141784668,633.3251953125
444000,4608000,200,272,452175.0,4613985.0,False,12.391244888305664,36.29597854614258,-1.117892861366272,-28.3837890625,-0.08708648383617401,0.4538480341434479,0.05245422199368477,1.570107102394104,1.7940369844436646,0.0
360000,4452000,262,266,367995.0,4456125.0,False,2.6886892318725586,8.534423828125,-0.7929145097732544,-7.4274091720581055,0.5913240313529968,0.09871408343315125,0.17048603296279907,1.0772885084152222,1.5601836442947388,778.393798828125
420000,4296000,398,342,430275.0,4296045.0,True,16.330856323242188,46.60986328125,13.477240562438965,27.04725456237793,-0.4278702735900879,0.25219428539276123,0.13498055934906006,1.2362297773361206,1.6334248781204224,0.0
420000,4440000,346,369,431085.0,4441605.0,False,19.02266502380371,49.87815856933594,29.41738510131836,42.53898239135742,0.965975284576416,0.15022413432598114,0.11027231812477112,1.1279436349868774,1.3968586921691895,0.0
432000,4512000,173,306,441195.0,4518795.0,False,13.603995323181152,39.13327407836914,16.62653350830078,-53.76249313354492,0.7120894193649292,0.17673750221729279,0.16828007996082306,1.235252857208252,1.7503026723861694,630.0
432000,4596000,227,183,437505.0,4601175.0,False,23.840835571289062,69.77491760253906,3.0874836444854736,-12.70859146118164,0.8061860203742981,0.12084505707025528,0.1739966869354248,1.2654411792755127,1.748215675354004,0.0
408000,4536000,382,128,411855.0,4536525.0,False,13.265511512756348,36.4845085144043,-11.66530990600586,-25.97432518005371,-0.4546174108982086,0.1301562339067459,0.19017933309078217,1.2258143424987793,1.5933033227920532,0.0
696000,4452000,111,221,702645.0,4460655.0,False,15.103782653808594,42.59396743774414,-2.791246175765991,10.332072257995605,-0.6572156548500061,0.1481596827507019,0.1827223002910614,1.1786822080612183,1.9278209209442139,330.0
396000,4392000,118,124,399735.0,4400445.0,False,26.617027282714844,60.83818817138672,-25.10991668701172,-54.099853515625,0.9830945730209351,0.09528908133506775,0.09729722887277603,1.1006762981414795,1.4328124523162842,0.0
732000,4596000,68,191,737745.0,4605945.0,False,8.916703224182129,22.28116798400879,-4.476766109466553,-11.68429946899414,-0.7033085227012634,0.16982369124889374,0.19252263009548187,1.158894419670105,1.5883243083953857,184.9872283935547
732000,4644000,204,108,735255.0,4649865.0,False,12.231141090393066,31.80306053161621,25.15011978149414,6.7311201095581055,0.4036707282066345,0.14259301126003265,0.1699514091014862,1.1422715187072754,1.6804555654525757,0.0
420000,4296000,291,275,428265.0,4299255.0,True,5.460473537445068,11.367241859436035,-5.519802570343018,-45.13370895385742,-0.8342723250389099,0.3255521059036255,0.08676931262016296,1.235398769378662,1.4733929634094238,0.0
336000,4452000,128,274,344235.0,4460145.0,False,3.026235580444336,8.53721809387207,-1.5354546308517456,-3.4815945625305176,-0.5458073019981384,0.06508253514766693,0.1209658831357956,1.079671025276184,1.4359468221664429,0.0
348000,4500000,168,82,350475.0,4506945.0,False,5.060122489929199,11.634033203125,2.700819253921509,-4.203708171844482,0.08927564322948456,0.08449773490428925,0.1568431705236435,1.1826900243759155,1.5707625150680542,708.4490356445312
396000,4404000,266,243,403305.0,4408005.0,False,21.788461685180664,60.497962951660156,52.47922134399414,181.88494873046875,-0.3951117694377899,0.2153007835149765,0.10322169214487076,1.221303105354309,1.3946815729141235,0.0
360000,4500000,82,379,371385.0,4509525.0,False,12.776606559753418,35.294639587402344,-16.31271743774414,25.20396614074707,-0.8222214579582214,0.11559581011533737,0.17872045934200287,1.2261821031570435,1.6138315200805664,0.0
360000,4284000,356,253,367605.0,4285305.0,False,12.273721694946289,40.24811553955078,-0.9884981513023376,-27.5670166015625,-0.8961678147315979,0.14388519525527954,0.19166433811187744,1.0510625839233398,1.4693336486816406,510.0
336000,4452000,78,205,342165.0,4461645.0,False,0.8424227237701416,2.114610433578491,0.1576063334941864,-1.4812960624694824,-0.38167259097099304,0.0788208469748497,0.11960918456315994,1.0906330347061157,1.5613360404968262,560.98193359375
372000,4500000,26,190,377715.0,4511205.0,False,11.7952299118042,30.1854248046875,12.09341049194336,7.816867828369141,-0.3844013810157776,0.11398039013147354,0.1859644651412964,1.1805154085159302,1.6590254306793213,0.0
420000,4296000,151,208,426255.0,4303455.0,True,11.231697082519531,31.29254913330078,-12.655341148376465,-43.84012985229492,-0.5388453602790833,0.22266285121440887,0.11114020645618439,1.1508252620697021,1.4665957689285278,154.955810546875
360000,4440000,199,18,360555.0,4446015.0,False,3.3080968856811523,7.936279296875,-3.3924560546875,-18.11594009399414,0.6132220029830933,0.07201285660266876,0.08743482083082199,1.1188833713531494,1.3942711353302002,0.0
432000,4560000,55,283,440505.0,4570335.0,False,3.045591354370117,7.284573078155518,1.1995307207107544,-6.659735679626465,0.13181038200855255,0.122929148375988,0.18241053819656372,1.1827564239501953,1.6987950801849365,633.3246459960938
396000,4440000,40,236,403095.0,4450785.0,True,20.952375411987305,60.3778190612793,-49.28449249267578,-55.02790069580078,0.009352694265544415,0.19676066935062408,0.08714273571968079,1.156713604927063,1.4317295551300049,0.0
396000,4404000,68,95,398865.0,4413945.0,False,25.405874252319336,67.56495666503906,35.02914810180664,35.13874053955078,-0.19775839149951935,0.17079459130764008,0.05990368872880936,1.1656845808029175,1.4054168462753296,443.3328857421875
384000,4476000,189,17,384525.0,4482315.0,False,2.7295849323272705,7.8717041015625,-0.6036105751991272,-5.1178789138793945,-0.5318008661270142,0.10642655938863754,0.16662929952144623,1.0962765216827393,1.4845753908157349,924.4998779296875
396000,4440000,249,25,396765.0,4444515.0,False,3.102546453475952,7.578749179840088,2.557793378829956,3.096177816390991,0.6417351961135864,0.1029607430100441,0.14894002676010132,1.0997830629348755,1.4797179698944092,573.6732177734375
420000,4260000,107,278,428355.0,4268775.0,False,6.295423984527588,16.25737762451172,-7.038113117218018,-4.748724937438965,-0.8453183770179749,0.22171662747859955,0.10707363486289978,1.1268978118896484,1.4811694622039795,700.2144775390625
420000,4500000,304,192,425775.0,4502865.0,False,5.288534164428711,14.6527099609375,1.2725015878677368,-8.6494140625,0.43542036414146423,0.16571401059627533,0.2040911614894867,1.5897812843322754,2.1936864852905273,358.4786071777344
432000,4404000,384,45,433365.0,4404465.0,False,12.213546752929688,38.2203369140625,43.05778121948242,116.1330337524414,-0.29578059911727905,0.1545979529619217,0.10035437345504761,1.1668405532836914,1.4369615316390991,0.0
372000,4248000,136,47,373425.0,4255905.0,False,4.603081226348877,11.70594596862793,-11.192111015319824,-25.20361328125,-0.9891600608825684,0.1118563637137413,0.14398972690105438,1.0962817668914795,1.5452187061309814,966.385009765625
444000,4452000,61,78,446355.0,4462155.0,True,6.4438018798828125,20.94887924194336,-15.74374771118164,-62.35258102416992,-0.32631823420524597,0.13692906498908997,0.14096607267856598,1.1154788732528687,1.4831498861312866,117.63505554199219
408000,4452000,196,12,408375.0,4458105.0,True,7.0119099617004395,17.60956382751465,-12.7840576171875,-36.40497589111328,0.17486761510372162,0.12715673446655273,0.1532968431711197,1.1195003986358643,1.5304688215255737,0.0
420000,4236000,65,104,423135.0,4246035.0,False,29.200336456298828,93.49609375,-1.6791177988052368,29.83395767211914,0.6480709314346313,0.14145728945732117,0.10940537601709366,1.2444896697998047,1.6000406742095947,840.0
348000,4488000,363,137,352125.0,4489095.0,False,13.2804536819458,33.73493194580078,-30.68382453918457,-82.18473052978516,-0.13851353526115417,0.2209073007106781,0.16852451860904694,1.150023102760315,1.649873971939087,6.666666507720947
432000,4572000,83,371,443145.0,4581495.0,False,23.6720027923584,71.59800720214844,-0.5995008945465088,63.52948760986328,0.8773912787437439,0.18729178607463837,0.13531987369060516,1.3296829462051392,1.6576741933822632,87.19741821289062
372000,4224000,388,217,378525.0,4224345.0,False,16.26544952392578,41.35263442993164,16.87445831298828,22.27328872680664,-0.8386833667755127,0.16323421895503998,0.049535125494003296,1.1402971744537354,1.5684183835983276,989.8485717773438
336000,4428000,296,223,342705.0,4431105.0,False,3.1014983654022217,6.937310218811035,-1.2175564765930176,-4.5553388595581055,-0.05013209953904152,0.08549532294273376,0.08407873660326004,1.1471327543258667,1.4199169874191284,10.0
360000,4500000,48,355,370665.0,4510545.0,False,3.1935551166534424,9.335625648498535,-4.3148193359375,-6.061102867126465,-0.7356438636779785,0.11613347381353378,0.18791840970516205,1.1846275329589844,1.5799108743667603,30.0
396000,4452000,262,375,407265.0,4456125.0,False,18.49445343017578,44.51921844482422,4.734171390533447,12.57455825805664,0.981067955493927,0.13403265178203583,0.19534404575824738,1.2198213338851929,1.7104188203811646,885.6629028320312
432000,4584000,237,295,440865.0,4588875.0,False,20.33210563659668,62.20114517211914,-23.15402603149414,29.238037109375,-0.5844669342041016,0.5651888251304626,0.04432464763522148,1.7093205451965332,1.6712651252746582,0.0
336000,4452000,53,238,343155.0,4462395.0,False,2.321195602416992,5.729098796844482,0.5160861611366272,-3.613837242126465,-0.5508096814155579,0.07470386475324631,0.11404376477003098,1.0977247953414917,1.4921844005584717,148.6625518798828
336000,4440000,173,324,345735.0,4446795.0,False,2.6120588779449463,6.95189094543457,-3.3462321758270264,-4.038357257843018,-0.559016764163971,0.10940421372652054,0.13261519372463226,1.0956408977508545,1.5970293283462524,859.4185180664062
372000,4500000,337,75,374265.0,4501875.0,False,17.356788635253906,49.576904296875,-8.59703254699707,-39.55038833618164,-0.5037933588027954,0.15616939961910248,0.1516813188791275,1.3275853395462036,1.8062142133712769,0.0
336000,4428000,195,241,343245.0,4434135.0,False,2.342288017272949,5.077202796936035,-0.864271342754364,-6.313788414001465,-0.06627710163593292,0.10135362297296524,0.14389115571975708,1.085186243057251,1.6569362878799438,792.4014282226562
312000,4428000,293,228,318855.0,4431195.0,False,7.850188732147217,19.20654296875,-2.003648519515991,16.45906639099121,0.5791429281234741,0.11961047351360321,0.15433353185653687,1.0772467851638794,1.5961633920669556,163.41966247558594
396000,4392000,380,84,398535.0,4392585.0,False,4.175617218017578,11.54248046875,-1.0622422695159912,-13.35202407836914,0.42963024973869324,0.16435100138187408,0.0957806408405304,1.1995773315429688,1.4549819231033325,752.794921875
432000,4404000,307,327,441825.0,4406775.0,False,6.209628105163574,20.745769500732422,-8.971435546875,-4.86619758605957,0.141243577003479,0.2004455029964447,0.08865179121494293,1.1023733615875244,1.5994333028793335,908.2952880859375
372000,4476000,181,329,381885.0,4482555.0,False,10.68064022064209,28.60252571105957,-2.8313937187194824,16.57108497619629,-0.6136158108711243,0.11943936347961426,0.12724672257900238,1.1368037462234497,1.4952813386917114,0.0
432000,4548000,109,244,439335.0,4556715.0,False,10.000236511230469,26.71000099182129,7.912082195281982,6.6227617263793945,-0.29705318808555603,0.17808638513088226,0.2236776351928711,1.4590588808059692,2.0075130462646484,424.5002136230469
372000,4488000,104,105,375165.0,4496865.0,False,16.202051162719727,45.38412857055664,21.31821060180664,67.59852600097656,0.7467333674430847,0.09412148594856262,0.07124623656272888,1.1789792776107788,1.3374561071395874,0.0
408000,4224000,327,89,410685.0,4226175.0,False,1.0593090057373047,2.6967365741729736,-0.3764784038066864,-7.933906078338623,-0.9758450388908386,0.08657313138246536,0.1662585437297821,1.0615519285202026,1.6280087232589722,633.0914306640625
432000,4560000,27,70,434115.0,4571175.0,False,18.137731552124023,46.58539581298828,7.6034746170043945,-16.06291961669922,-0.4707850515842438,0.15473352372646332,0.14215640723705292,1.2920469045639038,1.739820957183838,0.0
432000,4404000,253,325,441765.0,4408395.0,False,15.254292488098145,39.89414978027344,-2.840508460998535,-13.416096687316895,-0.6562835574150085,0.23308692872524261,0.1211204007267952,1.1590224504470825,1.6278784275054932,0.0
444000,4488000,305,134,448035.0,4490835.0,False,5.1696319580078125,16.13613510131836,-11.90272331237793,-17.72161102294922,0.6196660399436951,0.18669088184833527,0.18194764852523804,1.6100845336914062,2.355102777481079,693.037109375
372000,4500000,303,3,372105.0,4502895.0,False,5.271890163421631,14.19936752319336,3.4194607734680176,-4.427056312561035,0.6556981801986694,0.14947257936000824,0.153761088848114,1.2677284479141235,1.6300089359283447,0.0
372000,4284000,336,62,373875.0,4285905.0,False,5.838764667510986,12.423489570617676,-2.7577309608459473,-13.663641929626465,0.23901331424713135,0.09120756387710571,0.09809590876102448,1.1123665571212769,1.4129467010498047,417.492919921875
360000,4452000,56,356,370695.0,4462305.0,False,15.633402824401855,41.24074935913086,-13.90123176574707,-12.9229736328125,0.769569456577301,0.11445493996143341,0.13030783832073212,1.1755110025405884,1.4555857181549072,0.0
420000,4440000,361,309,429285.0,4441155.0,False,16.799081802368164,41.82619857788086,28.06038475036621,120.18296813964844,0.47161534428596497,0.2850639522075653,0.07325733453035355,1.2166708707809448,1.3670610189437866,0.0
432000,4596000,178,295,440865.0,4602645.0,False,27.980928421020508,84.37519073486328,-8.83665657043457,-98.40094757080078,0.8946292400360107,0.34140297770500183,0.10354937613010406,1.4749714136123657,1.616091012954712,0.0
384000,4392000,281,357,394725.0,4395555.0,False,25.672266006469727,70.4049301147461,14.649658203125,-94.56912994384766,-0.33969032764434814,0.2749605178833008,0.005458750296384096,1.2782161235809326,1.2903861999511719,0.0
708000,4560000,18,343,718305.0,4571445.0,False,10.779597282409668,24.0205078125,10.05589485168457,22.06830596923828,0.8824114203453064,0.2812017500400543,0.1044255793094635,1.1959730386734009,1.6101725101470947,127.68257141113281
648000,4596000,10,376,659295.0,4607685.0,False,5.101906776428223,11.31568717956543,-10.2698974609375,-51.51467514038086,-0.6766453981399536,0.25221046805381775,0.18426118791103363,1.2666347026824951,1.664825201034546,0.0
324000,4500000,334,290,332715.0,4501965.0,False,13.290064811706543,32.90554428100586,1.6585965156555176,7.222574710845947,-0.9037628769874573,0.11188260465860367,0.17900323867797852,1.1827560663223267,1.6580702066421509,0.0
648000,4452000,209,300,657015.0,4457715.0,False,19.690000534057617,55.54240036010742,1.2974175214767456,-53.99937438964844,-0.3523044288158417,0.11425480246543884,0.19847480952739716,1.24911367893219,1.750902533531189,121.28134155273438
432000,4596000,54,236,439095.0,4606365.0,False,33.325111389160156,95.91059112548828,19.4234619140625,50.37208557128906,0.9554221630096436,0.11258367449045181,0.16055260598659515,1.2870979309082031,1.59782874584198,0.0
660000,4512000,398,112,663375.0,4512045.0,False,6.978974342346191,21.23952865600586,-7.831556797027588,-22.12909698486328,0.8535338044166565,0.1673269122838974,0.20440995693206787,1.1958346366882324,1.8108644485473633,295.2695617675781
444000,4416000,277,272,452175.0,4419675.0,False,14.001363754272461,36.80951690673828,11.63315200805664,24.78133201599121,0.6850296258926392,0.1303735077381134,0.13433486223220825,1.1072971820831299,1.4868642091751099,0.0
396000,4512000,150,43,397305.0,4519485.0,False,22.010042190551758,59.82168197631836,-4.790771484375,-18.64462661743164,0.8731917142868042,0.15053001046180725,0.17682191729545593,1.3153808116912842,1.854720950126648,0.0
420000,4272000,349,245,427365.0,4273515.0,False,11.318622589111328,36.37763214111328,11.65646743774414,29.30970573425293,-0.5143117904663086,0.11802423745393753,0.14268921315670013,1.284142017364502,1.5121493339538574,750.9996948242188
372000,4512000,48,159,376785.0,4522545.0,False,24.998743057250977,68.15870666503906,2.327582597732544,31.67479133605957,-0.28058043122291565,0.06846410781145096,0.15189270675182343,1.1225104331970215,1.432161808013916,0.0
432000,4260000,325,29,432885.0,4262235.0,True,16.044631958007812,34.41460418701172,7.88818359375,25.259113311767578,0.9026859402656555,0.07875870168209076,0.10586957633495331,1.1144942045211792,1.4596318006515503,0.0
420000,4440000,375,297,428925.0,4440735.0,False,18.05672836303711,51.66189193725586,17.28271484375,81.98770141601562,-0.5217888355255127,0.23961399495601654,0.06809020042419434,1.1600111722946167,1.3816250562667847,0.0
336000,4428000,116,340,346215.0,4436505.0,False,3.8440096378326416,11.60043716430664,-2.900146484375,-8.610391616821289,-0.4045659899711609,0.11817459762096405,0.14107774198055267,1.0862014293670654,1.6038224697113037,128.4475555419922
648000,4596000,105,325,657765.0,4604835.0,False,10.689129829406738,30.23809051513672,13.43638801574707,21.60953712463379,0.8590527772903442,0.19061021506786346,0.19192184507846832,1.2079659700393677,1.6481962203979492,805.2329711914062
432000,4572000,378,183,437505.0,4572645.0,False,20.625892639160156,61.269775390625,-14.563680648803711,3.945570230484009,-0.462805837392807,0.2081291824579239,0.1525992453098297,1.4213268756866455,2.0203001499176025,474.9737854003906
420000,4500000,192,360,430815.0,4506225.0,False,9.25835132598877,25.57431411743164,-12.268310546875,-24.06974220275879,-0.29603779315948486,0.1821729987859726,0.2021462619304657,1.3698276281356812,2.0526504516601562,145.3289794921875
384000,4212000,7,372,395175.0,4223775.0,False,4.375607013702393,12.207763671875,-2.9488797187805176,-4.476101398468018,-0.9167091250419617,0.1384463757276535,0.07799652963876724,1.1015210151672363,1.4979802370071411,534.6961669921875
324000,4464000,214,115,327465.0,4469565.0,False,16.165332794189453,45.3104362487793,-21.93048858642578,-26.8631591796875,0.5377382636070251,0.09343481063842773,0.08469697833061218,1.1399823427200317,1.35252046585083,0.0
612000,4596000,62,175,617265.0,4606125.0,False,19.99541664123535,46.59783172607422,-28.40538215637207,-98.35272979736328,0.11655323952436447,0.38312435150146484,0.16099382936954498,1.369518518447876,1.7574138641357422,0.0
432000,4560000,13,201,438045.0,4571595.0,False,17.11041831970215,50.64828872680664,-9.4447021484375,39.97930145263672,-0.1363324075937271,0.16832302510738373,0.1623731106519699,1.379042625427246,1.9337682723999023,0.0
420000,4392000,299,151,424545.0,4395015.0,False,9.712388038635254,23.2518310546875,1.2755939960479736,-14.325533866882324,-0.77745521068573,0.14879372715950012,0.10183056443929672,1.1337463855743408,1.5228337049484253,948.9995727539062
660000,4500000,232,1,660045.0,4505025.0,False,2.424861431121826,6.031955242156982,-1.6868354082107544,-5.7764081954956055,0.9827826619148254,0.16310323774814606,0.1801895797252655,1.120707392692566,1.7401342391967773,417.492919921875
372000,4464000,151,341,382245.0,4471455.0,False,3.2079734802246094,8.640774726867676,-0.345703125,-13.910115242004395,-0.4202229082584381,0.08612855523824692,0.1769193857908249,1.0884740352630615,1.5042426586151123,459.5663757324219
384000,4392000,123,344,394335.0,4400295.0,False,24.920644760131836,75.577880859375,14.90256118774414,44.13237762451172,0.6705500483512878,0.102872833609581,0.09806281328201294,1.129169225692749,1.3921619653701782,0.0
396000,4260000,378,296,404895.0,4260645.0,True,21.966249465942383,60.736488342285156,2.501044273376465,0.8157009482383728,-0.7496674060821533,0.10910219699144363,0.12480629980564117,1.176053762435913,1.4772499799728394,126.15751647949219
372000,4488000,239,236,379095.0,4492815.0,False,10.742497444152832,32.14157485961914,-26.04771614074707,-57.9777717590332,0.957971453666687,0.1386851817369461,0.16546796262264252,1.110978603363037,1.5196678638458252,825.7725219726562
384000,4356000,60,188,389655.0,4366185.0,False,12.85088062286377,36.15018844604492,-7.77784538269043,-0.4180637300014496,0.9085102081298828,0.1129169687628746,0.18389484286308289,1.2140781879425049,1.7613235712051392,14.714045524597168
384000,4356000,74,172,389175.0,4365765.0,False,10.24052619934082,27.66805076599121,-1.2285292148590088,-1.0056694746017456,0.6871998906135559,0.1074705645442009,0.15884187817573547,1.1722354888916016,1.679780125617981,14.714045524597168
384000,4488000,331,395,395865.0,4490055.0,False,15.76374626159668,36.89295959472656,-15.280476570129395,-15.029988288879395,-0.9021235108375549,0.2181665599346161,0.11615744978189468,1.214263677597046,1.505751371383667,81.44712829589844
372000,4428000,96,257,379725.0,4437105.0,False,13.92304801940918,41.06869888305664,-2.430433511734009,-6.89942741394043,-0.637205958366394,0.11907240748405457,0.13689790666103363,1.1408277750015259,1.443986415863037,342.92852783203125
372000,4488000,194,74,374235.0,4494165.0,False,4.910834789276123,11.98487663269043,-3.2708468437194824,-12.82118034362793,0.03151889890432358,0.11607325822114944,0.11659657955169678,1.1557132005691528,1.5201479196548462,277.6685485839844
444000,4572000,26,138,448155.0,4583205.0,False,12.961669921875,32.5740966796875,-8.100518226623535,-8.001871109008789,0.10146936774253845,0.15912729501724243,0.1903866082429886,1.3319435119628906,1.8269016742706299,390.7711181640625
420000,4248000,274,4,420135.0,4251765.0,True,18.987789154052734,50.49978256225586,-21.960693359375,-69.61580657958984,-0.7232365608215332,0.11178956180810928,0.11275718361139297,1.1094766855239868,1.5015021562576294,0.0
384000,4452000,233,42,385275.0,4456995.0,False,10.844769477844238,29.38811492919922,-6.735025882720947,-13.52723503112793,0.8679269552230835,0.10173314064741135,0.16278131306171417,1.0974711179733276,1.543110728263855,107.31619262695312
360000,4512000,136,240,367215.0,4519905.0,False,3.6905431747436523,10.77614974975586,6.615654945373535,-14.343017578125,0.0051262578926980495,0.06400306522846222,0.1268119364976883,1.1474661827087402,1.4072932004928589,0.0
384000,4392000,295,325,393765.0,4395135.0,False,23.92940902709961,66.82554626464844,-42.73707580566406,-135.3724822998047,0.4471226632595062,0.22006961703300476,0.04743937775492668,1.2443915605545044,1.3730868101119995,0.0
420000,4512000,98,155,424665.0,4521045.0,False,12.261943817138672,32.62600326538086,7.689303874969482,-40.21809768676758,-0.8033668398857117,0.16775044798851013,0.18509843945503235,1.3324143886566162,1.815858244895935,0.0
372000,4488000,77,45,373365.0,4497675.0,False,5.85489559173584,16.388427734375,4.949612140655518,7.221951007843018,0.769310712814331,0.1266157329082489,0.1335325837135315,1.1569844484329224,1.5819180011749268,0.0
372000,4452000,54,6,372195.0,4462365.0,False,5.786294937133789,16.9150390625,-3.3286945819854736,-16.83670997619629,0.6497324705123901,0.10399483889341354,0.0978718101978302,1.1511796712875366,1.371551752090454,0.0
300000,4476000,93,71,302145.0,4485195.0,False,2.4788079261779785,7.08836555480957,1.4753553867340088,-0.6156277060508728,-0.5463269948959351,0.10978887230157852,0.1665806770324707,1.1696937084197998,1.5674989223480225,885.6629028320312
396000,4488000,100,249,403485.0,4496985.0,False,4.599294662475586,11.267496109008789,3.2607421875,2.833238363265991,-0.9767662882804871,0.1506081521511078,0.177841454744339,1.5209202766418457,2.18143892288208,966.385009765625
432000,4536000,183,142,436275.0,4542495.0,False,2.9258930683135986,10.56113052368164,3.781751871109009,-18.07139778137207,-0.26090121269226074,0.05871131271123886,0.10286527872085571,1.1769349575042725,1.538292407989502,126.15751647949219
480000,4452000,30,61,481845.0,4463085.0,True,2.5636208057403564,10.391900062561035,-11.156073570251465,-28.35324478149414,-0.9712262749671936,0.1728971153497696,0.09933052211999893,1.0913633108139038,1.4947834014892578,284.0783996582031
444000,4440000,265,13,444405.0,4444035.0,False,2.776885747909546,8.448689460754395,1.5577256679534912,0.7740478515625,-0.11924081295728683,0.12880314886569977,0.14259754121303558,1.0908491611480713,1.513381838798523,957.4967651367188
348000,4296000,157,360,358815.0,4303275.0,False,18.04796600341797,49.02133560180664,4.002264976501465,14.09872817993164,0.5054451823234558,0.10262481123209,0.04407927021384239,1.0569651126861572,1.478628158569336,810.0
636000,4620000,346,55,637665.0,4621605.0,False,34.425113677978516,95.32275390625,12.472710609436035,22.885822296142578,0.3749082088470459,0.23352734744548798,0.0761604756116867,1.2746925354003906,1.6455235481262207,469.2546691894531
396000,4452000,389,248,403455.0,4452315.0,True,20.07354164123535,50.1859016418457,2.5140788555145264,84.34272003173828,0.9393296241760254,0.30419567227363586,0.01754600554704666,1.2115834951400757,1.433334469795227,0.0
408000,4260000,363,124,411735.0,4261095.0,True,14.639591217041016,43.72284698486328,-38.69951629638672,-85.04009246826172,0.6232496500015259,0.15453341603279114,0.13383211195468903,1.1925512552261353,1.7182693481445312,0.0
444000,4608000,139,153,448605.0,4615815.0,False,27.34189796447754,66.20059967041016,-13.099283218383789,-56.68451690673828,0.024924064055085182,0.21127554774284363,0.14275112748146057,1.373477816581726,1.6692900657653809,233.88705444335938
432000,4392000,374,63,433905.0,4392765.0,False,24.497325897216797,76.37353515625,-19.26912498474121,-54.87505340576172,-0.48511573672294617,0.22795230150222778,0.1012682169675827,1.1995717287063599,1.5374765396118164,3.3333332538604736
408000,4536000,183,150,412515.0,4542495.0,False,1.8892606496810913,5.494479656219482,-3.4242351055145264,-17.88755989074707,-0.5995084047317505,0.13607053458690643,0.18992263078689575,1.2891929149627686,1.9228522777557373,0.0
444000,4428000,368,339,454185.0,4428945.0,True,14.323955535888672,38.53534698486328,3.313910484313965,69.2699966430664,0.22690770030021667,0.26992732286453247,0.09879012405872345,1.1575212478637695,1.58720064163208,0.0
396000,4512000,246,167,401025.0,4516605.0,False,23.8171329498291,60.60255432128906,-3.3224825859069824,-26.57496452331543,0.9827409386634827,0.16025897860527039,0.157159686088562,1.3272433280944824,1.8945749998092651,0.0
372000,4512000,231,12,372375.0,4517055.0,False,10.397769927978516,28.498779296875,5.43626594543457,28.49913215637207,0.4572699964046478,0.09156138449907303,0.16939213871955872,1.212127685546875,1.618908166885376,0.0
336000,4428000,275,212,342375.0,4431735.0,False,2.4198100566864014,5.558878421783447,-0.1087103933095932,-1.9328070878982544,-0.1221056804060936,0.10204891115427017,0.13386262953281403,1.1242411136627197,1.5572211742401123,401.013427734375
732000,4644000,289,213,738405.0,4647315.0,False,12.373183250427246,33.52663803100586,-3.301934242248535,-4.633883953094482,0.44537660479545593,0.18798016011714935,0.15476375818252563,1.1427369117736816,1.5251647233963013,0.0
372000,4428000,307,227,378825.0,4430775.0,False,14.651453971862793,34.95563507080078,-13.171807289123535,-37.45308303833008,0.9742307066917419,0.06398864090442657,0.08709866553544998,1.1631046533584595,1.4727917909622192,60.0
432000,4560000,190,26,432795.0,4566285.0,False,15.656291007995605,43.6099853515625,-0.4983724057674408,14.161431312561035,0.6837466955184937,0.10465127229690552,0.13536573946475983,1.2502167224884033,1.6017992496490479,0.0
384000,4512000,195,325,393765.0,4518135.0,False,3.4309308528900146,8.315253257751465,-0.7648383378982544,0.4010009765625,-0.08267293870449066,0.13369932770729065,0.18582545220851898,1.3057323694229126,1.8345093727111816,759.9345092773438
636000,4620000,398,80,638415.0,4620045.0,False,17.622390747070312,41.758872985839844,3.0677897930145264,-44.74519729614258,-0.01951517164707184,0.5762900114059448,0.006672779563814402,1.4078463315963745,1.810158610343933,96.20514678955078
744000,4632000,327,14,744435.0,4634175.0,False,5.410956382751465,16.24315071105957,-4.979193687438965,-34.67892837524414,-0.7527204751968384,0.20078632235527039,0.2201925814151764,1.2589318752288818,1.6725821495056152,644.5930786132812
612000,4608000,332,281,620445.0,4610025.0,False,7.435403347015381,24.5810546875,-2.433213949203491,10.202853202819824,0.7894383072853088,0.35806089639663696,0.12894387543201447,1.2472445964813232,1.620804786682129,900.4663696289062
444000,4380000,139,373,455205.0,4387815.0,True,8.460099220275879,27.61684799194336,-14.6024169921875,-39.29786682128906,-0.5200016498565674,0.21707116067409515,0.14386864006519318,1.3084068298339844,1.900864601135254,282.3081970214844
360000,4272000,18,361,370845.0,4283445.0,False,4.019170761108398,11.19788932800293,2.5965983867645264,-12.620321273803711,-0.839764416217804,0.1226264163851738,0.14585335552692413,1.0765702724456787,1.5065422058105469,336.30474853515625
396000,4392000,33,157,400725.0,4402995.0,False,17.15743637084961,53.6141357421875,-21.28898048400879,-40.51101303100586,-0.48860326409339905,0.09528908133506775,0.09729722887277603,1.1006762981414795,1.4328124523162842,380.26483154296875
444000,4596000,91,168,449055.0,4605255.0,False,19.793319702148438,55.5091552734375,0.1154513880610466,2.885145425796509,0.8830773830413818,0.33616700768470764,0.10881312936544418,1.5514088869094849,1.8096345663070679,0.0
396000,4248000,298,302,405075.0,4251045.0,False,1.2731549739837646,3.4753146171569824,-2.00439453125,-11.695528984069824,0.860130250453949,0.1421678364276886,0.15411707758903503,1.1976449489593506,1.8894984722137451,832.2861328125
300000,4440000,262,324,309735.0,4444125.0,False,20.98265838623047,55.76068878173828,22.008544921875,-29.76496124267578,0.8279435038566589,0.056522440165281296,0.1048642247915268,1.0872129201889038,1.3537670373916626,403.3621826171875
360000,4512000,63,387,371625.0,4522095.0,False,4.32627010345459,11.44382095336914,-3.4489474296569824,-18.37547492980957,-0.4379842281341553,0.08373186737298965,0.14386312663555145,1.1315135955810547,1.4668728113174438,0.0
372000,4464000,118,200,378015.0,4472445.0,False,2.786020517349243,7.581258296966553,-4.311577796936035,8.041015625,0.9522368311882019,0.11176341772079468,0.12048477679491043,1.0676579475402832,1.4625669717788696,0.0
456000,4488000,290,47,457425.0,4491285.0,False,5.004933834075928,12.98801040649414,-0.245320662856102,-13.23202896118164,-0.9587797522544861,0.1852850615978241,0.1947900801897049,1.284443974494934,1.6809850931167603,808.146240234375
384000,4248000,61,136,388095.0,4258155.0,True,26.117345809936523,63.42081832885742,13.693441390991211,16.79134178161621,-0.9295823574066162,0.20586395263671875,0.1330549269914627,1.2745208740234375,1.554570198059082,0.0
396000,4476000,350,320,405615.0,4477485.0,False,15.647490501403809,38.43284606933594,21.25546646118164,43.03077697753906,0.2517296373844147,0.144197478890419,0.1940055936574936,1.201826572418213,1.6317572593688965,618.223388671875
648000,4380000,243,164,652935.0,4384695.0,False,4.4259796142578125,15.616888999938965,-8.756265640258789,-9.28146743774414,0.44481223821640015,0.17877598106861115,0.17407548427581787,1.210829257965088,1.6023765802383423,768.7652587890625
696000,4476000,265,16,696495.0,4480035.0,False,1.3666257858276367,3.904473304748535,-0.1191134974360466,-2.437811851501465,0.6104819178581238,0.09215967357158661,0.1366032361984253,1.0886571407318115,1.491654872894287,787.8453979492188
396000,4392000,28,57,397725.0,4403145.0,False,19.870635986328125,54.58113479614258,7.043118000030518,17.1055908203125,-0.8160151243209839,0.09528908133506775,0.09729722887277603,1.1006762981414795,1.4328124523162842,0.0
384000,4500000,114,376,395295.0,4508565.0,False,15.781998634338379,35.9949951171875,11.142170906066895,38.45172882080078,-0.9631302356719971,0.11583712697029114,0.16785931587219238,1.197223424911499,1.6100519895553589,0.0
372000,4512000,30,195,377865.0,4523085.0,False,4.885888576507568,12.64638900756836,-6.441935062408447,-28.09316635131836,0.3073342442512512,0.1274714469909668,0.19708289206027985,1.151725172996521,1.6728012561798096,86.79896545410156
396000,4512000,64,363,406905.0,4522065.0,False,5.02304220199585,12.646185874938965,-4.21544075012207,-6.138766765594482,-0.23604455590248108,0.11518333107233047,0.19442808628082275,1.2550711631774902,1.82478666305542,0.0
396000,4392000,18,94,398835.0,4403445.0,False,12.75429630279541,34.34467315673828,-1.8233507871627808,-10.871134757995605,0.07430174946784973,0.09528908133506775,0.09729722887277603,1.1006762981414795,1.4328124523162842,604.1543579101562
732000,4644000,172,200,738015.0,4650825.0,False,7.7484259605407715,19.46957778930664,-0.6837700605392456,50.55023956298828,0.9374101161956787,0.30161604285240173,0.1240544244647026,1.1529630422592163,1.4845798015594482,0.0
444000,4308000,330,186,449595.0,4310085.0,False,11.03414535522461,26.04538345336914,-6.263373374938965,-16.73855209350586,0.10703473538160324,0.3610169291496277,0.08196005970239639,1.2771607637405396,1.6847740411758423,367.0151672363281
420000,4248000,43,382,431475.0,4258695.0,True,15.927412986755371,40.4921875,14.73056411743164,44.82831573486328,0.9480467438697815,0.12071915715932846,0.14821670949459076,1.091559648513794,1.5305309295654297,21.380712509155273
432000,4560000,334,266,439995.0,4561965.0,False,24.18712615966797,59.236328125,17.92584991455078,6.7419843673706055,0.8840996026992798,0.13156157732009888,0.19244374334812164,1.2302300930023193,1.6943334341049194,0.0
444000,4608000,360,231,450945.0,4609185.0,False,25.458295822143555,74.17431640625,29.811767578125,104.08457946777344,0.35743850469589233,0.6191810369491577,-0.06695770472288132,1.7209296226501465,1.5956196784973145,957.0266723632812
408000,4236000,18,307,417225.0,4247445.0,False,21.938295364379883,67.40931701660156,1.2445476055145264,6.837619304656982,-0.47472843527793884,0.19699661433696747,0.10252254456281662,1.167145848274231,1.5498329401016235,424.5002136230469
300000,4476000,117,165,304965.0,4484475.0,False,6.2441582679748535,16.60251235961914,0.8949110507965088,-33.9898681640625,-0.09909889847040176,0.14760538935661316,0.1895749717950821,1.1387715339660645,1.6555415391921997,431.787841796875
432000,4452000,351,20,432615.0,4453455.0,False,6.997095108032227,20.97208595275879,-15.992349624633789,-33.08334732055664,0.42095550894737244,0.1855345219373703,0.1327722668647766,1.134190559387207,1.5250128507614136,902.3305053710938
336000,4500000,94,337,346125.0,4509165.0,False,5.561105251312256,13.98117446899414,-1.17041015625,-12.831746101379395,0.1902773380279541,0.10970158874988556,0.15107671916484833,1.2796555757522583,1.714274287223816,342.6564636230469
408000,4308000,39,350,418515.0,4318815.0,False,10.059048652648926,24.68866539001465,-2.393866777420044,-10.53793716430664,0.38863468170166016,0.09935575723648071,0.15868514776229858,1.0702118873596191,1.5006046295166016,752.795166015625
456000,4380000,286,35,457065.0,4383405.0,False,24.401111602783203,55.372314453125,13.785834312438965,37.88636779785156,0.06089721992611885,0.3207390010356903,0.08985613286495209,1.1869068145751953,1.5369104146957397,982.4480590820312
384000,4260000,384,341,394245.0,4260465.0,True,12.76557445526123,31.63632583618164,5.631998538970947,5.499199867248535,0.2832476496696472,0.07813037186861038,0.06714830547571182,1.0761001110076904,1.3822598457336426,0.0
396000,4272000,393,93,398805.0,4272195.0,False,15.25821304321289,36.94905471801758,13.077935218811035,-14.378838539123535,0.660733699798584,0.09210444986820221,0.11952034384012222,1.0594881772994995,1.5154012441635132,626.8975219726562
660000,4608000,329,326,669795.0,4610115.0,False,1.7758677005767822,7.0406494140625,4.396443843841553,-14.02281379699707,0.006199637893587351,0.1487339735031128,0.20566125214099884,1.1290086507797241,1.5936671495437622,0.0
468000,4464000,322,382,479475.0,4466325.0,True,13.126641273498535,37.41006088256836,-13.75634765625,-34.58420181274414,-0.9384075403213501,0.15782853960990906,0.1317749321460724,1.1598727703094482,1.5349761247634888,0.0
300000,4476000,200,151,304545.0,4481985.0,False,6.183098793029785,16.30445671081543,-2.2141385078430176,-37.1868896484375,0.3558889627456665,0.1317099779844284,0.19550767540931702,1.1311664581298828,1.7184014320373535,107.31619262695312
384000,4260000,349,127,387825.0,4261515.0,True,10.77963924407959,26.17445182800293,11.337985038757324,13.894613265991211,-0.6585172414779663,0.12790685892105103,0.0997510775923729,1.1127134561538696,1.5056201219558716,0.0
324000,4500000,357,311,333345.0,4501275.0,False,10.118607521057129,26.23805046081543,-3.7639567852020264,6.961398601531982,0.8171415328979492,0.0753568708896637,0.12323566526174545,1.1866780519485474,1.4687052965164185,0.0
732000,4476000,261,102,735075.0,4480155.0,False,13.414783477783203,28.982666015625,-3.095323324203491,-7.635606288909912,-0.6964355111122131,0.15200313925743103,0.1749005764722824,1.2085763216018677,1.4909149408340454,939.9469604492188
384000,4488000,349,393,395805.0,4489515.0,False,27.027067184448242,74.02483367919922,0.0216064453125,3.741956949234009,0.7582926154136658,0.1481265425682068,0.0834835022687912,1.2214488983154297,1.4550176858901978,0.0
372000,4512000,77,124,375735.0,4521675.0,False,17.191646575927734,46.771484375,-4.535129070281982,-32.31584930419922,0.4737849831581116,0.1174979954957962,0.16893179714679718,1.2456226348876953,1.7536109685897827,0.0
372000,4476000,94,398,383955.0,4485165.0,False,9.251527786254883,24.41818618774414,12.160305976867676,17.76917839050293,-0.7874578833580017,0.12792886793613434,0.16540949046611786,1.0820380449295044,1.4748544692993164,0.0
396000,4512000,298,314,405435.0,4515045.0,False,3.5773398876190186,9.496365547180176,-3.003119707107544,-10.42531967163086,0.38988780975341797,0.1594371646642685,0.18637900054454803,1.312443494796753,2.0014851093292236,277.6685485839844
360000,4500000,195,262,367875.0,4506135.0,False,5.362459182739258,13.3414306640625,-6.219699382781982,-42.17613220214844,-0.506567120552063,0.10482954978942871,0.147710382938385,1.1796140670776367,1.493909478187561,0.0
372000,4500000,24,303,381105.0,4511265.0,False,7.1097002029418945,17.30893325805664,-5.298000812530518,-0.7206895351409912,0.9791207909584045,0.11225847154855728,0.13783617317676544,1.195906639099121,1.7658984661102295,722.9107666015625
420000,4260000,36,193,425805.0,4270905.0,True,8.087589263916016,18.98577308654785,-4.01671028137207,-0.7237955331802368,0.05470440164208412,0.17378787696361542,0.11804930865764618,1.2417844533920288,1.587910532951355,0.0
396000,4512000,169,29,396885.0,4518915.0,False,28.280805587768555,75.99076843261719,26.208251953125,15.116740226745605,-0.9858819246292114,0.15053001046180725,0.17682191729545593,1.3153808116912842,1.854720950126648,14.714045524597168
444000,4416000,379,384,455535.0,4416615.0,True,5.937326908111572,16.65892219543457,-10.110867500305176,-7.692572593688965,-0.19764631986618042,0.2107427716255188,0.12739810347557068,1.1336448192596436,1.5243360996246338,0.0
456000,4488000,282,329,465885.0,4491525.0,False,20.409374237060547,56.5644416809082,22.82815170288086,50.9830322265625,0.8732300400733948,0.12533140182495117,0.23311524093151093,1.176121711730957,1.8914027214050293,427.08306884765625
348000,4500000,42,174,353235.0,4510725.0,False,31.584922790527344,90.87403869628906,22.29640007019043,82.0926513671875,0.28070366382598877,0.0976950004696846,0.23474489152431488,1.0935351848602295,1.7785366773605347,0.0
336000,4464000,276,317,345525.0,4467705.0,False,4.755044937133789,14.05026626586914,-0.1079508364200592,-9.255085945129395,0.7797075510025024,0.07558241486549377,0.11456453055143356,1.1074469089508057,1.3813292980194092,360.4178771972656
336000,4500000,371,12,336375.0,4500855.0,False,12.92352294921875,28.20964813232422,2.6523165702819824,8.05870246887207,-0.04726735129952431,0.079835444688797,0.1250293105840683,1.2068175077438354,1.5974122285842896,121.28134155273438
372000,4476000,284,105,375165.0,4479465.0,False,5.362001419067383,13.80483627319336,-4.8770341873168945,-10.956950187683105,-0.21280710399150848,0.15515965223312378,0.1548824906349182,1.114632487297058,1.6319377422332764,631.1895751953125
432000,4572000,49,292,440775.0,4582515.0,False,25.548818588256836,62.95383071899414,-20.47824478149414,56.10370635986328,-0.009966482408344746,0.25616949796676636,0.16611674427986145,1.3316562175750732,1.604962944984436,0.0
420000,4260000,318,357,430725.0,4262445.0,True,11.158812522888184,25.98971939086914,11.79543685913086,34.626220703125,-0.7967613935470581,0.15680092573165894,0.09789429605007172,1.184622049331665,1.5588393211364746,272.77105712890625
384000,4248000,285,147,388425.0,4251435.0,False,2.9761314392089844,7.81640625,0.6024848222732544,-0.4784749448299408,0.9462634921073914,0.0970192700624466,0.1051926538348198,1.086391568183899,1.447853684425354,480.0
384000,4272000,178,150,388515.0,4278645.0,False,7.093504905700684,17.99498176574707,4.622124671936035,3.9987385272979736,-0.25159624218940735,0.12642112374305725,0.1247570738196373,1.1091967821121216,1.606406331062317,983.0057373046875
396000,4476000,88,170,401115.0,4485345.0,True,27.489492416381836,85.84402465820312,-46.37375259399414,-103.928466796875,0.38565120100975037,0.2578936517238617,0.14324146509170532,1.3063466548919678,1.5025935173034668,0.0
432000,4392000,376,25,432765.0,4392705.0,False,18.916507720947266,55.83878707885742,33.14447784423828,52.30940628051758,-0.7084720134735107,0.22388944029808044,0.10213902592658997,1.1869432926177979,1.5557421445846558,150.0
384000,4272000,176,61,385845.0,4278705.0,False,11.77591323852539,29.71967315673828,5.058743000030518,13.49742317199707,0.7945057153701782,0.16920402646064758,0.1723605990409851,1.0943037271499634,1.65035879611969,931.5601196289062
396000,4476000,212,68,398055.0,4481625.0,True,14.373485565185547,41.65033721923828,5.049479007720947,4.952229976654053,-0.7024308443069458,0.16122913360595703,0.15272307395935059,1.203228235244751,1.5502554178237915,0.0
360000,4440000,185,26,360795.0,4446435.0,False,3.7232773303985596,9.360392570495605,2.5292561054229736,-1.0075141191482544,0.9488255977630615,0.08157375454902649,0.07974158227443695,1.1463830471038818,1.3937358856201172,0.0
348000,4428000,267,164,352935.0,4431975.0,False,12.249327659606934,29.06174087524414,18.55757713317871,59.24103546142578,0.22726623713970184,0.11902374774217606,-0.012617954052984715,1.200516700744629,1.272891640663147,0.0
648000,4452000,162,268,656055.0,4459125.0,False,14.271066665649414,40.00146484375,-18.843181610107422,4.276095867156982,-0.7997043132781982,0.13083676993846893,0.19345661997795105,1.2416448593139648,1.6168838739395142,180.84283447265625
480000,4464000,349,27,480825.0,4465515.0,True,13.498312950134277,36.68131637573242,-0.5640460848808289,42.19802474975586,0.38187384605407715,0.14582942426204681,0.11864237487316132,1.129859209060669,1.4452552795410156,0.0
372000,4512000,43,186,377595.0,4522695.0,False,13.06514835357666,32.62436294555664,10.578179359436035,8.70046615600586,-0.3498041331768036,0.10893237590789795,0.19272205233573914,1.0871480703353882,1.486498475074768,176.6403045654297
444000,4404000,45,386,455595.0,4414635.0,True,20.097387313842773,57.4616813659668,-7.220757484436035,-12.832681655883789,0.7147884964942932,0.1317272037267685,0.16329368948936462,1.1041227579116821,1.5129121541976929,0.0
432000,4608000,218,375,443265.0,4613445.0,False,14.322198867797852,34.6651611328125,21.94489097595215,65.29005432128906,-0.003588945372030139,0.20183497667312622,0.16918738186359406,1.3326538801193237,1.662268042564392,827.4661865234375
324000,4500000,325,255,331665.0,4502235.0,False,6.008415222167969,15.541314125061035,-10.077853202819824,-21.97813606262207,-0.3752824366092682,0.07308775931596756,0.12585869431495667,1.150431752204895,1.4577522277832031,121.28134155273438
648000,4596000,36,159,652785.0,4606905.0,False,11.98755168914795,29.24571418762207,1.684231162071228,-20.34361457824707,-0.10043810307979584,0.20354893803596497,0.25001293420791626,1.2359685897827148,1.800318956375122,213.55654907226562
420000,4296000,265,100,423015.0,4300035.0,False,19.134197235107422,55.80807876586914,-55.763427734375,-93.56328582763672,-0.2576541602611542,0.1863711178302765,0.1145670935511589,1.1850535869598389,1.4867271184921265,630.2383422851562
420000,4416000,0,192,425775.0,4427985.0,False,36.66615295410156,129.04693603515625,-0.5697970986366272,64.76974487304688,0.6669175624847412,0.10557984560728073,0.1622021198272705,1.2615212202072144,1.7024813890457153,226.7254638671875
372000,4260000,354,76,374295.0,4261365.0,False,7.747943878173828,23.45050621032715,-4.638291835784912,12.309258460998535,0.7308211922645569,0.12490464001893997,0.12329807877540588,1.0070213079452515,1.570669412612915,399.9003601074219
372000,4452000,41,109,375285.0,4462755.0,False,5.392011642456055,12.39242935180664,0.5381401777267456,2.927734375,-0.27907851338386536,0.11674784123897552,0.14472408592700958,1.1069039106369019,1.4394208192825317,973.39794921875
420000,4296000,324,55,421665.0,4298265.0,True,21.502527236938477,48.23796844482422,18.13894271850586,34.38583755493164,-0.33857572078704834,0.10180561989545822,0.09672284871339798,1.2342897653579712,1.362560510635376,0.0
432000,4452000,388,67,434025.0,4452345.0,False,18.396732330322266,50.90199279785156,39.97481155395508,88.78987121582031,0.09905440360307693,0.16496387124061584,0.133189857006073,1.1198068857192993,1.5193742513656616,466.3700866699219
696000,4476000,83,17,696525.0,4485495.0,False,9.346060752868652,25.03173828125,-0.0604926198720932,6.803290367126465,-0.36077913641929626,0.09215967357158661,0.1366032361984253,1.0886571407318115,1.491654872894287,21.380712509155273
420000,4296000,301,83,422505.0,4298955.0,True,15.162318229675293,40.32961654663086,18.21660614013672,-5.81178092956543,-0.026697330176830292,0.15531551837921143,0.10941489040851593,1.1925157308578491,1.555769920349121,10.0
732000,4596000,89,219,738585.0,4605315.0,False,8.914255142211914,23.53780174255371,22.79668426513672,38.0125732421875,0.24611346423625946,0.20500235259532928,0.1574302315711975,1.1004935503005981,1.4985469579696655,0.0
432000,4392000,346,128,435855.0,4393605.0,False,29.658952713012695,81.67591857910156,-12.704155921936035,-16.36338996887207,-0.9228045344352722,0.21743637323379517,0.10868767648935318,1.1877901554107666,1.563151478767395,569.7373046875
384000,4440000,230,396,395895.0,4445085.0,False,0.9113683104515076,3.044976234436035,-0.0597195103764534,-4.096530437469482,0.7331020832061768,0.1029520258307457,0.1934281587600708,1.0911751985549927,1.4985151290893555,708.023681640625
432000,4512000,158,286,440595.0,4519245.0,False,28.07883071899414,80.91188049316406,-0.2681344449520111,44.81959533691406,0.9111664891242981,0.14511501789093018,0.1499248445034027,1.1737405061721802,1.6316910982131958,135.59402465820312
348000,4500000,76,184,353535.0,4509705.0,False,7.474145889282227,18.512248992919922,1.6830376386642456,-35.77219009399414,0.4850280284881592,0.11081702262163162,0.17864355444908142,1.2353436946868896,1.8981258869171143,630.876220703125
348000,4428000,244,196,353895.0,4432665.0,False,9.88382625579834,25.28534698486328,-9.530571937561035,-24.56991958618164,0.962040901184082,0.13385066390037537,0.08087987452745438,1.1591885089874268,1.6697174310684204,180.0
372000,4428000,332,29,372885.0,4430025.0,False,16.689952850341797,38.58897399902344,11.823336601257324,8.60594367980957,-0.9982234835624695,0.15361471474170685,0.13464201986789703,1.133756399154663,1.4426648616790771,28.047378540039062
360000,4500000,312,301,369045.0,4502625.0,False,10.724656105041504,29.33379364013672,-18.14082908630371,-51.28053283691406,0.04371810704469681,0.1982133537530899,0.1161058321595192,1.2468546628952026,1.5531845092773438,0.0
444000,4308000,381,239,451185.0,4308555.0,False,28.677358627319336,87.45518493652344,-0.44978830218315125,-15.302435874938965,-0.7348605990409851,0.4190663695335388,0.00950691569596529,1.3881597518920898,1.517292857170105,859.4185791015625
396000,4392000,53,221,402645.0,4402395.0,False,15.647875785827637,34.45993423461914,9.682373046875,0.3281114399433136,-0.07910320162773132,0.09528908133506775,0.09729722887277603,1.1006762981414795,1.4328124523162842,862.2216186523438
432000,4560000,391,42,433275.0,4560255.0,False,13.312809944152832,36.51913833618164,-4.557861328125,-27.06361198425293,0.31780052185058594,0.16344745457172394,0.18911437690258026,1.3058459758758545,1.8161811828613281,154.955810546875
372000,4464000,387,85,374565.0,4464375.0,False,10.761088371276855,28.47007942199707,-9.48316764831543,16.9364013671875,0.5561419129371643,0.11470253020524979,0.1770225614309311,1.0604534149169922,1.4690474271774292,0.0
372000,4440000,298,376,383295.0,4443045.0,False,4.726818084716797,11.869208335876465,-9.16830825805664,-23.67409896850586,0.15302710235118866,0.11910956352949142,0.13119938969612122,1.144098162651062,1.3979179859161377,96.20514678955078
384000,4356000,77,38,385155.0,4365675.0,False,6.595043182373047,13.130290031433105,-4.478786945343018,-32.85389709472656,0.7907106876373291,0.11884757876396179,0.09278468042612076,1.1594067811965942,1.4414796829223633,330.0
432000,4560000,137,252,439575.0,4567875.0,False,9.370540618896484,25.96506118774414,-9.807169914245605,-7.986680507659912,-0.9646889567375183,0.17816908657550812,0.2005746215581894,1.3056111335754395,1.7241982221603394,0.0
360000,4512000,358,300,369015.0,4513245.0,False,2.7029972076416016,5.919297695159912,2.424506187438965,-4.933919429779053,-0.8769314289093018,0.10738343000411987,0.1901078224182129,1.1551340818405151,1.5683985948562622,876.5272216796875
684000,4572000,109,244,691335.0,4580715.0,False,1.8838038444519043,5.531507968902588,1.5935736894607544,5.02149772644043,-0.79103022813797,0.1388215273618698,0.1859653741121292,1.1189905405044556,1.632347583770752,844.8120727539062
684000,4464000,75,273,692205.0,4473735.0,False,0.8469179272651672,2.013807535171509,-0.2553982138633728,-3.2354328632354736,-0.06141526997089386,0.08890566974878311,0.1483101099729538,1.1385962963104248,1.5513297319412231,674.5380249023438
384000,4272000,245,207,390225.0,4276635.0,False,12.779498100280762,28.97314453125,15.870768547058105,70.80156707763672,-0.09036555886268616,0.16664756834506989,0.14088977873325348,1.1259764432907104,1.5807342529296875,977.4968872070312
396000,4440000,64,335,406065.0,4450065.0,True,20.181793212890625,56.18671417236328,-5.768581390380859,-25.1331787109375,0.5790891647338867,0.1306864470243454,0.12208405137062073,1.1262184381484985,1.4599263668060303,0.0
312000,4428000,159,74,314235.0,4435215.0,False,1.9262638092041016,5.040934085845947,-2.1495766639709473,-13.41562271118164,0.10048899054527283,0.1440943330526352,0.16606363654136658,1.079915165901184,1.6134092807769775,300.0
312000,4428000,297,299,320985.0,4431075.0,False,3.0760257244110107,8.488335609436035,2.1864962577819824,-2.358208656311035,0.8300309181213379,0.12404052168130875,0.12343103438615799,1.1031888723373413,1.528456449508667,757.5618896484375
420000,4248000,235,70,422115.0,4252935.0,False,17.15640640258789,41.118125915527344,4.224514484405518,20.80438995361328,0.43728873133659363,0.15483006834983826,0.10873967409133911,1.1289088726043701,1.7488452196121216,853.6394653320312
420000,4500000,119,272,428175.0,4508415.0,False,26.891321182250977,82.18477630615234,27.43435287475586,114.56227111816406,0.5208791494369507,0.1658044308423996,0.2312246561050415,1.4792619943618774,2.1843454837799072,612.373046875
396000,4512000,53,184,401535.0,4522395.0,False,20.212547302246094,56.74032974243164,47.28632354736328,110.77420806884766,-0.8232422471046448,0.12663157284259796,0.1334547996520996,1.2872319221496582,1.663690209388733,0.0
480000,4464000,370,70,482115.0,4464885.0,True,14.21842098236084,41.31731414794922,0.7673882246017456,21.55219268798828,-0.5010957717895508,0.20989076793193817,0.07038892060518265,1.178222417831421,1.4740463495254517,0.0
408000,4248000,292,318,417555.0,4251225.0,True,29.308889389038086,75.60590362548828,21.79513931274414,61.559326171875,0.9875133633613586,0.17333348095417023,0.05500468611717224,1.1420096158981323,1.4368655681610107,0.0
408000,4260000,285,185,413565.0,4263435.0,True,24.203781127929688,64.18289184570312,10.760823249816895,-16.34136199951172,-0.9045884013175964,0.15864333510398865,0.06590805947780609,1.1841367483139038,1.451072096824646,175.47279357910156
348000,4296000,115,333,358005.0,4304535.0,True,3.961698293685913,11.1304931640625,-8.360405921936035,-32.17115783691406,0.5984606742858887,0.09393307566642761,0.1024017482995987,1.0320203304290771,1.5468757152557373,35.500938415527344
432000,4608000,344,159,436785.0,4609665.0,False,3.2003750801086426,7.9945068359375,0.9318034052848816,-1.7222900390625,-0.25463661551475525,0.13163118064403534,0.20402508974075317,1.1627990007400513,1.6214669942855835,612.3729858398438
432000,4548000,175,32,432975.0,4554735.0,False,15.997136116027832,39.5391845703125,-4.18113899230957,1.9663493633270264,-0.8805699348449707,0.1463487595319748,0.15609972178936005,1.311337947845459,1.686923861503601,0.0
360000,4452000,393,160,364815.0,4452195.0,False,4.968075752258301,11.879638671875,-1.2702908515930176,-10.785834312438965,-0.5732051730155945,0.11883186548948288,0.1662081778049469,1.1051239967346191,1.439893126487732,90.0
432000,4392000,334,241,439245.0,4393965.0,False,20.85776710510254,58.888427734375,27.19033432006836,18.25480079650879,0.9281819462776184,0.1717716008424759,0.0873582512140274,1.1157665252685547,1.547426462173462,191.58489990234375
348000,4428000,10,141,352245.0,4439685.0,False,22.91157341003418,59.19382095336914,43.80598831176758,55.1599235534668,0.058653220534324646,0.12565025687217712,0.1397923082113266,1.196217656135559,1.694109559059143,0.0
444000,4440000,48,14,444435.0,4450545.0,False,3.7368955612182617,10.95431900024414,1.72607421875,4.328423500061035,0.3615415692329407,0.12809771299362183,0.15624716877937317,1.1191816329956055,1.5134830474853516,883.1763305664062
444000,4392000,160,360,454815.0,4399185.0,True,16.006084442138672,34.81100845336914,6.609999179840088,-2.1189916133880615,0.07308953255414963,0.13537824153900146,0.1285274177789688,1.0872526168823242,1.6137999296188354,14.714045524597168
648000,4380000,362,174,653235.0,4381125.0,True,6.4818010330200195,15.608480453491211,-7.34288215637207,-4.983181476593018,-0.0955289676785469,0.21211908757686615,0.14080306887626648,1.205774188041687,1.634077548980713,302.4951477050781
372000,4440000,390,390,383715.0,4440285.0,False,17.42403221130371,43.605224609375,20.02445411682129,77.99858093261719,0.9376397132873535,0.12498706579208374,0.1369931548833847,1.0968378782272339,1.4895989894866943,0.0
444000,4596000,392,129,447885.0,4596225.0,False,18.365964889526367,48.98897171020508,56.62643814086914,68.99295043945312,-0.574357807636261,0.24373388290405273,0.1512831747531891,1.3492166996002197,1.5467811822891235,207.18310546875
480000,4464000,370,40,481215.0,4464885.0,True,9.679108619689941,25.99985122680664,-5.12367057800293,4.116183757781982,-0.4385910630226135,0.1699315458536148,0.12999208271503448,1.1510714292526245,1.5491892099380493,0.0
420000,4260000,93,153,424605.0,4269195.0,False,4.995283126831055,13.81594467163086,-6.569661617279053,-5.951144695281982,-0.7748971581459045,0.163976788520813,0.1344909965991974,1.1902321577072144,1.5828709602355957,456.5129089355469
372000,4224000,395,258,379755.0,4224135.0,False,6.542546272277832,17.93950653076172,-9.81810188293457,-13.9188232421875,-0.37965771555900574,0.1607651710510254,0.06329257786273956,1.1098212003707886,1.5397530794143677,782.68798828125
372000,4440000,42,311,381345.0,4450725.0,False,10.756682395935059,22.98025131225586,-1.4956190586090088,-7.27903938293457,0.03523898869752884,0.10306980460882187,0.1470482498407364,1.1070141792297363,1.4109818935394287,569.7373046875
420000,4260000,236,280,428415.0,4264905.0,True,25.80118179321289,63.43435287475586,-4.962890625,57.57880401611328,0.9841705560684204,0.2082231342792511,0.07439182698726654,1.211931586265564,1.5223549604415894,0.0
396000,4476000,67,100,399015.0,4485975.0,True,30.150484085083008,81.76370239257812,-30.93467903137207,-28.95974349975586,0.9694317579269409,0.16122913360595703,0.15272307395935059,1.203228235244751,1.5502554178237915,0.0
372000,4212000,65,247,379425.0,4222035.0,False,13.49361801147461,40.11150360107422,-4.470526695251465,-16.00472068786621,0.8931368589401245,0.12472174316644669,0.15345841646194458,1.0847331285476685,1.7985947132110596,787.8453979492188
408000,4416000,30,170,413115.0,4427085.0,False,21.753326416015625,59.89028549194336,-25.12948989868164,-57.74565887451172,-0.8635202646255493,0.1300479769706726,0.10596008598804474,1.1512722969055176,1.4517936706542969,272.77105712890625
600000,4608000,308,320,609615.0,4610745.0,False,9.781756401062012,20.86831283569336,-3.378675699234009,-24.24422264099121,-0.2920626401901245,0.2316499948501587,0.1781352162361145,1.2100874185562134,1.589144229888916,810.9257202148438
444000,4608000,167,167,449025.0,4614975.0,False,26.314603805541992,68.61697387695312,-13.111382484436035,50.05886459350586,-0.9837047457695007,0.45025619864463806,0.10021664947271347,1.6204893589019775,1.859378457069397,0.0
444000,4416000,202,156,448695.0,4421925.0,False,11.025559425354004,26.420696258544922,-3.345703125,-5.6693115234375,-0.8912085890769958,0.1464800238609314,0.11153258383274078,1.1189908981323242,1.5042327642440796,757.5618896484375
336000,4452000,134,348,346455.0,4459965.0,False,6.386587619781494,19.75412368774414,-0.33509668707847595,-23.59236717224121,-0.7096490859985352,0.09718474000692368,0.12271346896886826,1.1233080625534058,1.465049386024475,180.84283447265625
360000,4440000,178,105,363165.0,4446645.0,False,2.3835361003875732,7.141140460968018,-4.8871259689331055,-18.91791534423828,-0.7068899869918823,0.10736531764268875,0.12497854232788086,1.0987039804458618,1.460416316986084,421.78399658203125
420000,4440000,174,353,430605.0,4446765.0,False,25.46558952331543,57.43727111816406,20.55752182006836,43.79196548461914,0.020048312842845917,0.2707942724227905,0.06789705902338028,1.184418797492981,1.4559352397918701,0.0
384000,4260000,385,58,385755.0,4260435.0,True,16.214832305908203,43.51261520385742,-7.2373456954956055,2.4389920234680176,-0.903501033782959,0.12947136163711548,0.09950172156095505,1.166489839553833,1.4510961771011353,300.9984436035156
420000,4296000,221,227,426825.0,4301355.0,True,12.825610160827637,40.03740692138672,-40.37934112548828,-91.2504653930664,-0.5991778373718262,0.3357188105583191,0.041035234928131104,1.2343761920928955,1.3900057077407837,0.0
396000,4512000,343,81,398445.0,4513695.0,False,6.675768852233887,18.50953483581543,-0.380547434091568,-6.532986164093018,0.4238683879375458,0.15053001046180725,0.17682191729545593,1.3153808116912842,1.854720950126648,0.0
732000,4596000,90,327,741825.0,4605285.0,False,17.622581481933594,42.67141342163086,-0.461195170879364,10.562933921813965,0.9627296328544617,0.19500231742858887,0.20805144309997559,1.2025599479675293,1.7153266668319702,430.2332458496094
336000,4476000,184,385,347565.0,4482465.0,False,16.844829559326172,42.411659240722656,-24.48665428161621,-63.6609992980957,0.5116611123085022,0.19036370515823364,0.12863066792488098,1.1227174997329712,1.7551581859588623,425.78924560546875
432000,4548000,225,166,436995.0,4553235.0,False,12.308552742004395,33.7863883972168,6.554823398590088,16.64765167236328,0.5136321783065796,0.12806609272956848,0.18781641125679016,1.286704659461975,1.8305648565292358,0.0
420000,4440000,398,159,424785.0,4440045.0,False,4.094513416290283,11.112725257873535,-0.0927191898226738,-0.6975775957107544,-0.8748860359191895,0.1198580339550972,0.17886805534362793,1.0962470769882202,1.47264564037323,845.695068359375
444000,4608000,206,359,454785.0,4613805.0,False,10.352667808532715,24.717609405517578,-1.0623643398284912,-32.19843292236328,-0.47957712411880493,0.5010632872581482,0.026286697015166283,1.6281601190567017,1.719537377357483,636.7103271484375
324000,4476000,258,287,332625.0,4480245.0,False,3.678449869155884,9.878703117370605,-1.637451171875,-9.61353874206543,0.8734495639801025,0.08142721652984619,0.1291213035583496,1.1026294231414795,1.4772038459777832,215.4027557373047
444000,4608000,248,86,446595.0,4612545.0,False,27.945096969604492,84.5330810546875,-15.4510498046875,18.75307846069336,0.7825348377227783,0.17881260812282562,0.15219427645206451,1.2785565853118896,1.5635969638824463,0.0
384000,4248000,337,48,385455.0,4249875.0,True,2.361995220184326,6.98021125793457,-1.9019639492034912,-6.274522304534912,0.7759502530097961,0.10802844911813736,0.10263120383024216,0.9972550272941589,1.6519368886947632,0.0
444000,4296000,245,124,447735.0,4300635.0,False,3.33219575881958,9.53518295288086,0.8346896767616272,-4.10377311706543,0.46637797355651855,0.15995702147483826,0.16201305389404297,1.1618661880493164,1.7342841625213623,924.4998779296875
384000,4464000,111,338,394155.0,4472655.0,True,21.662710189819336,63.2100830078125,11.47459602355957,21.42753028869629,0.5893568396568298,0.10655651241540909,0.11428789794445038,1.1679903268814087,1.3842021226882935,0.0
420000,4512000,315,297,428925.0,4514535.0,False,8.094072341918945,21.13267707824707,-5.740478515625,-18.93074607849121,0.7812632322311401,0.17315657436847687,0.2349950522184372,1.4576133489608765,2.0926103591918945,30.0
456000,4488000,197,176,461295.0,4494075.0,True,30.509157180786133,99.52197265625,-13.68600845336914,-41.77899932861328,0.4458562433719635,0.279571533203125,0.051621437072753906,1.23809015750885,1.4140851497650146,0.0
480000,4260000,354,110,483315.0,4261365.0,False,12.07067584991455,30.00935935974121,5.64503288269043,29.78093719482422,-0.545697808265686,0.08536862581968307,0.161626398563385,1.1909966468811035,1.5896228551864624,750.400146484375
444000,4452000,148,354,454635.0,4459545.0,False,13.299395561218262,32.28560256958008,-17.663818359375,-17.27959442138672,-0.0430663637816906,0.2349245846271515,0.06367034465074539,1.1477935314178467,1.6206339597702026,478.1350402832031
420000,4428000,87,279,428385.0,4437375.0,False,23.92578887939453,62.9246826171875,-37.654747009277344,-58.81220245361328,0.2285318225622177,0.22613024711608887,0.05436103418469429,1.1970479488372803,1.3196872472763062,10.0
420000,4284000,69,45,421365.0,4293915.0,True,14.161459922790527,35.59877014160156,4.601955890655518,-3.9039173126220703,0.48310667276382446,0.11269279569387436,0.06545916199684143,1.0748283863067627,1.4080933332443237,0.0
432000,4584000,314,114,435435.0,4586565.0,False,4.638208866119385,11.96080207824707,1.5129530429840088,-0.2994113266468048,-0.11499547958374023,0.1481594443321228,0.19732798635959625,1.2640336751937866,1.7259321212768555,854.1664428710938
396000,4512000,294,197,401925.0,4515165.0,False,18.40234375,39.842811584472656,15.5223388671875,28.62124252319336,0.9818753600120544,0.19643190503120422,0.17288081347942352,1.4784711599349976,2.1552207469940186,0.0
420000,4260000,168,130,423915.0,4266945.0,False,5.438133239746094,12.974175453186035,0.5960150957107544,-16.49639129638672,-0.23637144267559052,0.12628288567066193,0.08270014077425003,1.1093616485595703,1.3492499589920044,948.9994506835938
648000,4500000,140,382,659475.0,4507785.0,False,12.500907897949219,36.293617248535156,-10.384222984313965,18.95659637451172,0.5637528300285339,0.2471952736377716,0.12191643565893173,1.171804428100586,1.6231260299682617,0.0
432000,4416000,254,348,442455.0,4420365.0,False,9.186487197875977,19.0750732421875,-5.799343585968018,-18.65567970275879,-0.8743023872375488,0.17565728724002838,0.09246035665273666,1.125502109527588,1.5655462741851807,579.9141845703125
384000,4440000,185,380,395415.0,4446435.0,False,1.4913424253463745,3.7836642265319824,-0.867431640625,-2.8866374492645264,0.24112114310264587,0.11066015064716339,0.16310295462608337,1.0671558380126953,1.5124232769012451,810.0
372000,4476000,110,154,376635.0,4484685.0,False,3.7092127799987793,8.209893226623535,1.5826280117034912,-5.397040367126465,-0.7599930167198181,0.1486986130475998,0.10767282545566559,1.1015305519104004,1.4864355325698853,362.779541015625
444000,4584000,299,15,444465.0,4587015.0,False,9.559484481811523,31.11257553100586,9.42822265625,-23.91061782836914,-0.7890563011169434,0.48464706540107727,0.00411863112822175,1.5420860052108765,1.5211344957351685,509.3135681152344
384000,4464000,337,396,395895.0,4465875.0,False,20.546228408813477,50.1318359375,-39.45161819458008,-95.29750061035156,-0.906944990158081,0.19979910552501678,0.1700127124786377,1.3164565563201904,1.684723138809204,560.98193359375
432000,4560000,391,215,438465.0,4560255.0,False,11.473305702209473,29.56267738342285,2.066107988357544,-8.503947257995605,0.9347370266914368,0.17091761529445648,0.21415910124778748,1.2728490829467773,1.8130358457565308,765.245361328125
372000,4248000,188,188,377655.0,4254345.0,False,6.103029727935791,15.5638427734375,-2.615899085998535,2.6431477069854736,-0.16975799202919006,0.10435505956411362,0.13088268041610718,1.060734748840332,1.50711190700531,898.7727661132812
432000,4404000,116,301,441045.0,4412505.0,False,3.4472060203552246,9.980401039123535,-2.172227621078491,-12.15744400024414,-0.5853140354156494,0.17161688208580017,0.07489564269781113,1.0836700201034546,1.5102763175964355,551.271484375
348000,4428000,125,41,349245.0,4436235.0,False,6.085065841674805,17.03457260131836,-8.61767578125,-36.26873016357422,-0.5884573459625244,0.13746970891952515,0.10649051517248154,1.1361154317855835,1.5556926727294922,690.0
372000,4512000,392,264,379935.0,4512225.0,False,2.721385955810547,7.785495281219482,0.0743950754404068,-8.32815170288086,0.21861648559570312,0.1224215030670166,0.17488807439804077,1.1409980058670044,1.7666785717010498,725.6121215820312
420000,4512000,141,250,427515.0,4519755.0,False,14.583596229553223,38.29484176635742,1.0250108242034912,57.0504264831543,0.4188544750213623,0.1858714073896408,0.2033061683177948,1.5507502555847168,2.2004406452178955,0.0
348000,4500000,123,141,352245.0,4508295.0,False,5.166921615600586,12.58737564086914,0.0389539934694767,-9.616549491882324,0.1900104582309723,0.1044810488820076,0.17915725708007812,1.2700119018554688,1.7512340545654297,858.3705444335938
372000,4248000,214,147,376425.0,4253565.0,True,8.558286666870117,27.20547103881836,3.630316734313965,-3.7055256366729736,0.3434046506881714,0.13099431991577148,0.1567911058664322,1.0666239261627197,1.5610793828964233,0.0
372000,4260000,330,61,373845.0,4262085.0,False,12.36883544921875,28.36813735961914,-0.9722764492034912,-17.75945281982422,-0.6563774347305298,0.107145294547081,0.1419033706188202,1.0856727361679077,1.478466510772705,537.1246337890625
432000,4572000,112,234,439035.0,4580625.0,False,6.6143059730529785,19.75454330444336,0.208740234375,-11.803900718688965,0.6502582430839539,0.14043155312538147,0.1959019899368286,1.2775534391403198,1.7141989469528198,6.666666507720947
420000,4416000,53,152,424575.0,4426395.0,False,31.707515716552734,97.71993255615234,38.3112678527832,104.16899871826172,0.9297023415565491,0.07389628887176514,0.18128420412540436,1.0215271711349487,1.3924444913864136,589.9158325195312
420000,4392000,174,390,431715.0,4398765.0,False,9.667767524719238,42.14870834350586,-61.17473602294922,-157.5548095703125,-0.5679247379302979,0.19419580698013306,0.07915253937244415,1.1598515510559082,1.4515522718429565,0.0
432000,4572000,268,368,443055.0,4575945.0,False,9.11732006072998,20.551837921142578,-11.352688789367676,-35.85478973388672,0.9557297825813293,0.12517589330673218,0.1874595582485199,1.2343891859054565,1.6277025938034058,0.0
420000,4512000,330,304,429135.0,4514085.0,False,4.000070571899414,9.53904914855957,-1.3403048515319824,-24.96945571899414,0.21236617863178253,0.17410704493522644,0.23735041916370392,1.3967266082763672,2.044865846633911,295.82342529296875
420000,4512000,335,241,427245.0,4513935.0,True,20.274993896484375,54.97041702270508,3.069105386734009,13.982855796813965,0.8895255923271179,0.11961440742015839,0.1866879016160965,1.3407484292984009,1.9158247709274292,0.0
372000,4500000,359,343,382305.0,4501215.0,False,2.3911356925964355,5.783609867095947,-0.2180582731962204,0.1759033203125,0.028819862753152847,0.09385129809379578,0.14441923797130585,1.1995317935943604,1.664889931678772,988.7874755859375
360000,4452000,119,291,368745.0,4460415.0,False,8.90636920928955,24.244709014892578,-16.86208724975586,-12.749810218811035,-0.11745884269475937,0.1045883372426033,0.10809216648340225,1.1731358766555786,1.4603078365325928,902.8290405273438
444000,4392000,117,340,454215.0,4400475.0,False,7.919167518615723,18.91357421875,-7.0074462890625,-22.52825355529785,-0.9535841941833496,0.20508871972560883,0.1279480755329132,1.1053298711776733,1.6323007345199585,591.439208984375
360000,4512000,269,318,369555.0,4515915.0,False,10.390050888061523,23.95712661743164,1.8519423007965088,10.029717445373535,0.14048801362514496,0.08385409414768219,0.15445075929164886,1.1358191967010498,1.4701082706451416,0.0
420000,4524000,128,152,424575.0,4532145.0,False,11.682191848754883,29.584796905517578,-3.9797093868255615,26.248291015625,-0.20932790637016296,0.19188359379768372,0.1721021980047226,1.5135273933410645,2.18855619430542,0.0
372000,4464000,58,223,378705.0,4474245.0,False,6.5942816734313965,16.86782455444336,4.714151859283447,14.921468734741211,0.41536569595336914,0.11625849455595016,0.1295979768037796,1.072944164276123,1.4721546173095703,10.0
444000,4596000,338,144,448335.0,4597845.0,False,15.06859302520752,49.11948013305664,-2.632988929748535,-60.99107360839844,0.7988993525505066,0.20893043279647827,0.2192682921886444,1.249163269996643,1.647800087928772,158.39854431152344
444000,4248000,189,175,449265.0,4254315.0,False,8.447921752929688,25.47886848449707,-7.859686851501465,0.6632758378982544,-0.09673966467380524,0.1116165816783905,0.1443353146314621,1.0613867044448853,1.4955227375030518,785.5574340820312
432000,4536000,220,51,433545.0,4541385.0,False,5.905974864959717,14.396634101867676,-11.543538093566895,-29.59231185913086,-0.13404524326324463,0.18986894190311432,0.20312315225601196,1.5230307579040527,2.1532142162323,0.0
396000,4500000,7,130,399915.0,4511775.0,False,3.0734479427337646,8.8682861328125,-3.0469970703125,-6.009439945220947,0.7946364283561707,0.13847500085830688,0.17065221071243286,1.2354933023452759,1.734009027481079,21.380712509155273
612000,4608000,278,171,617145.0,4611645.0,False,18.370126724243164,49.0579948425293,50.07413864135742,116.63712310791016,0.3489688038825989,0.23308925330638885,0.1774377077817917,1.3281525373458862,1.7057281732559204,0.0
384000,4440000,97,83,386505.0,4449075.0,False,14.974685668945312,39.34719467163086,-13.696220397949219,4.145968914031982,-0.594419002532959,0.1786932796239853,0.10637123882770538,1.148520588874817,1.5533047914505005,0.0
444000,4416000,35,349,454485.0,4426935.0,True,16.99839210510254,48.4697265625,3.9668781757354736,101.46625518798828,0.5727291107177734,0.3894267678260803,-0.008872298523783684,1.2744227647781372,1.3110431432724,0.0
420000,4512000,357,44,421335.0,4513275.0,False,9.71583366394043,27.18999481201172,5.23985481262207,51.2711181640625,-0.5151208639144897,0.3130093812942505,0.08795860409736633,1.2798610925674438,1.5871769189834595,0.0
432000,4392000,153,18,432555.0,4399395.0,False,13.892044067382812,39.55692672729492,27.92727279663086,111.48976135253906,0.7516019940376282,0.1503860205411911,0.11312280595302582,1.1638011932373047,1.4678361415863037,0.0
336000,4464000,117,320,345615.0,4472475.0,False,5.027984619140625,14.57175064086914,1.3286675214767456,-35.15113830566406,0.6664101481437683,0.11784146726131439,0.17522701621055603,1.0777881145477295,1.5938849449157715,399.3836364746094
324000,4476000,102,126,327795.0,4484925.0,False,2.442972183227539,5.799967288970947,-1.373318076133728,-2.387505292892456,0.11607012897729874,0.10105402767658234,0.10777051746845245,1.0958852767944336,1.410107135772705,210.7202911376953
396000,4440000,87,204,402135.0,4449375.0,False,18.376033782958984,45.40189743041992,-3.6760661602020264,24.26675033569336,-0.2316698431968689,0.17119146883487701,0.10108406841754913,1.1479698419570923,1.3819684982299805,480.0
300000,4476000,135,166,304995.0,4483935.0,False,8.20644760131836,21.54281997680664,-4.728949546813965,-36.3994255065918,0.15648987889289856,0.12883861362934113,0.20472322404384613,1.2062410116195679,1.717250943183899,0.0
684000,4584000,331,324,693735.0,4586055.0,False,0.8505827188491821,1.9885660409927368,1.3700357675552368,-1.3377413749694824,-0.9767197370529175,0.10715315490961075,0.15285153687000275,1.0920997858047485,1.4828284978866577,524.603271484375
684000,4464000,339,303,693105.0,4465815.0,False,1.62910795211792,3.7150471210479736,-0.1176215261220932,1.5454643964767456,0.07576964795589447,0.08734142780303955,0.15167109668254852,1.0995502471923828,1.6249746084213257,285.66131591796875
420000,4536000,155,188,425655.0,4543335.0,False,4.081729888916016,9.954535484313965,-3.3971219062805176,-10.113728523254395,-0.9467368721961975,0.17097501456737518,0.20607680082321167,1.4189351797103882,2.1247713565826416,0.0
420000,4512000,243,18,420555.0,4516695.0,False,24.71259117126465,62.708740234375,2.321234941482544,-1.0987550020217896,-0.03543626889586449,0.20994122326374054,0.10847083479166031,1.2360466718673706,1.5565286874771118,0.0
396000,4512000,169,181,401445.0,4518915.0,False,20.96608543395996,59.16530990600586,-46.45082092285156,-118.87445831298828,-0.809494137763977,0.25862279534339905,0.14666007459163666,1.3849337100982666,1.6650454998016357,0.0
408000,4536000,244,250,415515.0,4540665.0,False,3.369419574737549,8.896484375,-7.681220054626465,-7.341864585876465,-0.08621703088283539,0.1312056928873062,0.19784918427467346,1.2408757209777832,1.7362862825393677,0.0
432000,4560000,334,54,433635.0,4561965.0,False,8.693922996520996,21.259765625,-5.890557289123535,-34.16684341430664,-0.7045561075210571,0.21143442392349243,0.14915332198143005,1.3580600023269653,1.8752665519714355,0.0
420000,4500000,352,264,427935.0,4501425.0,True,26.409439086914062,81.50115203857422,4.622260093688965,33.2353515625,0.7913966178894043,0.12242373079061508,0.18963661789894104,1.1891963481903076,1.7646113634109497,6.666666507720947
396000,4248000,55,72,398175.0,4258335.0,False,5.301332473754883,15.539875984191895,-2.2275662422180176,-8.98194694519043,-0.7022747993469238,0.09643104672431946,0.13392460346221924,1.0790882110595703,1.409034013748169,499.9001159667969
396000,4476000,322,196,401895.0,4478325.0,False,29.953609466552734,73.01995086669922,-49.52826690673828,-101.89067840576172,-0.2567923367023468,0.2426718771457672,0.14123660326004028,1.3305541276931763,1.4628331661224365,566.5687255859375
684000,4476000,368,140,688215.0,4476945.0,False,5.6482014656066895,15.763671875,-5.36546516418457,2.6921658515930176,0.3870623707771301,0.10218459367752075,0.19124750792980194,1.1654099225997925,1.7190446853637695,0.0
372000,4296000,185,100,375015.0,4302435.0,True,8.353704452514648,25.7489013671875,-13.19874382019043,-6.639892578125,0.5010144114494324,0.08384135365486145,0.1290270835161209,1.0848404169082642,1.580645203590393,0.0
372000,4248000,18,38,373155.0,4259445.0,True,14.077214241027832,34.41875457763672,14.964029312133789,-8.228718757629395,0.4299020767211914,0.11823395639657974,0.1241452768445015,1.151107907295227,1.4681317806243896,0.0
420000,4512000,254,251,427545.0,4516365.0,False,11.945632934570312,32.47273635864258,-4.74876594543457,-50.12668228149414,-0.24946865439414978,0.15684832632541656,0.1977890431880951,1.4693338871002197,2.0428035259246826,0.0
384000,4248000,386,365,394965.0,4248405.0,False,1.5873823165893555,3.9023165702819824,-1.7554253339767456,-16.28378677368164,0.0455726757645607,0.09827490150928497,0.10196639597415924,1.043981909751892,1.49689519405365,552.08740234375
408000,4536000,181,233,415005.0,4542555.0,False,2.588026523590088,6.565171718597412,-2.4090168476104736,-17.48238182067871,-0.9875601530075073,0.13256339728832245,0.18663449585437775,1.2534763813018799,1.8289598226547241,0.0
384000,4248000,349,93,386805.0,4249515.0,False,2.2181947231292725,5.0076904296875,0.5272080898284912,0.6719021201133728,0.9933345317840576,0.09760288149118423,0.1245868131518364,1.0289098024368286,1.6822457313537598,845.1629028320312
732000,4596000,142,214,738435.0,4603725.0,False,5.624932765960693,12.895806312561035,-11.08249282836914,-56.01875686645508,-0.7115020155906677,0.2107989639043808,0.19448663294315338,1.1533032655715942,1.632249355316162,661.1353759765625
684000,4572000,61,256,691695.0,4582155.0,False,1.7951281070709229,5.144395351409912,1.0356309413909912,-4.12574577331543,-0.8724331855773926,0.1285220831632614,0.19095933437347412,1.1102042198181152,1.6322734355926514,389.4931945800781
432000,4464000,215,248,439455.0,4469535.0,False,4.066797256469727,9.9154052734375,-2.378065347671509,-9.422213554382324,0.47490110993385315,0.12540586292743683,0.1388450413942337,1.0841147899627686,1.4934731721878052,816.3363647460938
360000,4500000,156,226,366795.0,4507305.0,False,10.949991226196289,32.45259475708008,-7.34691047668457,-7.55833625793457,0.8251063823699951,0.09025025367736816,0.1423991322517395,1.1903960704803467,1.5154521465301514,0.0
372000,4512000,395,203,378105.0,4512135.0,False,3.019256114959717,9.752604484558105,2.945556640625,4.18980598449707,-0.29309868812561035,0.10498064011335373,0.18097546696662903,1.0825474262237549,1.5856417417526245,696.2762451171875
732000,4644000,277,318,741555.0,4647675.0,False,10.718864440917969,26.77065658569336,-3.466240644454956,11.681708335876465,-0.9405065178871155,0.2025361955165863,0.14107714593410492,1.2382433414459229,1.4280438423156738,360.0
372000,4260000,395,241,379245.0,4260135.0,True,15.117976188659668,39.28289031982422,15.927544593811035,30.59266471862793,-0.32336556911468506,0.1594456434249878,0.09428288787603378,1.0987006425857544,1.386927843093872,255.55592346191406
396000,4392000,104,175,401265.0,4400865.0,False,15.948617935180664,46.89345932006836,12.173177719116211,27.05266571044922,0.7442787289619446,0.09528908133506775,0.09729722887277603,1.1006762981414795,1.4328124523162842,71.60868835449219
360000,4464000,175,78,362355.0,4470735.0,False,7.311878681182861,21.13947296142578,-1.9444715976715088,-4.290541172027588,-0.5263293981552124,0.12364906817674637,0.14249597489833832,1.173527479171753,1.4547473192214966,0.0
384000,4392000,250,272,392175.0,4396485.0,False,31.685163497924805,94.62236785888672,-35.47285842895508,-102.95150756835938,0.3388793468475342,0.10817017406225204,0.06749079376459122,1.1796094179153442,1.3613486289978027,0.0
360000,4512000,363,295,368865.0,4513095.0,False,0.7412554025650024,2.7023653984069824,-2.740966796875,-10.45571517944336,-0.7686412930488586,0.13475339114665985,0.174551323056221,1.1664713621139526,1.6453850269317627,666.558349609375
384000,4452000,371,313,393405.0,4452855.0,False,7.775554656982422,24.32599449157715,-12.32887077331543,-25.31731414794922,-0.06306713819503784,0.13192719221115112,0.18715688586235046,1.1300086975097656,1.5929936170578003,0.0
360000,4464000,215,297,368925.0,4469535.0,False,13.097738265991211,38.00709533691406,17.98411750793457,27.41010284423828,0.1301383674144745,0.1927955448627472,0.15034298598766327,1.1653945446014404,1.4624130725860596,0.0
372000,4476000,268,148,376455.0,4479945.0,False,7.858435153961182,20.23269271850586,5.207967281341553,8.073526382446289,-0.36560338735580444,0.13422830402851105,0.140901580452919,1.0700777769088745,1.5446546077728271,495.379638671875
396000,4404000,266,226,402795.0,4408005.0,False,26.15709114074707,72.85590362548828,-27.59982681274414,35.37245178222656,0.17254827916622162,0.1511823832988739,0.11431428045034409,1.1570746898651123,1.2517602443695068,120.0
360000,4500000,258,362,370875.0,4504245.0,False,23.37137222290039,66.38436126708984,18.074909210205078,1.861477255821228,-0.4342177212238312,0.24407777190208435,0.06240241602063179,1.2776837348937988,1.5610960721969604,0.0
408000,4500000,26,367,419025.0,4511205.0,False,16.353084564208984,39.845008850097656,3.8629150390625,34.17355728149414,0.3002546429634094,0.18458697199821472,0.1727207452058792,1.346089243888855,1.870254397392273,0.0
732000,4608000,344,335,742065.0,4609665.0,False,15.616534233093262,37.25017547607422,0.6402994990348816,23.00971221923828,-0.138767272233963,0.24461160600185394,0.1766190528869629,1.2350144386291504,1.649938941001892,0.0
360000,4512000,266,234,367035.0,4516005.0,False,4.1130595207214355,13.239325523376465,-14.50901985168457,-24.1619873046875,0.800094723701477,0.0986436977982521,0.16722141206264496,1.1527903079986572,1.4872087240219116,0.0
396000,4488000,289,259,403785.0,4491315.0,True,23.7998104095459,71.27779388427734,-34.32819366455078,-125.69308471679688,0.8272972106933594,0.212887242436409,0.14507953822612762,1.388006567955017,1.8513962030410767,81.44712829589844
396000,4476000,12,220,402615.0,4487625.0,True,27.20294761657715,74.77005004882812,-4.925971031188965,-62.36745834350586,-0.3030634820461273,0.24856160581111908,0.12014405429363251,1.2691575288772583,1.5561696290969849,71.03677368164062
432000,4500000,202,0,432015.0,4505925.0,False,4.681511878967285,13.83704948425293,-3.7843968868255615,-23.52754783630371,-0.7237076163291931,0.20027205348014832,0.1970529705286026,1.4204630851745605,2.1126902103424072,79.65606689453125
336000,4500000,155,386,347595.0,4507335.0,False,4.527486324310303,12.01661491394043,-0.9724392294883728,-10.343302726745605,0.8831289410591125,0.0705505982041359,0.13256409764289856,1.1932178735733032,1.5702496767044067,899.3331909179688
396000,4488000,157,137,400125.0,4495275.0,True,11.831506729125977,29.28032684326172,-4.068047523498535,-19.9075927734375,-0.6850024461746216,0.12574531137943268,0.17520765960216522,1.2301222085952759,1.6072403192520142,98.09188842773438
408000,4308000,108,393,419805.0,4316745.0,True,10.359888076782227,27.99553871154785,21.14912986755371,57.28544235229492,-0.5479642748832703,0.10388820618391037,0.15152062475681305,1.007142424583435,1.439866542816162,0.0
420000,4284000,116,398,431955.0,4292505.0,True,3.2705488204956055,11.63294792175293,-8.301568031311035,-17.41189193725586,0.4052441716194153,0.16301390528678894,0.06947460025548935,1.127825379371643,1.3855310678482056,14.714045524597168
432000,4512000,63,258,439755.0,4522095.0,False,19.55577850341797,55.35203552246094,-38.23448181152344,-119.8128890991211,-0.39311033487319946,0.18272200226783752,0.16565066576004028,1.3354735374450684,1.8868210315704346,0.0
636000,4428000,210,243,643305.0,4433685.0,True,9.98604679107666,28.25751304626465,0.6007758378982544,4.77587890625,0.6971211433410645,0.24056507647037506,0.11306305229663849,1.21925950050354,1.6282591819763184,180.0
408000,4428000,318,209,414285.0,4430445.0,False,16.946596145629883,55.14903259277344,43.28911590576172,168.14427185058594,-0.691781759262085,0.2489168643951416,0.056949127465486526,1.2213820219039917,1.2994886636734009,0.0
432000,4260000,305,293,440805.0,4262835.0,True,3.5038564205169678,10.07162857055664,-8.0089111328125,-28.04816436767578,0.20359574258327484,0.10814742743968964,0.09801126271486282,1.0823767185211182,1.492157220840454,277.6748352050781
444000,4428000,170,264,451935.0,4434885.0,True,23.314956665039062,63.58177185058594,8.64307975769043,11.028524398803711,0.8771347403526306,0.0898764431476593,0.11390187591314316,1.1136313676834106,1.548737645149231,285.66131591796875
420000,4428000,156,231,426945.0,4435305.0,False,21.85874366760254,66.06227111816406,10.23682975769043,31.812744140625,-0.36926835775375366,0.28829777240753174,0.06512762606143951,1.1740267276763916,1.3986680507659912,591.6973876953125
456000,4404000,18,31,456945.0,4415445.0,False,4.578722953796387,10.206135749816895,-1.6421712636947632,-12.214749336242676,-0.3108977973461151,0.21757294237613678,0.11739540845155716,1.152190089225769,1.5126503705978394,824.1361694335938
396000,4440000,391,109,399285.0,4440255.0,False,0.9119383096694946,2.663343667984009,-1.2027859687805176,-3.699272871017456,0.5232160091400146,0.1029607430100441,0.14894002676010132,1.0997830629348755,1.4797179698944092,916.187744140625
444000,4416000,174,165,448965.0,4422765.0,False,10.989320755004883,26.0013427734375,-10.41037368774414,-11.491048812866211,0.9543139934539795,0.09733886271715164,0.11658236384391785,1.0690525770187378,1.5239639282226562,648.0745239257812
396000,4404000,119,131,399945.0,4412415.0,False,32.16162109375,87.50032806396484,48.71445083618164,105.79964447021484,0.8714137077331543,0.15126876533031464,0.05873238295316696,1.1458282470703125,1.4207502603530884,389.4931945800781
396000,4476000,58,263,403905.0,4486245.0,False,26.63707160949707,73.0992202758789,42.02859115600586,4.880208492279053,0.42531558871269226,0.1763952672481537,0.13029883801937103,1.2167901992797852,1.6952756643295288,330.0
384000,4392000,284,309,393285.0,4395465.0,False,29.296207427978516,93.76493835449219,16.96348762512207,145.1739044189453,0.666081428527832,0.1654224842786789,0.08005322515964508,1.16944420337677,1.4724003076553345,0.0
432000,4404000,292,318,441555.0,4407225.0,False,7.711706161499023,25.52414321899414,8.741753578186035,-4.441338539123535,-0.27754223346710205,0.20171768963336945,0.10896793007850647,1.101961612701416,1.5917781591415405,595.986572265625
444000,4392000,16,396,455895.0,4403505.0,True,3.7347443103790283,13.910563468933105,-13.45130729675293,-32.01869201660156,-0.32712528109550476,0.19709327816963196,0.12795835733413696,1.123534917831421,1.5602985620498657,170.30174255371094
384000,4248000,188,174,389235.0,4254345.0,True,13.01042652130127,31.47394371032715,-6.89341926574707,-12.11070442199707,0.5952636003494263,0.14549052715301514,0.10846669226884842,1.0753761529922485,1.4534472227096558,122.18116760253906
432000,4548000,114,220,438615.0,4556565.0,False,19.257080078125,51.92514419555664,18.78854751586914,43.41518783569336,0.917820930480957,0.17930085957050323,0.22342057526111603,1.3805485963821411,1.9975377321243286,65.41706085205078
720000,4560000,28,80,722415.0,4571145.0,False,8.924241065979004,22.17361068725586,-2.937608480453491,-55.22789001464844,0.9387811422348022,0.2506994903087616,0.134638249874115,1.1973687410354614,1.5244243144989014,45.144012451171875
432000,4536000,363,126,435795.0,4537095.0,False,5.81668758392334,14.787896156311035,-0.7972683310508728,-11.344550132751465,0.9661775231361389,0.17204995453357697,0.2209962159395218,1.5024577379226685,2.211724281311035,791.2637329101562
372000,4488000,214,311,381345.0,4493565.0,False,3.3314859867095947,8.18052864074707,0.1041531041264534,-5.782877445220947,0.22980299592018127,0.12598596513271332,0.15566936135292053,1.107014536857605,1.5173895359039307,509.5096435546875
360000,4260000,381,344,370335.0,4260555.0,True,11.213469505310059,34.51797103881836,-20.6004638671875,-44.84751892089844,-0.8293708562850952,0.19924572110176086,0.05162573605775833,1.1568845510482788,1.4492318630218506,285.66131591796875
432000,4596000,46,352,442575.0,4606605.0,False,13.971598625183105,42.28618621826172,-51.20083236694336,-121.53768157958984,0.591549813747406,0.25916019082069397,0.11948462575674057,1.3728686571121216,1.6238117218017578,0.0
324000,4464000,182,235,331065.0,4470525.0,False,6.409067153930664,15.651936531066895,12.1719970703125,-7.102769374847412,0.7218897938728333,0.04167035594582558,0.08409418910741806,1.1149855852127075,1.251352310180664,0.0
444000,4296000,294,214,450435.0,4299165.0,False,10.20394515991211,31.77164649963379,-4.198893070220947,-44.20985412597656,-0.5877015590667725,0.2683398723602295,0.10260645300149918,1.242379069328308,1.6319042444229126,357.0804748535156
444000,4584000,358,173,449205.0,4585245.0,False,5.487860679626465,12.71043586730957,-0.8861490488052368,-21.16189193725586,0.16434244811534882,0.15206731855869293,0.19387778639793396,1.2866727113723755,1.826334834098816,684.5440063476562
396000,4260000,171,118,399555.0,4266855.0,False,2.20906138420105,5.1962890625,-0.0481499582529068,-13.66038703918457,-0.10211265832185745,0.13722047209739685,0.08340546488761902,1.0619789361953735,1.5201700925827026,934.6658935546875
396000,4500000,34,241,403245.0,4510965.0,False,2.527092456817627,6.6180419921875,0.4173719584941864,-2.2642414569854736,0.9123899936676025,0.13545441627502441,0.17162929475307465,1.2574763298034668,1.8001554012298584,967.781005859375
396000,4260000,299,356,406695.0,4263015.0,True,18.355119705200195,38.69099807739258,24.72954559326172,65.23702239990234,-0.08213299512863159,0.10667059570550919,0.08182498067617416,1.1005885601043701,1.429741382598877,0.0
732000,4644000,244,292,740775.0,4648665.0,False,3.279513120651245,7.12364387512207,4.348849773406982,-1.1675076484680176,0.6137945055961609,0.19875268638134003,0.1869131624698639,1.2131787538528442,1.462690830230713,480.0
432000,4560000,131,305,441165.0,4568055.0,False,2.349365234375,5.345648765563965,0.0703938826918602,-2.5540499687194824,0.07810315489768982,0.1517621874809265,0.20741677284240723,1.2495402097702026,1.713841199874878,824.1361694335938
408000,4296000,397,360,418815.0,4296075.0,True,19.15167808532715,53.14340591430664,-6.778347492218018,49.1630859375,0.10202252864837646,0.07814823091030121,0.10253234207630157,1.0361820459365845,1.5225684642791748,57.6375617980957
384000,4512000,153,119,387585.0,4519395.0,False,10.42434024810791,29.29189682006836,-6.424099445343018,-8.403510093688965,0.7673308849334717,0.11675175279378891,0.14824703335762024,1.1883074045181274,1.600141167640686,0.0
396000,4392000,26,213,402405.0,4403205.0,False,11.690285682678223,22.47458267211914,-13.182305335998535,-34.79045867919922,-0.03855316340923309,0.09528908133506775,0.09729722887277603,1.1006762981414795,1.4328124523162842,976.11474609375
432000,4512000,69,260,439815.0,4521915.0,False,18.0170841217041,50.37424087524414,-24.57424545288086,-102.60780334472656,0.24156445264816284,0.15658709406852722,0.20018227398395538,1.3656940460205078,1.953525185585022,0.0
312000,4428000,279,306,321195.0,4431615.0,False,3.7905256748199463,11.32896614074707,1.2047255039215088,-11.962565422058105,0.8809168338775635,0.1299840360879898,0.15111380815505981,1.0805772542953491,1.5883171558380127,332.2691345214844
648000,4596000,98,281,656445.0,4605045.0,False,14.479700088500977,39.32685089111328,51.49885940551758,119.04915618896484,-0.8604801297187805,0.3140247166156769,0.14535601437091827,1.3163268566131592,1.7507483959197998,483.3199157714844
384000,4452000,200,13,384405.0,4457985.0,False,3.8359878063201904,9.2779541015625,-3.482313394546509,-19.96002960205078,-0.28787896037101746,0.10624341666698456,0.18492519855499268,1.0673836469650269,1.5085992813110352,427.08306884765625
396000,4488000,336,269,404085.0,4489905.0,True,27.029043197631836,83.4354019165039,18.08280372619629,51.85507583618164,-0.764620840549469,0.14893582463264465,0.1639733463525772,1.3794748783111572,1.845208764076233,0.0
384000,4440000,154,15,384465.0,4447365.0,False,15.513851165771484,52.9573974609375,36.80330276489258,40.97114944458008,-0.7518686056137085,0.10843798518180847,0.13182809948921204,1.1626346111297607,1.4177634716033936,0.0
312000,4488000,160,165,316965.0,4495185.0,False,3.6723995208740234,9.65943717956543,-0.5232883095741272,-5.115654945373535,-0.5054956078529358,0.12875694036483765,0.18659065663814545,1.0900120735168457,1.5392425060272217,865.678955078125
360000,4464000,158,270,368115.0,4471245.0,False,13.610697746276855,32.20722198486328,-16.56732940673828,-22.24553871154785,0.1360364854335785,0.25774750113487244,0.10930299013853073,1.1798522472381592,1.405630111694336,0.0
396000,4272000,338,5,396165.0,4273845.0,False,7.934730529785156,20.72653579711914,-3.6906330585479736,-37.22976303100586,0.8406224250793457,0.07989393174648285,0.1238924115896225,1.1996227502822876,1.580718994140625,899.3331909179688
408000,4248000,30,83,410505.0,4259085.0,True,16.826871871948242,42.1269416809082,-12.777587890625,-7.07740592956543,0.4356429874897003,0.09793305397033691,0.1598568558692932,1.0126270055770874,1.9301552772521973,0.0
396000,4488000,396,178,401355.0,4488105.0,True,29.257261276245117,78.85381317138672,-62.31171417236328,-132.71359252929688,-0.27780967950820923,0.14893582463264465,0.1639733463525772,1.3794748783111572,1.845208764076233,0.0
432000,4572000,31,158,436755.0,4583055.0,False,3.6937575340270996,10.4835205078125,-0.8819308876991272,-5.694159507751465,0.4932385981082916,0.16204863786697388,0.1978570818901062,1.3150516748428345,1.8267948627471924,667.7379150390625
444000,4452000,65,89,446685.0,4462035.0,True,26.742063522338867,71.24107360839844,2.2340903282165527,1.3537055253982544,0.07790272682905197,0.11989805102348328,0.1536405384540558,1.2123029232025146,1.57879638671875,0.0
360000,4512000,83,109,363285.0,4521495.0,False,3.7642722129821777,10.30174446105957,2.2994384765625,-1.7991400957107544,-0.10255750268697739,0.1354672759771347,0.16952870786190033,1.2661627531051636,1.768149733543396,898.5520629882812
612000,4596000,155,118,615555.0,4603335.0,False,22.07345199584961,53.99595642089844,21.20041275024414,29.64667510986328,0.9306869506835938,0.2361583560705185,0.18168307840824127,1.3240913152694702,1.6888234615325928,408.77874755859375
420000,4416000,146,112,423375.0,4423605.0,False,24.152463912963867,59.21808624267578,-0.42670345306396484,-34.18071746826172,0.4864387810230255,0.053102508187294006,0.18739265203475952,1.1366722583770752,1.663103699684143,0.0
420000,4236000,34,55,421665.0,4246965.0,True,22.87077522277832,71.20811462402344,-16.26356315612793,-13.450764656066895,-0.5802696943283081,0.0985829308629036,0.11092577874660492,1.0925049781799316,1.5260728597640991,228.87709045410156
360000,4452000,351,242,367275.0,4453455.0,False,1.3900477886199951,3.672987222671509,0.2867024838924408,-5.152045249938965,0.749049723148346,0.11944593489170074,0.13690602779388428,1.0903172492980957,1.4920566082000732,577.2312622070312
444000,4248000,29,49,445485.0,4259115.0,False,30.306495666503906,73.31521606445312,28.59238052368164,65.04733276367188,-0.9828632473945618,0.09133359789848328,0.1194043830037117,1.0668660402297974,1.5483168363571167,636.867919921875
372000,4476000,131,165,376965.0,4484055.0,False,3.0263664722442627,8.949666023254395,-1.6366509199142456,-17.31629753112793,-0.7019356489181519,0.1193636879324913,0.12063592672348022,1.1149181127548218,1.436816692352295,121.41618347167969
444000,4260000,301,108,447255.0,4262955.0,True,2.795728921890259,6.4331464767456055,0.5012614130973816,-0.771240234375,-0.6200239658355713,0.09645961970090866,0.11668898910284042,1.1214793920516968,1.5479373931884766,269.07586669921875
420000,4380000,31,375,431265.0,4391055.0,False,28.75222396850586,79.56719207763672,-4.08409309387207,47.46150588989258,-0.8564488887786865,0.1936485320329666,0.12823213636875153,1.2183345556259155,1.6144126653671265,0.0
372000,4428000,33,388,383655.0,4438995.0,False,13.020515441894531,38.14968490600586,-0.2493353933095932,-5.892659664154053,-0.7301520109176636,0.1171092689037323,0.09422911703586578,1.173698902130127,1.3648676872253418,0.0
432000,4500000,226,16,432495.0,4505205.0,False,4.174050807952881,10.237454414367676,1.1714681386947632,-4.868950843811035,-0.16240045428276062,0.1668546050786972,0.20790109038352966,1.4852722883224487,2.2425379753112793,527.444091796875
684000,4464000,68,136,688095.0,4473945.0,False,2.689345359802246,6.842813968658447,-2.8752713203430176,-13.774359703063965,0.19912919402122498,0.0986776351928711,0.18039417266845703,1.171748399734497,1.6496796607971191,0.0
396000,4248000,292,108,399255.0,4251225.0,False,23.66064453125,54.26787567138672,15.57822036743164,5.7919921875,-0.7670690417289734,0.10579084604978561,0.021978115662932396,1.0958307981491089,1.3471735715866089,443.1646728515625
456000,4488000,22,253,463605.0,4499325.0,False,8.446751594543457,28.71202278137207,-24.95693588256836,-37.96274185180664,-0.7475776076316833,0.17244498431682587,0.1831311583518982,1.2806105613708496,1.7330931425094604,901.84375
336000,4452000,91,351,346545.0,4461255.0,False,3.838390350341797,10.09446907043457,-10.2220458984375,-17.40154266357422,-0.16772812604904175,0.09761658310890198,0.14113080501556396,1.0886363983154297,1.5136804580688477,547.1853637695312
408000,4248000,7,139,412185.0,4259775.0,False,10.193419456481934,25.67228126525879,-18.134765625,-65.80069732666016,0.8023868203163147,0.11294981092214584,0.11712225526571274,1.153149962425232,1.5364811420440674,454.644287109375
480000,4464000,244,113,483405.0,4468665.0,True,11.684114456176758,32.22121810913086,-4.727850914001465,-8.02749252319336,0.5894815921783447,0.18349741399288177,0.1057458370923996,1.13264799118042,1.5484910011291504,6.666666507720947
456000,4452000,89,19,456585.0,4461315.0,False,15.851372718811035,46.961669921875,-29.706462860107422,-64.69596099853516,0.4615398943424225,0.19961535930633545,0.10344993323087692,1.1640450954437256,1.5899113416671753,702.7092895507812
444000,4608000,203,228,450855.0,4613895.0,False,13.940119743347168,36.91517639160156,-35.47444534301758,-41.08675003051758,-0.8460229635238647,0.4511287212371826,0.05308391526341438,1.5780556201934814,1.7588844299316406,713.5126342773438
444000,4572000,237,22,444675.0,4576875.0,False,22.315126419067383,52.017494201660156,9.073486328125,15.11001205444336,-0.2551064193248749,0.18225623667240143,0.16654837131500244,1.3712599277496338,1.7844008207321167,0.0
420000,4308000,362,178,425355.0,4309125.0,True,35.7273063659668,106.85183715820312,11.957329750061035,68.42082977294922,-0.9336591362953186,0.08230908960103989,0.04667310044169426,1.2180089950561523,1.2684745788574219,0.0
396000,4488000,275,147,400425.0,4491735.0,True,24.187177658081055,69.430908203125,44.8291015625,149.84646606445312,-0.9190244674682617,0.19594037532806396,0.09203595668077469,1.3383636474609375,1.4760710000991821,0.0
456000,4404000,161,9,456285.0,4411155.0,False,2.2166266441345215,7.920816898345947,-6.886786460876465,-23.378986358642578,0.031284984201192856,0.17625176906585693,0.13483181595802307,1.102402925491333,1.5744348764419556,375.112060546875
444000,4608000,368,163,448905.0,4608945.0,False,24.72401237487793,69.24088287353516,-19.48741340637207,-87.3277587890625,0.7047229409217834,0.1795206516981125,0.1700800359249115,1.2961243391036987,1.7870874404907227,0.0
384000,4500000,82,366,394995.0,4509525.0,False,5.169545650482178,17.92664909362793,4.112725257873535,-3.3843045234680176,0.1934424340724945,0.09013956040143967,0.1462646722793579,1.1907711029052734,1.5829461812973022,0.0
696000,4500000,151,254,703635.0,4507455.0,False,11.212156295776367,33.39793395996094,-23.84235382080078,-63.64934539794922,-0.5559279918670654,0.23030759394168854,0.20064890384674072,1.3489458560943604,1.8831923007965088,350.57598876953125
420000,4512000,232,147,424425.0,4517025.0,False,23.30441665649414,67.66897583007812,19.60489845275879,122.54261779785156,-0.49769100546836853,0.3083209693431854,0.08470088988542557,1.2925676107406616,1.4889686107635498,0.0
408000,4212000,123,149,412485.0,4220295.0,False,19.307029724121094,53.98025131225586,22.35059928894043,34.80124282836914,0.8211302161216736,0.08068733662366867,0.09398237615823746,1.1793107986450195,1.5769037008285522,510.2945556640625
420000,4512000,285,31,420945.0,4515435.0,False,13.838093757629395,35.36237335205078,4.960164546966553,-34.561279296875,0.9088568091392517,0.1749676913022995,0.0968368798494339,1.2606556415557861,1.5494788885116577,0.0
396000,4512000,157,121,399645.0,4519275.0,False,12.80966854095459,41.60202407836914,13.632893562316895,92.20347595214844,-0.9723170399665833,0.15053001046180725,0.17682191729545593,1.3153808116912842,1.854720950126648,0.0
420000,4440000,29,334,430035.0,4451115.0,True,10.00681209564209,23.82436752319336,1.5046252012252808,-14.636420249938965,0.245954692363739,0.10151014477014542,0.17254674434661865,1.1155083179473877,1.57709801197052,163.419677734375
732000,4644000,332,179,737385.0,4646025.0,False,2.444707155227661,7.557386875152588,1.4840223789215088,-0.1192626878619194,-0.5579259991645813,0.16619406640529633,0.18290646374225616,1.083888292312622,1.6392252445220947,485.2840881347656
372000,4428000,310,32,372975.0,4430685.0,False,2.6213295459747314,7.43626594543457,-0.2445610910654068,-15.336968421936035,-0.8734883666038513,0.11512491852045059,0.13312794268131256,1.0579001903533936,1.4784893989562988,677.2743530273438
396000,4260000,320,347,406425.0,4262385.0,True,28.102914810180664,68.69091796875,22.42099380493164,43.50320053100586,-0.2555769085884094,0.09219732880592346,0.08714742213487625,1.1646983623504639,1.4270340204238892,0.0
684000,4476000,319,127,687825.0,4478415.0,False,2.35396146774292,6.017496585845947,0.0774875357747078,-4.259087562561035,-0.31329262256622314,0.11145030707120895,0.17980042099952698,1.1500651836395264,1.5597916841506958,763.9371948242188
384000,4248000,126,222,390675.0,4256205.0,True,13.946142196655273,36.5810546875,12.893961906433105,64.43264770507812,0.7839846611022949,0.12320397794246674,0.17557138204574585,1.1775834560394287,1.7027157545089722,0.0
324000,4476000,373,183,329505.0,4476795.0,False,0.08266819268465042,0.1847737580537796,-0.1028238907456398,-2.141777992248535,-0.27449244260787964,0.04214564338326454,0.07977307587862015,1.069623589515686,1.3607934713363647,978.275146484375
444000,4416000,40,135,448065.0,4426785.0,False,11.228449821472168,32.39644241333008,15.242241859436035,24.76259994506836,0.36071786284446716,0.1230558529496193,0.11300994455814362,1.0690546035766602,1.4761234521865845,45.144012451171875
732000,4644000,162,140,736215.0,4651125.0,False,5.968523979187012,17.56145477294922,21.59865951538086,27.1683349609375,-0.16308127343654633,0.20669853687286377,0.21771454811096191,1.182888388633728,1.6229764223098755,0.0
360000,4440000,41,189,365685.0,4450755.0,False,0.8196942210197449,2.4628634452819824,0.4139946699142456,-4.931206703186035,-0.5301762819290161,0.11277143657207489,0.12405437976121902,1.0688661336898804,1.4784555435180664,540.0014038085938
348000,4428000,337,86,350595.0,4429875.0,False,6.82338809967041,19.43386459350586,9.20205307006836,7.12855339050293,0.21113447844982147,0.11721392720937729,0.10496542602777481,1.1443361043930054,1.5309580564498901,269.270263671875
420000,4440000,292,385,431565.0,4443225.0,False,15.140564918518066,45.78989028930664,47.9630126953125,77.14718627929688,0.36677902936935425,0.22386610507965088,0.08899842947721481,1.160945177078247,1.4768732786178589,0.0
696000,4476000,209,1,696045.0,4481715.0,False,2.6779839992523193,6.051595211029053,-0.9725613594055176,-6.295912265777588,0.21643920242786407,0.09215967357158661,0.1366032361984253,1.0886571407318115,1.491654872894287,62.13662338256836
420000,4512000,61,35,421065.0,4522155.0,False,8.681217193603516,25.80951690673828,0.5547010898590088,-2.586235761642456,-0.6205259561538696,0.12949833273887634,0.1810137927532196,1.218077301979065,1.6488757133483887,0.0
444000,4428000,167,312,453375.0,4434975.0,True,19.709136962890625,59.27292251586914,-4.344075679779053,47.06966018676758,0.20786969363689423,0.15927767753601074,0.12071950733661652,1.1442160606384277,1.7232792377471924,0.0
348000,4500000,18,136,352095.0,4511445.0,False,9.81596565246582,29.84137535095215,-12.894259452819824,-30.24327278137207,-0.6721984148025513,0.10466019064188004,0.17239555716514587,1.264221429824829,1.7106748819351196,10.0
432000,4476000,129,297,440925.0,4484115.0,True,15.83587646484375,44.70621871948242,-7.895426273345947,-14.07522201538086,-0.7600466012954712,0.18642884492874146,0.14256325364112854,1.1869958639144897,1.6573913097381592,170.88206481933594
420000,4536000,333,33,421005.0,4537995.0,False,3.08508563041687,8.524455070495605,-7.079481601715088,-20.00887107849121,-0.2816925644874573,0.15786603093147278,0.21454977989196777,1.4168533086776733,2.068937063217163,0.0
372000,4512000,38,207,378225.0,4522845.0,False,2.6755897998809814,7.746595859527588,-3.1268038749694824,-32.31578063964844,0.5918614864349365,0.11931322515010834,0.1887912005186081,1.1618411540985107,1.6297179460525513,184.14227294921875
300000,4428000,219,328,309855.0,4433415.0,False,11.978074073791504,29.26235580444336,21.81833267211914,24.1795654296875,0.14834676682949066,0.1155523806810379,0.16609278321266174,1.1452512741088867,1.6598929166793823,62.13662338256836
456000,4488000,134,142,460275.0,4495965.0,True,6.255977153778076,16.82314682006836,-17.45004653930664,-38.11737823486328,-0.6744568347930908,0.18099717795848846,0.19419027864933014,1.2183030843734741,1.66728937625885,77.82221984863281
600000,4596000,97,303,609105.0,4605075.0,False,2.513437032699585,8.96237564086914,-4.234781742095947,-16.70893096923828,-0.748214602470398,0.356666624546051,0.14923997223377228,1.3756484985351562,1.7194501161575317,284.0783996582031
732000,4644000,63,176,737295.0,4654095.0,False,12.551586151123047,28.52533721923828,-10.801785469055176,-14.035928726196289,0.563697874546051,0.36052390933036804,0.10010912269353867,1.289991021156311,1.5709664821624756,990.0
444000,4452000,197,250,451515.0,4458075.0,False,30.254823684692383,92.72608947753906,25.62939453125,85.4388198852539,0.6224208474159241,0.25359055399894714,0.05661892890930176,1.169138789176941,1.5468322038650513,429.77593994140625
444000,4248000,191,111,447345.0,4254255.0,True,4.17717170715332,10.578083992004395,-0.4441731870174408,-7.922349452972412,0.6455813646316528,0.09222441911697388,0.17064352333545685,1.1704533100128174,1.591294527053833,99.8300552368164
372000,4476000,292,139,376185.0,4479225.0,False,8.999590873718262,21.22608757019043,-3.908637046813965,15.104031562805176,0.35662686824798584,0.1490679383277893,0.1448422521352768,1.0840938091278076,1.565473198890686,349.281982421875
420000,4308000,117,25,420765.0,4316475.0,True,24.228862762451172,70.63103485107422,3.0296223163604736,4.299167156219482,0.5516504049301147,0.09185526520013809,0.11112994700670242,1.1168763637542725,1.5292997360229492,0.0
336000,4512000,369,209,342285.0,4512915.0,False,3.567051410675049,9.01341438293457,-1.4977349042892456,-8.266438484191895,-0.9326277375221252,0.09311485290527344,0.13692332804203033,1.2069964408874512,1.5701982975006104,577.5813598632812
360000,4500000,279,185,365565.0,4503615.0,False,4.006222724914551,10.09243392944336,0.1464436799287796,-2.114393472671509,-0.36083853244781494,0.08968210220336914,0.13368317484855652,1.19524085521698,1.4901055097579956,28.047378540039062
432000,4596000,51,222,438675.0,4606455.0,False,27.25480842590332,80.50634765625,42.13829040527344,65.7891845703125,-0.2901723384857178,0.1357652246952057,0.12251438200473785,1.3281525373458862,1.4559614658355713,0.0
384000,4452000,106,124,387735.0,4460805.0,False,4.06318473815918,12.310153007507324,-6.339993000030518,-10.1258544921875,-0.751308262348175,0.1313605159521103,0.17966113984584808,1.0920906066894531,1.5475704669952393,6.666666507720947
384000,4248000,9,132,387975.0,4259715.0,True,23.74828338623047,53.0341796875,9.949911117553711,-6.70947265625,-0.9973443150520325,0.14709195494651794,0.16055603325366974,1.273571252822876,1.5799272060394287,30.0
372000,4428000,115,303,381105.0,4436535.0,False,13.667889595031738,32.34280014038086,24.32096290588379,28.93596649169922,-0.30330750346183777,0.10319383442401886,0.07972535490989685,1.1795413494110107,1.3925522565841675,0.0
408000,4248000,32,299,416985.0,4259025.0,True,14.803321838378906,31.0955810546875,-14.216485023498535,-41.3856315612793,0.7562713623046875,0.13147380948066711,0.10746429115533829,1.1289873123168945,1.5384435653686523,0.0
444000,4296000,206,278,452355.0,4301805.0,False,13.261009216308594,34.74726104736328,-12.59581184387207,-27.70562171936035,0.9053380489349365,0.43635499477386475,-0.019233139231801033,1.290858268737793,1.5114363431930542,730.3427124023438
324000,4464000,275,128,327855.0,4467735.0,False,4.353634357452393,10.12131118774414,1.1636556386947632,-2.7406005859375,0.9919673800468445,0.09858349710702896,0.11921846866607666,1.1090575456619263,1.4580087661743164,592.1994018554688
384000,4260000,388,0,384015.0,4260345.0,True,17.09103775024414,53.67875289916992,9.813395500183105,-5.769517421722412,-0.6714970469474792,0.06798429042100906,0.07575074583292007,1.1628292798995972,1.3962459564208984,6.666666507720947
408000,4536000,144,88,410655.0,4543665.0,False,2.7736213207244873,7.179714679718018,-0.7355549931526184,0.5209282636642456,-0.6405883431434631,0.14116446673870087,0.1841144561767578,1.2914619445800781,1.9030721187591553,596.7427978515625
420000,4284000,46,233,427005.0,4294605.0,True,20.778526306152344,55.24094009399414,-13.350043296813965,-50.12220764160156,0.33598554134368896,0.24413546919822693,0.042021460831165314,1.2050986289978027,1.3720800876617432,154.955810546875
420000,4260000,145,294,428835.0,4267635.0,False,4.573209762573242,12.598687171936035,-10.17941665649414,-23.91555404663086,0.47982490062713623,0.2115727961063385,0.12447485327720642,1.1802680492401123,1.591498851776123,690.0
432000,4404000,228,22,432675.0,4409145.0,False,2.233522415161133,6.576931476593018,0.9742567539215088,3.2829318046569824,-0.6400341391563416,0.1347161829471588,0.12529081106185913,1.1345741748809814,1.5074771642684937,848.8818359375
360000,4512000,130,211,366345.0,4520085.0,False,2.829543352127075,8.15283203125,-7.100124835968018,-8.21323013305664,0.5577191710472107,0.07509978860616684,0.12411072105169296,1.1263400316238403,1.4366906881332397,0.0
384000,4452000,153,180,389415.0,4459395.0,False,3.4050865173339844,9.29100227355957,-2.069078207015991,-19.07695770263672,-0.8953738808631897,0.16409184038639069,0.1793282926082611,1.1362941265106201,1.549981951713562,148.6625518798828
600000,4596000,25,392,611775.0,4607235.0,False,12.204062461853027,33.89732360839844,11.39173698425293,24.00870704650879,0.9122823476791382,0.32990777492523193,0.14155684411525726,1.3092916011810303,1.5153175592422485,44.92902755737305
684000,4464000,204,174,689235.0,4469865.0,False,3.7215921878814697,8.567830085754395,5.908040523529053,12.27769660949707,-0.10174547880887985,0.07619869709014893,0.13893721997737885,1.1124376058578491,1.5147705078125,0.0
444000,4296000,216,260,451815.0,4301505.0,False,12.522207260131836,29.12188148498535,6.062771320343018,-15.58034896850586,0.9874802827835083,0.27698972821235657,0.06356461346149445,1.2009776830673218,1.581526756286621,443.3109436035156
420000,4392000,117,308,429255.0,4400475.0,False,6.799236297607422,15.320258140563965,0.773654580116272,-7.620754718780518,-0.7461592555046082,0.11914187669754028,0.10214071720838547,1.1453362703323364,1.4735172986984253,854.1664428710938
432000,4380000,0,280,440415.0,4391985.0,False,19.80786895751953,48.84165954589844,-12.92872428894043,-30.81631088256836,0.4144417643547058,0.11465338617563248,0.1116509661078453,1.2221988439559937,1.6066957712173462,544.707763671875
384000,4488000,385,372,395175.0,4488435.0,False,13.173318862915039,37.44615173339844,11.238037109375,14.239935874938965,0.646398663520813,0.18206384778022766,0.07819274067878723,1.2084590196609497,1.471496343612671,0.0
396000,4260000,36,313,405405.0,4270905.0,False,14.173152923583984,36.96574020385742,-0.5988227128982544,12.413166999816895,-0.8362858295440674,0.16021335124969482,0.1222059577703476,1.106675624847412,1.4616752862930298,700.7857055664062
420000,4500000,276,353,430605.0,4503705.0,False,19.34295082092285,49.14113998413086,8.62451171875,9.645182609558105,-0.4612404406070709,0.16197170317173004,0.18560639023780823,1.38579261302948,1.9580624103546143,0.0
408000,4248000,208,324,417735.0,4253745.0,True,15.888235092163086,42.16422653198242,3.576307535171509,16.365154266357422,-0.8719899654388428,0.19738005101680756,0.05033354088664055,1.1756385564804077,1.3411146402359009,0.0
408000,4260000,266,95,410865.0,4264005.0,True,20.096738815307617,58.59925842285156,4.811550617218018,78.17887115478516,0.783517599105835,0.1850208044052124,0.003320172894746065,1.1870628595352173,1.2392265796661377,0.0
708000,4428000,274,7,708225.0,4431765.0,False,7.054510116577148,17.197509765625,-3.350965738296509,-14.58572006225586,-0.19800975918769836,0.15477381646633148,0.1933710128068924,1.1338740587234497,1.629131555557251,700.78564453125
360000,4452000,39,174,365235.0,4462815.0,False,8.901579856872559,23.18230628967285,-8.5301513671875,-35.68008041381836,0.5685940980911255,0.06682424247264862,0.12838661670684814,1.1581121683120728,1.4170562028884888,0.0
372000,4428000,301,89,374685.0,4430955.0,False,2.3670077323913574,6.479031085968018,-1.4775933027267456,-5.210259437561035,-0.8104038834571838,0.11117558926343918,0.10586202144622803,1.13132643699646,1.4244413375854492,636.1607055664062
348000,4428000,343,232,354975.0,4429695.0,False,5.920570373535156,17.04745864868164,-5.74671745300293,-20.55642318725586,-0.7203181385993958,0.13795222342014313,0.1469825655221939,1.0768425464630127,1.6086506843566895,400.0244140625
324000,4476000,126,126,327795.0,4484205.0,False,1.9915204048156738,5.792100429534912,-0.9883219599723816,-5.593478679656982,0.7740782499313354,0.09349425882101059,0.10969474911689758,1.0877413749694824,1.4886783361434937,98.09188842773438
384000,4260000,362,254,391635.0,4261125.0,False,4.168570518493652,10.39804458618164,2.1811931133270264,0.58349609375,-0.7509552836418152,0.10332107543945312,0.12404986470937729,1.1042282581329346,1.526940941810608,674.6112670898438
432000,4536000,237,73,434205.0,4540875.0,False,13.532862663269043,33.4160041809082,2.584852457046509,-5.16099739074707,0.5904042720794678,0.16624920070171356,0.18417884409427643,1.4170702695846558,1.9453970193862915,0.0
396000,4476000,44,264,403935.0,4486665.0,True,29.75971221923828,88.5587158203125,-26.35508918762207,-79.58536529541016,0.7208670377731323,0.21159566938877106,0.15077078342437744,1.2816977500915527,1.760079026222229,295.82342529296875
456000,4500000,384,272,464175.0,4500465.0,False,18.551786422729492,45.68427276611328,-3.3773601055145264,12.170451164245605,-0.99007648229599,0.1520073562860489,0.17741581797599792,1.227258563041687,1.6394410133361816,713.5126342773438
732000,4608000,307,392,743775.0,4610775.0,False,6.908705711364746,17.40237045288086,1.1150174140930176,7.514472007751465,-0.42491525411605835,0.25309646129608154,0.18012116849422455,1.1881550550460815,1.6544253826141357,0.0
636000,4428000,151,379,647385.0,4435455.0,True,4.171000957489014,10.106879234313965,-7.437066078186035,-19.15288734436035,0.12677104771137238,0.16550317406654358,0.2229863554239273,1.1515713930130005,1.5298333168029785,240.0
420000,4536000,100,168,425055.0,4544985.0,False,0.963737964630127,2.4436442852020264,-0.0788167342543602,-2.879991292953491,-0.9889984726905823,0.11736571788787842,0.20259161293506622,1.2039285898208618,1.7224812507629395,953.7296752929688
408000,4248000,114,299,416985.0,4256565.0,False,7.166041851043701,23.51844596862793,-12.99758529663086,5.58912467956543,0.02471894957125187,0.1312713921070099,0.1083940863609314,1.1090961694717407,1.4930906295776367,920.5977783203125
732000,4476000,262,174,737235.0,4480125.0,False,16.381988525390625,44.62820053100586,-5.403143882751465,-2.784355878829956,0.7052890062332153,0.09989611804485321,0.16771456599235535,1.1550087928771973,1.539623498916626,551.0004272460938
396000,4476000,394,19,396585.0,4476165.0,False,27.170761108398438,72.99286651611328,0.562730610370636,-30.60020637512207,-0.6592513918876648,0.16122913360595703,0.15272307395935059,1.203228235244751,1.5502554178237915,757.8934326171875
444000,4452000,240,68,446055.0,4456785.0,False,25.10786247253418,64.13803100585938,-2.8647189140319824,22.74778938293457,-0.23844866454601288,0.16511470079421997,0.13168677687644958,1.1282488107681274,1.5435184240341187,524.5006103515625
360000,4452000,170,236,367095.0,4458885.0,False,2.9682936668395996,8.27928352355957,-8.133341789245605,-14.706706047058105,0.8245491981506348,0.09902023524045944,0.10241987556219101,1.1204091310501099,1.4609293937683105,0.0
396000,4488000,303,177,401325.0,4490895.0,True,30.798870086669922,99.98114776611328,5.433078765869141,-105.23429107666016,-0.662361741065979,0.22029493749141693,0.09508981555700302,1.2773188352584839,1.42710542678833,0.0
420000,4524000,77,194,425835.0,4533675.0,False,3.7730093002319336,9.8304443359375,-1.1251356601715088,-5.888861656188965,-0.9102726578712463,0.1705177128314972,0.17377030849456787,1.4369322061538696,2.095371961593628,583.009521484375
396000,4440000,95,97,398925.0,4449135.0,False,7.646193504333496,16.39194107055664,-6.0619306564331055,-9.81239128112793,-0.9609838128089905,0.1029607430100441,0.14894002676010132,1.0997830629348755,1.4797179698944092,14.714045524597168
432000,4596000,335,182,437475.0,4597935.0,False,3.1570491790771484,9.62986946105957,1.5687255859375,-1.3220350742340088,0.5184508562088013,0.1921481192111969,0.19689226150512695,1.4763902425765991,1.9376593828201294,401.0007019042969
420000,4440000,285,265,427965.0,4443435.0,True,30.579906463623047,75.46186065673828,-1.4264731407165527,-14.7564697265625,-0.05295451730489731,0.12655100226402283,0.0933510959148407,1.1643400192260742,1.3494855165481567,0.0
408000,4212000,10,165,412965.0,4223685.0,False,7.43087100982666,21.92519760131836,-7.565253257751465,9.338623046875,-0.29011401534080505,0.10240756720304489,0.11988554149866104,1.092427372932434,1.5275111198425293,702.7092895507812
360000,4452000,207,127,363825.0,4457775.0,False,7.429226398468018,17.684894561767578,4.9337158203125,12.97568130493164,-0.2784021496772766,0.09156889468431473,0.13559214770793915,1.1634079217910767,1.4499702453613281,0.0
408000,4428000,385,75,410265.0,4428435.0,False,12.247488975524902,30.20195770263672,10.93471908569336,-4.153347492218018,-0.38130760192871094,0.13006971776485443,0.13313236832618713,1.1761635541915894,1.5661314725875854,0.0
420000,4296000,79,154,424635.0,4305615.0,True,3.4563910961151123,7.52503776550293,-9.9652099609375,-40.52920150756836,-0.09129557758569717,0.12836264073848724,0.149690181016922,1.0681426525115967,1.5378835201263428,200.94813537597656
360000,4500000,227,227,366825.0,4505175.0,False,10.01002025604248,27.78730010986328,3.457831382751465,-8.437336921691895,-0.8239473700523376,0.11188347637653351,0.1484828144311905,1.182569146156311,1.4328842163085938,0.0
420000,4536000,163,256,427695.0,4543095.0,False,9.156976699829102,22.47748565673828,8.69497299194336,4.394951820373535,-0.6325105428695679,0.17380067706108093,0.20705896615982056,1.4572895765304565,2.045681953430176,768.7652587890625
432000,4392000,86,0,432015.0,4401405.0,False,20.39850425720215,56.16469955444336,18.13225746154785,91.15028381347656,-0.8165040016174316,0.2022876739501953,0.10582020878791809,1.1822658777236938,1.5334076881408691,0.0
420000,4512000,153,19,420585.0,4519395.0,False,9.188837051391602,25.00411033630371,-25.1922607421875,-57.389404296875,0.8478966355323792,0.18867291510105133,0.1326272040605545,1.3943177461624146,1.8760085105895996,0.0
396000,4464000,45,230,402915.0,4474635.0,True,12.641475677490234,35.09406280517578,37.7021484375,103.7142333984375,0.6374571323394775,0.1642855405807495,0.056886181235313416,1.1635334491729736,1.3558789491653442,0.0
372000,4248000,94,365,382965.0,4257165.0,False,12.132322311401367,31.50533103942871,-18.42819595336914,-20.37171745300293,0.08230074495077133,0.1688896268606186,0.13742561638355255,1.1254773139953613,1.4813092947006226,342.92852783203125
360000,4500000,176,256,367695.0,4506705.0,False,11.503130912780762,29.51886558532715,3.5563015937805176,-6.185777187347412,0.8173673748970032,0.09083382040262222,0.1471245139837265,1.1767868995666504,1.554101586341858,0.0
612000,4608000,318,86,614595.0,4610445.0,False,17.680604934692383,49.48350524902344,-24.307861328125,-43.79326629638672,0.7993162870407104,0.303329735994339,0.1338251829147339,1.336352825164795,1.762947916984558,0.0
396000,4488000,304,129,399885.0,4490865.0,True,22.26384735107422,62.528724670410156,16.02894401550293,18.80384635925293,0.3895152807235718,0.14893582463264465,0.1639733463525772,1.3794748783111572,1.845208764076233,0.0
384000,4440000,20,16,384495.0,4451385.0,False,16.90117073059082,38.77871322631836,21.886760711669922,63.73855209350586,0.9326539039611816,0.08437932282686234,0.1527339667081833,1.1645666360855103,1.6122101545333862,0.0
444000,4452000,346,28,444855.0,4453605.0,False,4.525968551635742,11.538166999816895,-0.028957786038517952,-14.987263679504395,-0.28672173619270325,0.16307303309440613,0.14951008558273315,1.1278767585754395,1.5231760740280151,376.6968994140625
300000,4476000,94,125,303765.0,4485165.0,False,8.45419979095459,19.17046356201172,8.162896156311035,-0.7392985224723816,0.6817037463188171,0.08248859643936157,0.1258629858493805,1.1270948648452759,1.4876575469970703,0.0
348000,4500000,8,294,356835.0,4511745.0,False,3.717710018157959,11.06507682800293,-1.9688314199447632,-14.735595703125,-0.8020711541175842,0.10090754926204681,0.14315350353717804,1.1439120769500732,1.6276785135269165,314.16900634765625
396000,4512000,116,273,404205.0,4520505.0,False,29.431840896606445,78.97605895996094,-5.307888507843018,-5.633233070373535,-0.8903019428253174,0.1535273641347885,0.13250292837619781,1.2780669927597046,1.6751247644424438,0.0
396000,4488000,293,285,404565.0,4491195.0,True,21.897676467895508,61.98582458496094,-16.17194366455078,11.96739387512207,-0.7415369153022766,0.212529718875885,0.10964422672986984,1.3842248916625977,1.6716666221618652,0.0
432000,4572000,64,300,441015.0,4582065.0,False,28.033233642578125,80.55496215820312,-22.35289192199707,93.91633605957031,0.9045643210411072,0.23153385519981384,0.1473231464624405,1.3550101518630981,1.4901024103164673,0.0
408000,4512000,142,347,418425.0,4519725.0,False,3.263134241104126,9.037557601928711,-1.4996609687805176,-6.6854248046875,-0.5243278741836548,0.14349715411663055,0.20273521542549133,1.2874866724014282,1.9738883972167969,511.46844482421875
396000,4260000,52,322,405675.0,4270425.0,False,14.136269569396973,36.54383850097656,-5.00794792175293,-7.509494304656982,-0.7165341973304749,0.15388771891593933,0.12360547482967377,1.1072254180908203,1.4599950313568115,433.359130859375
420000,4512000,339,162,424875.0,4513815.0,False,8.07815170288086,19.23641014099121,-4.363376140594482,-24.80224609375,0.9876324534416199,0.1666509211063385,0.19837729632854462,1.2535520792007446,1.5975356101989746,0.0
336000,4452000,28,174,341235.0,4463145.0,False,0.3706001341342926,0.9015299677848816,-0.02350531704723835,-2.356431722640991,0.08364325761795044,0.09239694476127625,0.0937190130352974,1.0932828187942505,1.506597876548767,408.77874755859375
300000,4440000,198,286,308595.0,4446045.0,False,4.1227803230285645,10.75623893737793,-0.2012939602136612,52.07658004760742,-0.17235244810581207,0.056522440165281296,0.1048642247915268,1.0872129201889038,1.3537670373916626,228.94509887695312
444000,4416000,285,214,450435.0,4419435.0,True,6.31097412109375,13.54078483581543,6.834906578063965,8.46750259399414,-0.35765931010246277,0.13201741874217987,0.15058128535747528,1.1470633745193481,1.6950300931930542,0.0
372000,4248000,170,159,376785.0,4254885.0,True,4.925143718719482,13.884847640991211,-1.6042752265930176,-8.875935554504395,-0.8842331767082214,0.09602444618940353,0.13698504865169525,1.0763591527938843,1.5132699012756348,212.60696411132812
360000,4296000,383,211,366345.0,4296495.0,True,1.7494862079620361,4.73680305480957,-6.498209476470947,-7.67799186706543,0.4873988926410675,0.1069439947605133,0.09742329269647598,1.0639625787734985,1.5898230075836182,163.419677734375
696000,4488000,310,67,698025.0,4490685.0,False,9.33932876586914,23.10365104675293,-5.54686164855957,-18.77685546875,-0.829748272895813,0.20116013288497925,0.2012920379638672,1.217423915863037,1.5683809518814087,0.0
384000,4248000,254,117,387525.0,4252365.0,True,4.053879737854004,9.791680335998535,1.666748046875,2.066840410232544,0.9371389150619507,0.09338055551052094,0.1178005039691925,1.1093392372131348,1.4913147687911987,259.23004150390625
372000,4476000,7,239,379185.0,4487775.0,False,1.0176918506622314,2.702989339828491,-2.5105793476104736,-17.19968032836914,-0.9807476997375488,0.13840986788272858,0.08181346207857132,1.104095697402954,1.4552490711212158,305.2931823730469
372000,4272000,160,196,377895.0,4279185.0,False,3.5745577812194824,9.68223762512207,-5.352932453155518,-34.65083694458008,-0.8948524594306946,0.13665565848350525,0.1464442014694214,1.0791471004486084,1.5889836549758911,755.778076171875
348000,4440000,398,182,353475.0,4440045.0,False,17.95915985107422,45.88032913208008,-10.52552604675293,-11.837307929992676,0.013332347385585308,0.1491978019475937,0.1445540338754654,1.1746888160705566,1.6907649040222168,810.9257202148438
360000,4452000,100,137,364125.0,4460985.0,False,18.04384422302246,45.1551513671875,23.347003936767578,27.76513671875,0.5999720692634583,0.13417533040046692,0.1247987151145935,1.0813853740692139,1.5406029224395752,947.5759887695312
408000,4260000,387,364,418935.0,4260375.0,True,4.17271089553833,10.02682876586914,1.3906114101409912,-3.4171547889709473,-0.8708146214485168,0.12581290304660797,0.12121938914060593,1.1565589904785156,1.5056877136230469,213.07374572753906
360000,4500000,235,278,368355.0,4504935.0,False,10.020217895507812,30.39931869506836,-33.10312271118164,-32.46514129638672,-0.6082493662834167,0.1893431842327118,0.08693115413188934,1.2196038961410522,1.4745782613754272,0.0
408000,4512000,230,350,418515.0,4517085.0,False,9.851022720336914,28.762615203857422,0.4919569194316864,-15.77927017211914,-0.8607329726219177,0.15835988521575928,0.17480729520320892,1.3122659921646118,1.8398462533950806,0.0
684000,4488000,389,396,695895.0,4488315.0,False,6.034235954284668,17.00347137451172,-14.495768547058105,-33.43918228149414,0.675471842288971,0.2799992561340332,0.12049585580825806,1.2159578800201416,1.5704622268676758,0.0
360000,4452000,118,337,370125.0,4460445.0,False,9.516243934631348,22.62220573425293,5.8858642578125,10.40420150756836,0.6062877774238586,0.10404951870441437,0.13612474501132965,1.1457911729812622,1.5033057928085327,365.7896728515625
432000,4596000,96,366,442995.0,4605105.0,False,20.88406753540039,59.77548599243164,-55.68599319458008,-131.2404327392578,-0.5946249961853027,0.7163611650466919,-0.1890522539615631,1.8980751037597656,1.3620433807373047,513.2257080078125
468000,4488000,164,5,468165.0,4495065.0,False,10.050853729248047,22.77003288269043,-5.60511589050293,-9.34666633605957,0.8234719634056091,0.1192794218659401,0.16958299279212952,1.236189365386963,1.6645352840423584,895.3211669921875
420000,4536000,328,48,421455.0,4538145.0,False,9.947077751159668,24.00474739074707,-3.115654706954956,-17.13939094543457,-0.5912256836891174,0.14570723474025726,0.20344336330890656,1.2953153848648071,1.7268973588943481,86.08457946777344
360000,4452000,10,224,366735.0,4463685.0,False,18.93531036376953,51.95186233520508,35.46464157104492,111.34420776367188,0.4231265187263489,0.18138888478279114,0.09513638913631439,1.192571759223938,1.6627037525177002,109.04316711425781
396000,4464000,236,303,405105.0,4468905.0,True,12.932637214660645,33.83060836791992,-12.76620864868164,-42.93220901489258,0.4058915376663208,0.11146789789199829,0.1512995958328247,1.1150343418121338,1.5992405414581299,0.0
420000,4428000,117,247,427425.0,4436475.0,False,21.13916015625,61.29104232788086,26.33184051513672,39.65401077270508,0.6484887003898621,0.18224041163921356,0.09424576908349991,1.1487133502960205,1.4660882949829102,255.55592346191406
396000,4404000,111,116,399495.0,4412655.0,False,21.15707778930664,56.35466766357422,12.83554458618164,55.26497268676758,0.9485047459602356,0.17079459130764008,0.05990368872880936,1.1656845808029175,1.4054168462753296,0.0
300000,4440000,129,261,307845.0,4448115.0,False,21.748157501220703,60.92500686645508,66.08585357666016,106.81591796875,-0.6618445515632629,0.056522440165281296,0.1048642247915268,1.0872129201889038,1.3537670373916626,121.28134155273438
396000,4488000,322,59,397785.0,4490325.0,False,34.62661361694336,88.69775390625,77.14545440673828,172.24839782714844,-0.02175826020538807,0.14893582463264465,0.1639733463525772,1.3794748783111572,1.845208764076233,845.695068359375
456000,4488000,129,145,460365.0,4496115.0,True,6.839659214019775,19.28782844543457,-14.521050453186035,-43.61721420288086,-0.8276249170303345,0.16383057832717896,0.19373765587806702,1.210889220237732,1.6267967224121094,62.70853042602539
636000,4428000,267,302,645075.0,4431975.0,True,10.859417915344238,23.00156021118164,3.0229358673095703,-10.252129554748535,0.5928078293800354,0.16357599198818207,0.17623361945152283,1.224704623222351,1.7117183208465576,154.955810546875
300000,4488000,386,124,303735.0,4488405.0,False,17.971651077270508,53.68048858642578,-12.53148078918457,26.88808822631836,-0.45454761385917664,0.06449633836746216,0.08198557049036026,1.1688222885131836,1.3503023386001587,90.0
696000,4500000,77,321,705645.0,4509675.0,False,15.652966499328613,36.29973602294922,-5.15174674987793,-0.9333359599113464,-0.4353422224521637,0.13959243893623352,0.19951778650283813,1.209405779838562,1.6876353025436401,750.9996948242188
396000,4440000,123,99,398985.0,4448295.0,False,7.539201259613037,18.716472625732422,-9.59653091430664,-13.962443351745605,-0.7711631059646606,0.1029607430100441,0.14894002676010132,1.0997830629348755,1.4797179698944092,45.144012451171875
396000,4476000,211,99,398985.0,4481655.0,True,24.086706161499023,64.38113403320312,10.948649406433105,-2.149061441421509,-0.24564462900161743,0.16122913360595703,0.15272307395935059,1.203228235244751,1.5502554178237915,0.0
324000,4464000,226,189,329685.0,4469205.0,False,11.434718132019043,33.28192901611328,-0.2666558027267456,-20.87887954711914,0.6887678503990173,0.054944947361946106,0.07746383547782898,1.1343293190002441,1.3224440813064575,96.20514678955078
420000,4416000,30,225,426765.0,4427085.0,False,27.70825958251953,80.08232879638672,-16.3067626953125,-60.78229522705078,0.7614423632621765,0.027127204462885857,0.15307123959064484,1.2772070169448853,1.4639432430267334,657.6492919921875
444000,4608000,226,385,455565.0,4613205.0,False,24.244224548339844,68.35256958007812,17.17488670349121,122.06412506103516,-0.3243686854839325,0.2194322943687439,0.15260641276836395,1.3669357299804688,1.6380248069763184,899.1124877929688
420000,4296000,82,155,424665.0,4305525.0,True,3.3869922161102295,8.05685806274414,-9.95383071899414,-44.47751235961914,-0.1559305340051651,0.1533358097076416,0.13836762309074402,1.105252981185913,1.5116620063781738,191.58489990234375
372000,4500000,60,206,378195.0,4510185.0,False,3.3328797817230225,9.21360969543457,0.0653482973575592,-8.36154556274414,0.8986102938652039,0.1164238303899765,0.14933232963085175,1.221279263496399,1.6653110980987549,145.52284240722656
732000,4596000,78,310,741315.0,4605645.0,False,12.557785987854004,28.556884765625,1.0751138925552368,5.562255859375,0.9860092997550964,0.2905327379703522,0.15098898112773895,1.1697099208831787,1.6733927726745605,481.5613708496094
360000,4500000,167,325,369765.0,4506975.0,False,14.973836898803711,38.39651107788086,6.62672233581543,26.63343620300293,0.9650732278823853,0.07956570386886597,0.13352833688259125,1.164185643196106,1.454322338104248,0.0
708000,4464000,215,43,709305.0,4469535.0,False,11.737870216369629,29.87687110900879,2.6662325859069824,-17.779865264892578,0.45561569929122925,0.22159278392791748,0.1808849573135376,1.2507965564727783,1.6981385946273804,1002.9456787109375
420000,4524000,184,132,423975.0,4530465.0,False,9.71154499053955,26.78289031982422,3.6538901329040527,20.43203353881836,0.580910325050354,0.13705912232398987,0.1447673887014389,1.2596992254257202,1.8456521034240723,506.6971435546875
444000,4296000,215,217,450525.0,4301535.0,True,19.163570404052734,47.25925064086914,5.08702278137207,15.517659187316895,-0.13400933146476746,0.3474658131599426,0.10111349076032639,1.2820883989334106,1.7098866701126099,0.0
432000,4548000,199,15,432465.0,4554015.0,False,9.544389724731445,24.18337631225586,-2.6166720390319824,-10.062933921813965,0.27749472856521606,0.12886638939380646,0.17069034278392792,1.2397078275680542,1.7463748455047607,201.20281982421875
372000,4428000,275,234,379035.0,4431735.0,False,9.10653018951416,28.57424545288086,-0.5764702558517456,-1.1474473476409912,0.7213090062141418,0.08209915459156036,0.06275061517953873,1.1629986763000488,1.3356963396072388,0.0
336000,4428000,48,398,347955.0,4438545.0,False,6.496554851531982,16.08271026611328,-4.59288215637207,-17.94148826599121,0.13630805909633636,0.12886923551559448,0.07912065833806992,1.1505597829818726,1.5883268117904663,90.0
360000,4500000,72,372,371175.0,4509825.0,False,14.367886543273926,35.86454391479492,7.22203254699707,20.39228057861328,-0.5983680486679077,0.10840561240911484,0.17802414298057556,1.2058343887329102,1.6205222606658936,0.0
396000,4248000,293,124,399735.0,4251195.0,False,5.535861015319824,16.00234603881836,1.6510958671569824,-1.8092312812805176,-0.4986916482448578,0.10377058386802673,0.14939427375793457,1.0891082286834717,1.5966668128967285,888.7633666992188
456000,4428000,18,38,457155.0,4439445.0,False,13.75629711151123,34.21158981323242,7.947943687438965,33.92885971069336,-0.35061103105545044,0.17362844944000244,0.09829353541135788,1.1466796398162842,1.556640863418579,240.0
444000,4452000,170,392,455775.0,4458885.0,False,13.98740291595459,41.8311653137207,-3.901543617248535,16.38418197631836,0.7309237122535706,0.19079189002513885,0.062103770673274994,1.126670002937317,1.6178174018859863,427.08306884765625
300000,4428000,320,180,305415.0,4430385.0,False,31.23581314086914,79.318115234375,2.8694663047790527,42.54093551635742,-0.8144546151161194,0.12518566846847534,0.122114397585392,1.1473270654678345,1.5633597373962402,0.0
432000,4404000,270,60,433815.0,4407885.0,False,28.03857421875,72.59333801269531,20.25455665588379,46.36044692993164,-0.4441845118999481,0.11845359206199646,0.10621613264083862,1.165105938911438,1.3942897319793701,80.82179260253906
348000,4476000,54,165,352965.0,4486365.0,False,13.040559768676758,34.32309341430664,-8.2406005859375,4.955783367156982,-0.7346786856651306,0.15341491997241974,0.14976640045642853,1.1457029581069946,1.6294289827346802,657.8687744140625
684000,4464000,365,284,692535.0,4465035.0,False,0.9040769338607788,3.210761308670044,-2.24755859375,-1.6119927167892456,0.6358743906021118,0.09991154074668884,0.16610854864120483,1.0701215267181396,2.013082265853882,0.0
384000,4440000,388,68,386055.0,4440345.0,False,12.202801704406738,35.09377670288086,21.35606575012207,76.88876342773438,-0.10518645495176315,0.1190631166100502,0.1479136198759079,1.1059061288833618,1.3646197319030762,990.1515502929688
324000,4476000,200,182,329475.0,4481985.0,False,6.878580570220947,15.99453353881836,1.2663031816482544,-20.62849998474121,0.12278079241514206,0.09080234169960022,0.08679178357124329,1.1165788173675537,1.3560646772384644,0.0
660000,4608000,202,274,668235.0,4613925.0,False,14.123567581176758,32.17739486694336,-3.9699976444244385,-30.08159828186035,0.07852981984615326,0.17384390532970428,0.18634922802448273,1.1511210203170776,1.645531415939331,0.0
372000,4428000,196,170,377115.0,4434105.0,False,3.8744454383850098,10.412069320678711,1.8835991621017456,-22.3216552734375,-0.3977603018283844,0.11507649719715118,0.12757503986358643,1.139054536819458,1.3708280324935913,229.78829956054688
360000,4284000,176,373,371205.0,4290705.0,False,1.9847577810287476,4.544189453125,-0.8846299648284912,-2.619127035140991,-0.9448155164718628,0.10521597415208817,0.11301781982183456,1.0687601566314697,1.4813610315322876,977.0363159179688
456000,4260000,370,182,461475.0,4260885.0,False,8.419082641601562,23.87607192993164,-2.710218667984009,9.467108726501465,0.7756528258323669,0.12405805289745331,0.15214261412620544,1.051815152168274,1.505049705505371,450.3339538574219
372000,4260000,210,101,375045.0,4265685.0,False,10.137816429138184,29.1229248046875,-8.366251945495605,-23.47984504699707,-0.0690874382853508,0.11824418604373932,0.11533088237047195,0.9777851104736328,1.4606815576553345,360.0
420000,4296000,341,359,430785.0,4297755.0,True,8.46993637084961,18.04562759399414,9.800211906433105,6.683349609375,-0.9695727229118347,0.3216477036476135,0.09447021782398224,1.300880789756775,1.4429144859313965,98.09188842773438
372000,4500000,113,118,375555.0,4508595.0,False,2.5089077949523926,7.698215007781982,-0.6651340126991272,-10.111531257629395,0.0568198524415493,0.09671446681022644,0.13324297964572906,1.1747665405273438,1.4352091550827026,0.0
420000,4296000,270,124,423735.0,4299885.0,True,19.951961517333984,54.36301040649414,-29.45075225830078,-71.53866577148438,0.3567494750022888,0.1331663727760315,0.08545444905757904,1.1381189823150635,1.4487230777740479,0.0
300000,4476000,173,127,303825.0,4482795.0,False,3.4730212688446045,8.765313148498535,-2.0402560234069824,-10.57162857055664,0.3572685718536377,0.1225704625248909,0.19641949236392975,1.1918401718139648,1.7186192274093628,541.3876953125
456000,4488000,275,135,460065.0,4491735.0,True,27.92223358154297,66.06103515625,-35.25713348388672,-73.40994262695312,0.022889720275998116,0.400858074426651,0.044723570346832275,1.4407708644866943,1.7765834331512451,206.6666717529297
444000,4416000,194,31,444945.0,4422165.0,False,5.88563871383667,16.79683494567871,-0.5240072011947632,33.73516082763672,0.5996055603027344,0.15360362827777863,0.1336364597082138,1.039699912071228,1.6990697383880615,833.906494140625
660000,4500000,108,72,662175.0,4508745.0,False,11.793930053710938,29.64883041381836,-13.77903938293457,2.6856417655944824,0.8106684684753418,0.20598214864730835,0.10621005296707153,1.16033136844635,1.4986867904663086,236.47413635253906
420000,4500000,302,251,427545.0,4502925.0,True,20.301998138427734,47.5595588684082,-8.10693359375,-32.746788024902344,0.9884588122367859,0.1003158837556839,0.12011779099702835,1.2405483722686768,1.5258033275604248,0.0
420000,4512000,170,72,422175.0,4518885.0,False,22.086124420166016,57.83455276489258,31.56451988220215,10.03237533569336,-0.9836543202400208,0.18119652569293976,0.17748083174228668,1.3484195470809937,1.7225561141967773,0.0
456000,4380000,268,122,459675.0,4383945.0,False,14.525181770324707,43.934326171875,-0.5098198652267456,-4.380723476409912,0.743930995464325,0.3959662616252899,0.02090025693178177,1.2542680501937866,1.5957905054092407,421.78399658203125
456000,4488000,195,85,458565.0,4494135.0,True,7.916368007659912,22.81271743774414,-7.863986492156982,-29.63865852355957,-0.4520970284938812,0.19507844746112823,0.1733982264995575,1.2822961807250977,1.831066370010376,180.0
384000,4356000,112,334,394035.0,4364625.0,False,2.90610671043396,14.03662109375,-18.76401138305664,-32.02096939086914,0.44508373737335205,0.12887626886367798,0.1207936704158783,1.1650640964508057,1.4527926445007324,96.20514678955078
432000,4560000,329,27,432825.0,4562115.0,False,4.429593086242676,9.80300521850586,2.921251058578491,-10.641818046569824,0.050968680530786514,0.16909347474575043,0.19122569262981415,1.2886792421340942,1.7886065244674683,430.2332458496094
408000,4512000,114,14,408435.0,4520565.0,False,2.3809375762939453,6.623847007751465,-0.5807427167892456,2.184814453125,0.6181614995002747,0.16463512182235718,0.20270361006259918,1.5529066324234009,2.401226282119751,787.8451538085938
372000,4500000,123,177,377325.0,4508295.0,False,4.497420787811279,13.1650390625,8.675007820129395,-2.897840738296509,-0.22283494472503662,0.10317785292863846,0.14986295998096466,1.2111252546310425,1.5968619585037231,172.4033660888672
396000,4488000,214,241,403245.0,4493565.0,True,22.926847457885742,65.54178619384766,-44.58795928955078,-85.86434936523438,0.1432230919599533,0.32595187425613403,-0.019055405631661415,1.35069739818573,1.4260839223861694,0.0
444000,4296000,331,126,447795.0,4298055.0,False,4.975407600402832,12.532620429992676,-0.4510090947151184,-17.31484603881836,-0.21763232350349426,0.150045707821846,0.14043021202087402,1.1002613306045532,1.5373475551605225,702.563232421875
372000,4512000,116,157,376725.0,4520505.0,False,10.508539199829102,23.39990234375,-20.5260009765625,-38.28388214111328,0.248467355966568,0.10559467226266861,0.1394709348678589,1.2052050828933716,1.611706256866455,0.0
360000,4296000,102,181,365445.0,4304925.0,True,7.13115930557251,18.40732192993164,-8.2891845703125,-21.4696044921875,0.7991357445716858,0.08311136811971664,0.14714664220809937,1.1492266654968262,1.6276582479476929,120.0
384000,4248000,39,109,387285.0,4258815.0,True,20.139543533325195,50.91574478149414,-12.533284187316895,25.51649284362793,-0.6931173205375671,0.11844901740550995,0.11262296885251999,1.162295937538147,1.4409431219100952,0.0
432000,4380000,127,123,435705.0,4388175.0,False,20.434341430664062,54.0374755859375,0.636474609375,-15.95338249206543,0.147563636302948,0.18813900649547577,0.11027096211910248,1.177117109298706,1.594383955001831,0.0
408000,4524000,58,159,412785.0,4534245.0,False,7.9877166748046875,18.20860481262207,-1.901882529258728,-17.84430503845215,0.8614600896835327,0.13626451790332794,0.19322633743286133,1.3155115842819214,1.9170196056365967,47.09663391113281
396000,4488000,287,219,402585.0,4491375.0,True,12.498042106628418,42.79519271850586,59.34695053100586,199.51695251464844,0.5545909404754639,0.12217831611633301,0.08237264305353165,1.2613155841827393,1.3764559030532837,0.0
396000,4512000,99,186,401595.0,4521015.0,False,17.922882080078125,59.13247299194336,-42.61204528808594,-133.79220581054688,-0.8072651028633118,0.3256237208843231,0.10109008103609085,1.4495121240615845,1.6586657762527466,0.0
396000,4248000,33,355,406665.0,4258995.0,False,17.406478881835938,41.313720703125,8.824652671813965,20.66627311706543,0.11306282877922058,0.1237410455942154,0.10981260240077972,1.0331382751464844,1.4491900205612183,594.1382446289062
384000,4248000,107,233,391005.0,4256775.0,True,29.440296173095703,89.87421417236328,-40.49503707885742,-52.80997848510742,-0.5424842238426208,0.11972110718488693,0.1463601291179657,1.1180471181869507,1.4665117263793945,0.0
396000,4356000,163,176,401295.0,4363095.0,False,5.559027194976807,19.79002571105957,12.4923095703125,8.261895179748535,-0.33022984862327576,0.08555316179990768,0.11199596524238586,1.0361822843551636,1.5728899240493774,282.3081970214844
360000,4512000,268,81,362445.0,4515945.0,False,1.9224157333374023,12.30532455444336,-11.611382484436035,-57.0323486328125,-0.26187583804130554,0.11440902203321457,0.18164657056331635,1.1216719150543213,1.622066855430603,108.09188842773438
396000,4404000,207,398,407955.0,4409775.0,False,33.984676361083984,101.15003967285156,9.44363021850586,118.26447296142578,0.8847846388816833,0.10965792089700699,0.17202319204807281,1.0700374841690063,1.4688324928283691,302.4951477050781
420000,4536000,217,20,420615.0,4541475.0,False,6.924853324890137,20.238201141357422,7.036960124969482,14.93178939819336,-0.17904555797576904,0.06347919255495071,0.13951466977596283,1.2159345149993896,1.442203164100647,0.0
360000,4284000,300,209,366285.0,4286985.0,False,16.380983352661133,44.92929458618164,-3.0763211250305176,-22.89836883544922,-0.9158387780189514,0.17163188755512238,0.11361212283372879,1.166313648223877,1.4412761926651,900.0
420000,4260000,144,261,427845.0,4267665.0,False,8.61391830444336,17.91653060913086,7.9404296875,15.56043815612793,0.9032721519470215,0.20036549866199493,0.12864689528942108,1.0890625715255737,1.5674421787261963,892.300537109375
612000,4596000,143,234,619035.0,4603695.0,False,7.253872394561768,20.78420639038086,2.164198160171509,13.174479484558105,-0.8388245701789856,0.21549361944198608,0.2222568690776825,1.2685515880584717,1.8476663827896118,93.44710540771484
420000,4248000,310,59,421785.0,4250685.0,True,20.997753143310547,55.20084762573242,-5.533745765686035,35.22675323486328,-0.11817564815282822,0.21100933849811554,0.031866710633039474,1.2246421575546265,1.4040409326553345,0.0
408000,4536000,209,230,414915.0,4541715.0,False,11.75197696685791,28.24430274963379,-6.785318851470947,15.210733413696289,-0.9941230416297913,0.12550616264343262,0.1771668791770935,1.2382441759109497,1.6579844951629639,0.0
324000,4464000,117,321,333645.0,4472475.0,False,13.300827980041504,33.165245056152344,-10.059027671813965,1.5243598222732544,-0.00882795825600624,0.08190775662660599,0.0639180988073349,1.135443925857544,1.274826169013977,0.0
420000,4524000,238,99,422985.0,4528845.0,False,1.7000285387039185,4.005099773406982,-3.0272216796875,-13.007283210754395,-0.7115695476531982,0.13741964101791382,0.1746891438961029,1.3054625988006592,1.6722242832183838,591.439208984375
420000,4512000,233,279,428385.0,4516995.0,False,13.23218822479248,38.757408142089844,52.83599090576172,107.9166488647461,0.3148506283760071,0.12601180374622345,0.19717185199260712,1.3667765855789185,1.944016695022583,0.0
444000,4464000,381,125,447765.0,4464555.0,False,2.108288288116455,6.309149742126465,-1.1027967929840088,-32.707763671875,-0.7876706123352051,0.14909765124320984,0.12841397523880005,1.0954512357711792,1.5435651540756226,466.90509033203125
420000,4512000,221,163,424905.0,4517355.0,False,21.0130672454834,59.03879165649414,7.216824054718018,124.8960189819336,0.8906020522117615,0.23990777134895325,0.15683288872241974,1.2570466995239258,1.659210443496704,0.0
396000,4464000,187,359,406785.0,4470375.0,False,4.140912055969238,9.44117546081543,1.6919217109680176,6.463921546936035,-0.10742834955453873,0.12206347286701202,0.17925046384334564,1.0944595336914062,1.5269571542739868,492.64593505859375
372000,4476000,377,273,380205.0,4476675.0,False,1.696964144706726,4.283514976501465,0.3291965126991272,-3.728285074234009,-0.512708842754364,0.17531976103782654,0.09305386990308762,1.0721687078475952,1.5327924489974976,583.009521484375
336000,4476000,85,286,344595.0,4485435.0,False,16.394033432006836,51.69814682006836,56.17523956298828,92.07524871826172,0.43806204199790955,0.23701061308383942,0.13223588466644287,1.1696739196777344,1.4204097986221313,322.50018310546875
408000,4224000,386,70,410115.0,4224405.0,False,3.2489078044891357,7.821370601654053,-1.3988715410232544,-2.5135769844055176,0.15092454850673676,0.1023605465888977,0.18730208277702332,1.139703631401062,1.8235045671463013,0.0
360000,4440000,238,154,364635.0,4444845.0,False,6.804415225982666,17.18173599243164,7.002495765686035,51.48197555541992,0.3139265477657318,0.08098452538251877,0.04917155206203461,1.1485141515731812,1.3085044622421265,0.0
360000,4464000,185,92,362775.0,4470435.0,False,15.020061492919922,35.66156768798828,4.750772953033447,5.60914421081543,0.3178330957889557,0.08466126024723053,0.0945577621459961,1.159082293510437,1.3581100702285767,0.0
444000,4296000,89,132,447975.0,4305315.0,False,17.852163314819336,53.44536590576172,-20.71896743774414,-2.029649496078491,0.3460269272327423,0.22913415729999542,0.13753584027290344,1.0902498960494995,1.641814112663269,953.7296752929688
444000,4608000,231,175,449265.0,4613055.0,False,26.47631072998047,84.62532806396484,27.87345314025879,89.66877746582031,-0.6997872591018677,0.3261382579803467,0.09097503870725632,1.4080965518951416,1.6083793640136719,402.9898376464844
372000,4260000,358,182,377475.0,4261245.0,False,3.294151544570923,8.51795768737793,-8.74362564086914,-35.26337432861328,-0.23315389454364777,0.07866612076759338,0.13366194069385529,1.0137697458267212,1.5666382312774658,437.4941711425781
348000,4512000,392,190,353715.0,4512225.0,False,4.809370517730713,11.098971366882324,-0.4141574501991272,-24.11396026611328,0.0386819951236248,0.08232490718364716,0.13428018987178802,1.129021406173706,1.5659887790679932,219.7831573486328
324000,4488000,391,133,328005.0,4488255.0,False,4.130649089813232,11.551459312438965,8.12070083618164,12.463948249816895,0.7212538719177246,0.10485776513814926,0.14826345443725586,1.1240425109863281,1.511754035949707,44.92902755737305
432000,4596000,355,190,437715.0,4597335.0,False,3.6730477809906006,9.38241958618164,1.0906440019607544,2.0627169609069824,0.2592816650867462,0.1609381139278412,0.2094552367925644,1.4977244138717651,2.1397292613983154,992.1190795898438
336000,4476000,167,276,344295.0,4482975.0,False,27.179048538208008,74.78421783447266,1.417385458946228,-17.43797492980957,-0.28437313437461853,0.1635100394487381,0.08570436388254166,1.1825547218322754,1.4458335638046265,0.0
336000,4464000,323,186,341595.0,4466295.0,False,2.3025100231170654,6.646484375,-0.0492621548473835,-4.156548500061035,0.48741984367370605,0.05447171628475189,0.08207785338163376,1.1102869510650635,1.3363927602767944,233.88705444335938
408000,4536000,296,319,417585.0,4539105.0,False,2.614027738571167,7.05943489074707,-11.542696952819824,-13.42943000793457,0.019236499443650246,0.16014567017555237,0.21212640404701233,1.4154483079910278,2.076242685317993,10.0
408000,4512000,285,302,417075.0,4515435.0,False,3.826286792755127,10.999945640563965,-1.0268146991729736,-4.26854133605957,-0.6422737240791321,0.16682054102420807,0.20263250172138214,1.3616734743118286,2.0549323558807373,618.6464233398438
432000,4260000,292,396,443895.0,4263225.0,True,3.4788830280303955,10.013223648071289,-11.293375968933105,-11.946709632873535,-0.8519504070281982,0.1057000607252121,0.1438021957874298,1.1833752393722534,1.7198927402496338,3.3333332538604736
732000,4632000,306,342,742275.0,4634805.0,False,1.9703731536865234,5.05029296875,-6.658257484436035,-12.276123046875,-0.9243645668029785,0.17226345837116241,0.2070123255252838,1.2039570808410645,1.7207016944885254,380.26483154296875
420000,4512000,305,325,429765.0,4514835.0,False,2.5589840412139893,7.004557132720947,-0.0954047292470932,-6.9776611328125,0.3840470016002655,0.1714382916688919,0.22713123261928558,1.4830811023712158,2.0726511478424072,408.78021240234375
420000,4512000,30,159,424785.0,4523085.0,False,4.496593952178955,12.037652015686035,-1.0908745527267456,-6.237467288970947,-0.6714620590209961,0.1374874711036682,0.20736785233020782,1.2086408138275146,1.6896939277648926,421.78399658203125
432000,4512000,153,213,438405.0,4519395.0,False,3.6054086685180664,9.80284309387207,-3.242377281188965,-16.57835578918457,0.3066551685333252,0.15580497682094574,0.23565807938575745,1.4445029497146606,2.061692953109741,677.2743530273438
360000,4284000,64,277,368325.0,4294065.0,False,5.6203484535217285,15.828545570373535,0.540283203125,7.793172359466553,-0.19113051891326904,0.10266898572444916,0.08796346187591553,1.1415315866470337,1.487436056137085,495.379638671875
456000,4416000,151,32,456975.0,4423455.0,False,17.14342498779297,43.34743881225586,7.878702640533447,27.21561622619629,0.3563283681869507,0.1871033012866974,0.10526479780673981,1.1288886070251465,1.5521342754364014,598.2479248046875
420000,4524000,135,204,426135.0,4531935.0,False,3.7656455039978027,8.858304023742676,-1.574679970741272,-9.968817710876465,0.22256875038146973,0.15184007585048676,0.15803533792495728,1.2784785032272339,1.8368223905563354,272.77105712890625
420000,4440000,200,300,429015.0,4445985.0,True,28.686872482299805,82.53743743896484,44.71690368652344,124.18852996826172,0.6245712637901306,0.16857124865055084,0.053877975791692734,1.1396771669387817,1.3036539554595947,0.0
396000,4512000,343,174,401235.0,4513695.0,False,8.699838638305664,23.85317611694336,-16.38194465637207,-22.70616340637207,0.4959375262260437,0.14394329488277435,0.15957631170749664,1.3613827228546143,2.0140061378479004,439.7020263671875
372000,4272000,372,278,380355.0,4272825.0,False,4.69382905960083,15.045830726623535,-20.19456672668457,-59.67392349243164,0.3135674297809601,0.12349066138267517,0.08284535259008408,1.0684489011764526,1.4341548681259155,566.5687255859375
444000,4572000,151,16,444495.0,4579455.0,False,27.32294464111328,78.42172241210938,-19.51261329650879,-5.875502109527588,-0.8388076424598694,0.24942556023597717,0.10919751971960068,1.3823463916778564,1.6135189533233643,0.0
648000,4440000,283,121,651645.0,4443495.0,False,1.3722801208496094,3.6408419609069824,-0.2519395649433136,-3.9087862968444824,-0.3118659257888794,0.12696170806884766,0.18458610773086548,1.1290860176086426,1.582673192024231,832.2861328125
372000,4428000,298,116,375495.0,4431045.0,False,4.066574573516846,11.24746322631836,-7.400431156158447,-24.84232521057129,-0.3019430637359619,0.11032527685165405,0.10223596543073654,1.1413531303405762,1.341724157333374,0.0
420000,4512000,66,218,426555.0,4522005.0,False,21.850505828857422,60.7733268737793,2.0378146171569824,12.60483169555664,-0.9023979902267456,0.2124398946762085,0.16461296379566193,1.3166813850402832,1.677478313446045,0.0
372000,4500000,269,31,372945.0,4503915.0,False,7.051713943481445,24.55524444580078,27.66329002380371,96.58574676513672,-0.0029313024133443832,0.09573914855718613,0.1302109956741333,1.220099687576294,1.4405252933502197,0.0
648000,4464000,360,144,652335.0,4465185.0,False,8.332681655883789,19.03336524963379,2.9821505546569824,36.30984115600586,-0.9147987365722656,0.29196134209632874,0.11173907667398453,1.204573154449463,1.6110018491744995,533.6632690429688
444000,4428000,277,368,455055.0,4431675.0,True,14.51124095916748,42.24473571777344,22.31438446044922,33.52311325073242,-0.7804438471794128,0.230097234249115,0.13561655580997467,1.1719825267791748,1.480190634727478,0.0
456000,4380000,300,142,460275.0,4382985.0,True,6.011041164398193,17.184814453125,-5.886773109436035,-10.02590560913086,0.44144919514656067,0.31776532530784607,0.08003641664981842,1.2278417348861694,1.6512198448181152,248.23358154296875
372000,4440000,52,315,381465.0,4450425.0,False,8.709336280822754,21.32759666442871,4.815945148468018,-1.7105712890625,0.054306164383888245,0.09504135698080063,0.12976062297821045,1.1250473260879517,1.425879955291748,248.6039581298828
336000,4476000,384,292,344775.0,4476465.0,False,17.090267181396484,45.53657913208008,56.04728317260742,97.12806701660156,-0.11723420023918152,0.14388170838356018,0.14404761791229248,1.1743934154510498,1.4898675680160522,551.9058227539062
660000,4608000,305,386,671595.0,4610835.0,False,10.102170944213867,31.22443389892578,18.25858497619629,35.47142028808594,0.35756751894950867,0.16596469283103943,0.22353096306324005,1.1622428894042969,1.733227252960205,6.666666507720947
372000,4476000,279,198,377955.0,4479615.0,False,1.9302854537963867,5.560736656188965,-3.1725261211395264,-10.067301750183105,-0.09674352407455444,0.18736600875854492,0.11514507234096527,1.1216968297958374,1.6157963275909424,815.3529663085938
420000,4260000,263,364,430935.0,4264095.0,True,5.103847026824951,14.28700065612793,-3.334336996078491,-27.72626495361328,-0.7358951568603516,0.17565380036830902,0.10537218302488327,1.121374487876892,1.5696078538894653,144.31268310546875
408000,4260000,261,210,414315.0,4264155.0,False,15.240453720092773,35.89760971069336,-11.429443359375,-23.65630340576172,-0.5667940378189087,0.12600325047969818,0.08912821114063263,1.1819605827331543,1.5096842050552368,726.0169067382812
660000,4500000,234,46,661395.0,4504965.0,False,3.2842001914978027,7.85484504699707,-2.56298828125,-1.4079318046569824,0.19928480684757233,0.12787304818630219,0.18100334703922272,1.1007163524627686,1.5178606510162354,636.5534057617188
300000,4428000,228,260,307815.0,4433145.0,False,28.562175750732422,74.84031677246094,-19.67462921142578,-21.98480987548828,-0.8755698204040527,0.1522107869386673,0.13315211236476898,1.1587415933609009,1.3896572589874268,0.0
360000,4248000,185,323,369705.0,4254435.0,False,17.79747772216797,39.91396713256836,-9.9378662109375,-52.91659927368164,-0.25235047936439514,0.18353798985481262,0.14363597333431244,1.1913713216781616,1.4973294734954834,890.7306518554688
336000,4464000,251,227,342825.0,4468455.0,False,28.701725006103516,82.5079345703125,10.57302474975586,34.47488021850586,-0.5997308492660522,0.07972044497728348,0.06570500880479813,1.1680827140808105,1.3033965826034546,0.0
432000,4572000,216,305,441165.0,4577505.0,False,3.881211519241333,11.78744888305664,1.6384413242340088,0.3512505292892456,0.7782688140869141,0.11928403377532959,0.19382750988006592,1.2053136825561523,1.6604437828063965,510.1916198730469
660000,4500000,244,1,660045.0,4504665.0,False,1.5250473022460938,4.28346061706543,-0.9428168535232544,-3.8750407695770264,0.7942054271697998,0.11964959651231766,0.2063242793083191,1.1064743995666504,1.6716372966766357,666.558349609375
456000,4488000,211,317,465525.0,4493655.0,True,20.371204376220703,54.2825813293457,62.11198043823242,146.7362060546875,0.06029380112886429,0.11187086999416351,0.18493857979774475,1.2353310585021973,1.6934343576431274,0.0
372000,4224000,395,256,379695.0,4224135.0,False,8.464401245117188,20.60545539855957,-6.227606773376465,-11.559773445129395,-0.5540918111801147,0.15250787138938904,0.07709188759326935,1.0937581062316895,1.5601520538330078,776.9231567382812
444000,4416000,230,78,446355.0,4421085.0,False,2.262343406677246,7.265055179595947,1.9826796054840088,-2.970106363296509,0.5078874230384827,0.18456779420375824,0.09782951325178146,1.0977165699005127,1.5125762224197388,655.66796875
684000,4476000,349,398,695955.0,4477515.0,False,1.1418567895889282,2.7397732734680176,0.3662109375,1.2025282382965088,-0.05699208751320839,0.09833300858736038,0.1751558780670166,1.151686429977417,1.6134861707687378,170.30174255371094
444000,4284000,93,83,446505.0,4293195.0,False,4.194470405578613,12.00684928894043,-3.722913980484009,-9.331868171691895,0.39756447076797485,0.14344842731952667,0.12186010181903839,1.1666008234024048,1.482761263847351,900.333251953125
432000,4584000,144,254,439635.0,4591665.0,False,25.957462310791016,78.5981216430664,-5.6827392578125,-99.42015075683594,0.8811851143836975,0.13202837109565735,0.14465180039405823,1.3389798402786255,1.4930925369262695,0.0
372000,4440000,15,369,383085.0,4451535.0,False,16.754060745239258,43.60172653198242,43.41103744506836,19.490924835205078,0.26752614974975586,0.10473933070898056,0.13633041083812714,1.1614265441894531,1.4634126424789429,0.0
420000,4428000,127,296,428895.0,4436175.0,True,15.035236358642578,40.97527313232422,-21.64809799194336,-50.03578186035156,0.9202375411987305,0.23886820673942566,0.06842458993196487,1.1933742761611938,1.4121767282485962,0.0
360000,4464000,152,319,369585.0,4471425.0,False,20.877944946289062,48.57365036010742,-18.48448371887207,-47.779541015625,0.9250611066818237,0.19140177965164185,0.17429637908935547,1.1199363470077515,1.5138287544250488,0.0
648000,4596000,5,108,651255.0,4607835.0,False,19.815166473388672,46.88115692138672,49.25282287597656,131.57785034179688,0.5662384629249573,0.27865973114967346,0.18910743296146393,1.2865850925445557,1.6365591287612915,886.7357177734375
384000,4476000,383,377,395325.0,4476495.0,True,11.538228988647461,33.3092041015625,-10.82754135131836,-34.65329360961914,-0.8688561320304871,0.19586995244026184,0.004725929815322161,1.2047168016433716,1.262385368347168,0.0
312000,4476000,104,235,319065.0,4484865.0,False,2.5262703895568848,5.776787757873535,-1.506198525428772,-3.654120683670044,0.4610348641872406,0.11107375472784042,0.161821648478508,1.054847002029419,1.654437780380249,150.0
384000,4440000,35,18,384555.0,4450935.0,False,13.764904022216797,37.13193130493164,-34.70803451538086,-55.18275451660156,0.08861479163169861,0.14387473464012146,0.14688989520072937,1.1816152334213257,1.5585044622421265,0.0
696000,4452000,255,35,697065.0,4456335.0,False,2.0189051628112793,5.40333366394043,-0.8538411259651184,1.356106162071228,0.3016817569732666,0.11511564254760742,0.15305417776107788,1.1396156549453735,1.5236655473709106,418.5700988769531
312000,4476000,138,232,318975.0,4483845.0,False,1.6347603797912598,3.5165743827819824,-0.0709906667470932,-1.5360107421875,-0.4292312264442444,0.10595393180847168,0.18945828080177307,1.0332298278808594,1.6458256244659424,792.4015502929688
444000,4452000,268,245,451365.0,4455945.0,True,15.92202091217041,35.82704162597656,13.857232093811035,-18.7906494140625,-0.9054522514343262,0.28413572907447815,0.0746220052242279,1.1372206211090088,1.4753854274749756,250.9842529296875
372000,4464000,195,220,378615.0,4470135.0,False,6.858651161193848,20.19242286682129,-8.071112632751465,-6.617825031280518,-0.8971906304359436,0.13087530434131622,0.14087915420532227,1.0998810529708862,1.5378961563110352,33.548316955566406
372000,4500000,395,48,373455.0,4500135.0,False,11.549886703491211,28.65591049194336,-12.98255729675293,-45.63174057006836,0.9022586345672607,0.1337250918149948,0.15777702629566193,1.294406533241272,1.79365074634552,0.0
384000,4260000,326,345,394365.0,4262205.0,False,5.152630805969238,13.95945930480957,0.7821722626686096,-3.077080726623535,-0.6834275722503662,0.0945030078291893,0.12246253341436386,1.0591225624084473,1.537221074104309,716.03076171875
444000,4440000,100,103,447105.0,4448985.0,False,19.320451736450195,50.15964126586914,8.307861328125,18.02483367919922,-0.27700120210647583,0.13455143570899963,0.19806280732154846,1.188854455947876,1.5562679767608643,0.0
384000,4272000,288,66,385995.0,4275345.0,False,5.174696445465088,13.444091796875,-2.999742269515991,-19.071247100830078,-0.05945122614502907,0.11406873911619186,0.12196084856987,1.088240146636963,1.4720745086669922,424.97247314453125
672000,4464000,167,390,683715.0,4470975.0,False,8.782564163208008,24.60944366455078,-0.4845919907093048,8.5479736328125,0.8035518527030945,0.14169639348983765,0.1715187281370163,1.1791210174560547,1.6508560180664062,336.3070373535156
696000,4452000,241,23,696705.0,4456755.0,False,2.208203077316284,6.134955406188965,1.1158583164215088,0.5349934697151184,0.8949933648109436,0.11511564254760742,0.15305417776107788,1.1396156549453735,1.5236655473709106,277.6685485839844
372000,4248000,245,74,374235.0,4252635.0,False,9.766634941101074,23.35129165649414,-11.639946937561035,-0.5840927958488464,-0.23480679094791412,0.20623059570789337,0.11878711730241776,1.1553300619125366,1.497255563735962,531.9850463867188
444000,4608000,257,181,449445.0,4612275.0,False,24.939584732055664,75.17295837402344,-7.116509437561035,16.500732421875,-0.4949496388435364,0.7779733538627625,-0.2649862766265869,1.9839438199996948,1.2354958057403564,57.6375617980957
408000,4248000,385,225,414765.0,4248435.0,True,16.69002914428711,56.71533203125,51.50816345214844,122.09185028076172,0.02084357477724552,0.2012476772069931,0.0574350543320179,1.2048470973968506,1.4779633283615112,162.25022888183594
660000,4608000,119,178,665355.0,4616415.0,False,12.44395923614502,36.50050354003906,-4.999484539031982,1.4830322265625,0.35255497694015503,0.1842515617609024,0.16577960550785065,1.1856210231781006,1.6856430768966675,255.55592346191406
408000,4428000,260,189,413685.0,4432185.0,False,29.780044555664062,94.30517578125,37.09416961669922,106.18936920166016,-0.6334683895111084,0.11099842190742493,0.1387440711259842,1.0832481384277344,1.4388681650161743,0.0
348000,4428000,389,37,349125.0,4428315.0,False,10.59799861907959,23.84754753112793,-8.83140754699707,-13.88564682006836,0.44879576563835144,0.10992173850536346,-0.0127779645845294,1.2058802843093872,1.2395436763763428,960.0
408000,4248000,324,41,409245.0,4250265.0,True,23.063880920410156,56.07797622680664,13.907782554626465,42.414710998535156,0.09933062642812729,0.15722283720970154,0.17897146940231323,1.2234716415405273,1.8179999589920044,0.0
372000,4476000,110,285,380565.0,4484685.0,False,7.399150848388672,20.70963478088379,-12.33814811706543,-10.442790031433105,-0.6779703497886658,0.1478169560432434,0.12160898745059967,1.1411038637161255,1.4669655561447144,0.0
336000,4452000,34,366,346995.0,4462965.0,False,3.3451411724090576,10.70262336730957,-2.7693684101104736,9.39614486694336,-0.7827893495559692,0.12812142074108124,0.15143762528896332,1.0973007678985596,1.501668095588684,664.5302734375
432000,4392000,13,122,435675.0,4403595.0,False,14.586055755615234,44.59877014160156,-49.06559371948242,-137.11483764648438,-0.3993259370326996,0.2772333025932312,0.09266626834869385,1.3126444816589355,1.5694763660430908,626.6605834960938
372000,4464000,269,131,375945.0,4467915.0,False,6.969540119171143,19.99822235107422,-8.0743408203125,1.1179877519607544,0.414512574672699,0.13836513459682465,0.11936677992343903,1.0943173170089722,1.3935173749923706,0.0
336000,4452000,50,226,342795.0,4462485.0,False,1.4616693258285522,3.895494222640991,-0.116943359375,-4.297566890716553,-0.24867622554302216,0.058559708297252655,0.11313940584659576,1.0922261476516724,1.4388465881347656,248.60394287109375
360000,4464000,41,186,365595.0,4474755.0,False,14.813549041748047,35.06465530395508,-6.917819499969482,-21.23356056213379,-0.9535962343215942,0.1483418196439743,0.16017061471939087,1.1609030961990356,1.5281798839569092,0.0
360000,4464000,358,287,368625.0,4465245.0,False,8.451003074645996,19.42860221862793,-7.8310546875,-4.038302898406982,0.19540248811244965,0.19468870759010315,0.12519824504852295,1.1222132444381714,1.5301965475082397,0.0
636000,4620000,373,55,637665.0,4620795.0,False,4.801682949066162,15.09166145324707,5.255642414093018,19.38107681274414,-0.10540276020765305,0.3679419457912445,0.12295541912317276,1.250922441482544,1.6394240856170654,371.8894348144531
696000,4476000,61,9,696285.0,4486155.0,False,3.2720775604248047,7.912868976593018,-3.2397866249084473,-39.45269012451172,0.7804229855537415,0.09215967357158661,0.1366032361984253,1.0886571407318115,1.491654872894287,3.3333332538604736
372000,4212000,54,268,380055.0,4222365.0,False,1.2521686553955078,3.543592691421509,-4.844780921936035,-32.81160354614258,-0.6543589234352112,0.16575679183006287,0.04687877371907234,1.1080721616744995,1.5359141826629639,553.7146606445312
384000,4248000,16,320,393615.0,4259505.0,True,13.247701644897461,34.3179931640625,-2.186102867126465,0.6591253876686096,-0.8577614426612854,0.1254907101392746,0.14122676849365234,1.231925129890442,1.5792831182479858,0.0
444000,4416000,47,334,454035.0,4426575.0,True,19.77257537841797,57.89740753173828,41.00905990600586,82.0237045288086,0.16440507769584656,0.2504063546657562,0.04919314756989479,1.1389119625091553,1.370421051979065,0.0
636000,4608000,123,151,640545.0,4616295.0,False,30.972402572631836,98.21334838867188,-20.349201202392578,44.59426498413086,0.6139942407608032,0.3871040642261505,0.09435507655143738,1.335053563117981,1.6754214763641357,182.6061248779297
432000,4512000,119,265,439965.0,4520415.0,True,17.74361228942871,53.09223175048828,-50.641883850097656,-102.2739028930664,-0.23494242131710052,0.15849721431732178,0.17403490841388702,1.3315718173980713,1.8373171091079712,0.0
408000,4536000,382,68,410055.0,4536525.0,False,13.632641792297363,41.21516799926758,-37.5186882019043,-32.01605987548828,0.8475842475891113,0.20026341080665588,0.11315630376338959,1.3107588291168213,1.7095577716827393,649.7880249023438
336000,4512000,346,180,341415.0,4513605.0,False,2.5874698162078857,6.7137451171875,-2.296576499938965,-7.078531742095947,-0.9598895907402039,0.09722574800252914,0.14973574876785278,1.1962558031082153,1.5872135162353516,842.49658203125
396000,4488000,135,115,399465.0,4495935.0,False,8.840807914733887,23.51197624206543,-15.304971694946289,-23.212646484375,-0.7875497341156006,0.14893582463264465,0.1639733463525772,1.3794748783111572,1.845208764076233,120.0
444000,4584000,241,149,448485.0,4588755.0,False,5.229636192321777,14.876545906066895,8.95838737487793,0.2096761018037796,0.5496534109115601,0.16763001680374146,0.2016608715057373,1.3737510442733765,1.8738800287246704,536.5945434570312
360000,4464000,126,317,369525.0,4472205.0,False,10.219968795776367,28.19280242919922,-13.153130531311035,2.037245035171509,-0.6450300216674805,0.32029494643211365,0.1298394501209259,1.2064533233642578,1.5397288799285889,0.0
336000,4476000,197,181,341445.0,4482075.0,False,14.275718688964844,40.65876007080078,-12.522501945495605,24.51943588256836,0.6744478344917297,0.07952486723661423,0.04239247739315033,1.1406408548355103,1.264448642730713,0.0
336000,4464000,321,247,343425.0,4466355.0,False,3.95658016204834,9.79163932800293,-9.8182373046875,-9.83509635925293,0.8686544895172119,0.03608005493879318,0.04146039858460426,1.1165846586227417,1.2139301300048828,0.0
432000,4584000,200,189,437685.0,4589985.0,False,27.39352798461914,83.57707977294922,6.21849250793457,34.76121520996094,0.5273132920265198,0.21142952144145966,0.12394271045923233,1.371211051940918,1.5362308025360107,0.0
372000,4488000,181,84,374535.0,4494555.0,False,2.580643892288208,6.396945476531982,-0.9798041582107544,-12.569241523742676,0.07234556972980499,0.10998846590518951,0.13560877740383148,1.1731382608413696,1.5254379510879517,377.5091247558594
684000,4476000,337,357,694725.0,4477875.0,False,1.0794707536697388,3.813530683517456,-0.8307427167892456,-0.200439453125,0.8850645422935486,0.08977656066417694,0.17437542974948883,1.154382348060608,1.5950448513031006,212.60696411132812
456000,4488000,95,79,458385.0,4497135.0,False,11.976181983947754,33.46344757080078,-6.473415851593018,-16.80940818786621,-0.8872486352920532,0.15288420021533966,0.19502969086170197,1.2083463668823242,1.6832400560379028,912.7432861328125
444000,4416000,60,174,449235.0,4426185.0,False,13.450919151306152,33.40864944458008,-9.35134506225586,-11.71754264831543,0.2530604302883148,0.14555351436138153,0.17196232080459595,1.1485627889633179,1.5688371658325195,0.0
360000,4452000,356,175,365265.0,4453305.0,False,8.866072654724121,25.6539306640625,0.348876953125,28.43128776550293,0.7931402921676636,0.11788354068994522,0.14312021434307098,1.0894020795822144,1.4156074523925781,0.0
456000,4428000,327,41,457245.0,4430175.0,False,7.561017990112305,24.645263671875,-20.688720703125,-35.44230270385742,-0.3341047465801239,0.21679112315177917,0.11392833292484283,1.1907051801681519,1.5209044218063354,382.3612365722656
444000,4416000,101,13,444405.0,4424955.0,False,2.9008870124816895,7.182563304901123,-2.137342691421509,1.1857502460479736,-0.8978140950202942,0.15810009837150574,0.10758781433105469,1.0836129188537598,1.4816248416900635,80.82179260253906
360000,4464000,303,181,365445.0,4466895.0,False,9.065804481506348,29.63080596923828,5.194769859313965,-2.810682535171509,0.39291879534721375,0.12070676684379578,0.12174732983112335,1.101418137550354,1.5799953937530518,620.7105102539062
444000,4440000,54,28,444855.0,4450365.0,False,3.794553279876709,10.97592544555664,-0.3459065556526184,-5.23829460144043,0.7907857298851013,0.12501820921897888,0.1563277244567871,1.1086997985839844,1.5141770839691162,750.2001342773438
456000,4380000,344,150,460515.0,4381665.0,False,6.4494829177856445,18.05953025817871,2.825819253921509,-4.30712890625,0.7429782748222351,0.16724421083927155,0.14824236929416656,1.121688961982727,1.6614352464675903,816.2581176757812
420000,4500000,43,78,422355.0,4510695.0,False,7.480246543884277,34.54782485961914,-25.82170867919922,-59.75811004638672,-0.0226442813873291,0.25285738706588745,0.13800640404224396,1.3775405883789062,1.7254661321640015,0.0
684000,4476000,294,346,694395.0,4479165.0,False,8.913732528686523,30.07207489013672,-4.293633460998535,-1.1776123046875,0.789803147315979,0.07210150361061096,0.16878899931907654,1.1727278232574463,1.5507941246032715,45.144012451171875
444000,4524000,390,43,445305.0,4524285.0,False,28.496986389160156,86.20423889160156,-27.89775848388672,-27.94593620300293,0.793618381023407,0.3099735975265503,0.1031889021396637,1.36714768409729,1.684056282043457,984.3779907226562
432000,4392000,25,28,432855.0,4403235.0,False,6.892992973327637,17.44171905517578,-10.45811653137207,-40.29531478881836,-0.6700170636177063,0.16114135086536407,0.1501990407705307,1.1459071636199951,1.6259088516235352,0.0
432000,4512000,62,185,437565.0,4522125.0,False,3.12115478515625,8.24366569519043,-0.1644694060087204,-1.7222900390625,0.291708767414093,0.19056151807308197,0.22950345277786255,1.545206069946289,2.3196897506713867,780.9613037109375
420000,4392000,379,314,429435.0,4392615.0,False,25.063270568847656,68.90757751464844,16.24598503112793,67.91194152832031,-0.41464799642562866,0.24487099051475525,0.10964200645685196,1.2314462661743164,1.6079195737838745,178.46385192871094
444000,4452000,389,232,450975.0,4452315.0,False,19.79361343383789,55.62791442871094,-34.77760314941406,-32.37452697753906,0.9077292084693909,0.12262583523988724,0.09014810621738434,1.1976728439331055,1.4815740585327148,424.7353210449219
396000,4404000,380,121,399645.0,4404585.0,False,13.785693168640137,34.73811721801758,36.22330856323242,67.58074188232422,0.15581540763378143,0.17079459130764008,0.05990368872880936,1.1656845808029175,1.4054168462753296,716.03076171875
432000,4464000,187,258,439755.0,4470375.0,False,2.664651393890381,8.12769889831543,1.8532578945159912,-2.811455726623535,-0.3584860861301422,0.1335989534854889,0.17604096233844757,1.0922091007232666,1.5291908979415894,964.0587158203125
720000,4560000,5,49,721485.0,4571835.0,False,32.54573440551758,91.28022003173828,9.758219718933105,42.89203643798828,0.9732732176780701,0.1899987757205963,0.23865850269794464,1.1538769006729126,2.099834680557251,0.0
600000,4596000,103,334,610035.0,4604895.0,False,8.377694129943848,25.53743553161621,-3.8264431953430176,-4.956515789031982,0.9475774168968201,0.36292532086372375,0.12756063044071198,1.3268555402755737,1.6240055561065674,14.714045524597168
420000,4536000,189,84,422535.0,4542315.0,False,8.323312759399414,24.71651268005371,14.6202392578125,12.585205078125,-0.24633491039276123,0.10926888138055801,0.19875651597976685,1.2775509357452393,1.79157555103302,0.0
444000,4284000,29,199,449985.0,4295115.0,False,16.926250457763672,47.94145965576172,-15.196099281311035,-4.87657356262207,0.4064902663230896,0.27785879373550415,0.03626958280801773,1.1795989274978638,1.5902454853057861,975.909912109375
348000,4440000,211,30,348915.0,4445655.0,False,6.802008628845215,21.76345443725586,-13.120659828186035,-13.578328132629395,-0.24295252561569214,0.15419109165668488,0.15019412338733673,1.1145566701889038,1.6364052295684814,0.0
444000,4440000,276,130,447915.0,4443705.0,False,4.607646465301514,10.80971908569336,-3.171875,-27.11014747619629,0.017992841079831123,0.13771913945674896,0.17023102939128876,1.169051170349121,1.6035192012786865,277.6748352050781
360000,4500000,96,317,369525.0,4509105.0,False,4.21929407119751,11.5113525390625,-7.295613765716553,-32.46384048461914,-0.925605833530426,0.13624310493469238,0.18298961222171783,1.253096342086792,1.5996865034103394,136.40283203125
408000,4500000,350,91,410745.0,4501485.0,True,9.637432098388672,27.50809669494629,-3.788452386856079,21.43645477294922,0.5951198935508728,0.14889311790466309,0.18774186074733734,1.4042471647262573,2.0755741596221924,0.0
720000,4560000,191,109,723285.0,4566255.0,False,22.7125301361084,65.54058074951172,0.2872043251991272,-29.15455436706543,0.43936535716056824,0.3411942720413208,0.0631360113620758,1.2059589624404907,1.578410029411316,107.31619262695312
384000,4452000,102,145,388365.0,4460925.0,False,4.647254467010498,17.23072624206543,-19.52389907836914,-28.84322166442871,-0.6333831548690796,0.12861211597919464,0.1757025569677353,1.1313433647155762,1.5600676536560059,0.0
696000,4500000,79,271,704145.0,4509615.0,False,6.925747871398926,19.00919532775879,-13.706515312194824,-37.59689712524414,0.762577474117279,0.16398698091506958,0.18211033940315247,1.1656421422958374,1.5659794807434082,0.0
372000,4500000,188,102,375075.0,4506345.0,False,12.385581970214844,32.45632553100586,4.568386554718018,28.37162208557129,-0.04944688454270363,0.0693284347653389,0.12983156740665436,1.193105697631836,1.4488499164581299,0.0
432000,4548000,250,169,437085.0,4552485.0,False,3.775103807449341,10.796847343444824,-4.698554039001465,-24.28058624267578,0.5791060924530029,0.143156036734581,0.21188771724700928,1.2548352479934692,1.7694510221481323,0.0
420000,4500000,45,348,430455.0,4510635.0,False,4.780600547790527,12.3182373046875,0.9188096523284912,-3.2536349296569824,-0.25496578216552734,0.16671934723854065,0.18919353187084198,1.4975371360778809,2.0428128242492676,618.223388671875
444000,4596000,35,210,450315.0,4606935.0,False,10.846576690673828,28.64583396911621,-37.62144470214844,-113.68006896972656,-0.1913430094718933,0.4592508375644684,0.05085218697786331,1.5070712566375732,1.6016862392425537,604.2352905273438
396000,4488000,322,89,398685.0,4490325.0,True,22.650707244873047,68.16433715820312,-44.07850646972656,12.679415702819824,-0.4463326632976532,0.14893582463264465,0.1639733463525772,1.3794748783111572,1.845208764076233,243.10723876953125
300000,4428000,171,153,304605.0,4434855.0,False,11.071560859680176,27.48577117919922,-13.49135971069336,-17.00606346130371,-0.15096233785152435,0.09501948207616806,0.07585916668176651,1.119907021522522,1.3714433908462524,0.0
324000,4476000,29,317,333525.0,4487115.0,False,21.505517959594727,61.22147750854492,-24.33722496032715,-12.80654525756836,-0.5763338804244995,0.19820144772529602,0.14433827996253967,1.1972068548202515,1.613616943359375,0.0
408000,4452000,161,65,409965.0,4459155.0,False,2.999861001968384,8.534586906433105,-1.370361328125,-8.67979621887207,0.572480320930481,0.11855153739452362,0.14708878099918365,1.120402455329895,1.5183771848678589,870.0
396000,4392000,114,58,397755.0,4400565.0,False,24.916549682617188,75.1890869140625,13.69959831237793,69.68416595458984,0.45631566643714905,0.09528908133506775,0.09729722887277603,1.1006762981414795,1.4328124523162842,0.0
360000,4500000,211,290,368715.0,4505655.0,False,16.299421310424805,40.097900390625,-8.467583656311035,-36.92060089111328,-0.9531303644180298,0.2297840118408203,0.0771448016166687,1.2704596519470215,1.523184895515442,0.0
648000,4596000,16,295,656865.0,4607505.0,False,8.33957576751709,22.08269500732422,-8.17906379699707,-58.22368621826172,0.843639075756073,0.2499212622642517,0.15882816910743713,1.2423226833343506,1.670076847076416,810.0
408000,4248000,393,124,411735.0,4248195.0,True,28.133522033691406,86.95272064208984,-5.109429359436035,5.367105960845947,0.5564020872116089,0.21208637952804565,0.17515404522418976,1.3352508544921875,1.7615406513214111,0.0
636000,4608000,290,62,637875.0,4611285.0,False,21.116558074951172,57.14697265625,-37.5802116394043,-41.46172332763672,-0.8494200110435486,0.6502038240432739,-0.08986426889896393,1.6315464973449707,1.5909470319747925,213.07374572753906
384000,4356000,76,111,387345.0,4365705.0,False,11.8307466506958,25.08527183532715,4.813693523406982,-4.63963508605957,0.8913938999176025,0.06614231318235397,0.06768239289522171,1.1735355854034424,1.331386685371399,0.0
432000,4560000,308,280,440415.0,4562745.0,False,19.609914779663086,54.22677993774414,2.524522542953491,1.517062783241272,-0.665235161781311,0.1702418029308319,0.17600752413272858,1.292940616607666,1.8140666484832764,0.0
432000,4596000,235,255,439665.0,4600935.0,False,15.652520179748535,51.15480041503906,-41.06035614013672,-49.37642288208008,0.5673427581787109,0.21769985556602478,0.16238589584827423,1.3785542249679565,1.634884238243103,0.0
360000,4500000,37,374,371235.0,4510875.0,False,3.101956844329834,8.44972038269043,1.889431357383728,-7.248128414154053,-0.5945918560028076,0.11274219304323196,0.17416375875473022,1.188861608505249,1.5466866493225098,597.332275390625
444000,4416000,178,57,445725.0,4422645.0,False,8.723454475402832,21.16811752319336,-6.384548664093018,-13.627495765686035,0.21836437284946442,0.173110231757164,0.10190346837043762,1.0858861207962036,1.505103349685669,0.0
444000,4428000,188,256,451695.0,4434345.0,True,15.396383285522461,41.56241989135742,-0.3159857988357544,-18.621826171875,-0.12447207421064377,0.13618983328342438,0.15119832754135132,1.146181583404541,1.501154899597168,0.0
360000,4440000,321,199,365985.0,4442355.0,False,13.265801429748535,34.09517288208008,-2.792371988296509,5.8014726638793945,0.7905897498130798,0.08861185610294342,0.05300329998135567,1.107741355895996,1.3544001579284668,0.0
372000,4284000,353,86,374595.0,4285395.0,True,4.233641624450684,11.68836784362793,-2.7736003398895264,-8.653238296508789,-0.8387166857719421,0.11211036145687103,0.14673584699630737,1.0970923900604248,1.4661718606948853,169.13421630859375
324000,4464000,174,376,335295.0,4470765.0,False,17.871585845947266,44.68378448486328,8.59157943725586,7.608290195465088,-0.28052064776420593,0.06505480408668518,0.061763305217027664,1.1368374824523926,1.3233895301818848,0.0
444000,4452000,355,141,448245.0,4453335.0,False,19.25568962097168,45.49272918701172,-14.95201301574707,-45.64119338989258,-0.9472146034240723,0.2004450559616089,0.15263649821281433,1.2110179662704468,1.4846439361572266,541.3880615234375
696000,4488000,246,57,697725.0,4492605.0,False,4.591752052307129,14.366265296936035,-7.206136226654053,-36.0864372253418,0.8133423924446106,0.21645860373973846,0.19354386627674103,1.2558497190475464,1.575310468673706,0.0
444000,4608000,361,126,447795.0,4609155.0,False,5.7463579177856445,17.572998046875,23.71324348449707,107.86089324951172,-0.7440510988235474,0.14033149182796478,0.11765754967927933,1.2940800189971924,1.3985333442687988,0.0
636000,4596000,150,8,636255.0,4603485.0,False,7.714033603668213,20.30961036682129,-4.83863639831543,2.9209256172180176,0.532005786895752,0.35622984170913696,0.14607280492782593,1.2923015356063843,1.5314433574676514,499.9001159667969
408000,4536000,346,126,411795.0,4537605.0,False,13.599360466003418,33.23963928222656,7.69810676574707,15.403374671936035,-0.8131313323974609,0.16481666266918182,0.19803987443447113,1.2709746360778809,1.6803653240203857,0.0
432000,4560000,329,33,433005.0,4562115.0,False,4.140163421630859,10.404229164123535,2.7051594257354736,-15.088921546936035,0.1889679729938507,0.1646256297826767,0.19637730717658997,1.3150742053985596,1.8272759914398193,269.07586669921875
360000,4512000,135,122,363675.0,4519935.0,False,2.073997974395752,5.91465950012207,-7.778130531311035,-26.92799186706543,-0.7652827501296997,0.1126999631524086,0.17015881836414337,1.1730362176895142,1.6081613302230835,110.91919708251953
420000,4296000,189,81,422445.0,4302315.0,True,30.14429473876953,90.5771255493164,-37.4339599609375,-31.362751007080078,-0.38849639892578125,0.006072565447539091,0.05766627565026283,1.3738080263137817,1.3353779315948486,96.20514678955078
372000,4428000,171,335,382065.0,4434855.0,False,18.164350509643555,41.36823272705078,14.830770492553711,9.18419075012207,0.34370484948158264,0.05477976053953171,0.018024584278464317,1.1975380182266235,1.2423784732818604,0.0
420000,4548000,40,394,431835.0,4558785.0,False,5.39878511428833,15.470947265625,-6.419460773468018,-15.374823570251465,0.734839141368866,0.1830228567123413,0.1798289269208908,1.3180427551269531,1.9309288263320923,480.0
384000,4248000,124,149,388485.0,4256265.0,True,7.3364105224609375,20.35866928100586,2.0678439140319824,12.992730140686035,0.12188391387462616,0.11763174831867218,0.15644830465316772,1.162924885749817,1.6024668216705322,0.0
384000,4512000,254,84,386535.0,4516365.0,False,2.832390546798706,7.737481117248535,-0.2793104350566864,-1.8147921562194824,0.5567492842674255,0.08062959462404251,0.1345324069261551,1.1304621696472168,1.5280225276947021,678.9699096679688
444000,4608000,364,119,447585.0,4609065.0,False,14.306218147277832,40.97135543823242,22.40817642211914,70.06803894042969,-0.7507361769676208,0.20344306528568268,0.12721562385559082,1.3800315856933594,1.6189121007919312,0.0
432000,4584000,390,305,441165.0,4584285.0,False,24.016401290893555,75.34768676757812,15.802055358886719,96.89434051513672,0.7392523884773254,0.21962103247642517,0.1588742882013321,1.3163639307022095,1.569455623626709,0.0
360000,4440000,331,161,364845.0,4442055.0,False,12.210203170776367,26.48200225830078,9.81222915649414,29.85845184326172,0.5514487624168396,0.0836830735206604,0.06647248566150665,1.136261224746704,1.3597018718719482,0.0
432000,4260000,359,375,443265.0,4261215.0,True,9.365354537963867,20.31689453125,6.189425945281982,3.024359941482544,-0.34860220551490784,0.11923160403966904,0.17203360795974731,1.145060420036316,1.6007357835769653,0.0
384000,4392000,354,235,391065.0,4393365.0,False,28.494016647338867,79.99700164794922,-16.12788963317871,1.4939780235290527,-0.32110312581062317,0.1185138002038002,0.11776214092969894,1.1897246837615967,1.4597569704055786,0.0
348000,4428000,263,163,352905.0,4432095.0,False,16.02655029296875,42.9098014831543,8.96084213256836,47.51322555541992,-0.6291429996490479,0.12694931030273438,0.0008081885753199458,1.2157115936279297,1.3173805475234985,0.0
408000,4248000,261,358,418755.0,4252155.0,True,24.558536529541016,61.80550003051758,10.672688484191895,52.24462890625,-0.16363944113254547,0.21527986228466034,0.059597134590148926,1.207120418548584,1.390293002128601,0.0
408000,4248000,41,306,417195.0,4258755.0,True,14.59677505493164,39.91498565673828,21.24003028869629,25.17034149169922,0.049681443721055984,0.10492955148220062,0.1290195882320404,1.116491675376892,1.5408374071121216,0.0
372000,4248000,133,158,376755.0,4255995.0,True,3.1846866607666016,8.818060874938965,0.068006731569767,-2.798936605453491,-0.9211605787277222,0.07815419137477875,0.14180538058280945,1.087135910987854,1.560807466506958,259.23004150390625
396000,4440000,40,160,400815.0,4450785.0,True,10.63841438293457,27.548583984375,24.05045509338379,34.02723693847656,0.6699132323265076,0.11782076954841614,0.1301441341638565,1.1164731979370117,1.462311029434204,0.0
432000,4548000,143,23,432705.0,4555695.0,False,6.5518107414245605,16.57016372680664,-2.4468181133270264,-15.86121940612793,-0.6537832021713257,0.14994387328624725,0.19400258362293243,1.3004496097564697,1.8332055807113647,484.35552978515625
300000,4428000,127,372,311175.0,4436175.0,False,7.673754692077637,21.13741111755371,11.32200813293457,6.437839031219482,-0.8720477223396301,0.12472604215145111,0.18533138930797577,1.1594468355178833,1.6798439025878906,872.410400390625
660000,4608000,233,367,671025.0,4612995.0,False,5.779858112335205,13.12782096862793,-3.3566079139709473,24.82763671875,0.7458480596542358,0.19563446938991547,0.22447559237480164,1.2611991167068481,1.8081083297729492,759.27783203125
696000,4500000,51,267,704025.0,4510455.0,False,10.537936210632324,26.14899444580078,-11.90969467163086,-3.790825605392456,-0.9898790121078491,0.15578043460845947,0.20559629797935486,1.2373040914535522,1.765371561050415,451.665283203125
396000,4476000,334,96,398895.0,4477965.0,True,31.19472312927246,94.45106506347656,-15.581841468811035,12.19569206237793,0.6518024802207947,0.16122913360595703,0.15272307395935059,1.203228235244751,1.5502554178237915,149.43650817871094
384000,4248000,331,328,393855.0,4250055.0,False,9.957013130187988,28.75759506225586,16.05319595336914,28.45057487487793,0.32336097955703735,0.10060323029756546,0.1746247559785843,1.2782306671142578,1.6618932485580444,818.5955810546875
444000,4596000,267,195,449865.0,4599975.0,False,4.994284152984619,13.403157234191895,1.9890815019607544,-7.745537757873535,0.553881049156189,0.16757380962371826,0.20995435118675232,1.2902308702468872,1.692239761352539,238.97146606445312
324000,4476000,40,276,332295.0,4486785.0,False,31.746156692504883,98.778564453125,11.978271484375,109.79623413085938,-0.44439178705215454,0.16691407561302185,0.05184127762913704,1.2001399993896484,1.3262519836425781,0.0
444000,4404000,13,377,455325.0,4415595.0,True,21.2749080657959,50.5368537902832,14.30272102355957,46.07212829589844,-0.9832445383071899,0.17903150618076324,0.12755343317985535,1.1724843978881836,1.4259005784988403,0.0
432000,4536000,274,100,435015.0,4539765.0,False,24.773765563964844,64.31015014648438,17.16246223449707,107.03446197509766,0.91964191198349,0.1442851722240448,0.21386824548244476,1.442499041557312,2.1323792934417725,0.0
396000,4356000,168,198,401955.0,4362945.0,False,6.536369800567627,16.224853515625,1.1189643144607544,1.7268202304840088,-0.8909059166908264,0.10170105844736099,0.12971138954162598,1.0853562355041504,1.5708231925964355,202.2455596923828
480000,4452000,98,83,482505.0,4461045.0,False,3.9950733184814453,10.071722984313965,-2.8943686485290527,-26.23805046081543,-0.18838463723659515,0.1742335706949234,0.14204344153404236,1.1086111068725586,1.526847004890442,26.881650924682617
432000,4584000,276,398,443955.0,4587705.0,False,24.153339385986328,63.06936264038086,50.25466537475586,130.3097686767578,-0.13762283325195312,0.39850911498069763,0.0948718935251236,1.4799882173538208,1.558829426765442,349.83935546875
732000,4620000,1,394,743835.0,4631955.0,False,6.124166488647461,18.13872528076172,3.0798068046569824,-15.60801887512207,-0.5259448289871216,0.20660164952278137,0.20642754435539246,1.2168594598770142,1.622597098350525,960.7811279296875
384000,4248000,51,159,388785.0,4258455.0,True,16.267436981201172,39.28605270385742,9.07261848449707,38.80474090576172,-0.6542972326278687,0.10969085991382599,0.10873368382453918,1.1193220615386963,1.4620072841644287,0.0
444000,4596000,83,85,446565.0,4605495.0,False,25.898286819458008,69.47284698486328,-12.959906578063965,-24.27457618713379,-0.2450096309185028,0.7193776965141296,-0.21515241265296936,1.9691985845565796,1.4097694158554077,73.20438385009766
408000,4248000,215,191,413745.0,4253535.0,True,6.32030725479126,17.54561424255371,-7.5716552734375,-18.38863182067871,-0.25608405470848083,0.11401624232530594,0.08696888387203217,1.1119893789291382,1.5009167194366455,0.0
396000,4512000,387,35,397065.0,4512375.0,False,8.82430648803711,19.22459602355957,-7.945041179656982,-6.337388515472412,0.016071191057562828,0.15053001046180725,0.17682191729545593,1.3153808116912842,1.854720950126648,395.3502502441406
384000,4512000,152,150,388515.0,4519425.0,False,6.57656717300415,22.23117446899414,11.44322395324707,46.66335678100586,0.11778387427330017,0.09478076547384262,0.11512675881385803,1.2063477039337158,1.5137443542480469,0.0
372000,4476000,300,220,378615.0,4478985.0,False,1.3058463335037231,4.448513507843018,1.159912109375,-2.632948160171509,-0.4882770776748657,0.18585090339183807,0.10445306450128555,1.0459035634994507,1.4725905656814575,541.38720703125
384000,4392000,352,296,392895.0,4393425.0,False,24.739030838012695,71.70736694335938,29.49371910095215,-26.71272850036621,0.8048408031463623,0.13097386062145233,0.09551917016506195,1.1982831954956055,1.5010297298431396,0.0
432000,4260000,352,80,434415.0,4261425.0,False,10.419512748718262,23.91232681274414,-2.3124051094055176,-8.043864250183105,0.1727229356765747,0.09870215505361557,0.08579765260219574,1.2001720666885376,1.5361347198486328,742.6306762695312
408000,4512000,161,345,418365.0,4519155.0,False,3.2805144786834717,9.15818977355957,2.2656521797180176,-4.826212406158447,-0.20144549012184143,0.16824206709861755,0.2067442536354065,1.421113133430481,2.1564419269561768,252.19876098632812
732000,4608000,346,247,739425.0,4609605.0,False,6.598012924194336,18.90172004699707,-8.584146499633789,-28.27364158630371,0.8294432759284973,0.18654869496822357,0.15286923944950104,1.1479214429855347,1.5108143091201782,71.03677368164062
384000,4440000,210,100,387015.0,4445685.0,False,11.911225318908691,26.90696907043457,-9.75731086730957,-39.03181838989258,-0.5211154818534851,0.13271768391132355,0.1589891016483307,1.127541184425354,1.5884103775024414,175.3304443359375
684000,4464000,316,286,692595.0,4466505.0,False,0.983425498008728,2.5658230781555176,-0.6725124716758728,-4.453057289123535,-0.6733559966087341,0.08977103233337402,0.15511533617973328,1.1219884157180786,1.4724910259246826,151.01629638671875
732000,4644000,81,129,735885.0,4653555.0,False,9.475536346435547,20.08695411682129,-3.343153238296509,4.370795249938965,-0.2602730095386505,0.328125,0.17567215859889984,1.2474619150161743,1.6286755800247192,480.3130187988281
420000,4392000,184,299,428985.0,4398465.0,False,8.836939811706543,21.19280242919922,-11.22081184387207,-17.02608299255371,0.5804800987243652,0.18104994297027588,0.08556868135929108,1.2185920476913452,1.4582339525222778,674.6112670898438
348000,4440000,85,353,358605.0,4449435.0,False,5.971645355224609,15.04969596862793,1.9072401523590088,2.5992023944854736,0.9939001202583313,0.10846389830112457,0.1348920464515686,1.1007120609283447,1.4632008075714111,730.95849609375
372000,4272000,178,299,380985.0,4278645.0,True,4.172495365142822,11.21388053894043,0.6458604335784912,-7.785061359405518,-0.3142169415950775,0.12220662087202072,0.14176759123802185,1.069907784461975,1.4988775253295898,98.09188842773438
420000,4428000,146,336,430095.0,4435605.0,False,27.8693904876709,84.93363189697266,10.485175132751465,61.72261428833008,0.6354137659072876,0.16744142770767212,0.13742659986019135,1.2129687070846558,1.543803334236145,424.97247314453125
456000,4488000,343,325,465765.0,4489695.0,True,7.61991548538208,22.40886878967285,-1.985568642616272,-3.830078125,0.51945561170578,0.15843059122562408,0.18559466302394867,1.2219362258911133,1.644771695137024,11.380711555480957
408000,4224000,368,16,408495.0,4224945.0,False,2.5924131870269775,7.25343132019043,-0.5523952841758728,-2.866956949234009,-0.8812814354896545,0.13574640452861786,0.11524760723114014,1.1357766389846802,1.6142879724502563,957.0266723632812
396000,4512000,175,1,396045.0,4518735.0,False,18.12190818786621,46.43036651611328,1.2389187812805176,-27.35624122619629,0.7123992443084717,0.15053001046180725,0.17682191729545593,1.3153808116912842,1.854720950126648,0.0
408000,4260000,345,264,415935.0,4261635.0,True,17.77077865600586,44.83042907714844,-12.672526359558105,-28.06773567199707,-0.9342724680900574,0.19371099770069122,0.10603229701519012,1.1410459280014038,1.5609090328216553,188.7163543701172
408000,4536000,121,223,414705.0,4544355.0,False,1.2269651889801025,3.653700113296509,-1.2500813007354736,-11.44862174987793,-0.7844960689544678,0.1346871256828308,0.1929543912410736,1.2844635248184204,1.863972783088684,108.09188842773438
432000,4476000,99,303,441105.0,4485015.0,False,4.140147686004639,9.862359046936035,-3.7903237342834473,-24.84455108642578,-0.2078143060207367,0.1683630496263504,0.1838683933019638,1.1760149002075195,1.660982608795166,792.9691772460938
360000,4464000,188,94,362835.0,4470345.0,False,12.30639934539795,31.91994857788086,-8.082695960998535,-9.68956184387207,0.5864677429199219,0.10798048228025436,0.12002783268690109,1.1741575002670288,1.4718085527420044,0.0
732000,4644000,173,269,740085.0,4650795.0,False,9.263273239135742,21.74744987487793,6.955010414123535,-2.1670734882354736,0.6377173662185669,0.21326184272766113,0.15202364325523376,1.2275654077529907,1.3939999341964722,336.30474853515625
468000,4452000,40,377,479325.0,4462785.0,False,4.123597621917725,12.329033851623535,-8.0494384765625,-45.59113311767578,0.8257551789283752,0.165129616856575,0.13277940452098846,1.1252137422561646,1.5366851091384888,0.0
336000,4500000,393,28,336855.0,4500195.0,False,8.802905082702637,21.70038604736328,-0.9707167148590088,0.0518120713531971,0.791398286819458,0.08392971754074097,0.1365533471107483,1.2075594663619995,1.6250325441360474,741.3501586914062
432000,4380000,108,172,437175.0,4388745.0,False,2.345582962036133,6.31702995300293,-5.172892093658447,-32.25529098510742,0.6992736458778381,0.15167200565338135,0.135986328125,1.1319501399993896,1.5829280614852905,832.8290405273438
708000,4464000,388,92,710775.0,4464345.0,False,4.986595153808594,17.904296875,-11.08287239074707,-14.448296546936035,0.43391335010528564,0.35606104135513306,0.039199098944664,1.2937270402908325,1.5385712385177612,618.9512329101562
684000,4464000,334,238,691155.0,4465965.0,False,0.8274515271186829,1.9644368886947632,-0.794813334941864,1.0326063632965088,0.160519078373909,0.09301378577947617,0.16652421653270721,1.1347841024398804,1.6020010709762573,900.8331909179688
396000,4512000,273,209,402285.0,4515795.0,False,13.419371604919434,29.86043357849121,26.87661361694336,73.02079010009766,-0.1818845570087433,0.16378796100616455,0.14974403381347656,1.2429161071777344,1.7745311260223389,0.0
420000,4248000,104,32,420975.0,4256865.0,False,2.885221242904663,7.741278648376465,0.277275949716568,-7.953070640563965,-0.4571513235569,0.1262023150920868,0.10035942494869232,1.0776464939117432,1.5120903253555298,759.9345092773438
396000,4260000,287,316,405495.0,4263375.0,True,15.8329496383667,42.31400680541992,-13.070271492004395,16.05901336669922,0.5993080735206604,0.10690131038427353,0.05578029528260231,1.123374104499817,1.327781081199646,0.0
348000,4440000,141,381,359445.0,4447755.0,False,11.322696685791016,25.21378517150879,10.28256607055664,7.386759281158447,-0.28230834007263184,0.09485475718975067,0.11197172105312347,1.0799115896224976,1.4868927001953125,367.0151672363281
420000,4512000,95,197,425925.0,4521135.0,False,19.89138412475586,46.26551818847656,-5.082302570343018,-14.518486976623535,-0.15165863931179047,0.16115328669548035,0.1382262408733368,1.3354986906051636,1.73636794090271,0.0
444000,4608000,315,330,453915.0,4610535.0,False,22.74089241027832,68.345947265625,31.22810935974121,81.69989776611328,0.7551303505897522,0.20826131105422974,0.1649184376001358,1.3707166910171509,1.7211956977844238,60.0
408000,4248000,310,165,412965.0,4250685.0,True,10.34239387512207,27.87444305419922,-29.95863151550293,-1.638576865196228,-0.5071097612380981,0.15868327021598816,0.12771004438400269,1.111950397491455,1.6832643747329712,0.0
396000,4260000,323,237,403125.0,4262295.0,True,5.623179912567139,16.15869140625,2.051771402359009,-14.30882453918457,0.5264210104942322,0.08766678720712662,0.12058834731578827,1.1129398345947266,1.4963195323944092,0.0
396000,4500000,45,4,396135.0,4510635.0,False,19.235763549804688,54.5289306640625,34.8312873840332,93.63289642333984,0.5505374670028687,0.13847500085830688,0.17065221071243286,1.2354933023452759,1.734009027481079,0.0
336000,4452000,44,177,341325.0,4462665.0,False,0.442236065864563,1.2375081777572632,-0.9373372197151184,-1.4661729335784912,0.4798950254917145,0.07350298762321472,0.11636269837617874,1.0737665891647339,1.5373455286026,3.3333332538604736
684000,4572000,89,293,692805.0,4581315.0,False,4.3238677978515625,11.357733726501465,-13.01060676574707,-27.56142807006836,-0.26637887954711914,0.1510895937681198,0.18225803971290588,1.1341006755828857,1.447099208831787,10.0
432000,4392000,218,36,433095.0,4397445.0,False,6.749844551086426,21.92082977294922,-35.89241409301758,-104.59590911865234,-0.8083245158195496,0.34285226464271545,0.0853043645620346,1.342482089996338,1.4371230602264404,0.0
372000,4488000,106,115,375465.0,4496805.0,False,10.950597763061523,29.701496124267578,-1.39306640625,27.80447006225586,0.48815250396728516,0.09890251606702805,0.06666266173124313,1.1433616876602173,1.3457363843917847,0.0
396000,4212000,42,177,401325.0,4222725.0,False,3.261892557144165,9.231201171875,-0.2718505859375,-9.38723373413086,0.04444942995905876,0.09191679954528809,0.18612702190876007,1.1199955940246582,1.6716022491455078,33.548316955566406
660000,4608000,177,209,666285.0,4614675.0,False,10.524497985839844,33.02845764160156,1.0268962383270264,5.123074054718018,-0.47233861684799194,0.2182442992925644,0.20798403024673462,1.1930711269378662,1.7398515939712524,0.0
396000,4392000,376,30,396915.0,4392705.0,False,23.16656494140625,59.51174545288086,-43.34308624267578,-68.05559539794922,-0.6888383030891418,0.09528908133506775,0.09729722887277603,1.1006762981414795,1.4328124523162842,0.0
384000,4464000,108,351,394545.0,4472745.0,True,12.255057334899902,32.02232360839844,6.224907875061035,27.448974609375,0.3319501280784607,0.18541765213012695,0.16619817912578583,1.1848143339157104,1.6286377906799316,154.955810546875
660000,4452000,202,69,662085.0,4457925.0,False,15.707138061523438,40.00835418701172,0.937147319316864,25.06645965576172,0.2423170655965805,0.13615204393863678,0.20269186794757843,1.1800408363342285,1.6698036193847656,0.0
432000,4584000,381,337,442125.0,4584555.0,False,19.534711837768555,51.25822067260742,64.4529037475586,110.80967712402344,0.32016652822494507,0.31147316098213196,0.18203912675380707,1.4118674993515015,1.6645488739013672,210.73963928222656
384000,4356000,84,208,390255.0,4365465.0,False,16.969730377197266,42.51262664794922,-4.316908359527588,-1.6333822011947632,0.788502037525177,0.08044501394033432,0.14602215588092804,1.2207823991775513,1.6144384145736694,3.3333332538604736
372000,4428000,292,331,381945.0,4431225.0,False,13.055986404418945,38.01930236816406,-11.73765754699707,-10.758056640625,0.2848730981349945,0.08201594650745392,0.1280186027288437,1.1503043174743652,1.2925078868865967,318.5932922363281
636000,4428000,261,295,644865.0,4432155.0,True,2.8400959968566895,6.7738037109375,-6.2145586013793945,-18.401611328125,0.9382336139678955,0.1341726928949356,0.19501140713691711,1.1674621105194092,1.573485255241394,0.0
420000,4500000,91,357,430725.0,4509255.0,False,4.35422420501709,12.902276039123535,-1.420654296875,-8.733832359313965,-0.7337865829467773,0.19200004637241364,0.2108483761548996,1.4334138631820679,2.141329050064087,518.4602661132812
372000,4488000,23,11,372345.0,4499295.0,False,12.389386177062988,33.462318420410156,-28.98594856262207,-46.72025680541992,0.659442663192749,0.2591640055179596,0.07163038849830627,1.2103347778320312,1.4711536169052124,0.0
684000,4464000,43,212,690375.0,4474695.0,False,3.8017044067382812,8.318575859069824,1.8964979648590088,0.7852512001991272,0.5803937911987305,0.08467992395162582,0.1786237508058548,1.0805479288101196,1.5970475673675537,6.666666507720947
732000,4644000,261,270,740115.0,4648155.0,False,8.381522178649902,17.53736686706543,1.5169949531555176,-13.043375968933105,-0.7185884714126587,0.25706979632377625,0.16999267041683197,1.1828947067260742,1.5233824253082275,570.0
420000,4260000,334,397,431925.0,4261965.0,True,12.077069282531738,29.06458854675293,-0.2827962040901184,4.096761226654053,0.03051072172820568,0.14794263243675232,0.15675406157970428,1.2152385711669922,1.6101937294006348,0.0
324000,4488000,361,255,331665.0,4489155.0,False,27.105459213256836,67.48528289794922,9.866631507873535,37.8766975402832,-0.1950770616531372,0.1884033977985382,0.07900213450193405,1.1859321594238281,1.4550635814666748,0.0
636000,4416000,61,251,643545.0,4426155.0,False,12.065908432006836,33.57118225097656,-8.714274406433105,-27.94566535949707,0.24541699886322021,0.3238009512424469,0.05360253527760506,1.2627270221710205,1.502580165863037,721.5301513671875
348000,4296000,169,268,356055.0,4302915.0,False,27.005064010620117,78.70521545410156,56.92899703979492,81.81895446777344,-0.6208284497261047,0.11878839135169983,0.11254230886697769,1.0871994495391846,1.447169303894043,550.3619384765625
420000,4392000,172,285,428565.0,4398825.0,False,13.050358772277832,34.07217025756836,-14.684895515441895,-19.735515594482422,0.15124408900737762,0.3196285665035248,0.015461429953575134,1.2404124736785889,1.563353419303894,787.8451538085938
360000,4440000,95,132,363975.0,4449135.0,False,3.2120156288146973,8.04298210144043,-1.3917778730392456,-14.78587532043457,0.25540661811828613,0.13368339836597443,0.14442531764507294,1.1164498329162598,1.445477843284607,706.5411987304688
636000,4428000,178,382,647475.0,4434645.0,False,6.261598587036133,14.356499671936035,-6.03038215637207,10.56396484375,-0.08367276936769485,0.2403838336467743,0.1215420588850975,1.1827712059020996,1.506787896156311,375.9128723144531
732000,4596000,27,312,741375.0,4607175.0,False,24.17117691040039,55.48561096191406,-3.8966877460479736,-31.81145477294922,0.05245189741253853,0.15988871455192566,0.21488142013549805,1.2188743352890015,1.689693808555603,219.7831573486328
444000,4452000,42,164,448935.0,4462725.0,False,12.771146774291992,33.11866760253906,17.26026725769043,-2.149848222732544,-0.4703909754753113,0.19888262450695038,0.11289916187524796,1.114084005355835,1.586811900138855,62.70853042602539
444000,4608000,264,51,445545.0,4612065.0,False,27.074630737304688,77.51815032958984,28.09711265563965,14.99241828918457,0.8390253186225891,0.15993912518024445,0.1807757169008255,1.3412303924560547,1.7396419048309326,0.0
732000,4644000,154,171,737145.0,4651365.0,False,8.311079978942871,26.01451301574707,28.754108428955078,27.93659019470215,-0.26511871814727783,0.23501218855381012,0.14737169444561005,1.1865673065185547,1.5582941770553589,0.0
420000,4296000,19,228,426855.0,4307415.0,False,3.8703532218933105,10.194607734680176,-0.7401394248008728,-7.413655757904053,0.28935256600379944,0.1194508895277977,0.14145119488239288,1.0908697843551636,1.5835702419281006,752.795166015625
348000,4500000,205,4,348135.0,4505835.0,False,2.4571049213409424,6.988321781158447,3.525743246078491,1.8701307773590088,-0.9105602502822876,0.1023745983839035,0.17269748449325562,1.193958044052124,1.7915458679199219,785.5574340820312
372000,4500000,96,184,377535.0,4509105.0,False,3.91090989112854,9.8760986328125,-3.404730796813965,-3.5682644844055176,0.6554833054542542,0.09242664277553558,0.1344599574804306,1.2173033952713013,1.5420466661453247,0.0
408000,4536000,371,168,413055.0,4536855.0,False,8.692458152770996,26.53089714050293,5.192654132843018,5.601372718811035,-0.6869154572486877,0.12246108800172806,0.20339533686637878,1.2003395557403564,1.6376227140426636,0.0
336000,4464000,63,78,338355.0,4474095.0,False,0.991512656211853,2.507500648498535,-1.2675102949142456,-9.379937171936035,0.939369797706604,0.08732444792985916,0.1281418800354004,1.0904574394226074,1.5526301860809326,270.55841064453125
636000,4428000,125,302,645075.0,4436235.0,False,17.592031478881836,41.18967056274414,10.8876953125,8.417046546936035,0.17301613092422485,0.23269852995872498,0.13616399466991425,1.2432559728622437,1.4341976642608643,390.76971435546875
408000,4536000,256,65,409965.0,4540305.0,False,7.040823936462402,18.73000717163086,13.783122062683105,1.0234375,0.16701647639274597,0.1609543114900589,0.17117975652217865,1.3965765237808228,1.9425268173217773,0.0
720000,4560000,118,156,724695.0,4568445.0,False,11.35195541381836,29.08329200744629,-14.418539047241211,-20.28982162475586,0.435654878616333,0.33521005511283875,0.0766003280878067,1.2156184911727905,1.487270712852478,0.0
432000,4524000,368,352,442575.0,4524945.0,False,27.45079231262207,75.73287200927734,-30.12843132019043,-58.34635543823242,-0.042152900248765945,0.3577173352241516,0.05625632032752037,1.2953448295593262,1.5712847709655762,713.5126342773438
324000,4464000,289,49,325485.0,4467315.0,False,3.0101191997528076,7.90062141418457,-6.690185546875,-27.61200714111328,0.24393220245838165,0.10640867799520493,0.14658239483833313,1.121045470237732,1.5278418064117432,210.7202911376953
432000,4560000,352,127,435825.0,4561425.0,False,27.25763511657715,79.897705078125,49.92716598510742,96.74696350097656,-0.6870574355125427,0.23290619254112244,0.11839067935943604,1.2590012550354004,1.420032262802124,600.250244140625
444000,4260000,354,43,445305.0,4261365.0,True,4.613713264465332,16.59577178955078,-6.303371906280518,-15.677937507629395,0.5042059421539307,0.1020127460360527,0.13381427526474,1.1173311471939087,1.6008919477462769,0.0
336000,4464000,207,176,341295.0,4469775.0,False,3.884291410446167,9.846028327941895,-1.3687065839767456,-10.0899658203125,0.22776269912719727,0.06045645847916603,0.090780109167099,1.0937293767929077,1.3019083738327026,481.56134033203125
456000,4488000,370,204,462135.0,4488885.0,False,14.811378479003906,44.05189514160156,59.15397262573242,185.19520568847656,0.40184494853019714,0.15843059122562408,0.18559466302394867,1.2219362258911133,1.644771695137024,738.3090209960938
360000,4440000,133,131,363945.0,4447995.0,False,2.5679678916931152,5.47105598449707,-0.014309353195130825,-6.469183921813965,0.02180030383169651,0.12959414720535278,0.13858415186405182,1.1078298091888428,1.4482665061950684,782.6876831054688
372000,4260000,279,335,382065.0,4263615.0,False,3.057572364807129,7.318074703216553,-0.7700602412223816,-4.5975341796875,-0.9918567538261414,0.06360924988985062,0.11718279123306274,1.0850017070770264,1.4381000995635986,890.7861938476562
444000,4440000,148,55,445665.0,4447545.0,True,5.131937503814697,12.630438804626465,2.0802409648895264,-3.6574435234069824,-0.0365433394908905,0.14099732041358948,0.14789755642414093,1.1195489168167114,1.5042088031768799,285.66131591796875
456000,4488000,226,146,460395.0,4493205.0,True,24.778221130371094,73.73014831542969,49.80414581298828,39.57291793823242,-0.5269262194633484,0.16309413313865662,0.17889894545078278,1.226364016532898,1.6686409711837769,0.0
684000,4464000,235,24,684735.0,4468935.0,False,2.3141868114471436,6.189548015594482,1.2715386152267456,-3.599378824234009,0.8668007850646973,0.1100877895951271,0.18178746104240417,1.17488431930542,1.5849138498306274,716.03076171875
420000,4416000,25,217,426525.0,4427235.0,False,23.83499526977539,66.79377746582031,6.63819694519043,-5.462497234344482,0.9168259501457214,0.032111942768096924,0.16235795617103577,1.286652684211731,1.4579269886016846,416.290771484375
420000,4428000,291,337,430125.0,4431255.0,False,5.922924518585205,17.13948631286621,-1.8107367753982544,-46.74894332885742,0.5641446113586426,0.15358898043632507,0.11240767687559128,1.1225109100341797,1.3690541982650757,913.0245971679688
432000,4440000,180,20,432615.0,4446585.0,False,14.121282577514648,37.94049835205078,30.02276039123535,6.1268310546875,0.539387047290802,0.1890440583229065,0.11086714267730713,1.1202400922775269,1.4781746864318848,0.0
744000,4596000,204,72,746175.0,4601865.0,False,4.366305351257324,12.032511711120605,-9.682209968566895,-15.605645179748535,-0.6585438251495361,0.20974494516849518,0.2241673469543457,1.1924123764038086,1.625923752784729,541.3876953125
300000,4488000,346,261,307845.0,4489605.0,False,19.196203231811523,54.08018493652344,-21.17352867126465,31.26066017150879,-0.5495246648788452,0.20726615190505981,0.17178621888160706,1.2289098501205444,1.4819631576538086,660.0
444000,4608000,251,2,444075.0,4612455.0,False,14.56680965423584,40.9408073425293,-34.743896484375,-55.94540786743164,0.7162467241287231,0.21544986963272095,0.14706014096736908,1.3433305025100708,1.662981390953064,0.0
432000,4440000,26,21,432645.0,4451205.0,False,13.864370346069336,36.51051330566406,-14.819146156311035,-17.01024055480957,0.4860360324382782,0.17276965081691742,0.11951462179422379,1.134731411933899,1.5757732391357422,0.0
396000,4212000,77,278,404355.0,4221675.0,False,15.89610481262207,44.22383499145508,-8.275146484375,-4.12744140625,0.6072388291358948,0.10068795084953308,0.1484319120645523,1.2142258882522583,1.6988835334777832,722.9107666015625
456000,4488000,83,145,460365.0,4497495.0,True,10.033844947814941,24.41925621032715,7.414713382720947,-0.9106717109680176,-0.9047242999076843,0.15407292544841766,0.17695295810699463,1.217595100402832,1.5960241556167603,59.4280891418457
636000,4428000,142,384,647535.0,4435725.0,False,5.77484655380249,17.31203842163086,-1.9207899570465088,-6.3719892501831055,0.6486070156097412,0.21899965405464172,0.18408802151679993,1.1587904691696167,1.6946359872817993,481.5613708496094
432000,4596000,238,264,439935.0,4600845.0,False,27.249103546142578,78.4971923828125,-2.1991779804229736,23.308551788330078,-0.4398108124732971,0.22471244633197784,0.12145832180976868,1.3841861486434937,1.5185270309448242,0.0
384000,4512000,79,163,388905.0,4521615.0,False,11.384539604187012,24.68104362487793,-7.1787109375,-12.39625358581543,-0.9536413550376892,0.09739986807107925,0.10936477780342102,1.2699995040893555,1.4804035425186157,90.0
432000,4572000,304,81,434445.0,4574865.0,False,20.81783676147461,54.55078125,-46.4173469543457,-28.76474380493164,0.382645845413208,0.17913790047168732,0.16219991445541382,1.4021973609924316,2.0275213718414307,0.0
600000,4608000,219,374,611235.0,4613415.0,False,19.33057403564453,58.0595703125,25.11775779724121,55.03564453125,-0.3126363456249237,0.4482112228870392,0.012547445483505726,1.4706664085388184,1.568085789680481,960.4646606445312
360000,4512000,128,253,367605.0,4520145.0,False,5.124054908752441,14.40549087524414,0.8583713173866272,-30.49362564086914,-0.8097438216209412,0.09773820638656616,0.14612717926502228,1.1729487180709839,1.4424868822097778,0.0
732000,4608000,312,263,739905.0,4610625.0,False,7.402476787567139,17.28316307067871,-9.077555656433105,-27.83513832092285,0.4208342730998993,0.22529521584510803,0.15517467260360718,1.1836572885513306,1.548404335975647,0.0
444000,4416000,100,391,455745.0,4424985.0,False,24.553686141967773,64.0758056640625,-9.761244773864746,-21.25896453857422,0.47116363048553467,0.1863889992237091,0.11839672178030014,1.124601125717163,1.526814341545105,380.26483154296875
396000,4452000,63,369,407085.0,4462095.0,True,15.413623809814453,39.1912841796875,-24.86661720275879,-6.1664228439331055,0.0878802090883255,0.14758920669555664,0.12529291212558746,1.1570900678634644,1.4691791534423828,0.0
384000,4356000,12,198,389955.0,4367625.0,False,18.807804107666016,42.69392776489258,-24.9117431640625,-78.03046417236328,-0.15600460767745972,0.13962803781032562,0.14049498736858368,1.1477553844451904,1.512966513633728,350.71417236328125
336000,4428000,264,248,343455.0,4432065.0,False,2.7295947074890137,7.632907390594482,-0.8068305253982544,-1.5680067539215088,0.3214149475097656,0.09334836155176163,0.12921565771102905,1.1266604661941528,1.5570391416549683,0.0
396000,4452000,100,21,396645.0,4460985.0,True,21.207801818847656,55.05422592163086,3.0863037109375,-21.74798011779785,0.9447602033615112,0.16507163643836975,0.14798960089683533,1.2340642213821411,1.5378427505493164,282.3081970214844
384000,4272000,233,70,386115.0,4276995.0,False,10.150253295898438,28.47195053100586,2.457207679748535,-27.79521942138672,-0.348845899105072,0.11642932146787643,0.14655174314975739,1.0494952201843262,1.4864848852157593,957.0266723632812
336000,4428000,249,335,346065.0,4432515.0,False,9.384806632995605,20.74701690673828,0.7604438066482544,-11.856499671936035,-0.2997058928012848,0.11407668888568878,0.14396513998508453,1.1059421300888062,1.627801775932312,845.1629638671875
360000,4488000,16,256,367695.0,4499505.0,False,2.706583023071289,7.378106117248535,-0.9002143144607544,-2.806586503982544,0.8102757930755615,0.12206123769283295,0.12359516322612762,1.136027455329895,1.4549989700317383,964.520751953125
396000,4452000,263,385,407565.0,4456095.0,False,18.866443634033203,46.53800582885742,8.406086921691895,28.770780563354492,0.2998847961425781,0.14192712306976318,0.17720778286457062,1.2533782720565796,1.6599767208099365,703.2777099609375
336000,4452000,31,244,343335.0,4463055.0,False,2.7169086933135986,8.396796226501465,-0.8496500849723816,-11.406399726867676,-0.7996569275856018,0.06239619851112366,0.10286097973585129,1.0965094566345215,1.4272974729537964,86.66666412353516
372000,4476000,221,319,381585.0,4481355.0,False,8.35910701751709,22.080078125,-5.4632568359375,-4.230862140655518,0.8432162404060364,0.09369542449712753,0.09005101025104523,1.1117240190505981,1.3794304132461548,0.0
336000,4500000,299,46,337395.0,4503015.0,False,23.360586166381836,60.62294006347656,31.07927894592285,75.62255859375,0.561652421951294,0.10298933833837509,0.1393354833126068,1.2867969274520874,1.9298374652862549,0.0
684000,4464000,316,317,693525.0,4466505.0,False,0.5311791896820068,1.4730360507965088,0.3142496645450592,-2.4998507499694824,-0.13486815989017487,0.09988698363304138,0.1685309261083603,1.1264721155166626,1.5461726188659668,872.2958984375
444000,4572000,131,21,444645.0,4580055.0,False,22.622562408447266,55.63163375854492,4.002102375030518,13.301785469055176,0.08872564882040024,0.24652840197086334,0.1542946696281433,1.3554966449737549,1.7141228914260864,0.0
420000,4428000,385,280,428415.0,4428435.0,False,6.970703601837158,20.49028778076172,-2.089653968811035,-41.39259338378906,0.7389826774597168,0.09311076998710632,0.08446995168924332,1.1387019157409668,1.3454757928848267,569.7373046875
372000,4248000,63,389,383685.0,4258095.0,True,3.11862850189209,11.772406578063965,-2.6640896797180176,20.54738998413086,0.3398461639881134,0.1261853575706482,0.18843097984790802,1.0523911714553833,1.5074775218963623,128.84600830078125
648000,4452000,88,395,659865.0,4461345.0,False,15.364823341369629,36.67632293701172,44.63479232788086,65.39922332763672,-0.5537561774253845,0.135048970580101,0.16950635612010956,1.2012921571731567,1.619262933731079,757.5618896484375
420000,4284000,134,316,429495.0,4291965.0,True,19.792922973632812,50.79579162597656,1.7228189706802368,22.9345703125,0.3886074721813202,0.21005584299564362,0.03957339748740196,1.194454550743103,1.3591464757919312,0.0
360000,4512000,293,89,362685.0,4515195.0,False,5.542075157165527,14.63222885131836,0.8309326171875,-7.800740718841553,-0.3541310727596283,0.09193354099988937,0.16026708483695984,1.1662378311157227,1.5235475301742554,806.9080810546875
372000,4464000,167,124,375735.0,4470975.0,False,4.9111857414245605,12.847723960876465,-2.002671957015991,-2.274115800857544,-0.705647885799408,0.13252383470535278,0.146840900182724,1.0437897443771362,1.5048377513885498,484.35552978515625
324000,4500000,380,285,332565.0,4500585.0,False,10.512516975402832,27.27651596069336,1.7076550722122192,4.63330078125,-0.6612988114356995,0.09245245158672333,0.1375366896390915,1.187913417816162,1.4760410785675049,0.0
372000,4272000,242,341,382245.0,4276725.0,True,13.423160552978516,51.1839599609375,-2.482774496078491,26.71221160888672,-0.8765624761581421,0.1746484935283661,0.14377576112747192,1.144852876663208,1.5787444114685059,268.3597412109375
384000,4356000,140,154,388635.0,4363785.0,False,3.5567445755004883,8.9434814453125,3.759765625,-5.124728679656982,0.965578019618988,0.09403550624847412,0.13758350908756256,1.1046903133392334,1.529152274131775,235.58401489257812
420000,4428000,51,248,427455.0,4438455.0,False,10.14854907989502,22.88418197631836,-0.3732231855392456,-12.679606437683105,-0.699493944644928,0.19112977385520935,0.13843953609466553,1.1372709274291992,1.4797841310501099,0.0
408000,4236000,59,223,414705.0,4246215.0,False,23.6756534576416,71.29150390625,47.52077865600586,105.42070770263672,-0.3067103326320648,0.23118765652179718,0.12792494893074036,1.308452844619751,1.673677921295166,997.5469970703125
384000,4272000,326,242,391275.0,4274205.0,False,17.65021514892578,54.03561782836914,-22.05558204650879,-24.88730239868164,0.7164804935455322,0.10540378093719482,0.09222976863384247,1.026094675064087,1.4423000812530518,636.5534057617188
432000,4572000,161,356,442695.0,4579155.0,False,24.180252075195312,73.86237335205078,8.763264656066895,-29.519990921020508,-0.7324992418289185,0.1623876988887787,0.17784234881401062,1.3144030570983887,1.6570465564727783,0.0
444000,4296000,225,235,451065.0,4301235.0,True,11.650854110717773,30.73304557800293,-8.683430671691895,-45.66636657714844,0.37599441409111023,0.33185774087905884,0.07895407825708389,1.2191684246063232,1.6089935302734375,0.0
396000,4392000,85,2,396075.0,4401435.0,False,28.458356857299805,70.27989196777344,14.540581703186035,134.06117248535156,0.034473758190870285,0.09528908133506775,0.09729722887277603,1.1006762981414795,1.4328124523162842,0.0
336000,4464000,126,219,342585.0,4472205.0,False,15.655916213989258,43.15378189086914,-11.46006965637207,-9.0703125,-0.5888959169387817,0.08955787122249603,0.1101648136973381,1.1558328866958618,1.4516541957855225,0.0
684000,4452000,216,237,691125.0,4457505.0,False,11.341105461120605,31.35306739807129,10.978515625,8.9903564453125,0.5818573832511902,0.06980529427528381,0.11588817089796066,1.1235682964324951,1.5529788732528687,421.78399658203125
432000,4584000,20,318,441555.0,4595385.0,False,23.034521102905273,66.625244140625,51.38896942138672,198.87762451171875,-0.7054125070571899,0.35286933183670044,0.06279630959033966,1.4322203397750854,1.4427344799041748,0.0
372000,4476000,227,355,382665.0,4481175.0,False,8.013675689697266,22.80704689025879,-9.044229507446289,-0.091932512819767,-0.25183677673339844,0.12131206691265106,0.1217314824461937,1.1431396007537842,1.4345436096191406,0.0
432000,4536000,213,154,436635.0,4541595.0,False,23.5260066986084,66.04496002197266,39.35866928100586,71.56991577148438,-0.7205784320831299,0.1510688066482544,0.1859263777732849,1.3993803262710571,1.9068149328231812,0.0
420000,4440000,307,281,428445.0,4442775.0,True,19.945968627929688,56.38456344604492,-7.158786296844482,24.53354263305664,-0.8104429244995117,0.14878365397453308,0.12464714050292969,1.1183807849884033,1.4617244005203247,0.0
396000,4212000,23,30,396915.0,4223295.0,False,9.103407859802246,27.455524444580078,-1.6916775703430176,2.7327475547790527,-0.9681745171546936,0.19264428317546844,0.0428328700363636,1.2096929550170898,1.6221355199813843,233.23880004882812
432000,4596000,147,147,436425.0,4603575.0,False,7.564187049865723,19.17499542236328,-4.842543125152588,-33.53805923461914,0.1733359545469284,0.14562375843524933,0.2155989706516266,1.2418570518493652,1.6568386554718018,215.4027557373047
420000,4296000,17,31,420945.0,4307475.0,False,2.612682580947876,7.198269367218018,2.566596031188965,4.30579948425293,-0.30631083250045776,0.07613307237625122,0.12100451439619064,1.0739853382110596,1.481709599494934,721.6650390625
300000,4476000,151,116,303495.0,4483455.0,False,2.9924023151397705,6.684176921844482,1.0063883066177368,-0.4305962324142456,-0.009312054142355919,0.12931691110134125,0.2095298022031784,1.2057652473449707,1.7996599674224854,730.3427124023438
396000,4512000,394,36,397095.0,4512165.0,False,3.8758811950683594,9.77975845336914,-7.1637372970581055,-15.953857421875,0.12482022494077682,0.15053001046180725,0.17682191729545593,1.3153808116912842,1.854720950126648,243.11524963378906
432000,4560000,147,173,437205.0,4567575.0,False,16.438541412353516,46.49399185180664,13.506985664367676,21.73707389831543,-0.8393239974975586,0.22047927975654602,0.1594339907169342,1.2920187711715698,1.5867822170257568,735.8671264648438
408000,4512000,340,279,416385.0,4513785.0,False,7.593421459197998,19.42791175842285,-6.016045570373535,-9.094536781311035,-0.4275127351284027,0.15607032179832458,0.17902588844299316,1.3856507539749146,1.9894005060195923,0.0
660000,4608000,210,274,668235.0,4613685.0,False,7.270293712615967,21.76905632019043,-1.1214735507965088,-25.49001693725586,0.4221620261669159,0.16899187862873077,0.1877976953983307,1.1595934629440308,1.606296420097351,0.0
444000,4260000,361,77,446325.0,4261155.0,True,3.2778480052948,8.925089836120605,-4.006496906280518,-7.560044765472412,-0.855871319770813,0.10962478071451187,0.13551636040210724,1.0758695602416992,1.5775858163833618,270.0
396000,4512000,397,121,399645.0,4512075.0,False,3.2602286338806152,7.530232906341553,-3.8841824531555176,-15.958523750305176,0.8715779185295105,0.15053001046180725,0.17682191729545593,1.3153808116912842,1.854720950126648,306.9248046875
336000,4428000,372,244,343335.0,4428825.0,False,2.6270625591278076,6.762532711029053,-0.4641520082950592,-3.573621988296509,-0.2753291428089142,0.09788861870765686,0.1308331936597824,1.0179238319396973,1.3963536024093628,573.6732177734375
444000,4596000,187,235,451065.0,4602375.0,False,11.520079612731934,31.63568687438965,12.07400131225586,9.347331047058105,0.1361689567565918,0.1636466383934021,0.18405835330486298,1.225113868713379,1.572754144668579,900.0
396000,4260000,80,353,406605.0,4269585.0,False,12.80312442779541,31.32275390625,-5.063286781311035,-5.433295249938965,-0.5964234471321106,0.18259304761886597,0.07862824946641922,1.118316411972046,1.5129951238632202,997.14599609375
444000,4584000,73,149,448485.0,4593795.0,False,22.403749465942383,62.972412109375,23.10096549987793,44.36044692993164,-0.9135147333145142,0.20088142156600952,0.13459117710590363,1.40203857421875,1.7973910570144653,0.0
384000,4476000,309,319,393585.0,4478715.0,False,3.8555407524108887,11.00766372680664,1.4462077617645264,-8.61594009399414,-0.5441152453422546,0.14525218307971954,0.1977221518754959,1.120741605758667,1.5097531080245972,570.0
444000,4572000,191,116,447495.0,4578255.0,False,4.5919013023376465,13.676513671875,-2.7382540702819824,-16.31388282775879,0.5796210765838623,0.16782696545124054,0.18588076531887054,1.4293229579925537,2.0816807746887207,778.3937377929688
336000,4500000,144,366,346995.0,4507665.0,False,5.000487804412842,13.358466148376465,-6.321234703063965,-12.05246353149414,0.8577726483345032,0.08690483868122101,0.17462633550167084,1.1421785354614258,1.6658631563186646,219.7831573486328
372000,4428000,21,339,382185.0,4439355.0,False,4.7339911460876465,11.073798179626465,0.6023627519607544,-19.86802864074707,0.13427786529064178,0.1236557811498642,0.11686636507511139,1.1234073638916016,1.3573448657989502,309.37261962890625
396000,4440000,92,378,407355.0,4449225.0,True,18.693470001220703,49.35957717895508,-4.742852210998535,-31.08021354675293,0.21431005001068115,0.12411355972290039,0.15583540499210358,1.1206072568893433,1.5112541913986206,151.01629638671875
420000,4260000,66,136,424095.0,4270005.0,False,11.31013298034668,29.59450912475586,-13.749227523803711,-15.901312828063965,-0.13833531737327576,0.15566278994083405,0.08579614013433456,1.1449801921844482,1.4614107608795166,987.0138549804688
396000,4344000,159,234,403035.0,4351215.0,False,6.492656707763672,13.78371810913086,2.654486656188965,-8.59522819519043,-0.3422166109085083,0.0832267552614212,0.11413538455963135,1.068371295928955,1.5538746118545532,780.3846435546875
396000,4248000,194,112,399375.0,4254165.0,False,14.582521438598633,38.72165298461914,-12.147284507751465,-17.84060287475586,-0.6733385920524597,0.11132629960775375,0.08600455522537231,1.073807716369629,1.466565489768982,371.10467529296875
420000,4512000,28,219,426585.0,4523145.0,False,8.327608108520508,22.37578582763672,2.644273519515991,-10.12417221069336,-0.7570877075195312,0.12309122830629349,0.18909187614917755,1.256763219833374,1.6705900430679321,0.0
456000,4488000,76,214,462435.0,4497705.0,False,20.555034637451172,58.24629592895508,-10.85999870300293,-5.764105796813965,-0.6683118343353271,0.17877992987632751,0.17436298727989197,1.2679767608642578,1.6497892141342163,617.4126586914062
444000,4260000,372,82,446475.0,4260825.0,True,7.5501508712768555,18.29568099975586,12.427165031433105,11.02734375,0.41910141706466675,0.11865132302045822,0.13682782649993896,1.100744366645813,1.6428736448287964,86.22652435302734
336000,4500000,90,114,339435.0,4509285.0,False,16.249876022338867,47.32790756225586,-16.91718292236328,27.61260223388672,0.1544688493013382,0.11041010171175003,0.18560731410980225,1.1370152235031128,1.5683448314666748,503.3854064941406
396000,4476000,209,28,396855.0,4481715.0,True,15.894075393676758,45.07670211791992,-9.49951171875,46.1048583984375,-0.4747106432914734,0.16122913360595703,0.15272307395935059,1.203228235244751,1.5502554178237915,0.0
408000,4428000,153,256,415695.0,4435395.0,False,3.7727696895599365,10.47390365600586,2.526502847671509,-1.4705674648284912,-0.6014875769615173,0.09738613665103912,0.132905051112175,1.1054567098617554,1.4378350973129272,402.9898376464844
360000,4452000,395,242,367275.0,4452135.0,False,1.2238909006118774,2.879814863204956,0.078369140625,-3.0174152851104736,0.14281457662582397,0.12226971983909607,0.1397514045238495,1.0955995321273804,1.5116816759109497,700.7852172851562
456000,4488000,358,76,458295.0,4489245.0,True,14.623684883117676,39.370811462402344,30.77010154724121,34.79835510253906,-0.5157116055488586,0.15843059122562408,0.18559466302394867,1.2219362258911133,1.644771695137024,0.0
300000,4428000,291,159,304785.0,4431255.0,False,26.68961524963379,73.74082946777344,100.85257720947266,197.9031982421875,0.7414174675941467,0.0353039875626564,-0.023541582748293877,1.1876349449157715,1.153023362159729,0.0
336000,4428000,137,302,345075.0,4435875.0,False,3.300793409347534,8.696696281433105,-0.022216796875,-2.557305097579956,-0.25693148374557495,0.10457105189561844,0.11955917626619339,1.0868781805038452,1.5992168188095093,750.2001342773438
444000,4584000,106,35,445065.0,4592805.0,False,18.584592819213867,50.422447204589844,-11.732666015625,-50.68817901611328,-0.20598465204238892,0.7733638286590576,-0.2693423628807068,1.9215185642242432,1.320419430732727,912.7431640625
444000,4428000,353,228,450855.0,4429395.0,True,26.319311141967773,72.42317962646484,2.525146484375,1.4688584804534912,-0.9153292775154114,0.14977799355983734,0.14129461348056793,1.10555899143219,1.4940096139907837,0.0
360000,4452000,263,169,365085.0,4456095.0,False,4.746683120727539,13.365315437316895,8.70189094543457,-1.6877983808517456,0.7275943160057068,0.11158008873462677,0.1721344292163849,1.0786526203155518,1.4871692657470703,0.0
432000,4596000,154,228,438855.0,4603365.0,False,16.433677673339844,46.09933853149414,83.39212036132812,219.61924743652344,-0.43095868825912476,0.23130351305007935,0.1662379950284958,1.4284006357192993,1.6834646463394165,76.25685119628906
384000,4464000,185,343,394305.0,4470435.0,True,14.100725173950195,31.56396484375,6.505940914154053,-17.30194664001465,0.6145917177200317,0.10929100960493088,0.1100706160068512,1.1282627582550049,1.4064878225326538,0.0
456000,4380000,267,77,458325.0,4383975.0,True,15.998800277709961,41.15106964111328,28.55894660949707,12.391655921936035,0.828741192817688,0.3137907087802887,0.08423703163862228,1.182869791984558,1.5782419443130493,233.23880004882812
372000,4476000,118,4,372135.0,4484445.0,False,3.424961566925049,7.640489101409912,-0.1893174797296524,-8.064738273620605,-0.7272725105285645,0.12171013653278351,0.12685486674308777,1.102760910987854,1.5278862714767456,932.2553100585938
432000,4548000,290,105,435165.0,4551285.0,False,7.979098796844482,21.92754364013672,-6.565036296844482,-5.192694664001465,0.8000438809394836,0.1234971210360527,0.1274036020040512,1.1429939270019531,1.5680320262908936,35.500938415527344
396000,4404000,277,212,402375.0,4407675.0,False,31.053190231323242,89.71540069580078,30.69097328186035,25.059490203857422,0.8647028803825378,0.13960261642932892,0.04281420260667801,1.107562780380249,1.3994457721710205,540.0
420000,4500000,104,225,426765.0,4508865.0,False,22.714031219482422,63.4508171081543,24.22939682006836,57.03997039794922,0.36395537853240967,0.28110837936401367,0.11050980538129807,1.3526643514633179,1.8041540384292603,429.77593994140625
420000,4440000,81,262,427875.0,4449555.0,False,3.6642978191375732,10.592339515686035,-0.5947401523590088,-4.248928546905518,-0.51833575963974,0.11665995419025421,0.1727014183998108,1.0803722143173218,1.4672969579696655,309.83990478515625
396000,4488000,96,340,406215.0,4497105.0,True,15.777737617492676,40.99861526489258,-7.065117835998535,-23.70594596862793,-0.893257200717926,0.12704432010650635,0.14755472540855408,1.2139204740524292,1.5818897485733032,0.0
336000,4428000,27,388,347655.0,4439175.0,False,5.941160202026367,15.49806022644043,-5.33082389831543,-17.64134407043457,0.2278010994195938,0.095875084400177,0.09735266864299774,1.112300157546997,1.461434006690979,735.8671264648438
372000,4272000,62,41,373245.0,4282125.0,False,31.47755241394043,76.1982421875,-7.906711101531982,8.658963203430176,-0.9977477192878723,0.19081571698188782,0.15119268000125885,1.1993426084518433,1.5172315835952759,511.46844482421875
312000,4488000,228,108,315255.0,4493145.0,False,0.9829268455505371,2.8552517890930176,0.3857693076133728,-3.1518959999084473,0.23027421534061432,0.11404018849134445,0.1766195148229599,1.1020114421844482,1.5041052103042603,443.6219177246094
336000,4464000,384,216,342495.0,4464465.0,False,7.79088830947876,19.74471092224121,-0.3329264223575592,-0.4642470180988312,0.6825794577598572,0.03360561653971672,0.07436370104551315,1.1063191890716553,1.2830493450164795,0.0
420000,4284000,125,387,431625.0,4292235.0,True,13.850492477416992,30.35001564025879,-9.21435546875,-20.66533660888672,-0.23318713903427124,0.17552612721920013,0.1054665595293045,1.1960606575012207,1.4992789030075073,254.9533233642578
360000,4452000,164,281,368445.0,4459065.0,False,5.34318733215332,14.865275382995605,-1.6409912109375,-10.61134147644043,0.7005743384361267,0.132940873503685,0.11266353726387024,1.0728180408477783,1.5933005809783936,136.40283203125
372000,4464000,147,198,377955.0,4471575.0,False,10.89788818359375,27.82444953918457,14.478243827819824,17.04759407043457,0.12908624112606049,0.12339392304420471,0.1643940657377243,1.120887279510498,1.5818179845809937,0.0
396000,4512000,14,299,404985.0,4523565.0,False,21.19739532470703,66.59711456298828,20.63905143737793,45.27897262573242,0.6438853144645691,0.08698686212301254,0.2151165008544922,1.289588451385498,1.7407386302947998,60.0
384000,4476000,180,358,394755.0,4482585.0,False,5.2481231689453125,13.0810546875,1.294040322303772,2.8437771797180176,-0.14565402269363403,0.15212921798229218,0.14202919602394104,1.1502188444137573,1.4749218225479126,630.0
312000,4476000,70,216,318495.0,4485885.0,False,0.7939345240592957,2.5788981914520264,1.2094184160232544,-1.6376274824142456,0.17876043915748596,0.11469589173793793,0.18006686866283417,1.0404691696166992,1.6797165870666504,741.3502807617188
432000,4464000,228,286,440595.0,4469145.0,True,22.046092987060547,56.93912887573242,22.49736785888672,43.8582763671875,0.33802661299705505,0.10308802872896194,0.12675176560878754,1.114254355430603,1.4747998714447021,0.0
396000,4452000,230,398,407955.0,4457085.0,True,14.393074989318848,38.74442672729492,12.88023567199707,9.02524185180664,0.46303054690361023,0.12334571778774261,0.183091938495636,1.1828038692474365,1.631752848625183,296.4818420410156
360000,4500000,144,282,368475.0,4507665.0,False,9.826750755310059,24.27924346923828,-9.485269546508789,35.2320556640625,0.9458697438240051,0.09196292608976364,0.1428901106119156,1.2025750875473022,1.542596697807312,0.0
420000,4500000,38,141,424245.0,4510845.0,True,12.715662002563477,33.78564453125,-10.125041007995605,1.0810004472732544,0.05517479032278061,0.16881489753723145,0.1769167184829712,1.245123267173767,1.647133469581604,0.0
432000,4512000,195,236,439095.0,4518135.0,False,4.017617225646973,9.519192695617676,-3.5326740741729736,-26.66461753845215,0.22134505212306976,0.13336282968521118,0.2049551159143448,1.282890796661377,1.8855780363082886,249.72219848632812
432000,4296000,116,96,434895.0,4304505.0,False,1.2150663137435913,3.219305992126465,0.5761854648590088,-5.848212242126465,-0.13885582983493805,0.14397625625133514,0.18874827027320862,1.0785245895385742,1.598429799079895,644.2763061523438
336000,4428000,258,275,344265.0,4432245.0,False,3.422119140625,9.86292839050293,0.8514404296875,0.2580295205116272,0.6391716003417969,0.09782963246107101,0.11357235908508301,1.1369409561157227,1.5733039379119873,0.0
432000,4596000,268,185,437565.0,4599945.0,False,19.623685836791992,52.62429428100586,17.510498046875,18.7908935546875,-0.7713464498519897,0.1789674013853073,0.16606324911117554,1.4075829982757568,1.703157663345337,0.0
420000,4512000,190,7,420225.0,4518285.0,False,11.344751358032227,31.702838897705078,-22.18972396850586,-44.48591995239258,-0.5599430203437805,0.2220388948917389,0.12692120671272278,1.2883327007293701,1.6914026737213135,0.0
396000,4452000,3,369,407085.0,4463895.0,True,21.032455444335938,55.44424057006836,-18.37711524963379,7.026177406311035,0.057564884424209595,0.1169949322938919,0.09983725100755692,1.151288390159607,1.3721390962600708,0.0
360000,4440000,150,87,362625.0,4447485.0,False,3.011768102645874,7.86231803894043,0.2959933876991272,-8.47254753112793,0.3320809304714203,0.10111373662948608,0.11649969965219498,1.1119290590286255,1.4269444942474365,550.3619384765625
324000,4464000,29,348,334455.0,4475115.0,False,2.2604191303253174,5.649563312530518,-0.893419086933136,-6.661580562591553,-0.935136079788208,0.07132484018802643,0.08912555873394012,1.1020801067352295,1.2871836423873901,541.3876953125
408000,4260000,304,140,412215.0,4262865.0,True,14.384869575500488,36.98008728027344,-14.144775390625,16.57771873474121,0.8175134658813477,0.1428985893726349,0.14709681272506714,1.190177083015442,1.6694082021713257,0.0
408000,4212000,118,114,411435.0,4220445.0,False,8.319154739379883,26.34111976623535,-7.092095375061035,-7.9081621170043945,0.8840680122375488,0.06412168592214584,0.10923081636428833,1.091956615447998,1.4251477718353271,696.4949340820312
432000,4524000,374,343,442305.0,4524765.0,False,24.84571075439453,57.45711135864258,-36.76755142211914,-154.9345245361328,-0.02207213267683983,0.3318718671798706,0.09167366474866867,1.3517413139343262,1.4629164934158325,558.5696411132812
336000,4464000,68,306,345195.0,4473945.0,False,24.350547790527344,67.36394500732422,-53.3656005859375,-72.16380310058594,0.08430029451847076,0.1875872015953064,0.1567845344543457,1.1882344484329224,1.6374330520629883,14.714045524597168
648000,4440000,340,47,649425.0,4441785.0,False,6.591952323913574,15.066378593444824,-2.0498046875,-3.2023112773895264,0.9512442350387573,0.16896900534629822,0.15674538910388947,1.2068511247634888,1.5488395690917969,752.1968994140625
408000,4248000,332,101,411045.0,4250025.0,True,27.920795440673828,75.71393585205078,3.668403148651123,-1.1574569940567017,-0.4500696063041687,0.16096791625022888,0.10387963056564331,1.1838616132736206,1.6699172258377075,0.0
372000,4248000,196,122,375675.0,4254105.0,True,7.411876678466797,26.44529914855957,-4.772230625152588,-4.610595703125,-0.5839992165565491,0.11764291673898697,0.09724793583154678,1.1065928936004639,1.532565951347351,0.0
396000,4344000,142,204,402135.0,4351725.0,False,9.554095268249512,23.06011199951172,1.0492349863052368,-1.67529296875,-0.7820687890052795,0.08826933056116104,0.11998161673545837,1.1013270616531372,1.5606645345687866,948.9994506835938
396000,4392000,217,45,397365.0,4397475.0,False,6.680861949920654,16.87495994567871,-6.431979656219482,-52.58115005493164,0.29428744316101074,0.14543089270591736,0.15032561123371124,1.1658508777618408,1.4389228820800781,301.004150390625
420000,4440000,9,378,431355.0,4451715.0,False,10.119132041931152,28.979328155517578,-18.75379753112793,-20.43946647644043,-0.8892714381217957,0.19332869350910187,0.11841756105422974,1.1358752250671387,1.4782768487930298,0.0
372000,4428000,155,397,383925.0,4435335.0,False,16.44453239440918,44.56488800048828,55.2569580078125,136.3829803466797,0.11899696290493011,0.11903877556324005,0.1673222780227661,1.2108443975448608,1.4522030353546143,684.5440063476562
444000,4296000,280,269,452085.0,4299585.0,False,26.904010772705078,60.16555404663086,-19.184326171875,-24.01728057861328,-0.9888981580734253,0.39315760135650635,0.09115983545780182,1.4139149188995361,1.7414321899414062,408.78021240234375
396000,4260000,309,243,403305.0,4262715.0,True,11.397737503051758,30.04071807861328,-9.226616859436035,-26.78545379638672,0.6065407395362854,0.09595336765050888,0.05547834932804108,1.092074990272522,1.3644685745239258,0.0
372000,4260000,393,192,377775.0,4260195.0,False,9.359789848327637,24.10477638244629,1.5728353261947632,0.9699028730392456,0.5055488348007202,0.0681021511554718,0.10061015188694,1.10142982006073,1.4953562021255493,865.678955078125
432000,4584000,95,275,440265.0,4593135.0,False,25.113983154296875,67.58121490478516,-29.88533592224121,-25.27951431274414,0.3044185936450958,0.28860196471214294,0.11915857344865799,1.4286551475524902,1.6250081062316895,0.0
396000,4404000,163,27,396825.0,4411095.0,False,29.396329879760742,83.00489807128906,16.50261688232422,21.31110382080078,0.7278720736503601,0.17079459130764008,0.05990368872880936,1.1656845808029175,1.4054168462753296,979.5904541015625
384000,4248000,129,72,386175.0,4256115.0,True,19.840606689453125,57.52170181274414,11.79343032836914,34.65603256225586,0.5513266921043396,0.13307057321071625,0.19165177643299103,1.1998989582061768,1.575754165649414,0.0
408000,4236000,23,310,417315.0,4247295.0,False,20.855310440063477,60.12643814086914,4.179904460906982,33.08734893798828,-0.32102659344673157,0.20793570578098297,0.08935852348804474,1.1846545934677124,1.5955350399017334,594.1382446289062
372000,4428000,332,364,382935.0,4430025.0,False,3.150797128677368,9.135661125183105,-2.034613609313965,-4.77430534362793,0.9095622301101685,0.07277745753526688,0.133480966091156,1.0932012796401978,1.5117868185043335,1018.33203125
444000,4428000,249,220,450615.0,4432515.0,False,6.773440361022949,19.45762825012207,1.8129746913909912,-3.0724284648895264,-0.5457062721252441,0.17423833906650543,0.14837461709976196,1.1335104703903198,1.5149484872817993,830.1206665039062
660000,4452000,107,78,662355.0,4460775.0,False,4.409032344818115,10.474677085876465,2.953179121017456,-3.1745197772979736,-0.1810980886220932,0.15890035033226013,0.18395842611789703,1.1591930389404297,1.672958493232727,380.26483154296875
408000,4536000,353,246,415395.0,4537395.0,False,3.9235198497772217,12.274970054626465,-4.854071617126465,-7.76024055480957,0.8035431504249573,0.1208588182926178,0.2140834778547287,1.2526350021362305,1.788637638092041,44.92902755737305
372000,4428000,359,325,381765.0,4429215.0,False,3.4609720706939697,7.986178874969482,1.2316080331802368,-4.062893390655518,0.8334500789642334,0.06844032555818558,0.11418122798204422,1.0654586553573608,1.503147840499878,80.82179260253906
444000,4452000,82,128,447855.0,4461525.0,False,12.482076644897461,30.81088638305664,27.70559310913086,32.930419921875,0.531738817691803,0.19397477805614471,0.1376061588525772,1.10285222530365,1.543456792831421,0.0
300000,4476000,125,167,305025.0,4484235.0,False,8.076449394226074,20.66634178161621,-0.5914035439491272,-36.13602828979492,0.019153757020831108,0.1414114236831665,0.18481479585170746,1.1915791034698486,1.7011082172393799,210.0
444000,4440000,111,245,451365.0,4448655.0,False,21.17599105834961,47.82900619506836,-10.813164710998535,-6.079196453094482,-0.9552927613258362,0.19231833517551422,0.12105081230401993,1.1684120893478394,1.4560080766677856,725.3966064453125
324000,4500000,391,206,330195.0,4500255.0,False,13.14301872253418,25.86635971069336,-1.450466513633728,-3.9376492500305176,-0.4385493993759155,0.12126528471708298,0.18353809416294098,1.183876633644104,1.6379902362823486,257.49285888671875
372000,4212000,54,198,377955.0,4222365.0,False,13.885058403015137,43.9266357421875,-11.098307609558105,25.50895118713379,-0.5460744500160217,0.17291484773159027,0.04923943430185318,1.1538128852844238,1.7288151979446411,924.4998779296875
372000,4488000,84,37,373125.0,4497465.0,False,8.177848815917969,21.36777114868164,1.4339057207107544,3.479871988296509,0.5708991289138794,0.14059194922447205,0.07418115437030792,1.1458818912506104,1.3752343654632568,0.0
384000,4452000,202,30,384915.0,4457925.0,False,13.918819427490234,36.53989028930664,18.72016143798828,32.22549057006836,0.13379719853401184,0.10239802300930023,0.16146793961524963,1.1543384790420532,1.6009788513183594,219.7831573486328
372000,4428000,251,132,375975.0,4432455.0,False,9.586616516113281,32.38728713989258,-7.512857913970947,-13.558281898498535,-0.42829442024230957,0.12656919658184052,0.06481905281543732,1.151286244392395,1.308306097984314,0.0
396000,4440000,2,193,401805.0,4451925.0,True,30.15005111694336,82.66328430175781,25.16307258605957,61.891151428222656,0.9481861591339111,0.14059551060199738,0.17307353019714355,1.083774209022522,1.5034475326538086,0.0
420000,4512000,147,254,427635.0,4519575.0,False,25.80990219116211,69.95954132080078,-18.92473602294922,19.258708953857422,0.5154185891151428,0.1849832832813263,0.16317753493785858,1.4123436212539673,1.9670659303665161,0.0
432000,4548000,216,205,438165.0,4553505.0,False,3.264178991317749,9.97960090637207,-9.472086906433105,-14.920966148376465,0.4672118127346039,0.17515814304351807,0.21496839821338654,1.3540434837341309,1.917994737625122,3.3333332538604736
384000,4452000,301,186,389595.0,4454955.0,False,13.033462524414062,38.73805236816406,-7.801432132720947,-22.06777572631836,0.7630633115768433,0.14163418114185333,0.16245262324810028,1.1685123443603516,1.569061517715454,0.0
444000,4452000,92,365,454965.0,4461225.0,False,12.612916946411133,34.810302734375,-10.27354621887207,-14.16000747680664,0.39371827244758606,0.2547887861728668,0.06373246759176254,1.1305841207504272,1.6640443801879883,730.95849609375
432000,4584000,366,353,442605.0,4585005.0,False,26.863353729248047,78.1955795288086,5.4986982345581055,-34.65925979614258,-0.91728276014328,0.5575711131095886,-0.010184715501964092,1.6658124923706055,1.5044456720352173,0.0
444000,4584000,165,206,450195.0,4591035.0,False,14.274613380432129,40.28335189819336,-12.885539054870605,-22.42889976501465,-0.9047238826751709,0.17557114362716675,0.19520939886569977,1.2854807376861572,1.7483423948287964,633.3251953125
324000,4464000,219,85,326565.0,4469415.0,False,17.9714412689209,44.44205856323242,23.58322525024414,87.2330322265625,-0.06373923271894455,0.0795460194349289,0.057973045855760574,1.1398987770080566,1.272600769996643,0.0
696000,4452000,172,26,696795.0,4458825.0,False,11.136545181274414,28.53390884399414,-7.036295413970947,8.522787094116211,-0.6679366827011108,0.11511564254760742,0.15305417776107788,1.1396156549453735,1.5236655473709106,367.0151672363281
456000,4500000,343,382,467475.0,4501695.0,True,12.419831275939941,33.64641571044922,31.91621971130371,86.18118286132812,-0.18882746994495392,0.10556808114051819,0.18177556991577148,1.2088117599487305,1.8072071075439453,0.0
468000,4236000,325,307,477225.0,4238235.0,True,15.242246627807617,32.54010772705078,1.8205158710479736,-4.944919109344482,0.008741583675146103,0.10001052170991898,0.13144180178642273,1.184862494468689,1.6554285287857056,0.0
396000,4404000,200,79,398385.0,4409985.0,False,19.4263973236084,52.57485580444336,-65.23381805419922,-83.82903289794922,0.12375456094741821,0.17079459130764008,0.05990368872880936,1.1656845808029175,1.4054168462753296,0.0
360000,4296000,378,227,366825.0,4296645.0,False,2.080379009246826,4.898220539093018,-0.5794135332107544,-5.443088054656982,-0.0006230763392522931,0.10038213431835175,0.0876607894897461,1.082114338874817,1.5163965225219727,636.867919921875
420000,4512000,193,81,422445.0,4518195.0,False,24.34002113342285,65.26956176757812,31.561279296875,112.82903289794922,-0.8933730721473694,0.2010660171508789,0.15681733191013336,1.2944746017456055,1.7221840620040894,0.0
444000,4296000,281,181,449445.0,4299555.0,True,22.935842514038086,60.23828125,-19.37733268737793,-6.24658203125,-0.7776166200637817,0.2672649919986725,0.07149402797222137,1.259804368019104,1.5767666101455688,0.0
396000,4344000,100,274,404235.0,4352985.0,False,4.749634265899658,13.888617515563965,-6.110880374908447,-46.89739227294922,0.35189545154571533,0.11709296703338623,0.1235940009355545,1.0857311487197876,1.4933795928955078,530.5662841796875
648000,4428000,53,31,648945.0,4438395.0,False,3.755777597427368,15.299017906188965,-21.3779296875,-22.92729949951172,-0.3709588050842285,0.1845155507326126,0.19149643182754517,1.196054220199585,1.5932633876800537,791.771484375
360000,4488000,95,312,369375.0,4497135.0,False,2.833784341812134,8.09445571899414,-0.345038503408432,-2.240614175796509,0.839246928691864,0.12792591750621796,0.14632630348205566,1.1205203533172607,1.4866127967834473,973.8069458007812
396000,4440000,284,147,400425.0,4443465.0,False,16.214744567871094,44.15776824951172,-4.4015302658081055,27.13408851623535,0.15357264876365662,0.10442085564136505,0.17221789062023163,1.1439003944396973,1.5948437452316284,0.0
432000,4512000,126,239,439185.0,4520205.0,False,22.806604385375977,56.07596969604492,-10.867119789123535,-28.33365821838379,0.9835272431373596,0.15480609238147736,0.20971272885799408,1.3930336236953735,2.077059030532837,0.0
420000,4392000,53,361,430845.0,4402395.0,False,9.91256332397461,28.40440559387207,4.394232749938965,-25.47426986694336,-0.3927207291126251,0.1136704608798027,0.13794010877609253,1.1602513790130615,1.5460052490234375,0.0
360000,4464000,275,232,366975.0,4467735.0,False,10.526665687561035,27.35544204711914,-14.85240364074707,-24.47020149230957,0.5681124925613403,0.21930716931819916,0.056706108152866364,1.217329740524292,1.3990819454193115,0.0
372000,4476000,390,65,373965.0,4476285.0,False,13.056455612182617,31.23004722595215,21.5823974609375,44.47285842895508,-0.4252544045448303,0.14596997201442719,0.14027297496795654,1.1170942783355713,1.6227107048034668,541.3876953125
360000,4500000,138,345,370365.0,4507845.0,False,8.743959426879883,24.78154754638672,33.07801818847656,94.18766021728516,-0.12585364282131195,0.08797352761030197,0.14240509271621704,1.2149156332015991,1.505791187286377,0.0
396000,4404000,305,57,397725.0,4406835.0,False,20.12497901916504,53.20766830444336,-58.45722198486328,-104.31562805175781,0.31527721881866455,0.17079459130764008,0.05990368872880936,1.1656845808029175,1.4054168462753296,0.0
348000,4476000,40,183,353505.0,4486785.0,False,3.860103130340576,8.90040397644043,-5.478081703186035,-17.921588897705078,-0.10335377603769302,0.14409232139587402,0.140899196267128,1.1366143226623535,1.4874143600463867,697.9285888671875
396000,4452000,286,383,407505.0,4455405.0,True,15.841262817382812,42.16598892211914,11.45834732055664,-4.25379753112793,0.3303685188293457,0.13259968161582947,0.16499727964401245,1.2306674718856812,1.6233489513397217,149.35888671875
432000,4392000,259,72,434175.0,4396215.0,False,21.053783416748047,60.6737060546875,39.67671585083008,76.87940979003906,-0.7511407732963562,0.28601810336112976,0.10549068450927734,1.288318157196045,1.5459506511688232,0.0
324000,4464000,83,211,330345.0,4473495.0,False,10.120217323303223,24.859375,14.077813148498535,22.87548828125,-0.10286493599414825,0.0490359291434288,0.053539976477622986,1.1675890684127808,1.2543832063674927,0.0
372000,4464000,339,37,373125.0,4465815.0,False,7.612986087799072,22.57347297668457,-19.23006248474121,-47.97368621826172,0.8636265993118286,0.12825986742973328,0.12383736670017242,1.0673224925994873,1.3859831094741821,977.0364379882812
384000,4356000,34,215,390465.0,4366965.0,False,20.487125396728516,62.943641662597656,-9.472140312194824,-39.03358459472656,0.7557790875434875,0.08631081879138947,0.15486492216587067,1.1130971908569336,1.5029042959213257,161.82241821289062
360000,4464000,331,286,368595.0,4466055.0,False,17.63176918029785,41.62893295288086,14.827311515808105,-2.545776128768921,-0.31004223227500916,0.19375845789909363,0.12614381313323975,1.1635582447052002,1.4793155193328857,0.0
396000,4248000,51,268,404055.0,4258455.0,False,4.097559928894043,11.03445053100586,-4.7425537109375,-10.827392578125,-0.3849042057991028,0.15585015714168549,0.058064043521881104,1.0890443325042725,1.5067474842071533,572.9751586914062
732000,4476000,229,136,736095.0,4481115.0,False,9.78654670715332,29.98729133605957,-4.719902515411377,-3.8610024452209473,0.6817656755447388,0.18803671002388,0.14971381425857544,1.206206202507019,1.61930513381958,510.2945556640625
444000,4572000,4,75,446265.0,4583865.0,False,20.10639762878418,53.54447555541992,-21.48779296875,-82.52516174316406,0.9205396175384521,0.16434863209724426,0.1857847422361374,1.3685139417648315,1.9680767059326172,616.7709350585938
360000,4464000,157,205,366165.0,4471275.0,False,10.223466873168945,25.58077049255371,-6.092583656311035,15.19044303894043,-0.8665236830711365,0.238114133477211,0.10709720104932785,1.172515869140625,1.4862638711929321,0.0
360000,4512000,180,325,369765.0,4518585.0,False,3.231388807296753,8.206624031066895,-0.4719645380973816,-25.738605499267578,0.9181133508682251,0.09088845551013947,0.1556561142206192,1.131816029548645,1.4701673984527588,0.0
744000,4608000,372,9,744285.0,4608825.0,False,14.980375289916992,41.27533721923828,13.563504219055176,33.53032684326172,-0.8070878982543945,0.3210967481136322,0.16655179858207703,1.251353144645691,1.697862148284912,0.0
396000,4248000,27,71,398145.0,4259175.0,False,4.517119884490967,13.312540054321289,-0.691175639629364,-5.620375156402588,-0.6186308860778809,0.09058298170566559,0.13607284426689148,1.0948854684829712,1.478442907333374,750.2001342773438
336000,4476000,189,364,346935.0,4482315.0,False,14.536171913146973,41.55935287475586,-13.246026039123535,-49.52495574951172,-0.6180953979492188,0.18738506734371185,0.10815374553203583,1.12608802318573,1.533070683479309,0.0
420000,4296000,222,31,420945.0,4301325.0,True,9.868864059448242,26.87611198425293,-18.85872459411621,-12.19080924987793,-0.7573153376579285,0.062328532338142395,0.08074978739023209,1.1481883525848389,1.3782814741134644,0.0
372000,4476000,167,393,383805.0,4482975.0,False,5.000331878662109,11.769938468933105,0.0617540068924427,-5.020684242248535,0.3016359806060791,0.11027226597070694,0.15861797332763672,1.0790596008300781,1.5084400177001953,284.0783996582031
684000,4464000,92,16,684495.0,4473225.0,False,3.1525347232818604,7.579969882965088,-0.3954806923866272,-4.73451042175293,0.02406332828104496,0.12508489191532135,0.1855936050415039,1.1697176694869995,1.5578978061676025,997.5469970703125
396000,4512000,225,157,400725.0,4517235.0,False,11.027433395385742,30.15390396118164,40.12323760986328,87.56719207763672,0.1371607929468155,0.11447703838348389,0.19426387548446655,1.2413954734802246,1.805214762687683,0.0
636000,4296000,307,80,638415.0,4298775.0,True,23.875322341918945,73.42881774902344,1.0806478261947632,64.64852142333984,0.9457755088806152,0.2750568687915802,0.13289296627044678,1.1723841428756714,1.4475611448287964,93.4763412475586
408000,4260000,204,146,412395.0,4265865.0,False,7.303572654724121,15.80531120300293,-7.7692060470581055,-11.431586265563965,0.11762658506631851,0.15273816883563995,0.06763958930969238,1.1356887817382812,1.406113862991333,835.3446044921875
444000,4440000,188,159,448785.0,4446345.0,False,19.18964385986328,49.859092712402344,-1.0315619707107544,23.69443130493164,0.8851945996284485,0.09832863509654999,0.2123994082212448,1.196511149406433,1.6188302040100098,90.0
360000,4452000,228,254,367635.0,4457145.0,False,20.161027908325195,51.17158889770508,16.19105339050293,47.90923309326172,0.49516579508781433,0.15870873630046844,0.19394007325172424,1.0723097324371338,1.616748571395874,0.0
384000,4452000,246,167,389025.0,4456605.0,False,12.13695240020752,26.94326400756836,-5.5772294998168945,-18.78504753112793,-0.9252811074256897,0.14642883837223053,0.17935511469841003,1.1806284189224243,1.6157233715057373,0.0
372000,4260000,251,132,375975.0,4264455.0,False,18.203670501708984,49.53237533569336,8.705594062805176,53.06696319580078,-0.2870183289051056,0.12548525631427765,0.11219590157270432,1.0632891654968262,1.5150928497314453,870.3447265625
312000,4488000,324,363,322905.0,4490265.0,False,16.83064079284668,44.30528259277344,-0.6899956464767456,-1.434109091758728,0.6536194086074829,0.11950764060020447,0.18368692696094513,1.1017543077468872,1.5848606824874878,0.0
336000,4500000,61,321,345645.0,4510155.0,False,4.8906636238098145,11.868462562561035,0.6167534589767456,0.3688558042049408,-0.19069212675094604,0.0609213188290596,0.11706002801656723,1.1735416650772095,1.4138648509979248,296.4818420410156
408000,4212000,110,10,408315.0,4220685.0,False,21.281282424926758,55.62594985961914,-7.050550937652588,-7.119561195373535,0.9788135886192322,0.08854741603136063,0.19905398786067963,1.0961724519729614,1.7426226139068604,60.0
420000,4524000,146,83,422505.0,4531605.0,False,2.426168918609619,5.665432453155518,-0.01106770895421505,-2.739000082015991,0.030357586219906807,0.1515471339225769,0.18530279397964478,1.433398723602295,2.052396535873413,859.0731201171875
396000,4260000,45,153,400605.0,4270635.0,False,31.003463745117188,92.00716400146484,11.55467414855957,126.10590362548828,0.3894195854663849,0.1385892927646637,0.09846218675374985,1.0696172714233398,1.4664428234100342,784.4188232421875
444000,4596000,109,182,449475.0,4604715.0,False,23.60812759399414,56.5921630859375,11.051229476928711,-6.658135414123535,0.9962109327316284,0.09430801868438721,0.13949505984783173,1.255172848701477,1.4832698106765747,0.0
384000,4392000,3,375,395265.0,4403895.0,False,25.150434494018555,68.42092895507812,40.40249252319336,104.4478530883789,0.12873435020446777,0.102872833609581,0.09806281328201294,1.129169225692749,1.3921619653701782,0.0
360000,4524000,369,187,365625.0,4524915.0,False,8.760398864746094,20.487060546875,0.488457590341568,14.966118812561035,-0.06566324084997177,0.10252416878938675,0.18149687349796295,1.1457473039627075,1.5987483263015747,750.0
420000,4296000,258,246,427395.0,4300245.0,True,21.860700607299805,58.634033203125,44.7716178894043,158.44677734375,-0.7695615291595459,0.3803994059562683,0.06529082357883453,1.2687561511993408,1.4785584211349487,0.0
612000,4596000,99,321,621645.0,4605015.0,False,6.128227233886719,15.563286781311035,-9.52562141418457,-19.40711784362793,-0.5924088358879089,0.3141741156578064,0.18926630914211273,1.2946223020553589,1.6855064630508423,700.7852172851562
420000,4236000,60,109,423285.0,4246185.0,False,27.2510929107666,85.00631713867188,4.828477382659912,41.45597457885742,0.5903105735778809,0.12059588730335236,0.12699584662914276,1.2445521354675293,1.6319025754928589,696.2762451171875
420000,4536000,137,198,425955.0,4543875.0,False,2.2980358600616455,5.615396976470947,-0.7929823398590088,-3.8384060859680176,-0.9738335609436035,0.13520051538944244,0.2142600417137146,1.2499520778656006,1.800498127937317,193.64892578125
384000,4404000,244,398,395955.0,4408665.0,False,23.4807071685791,61.900390625,8.633871078491211,14.898505210876465,0.48819392919540405,0.09241882711648941,0.1513729989528656,1.1523549556732178,1.6156355142593384,607.9474487304688
396000,4260000,197,192,401775.0,4266075.0,True,31.190141677856445,84.48255920410156,15.1883544921875,54.03715133666992,0.9125863313674927,0.10883483290672302,0.08542045950889587,1.0268250703811646,1.499939203262329,0.0
408000,4260000,306,202,414075.0,4262805.0,True,10.314006805419922,31.71657943725586,-17.89141082763672,-22.24658203125,0.39165759086608887,0.16022934019565582,0.12337838113307953,1.158768892288208,1.497026801109314,0.0
396000,4488000,318,85,398565.0,4490445.0,True,21.309349060058594,54.89252471923828,-47.59605407714844,-3.7729220390319824,0.037459928542375565,0.14893582463264465,0.1639733463525772,1.3794748783111572,1.845208764076233,257.49285888671875
372000,4440000,311,379,383385.0,4442655.0,False,5.222174644470215,13.586480140686035,-5.760633945465088,-15.38026237487793,-0.28172963857650757,0.1305740475654602,0.14783012866973877,1.127862811088562,1.42476487159729,14.714045524597168
444000,4464000,383,150,448515.0,4464495.0,False,17.42580223083496,44.40287399291992,-13.816487312316895,-28.50139617919922,-0.22260548174381256,0.13066041469573975,0.08342621475458145,1.1022416353225708,1.4973210096359253,212.60696411132812
336000,4464000,380,202,342075.0,4464585.0,False,3.6917800903320312,9.492147445678711,1.1744927167892456,-2.518690347671509,0.42402106523513794,0.047152698040008545,0.09401202946901321,1.100294828414917,1.3484750986099243,0.0
384000,4440000,88,14,384435.0,4449345.0,False,9.904520034790039,28.9901123046875,33.66061782836914,132.8161163330078,0.6322210431098938,0.10668045282363892,0.14093159139156342,1.1570100784301758,1.5481995344161987,0.0
420000,4284000,42,16,420495.0,4294725.0,True,7.111390113830566,16.50584602355957,2.024034261703491,-20.72768783569336,-0.08049408346414566,0.11969558894634247,0.10774027556180954,1.1198900938034058,1.4937108755111694,191.3253631591797
372000,4512000,191,203,378105.0,4518255.0,False,24.1369686126709,66.22736358642578,19.52294921875,-3.646552085876465,0.5958663821220398,0.10101871937513351,0.184174045920372,1.1278188228607178,1.650299072265625,0.0
420000,4260000,114,172,425175.0,4268565.0,True,12.10385513305664,30.40085220336914,7.986111164093018,12.496771812438965,0.6602912545204163,0.15824365615844727,0.0383126437664032,1.1792460680007935,1.3617911338806152,0.0
372000,4512000,233,62,373875.0,4516995.0,False,8.690415382385254,21.71834373474121,-1.028564453125,1.6700981855392456,-0.4732876420021057,0.09968935698270798,0.1648922711610794,1.200316071510315,1.6226956844329834,0.0
384000,4440000,104,384,395535.0,4448865.0,False,1.8035070896148682,4.728800296783447,-1.491455078125,-13.156819343566895,0.5064573884010315,0.0766170471906662,0.1855545938014984,1.0352686643600464,1.5733132362365723,942.337646484375
396000,4260000,239,252,403575.0,4264815.0,True,25.4172420501709,62.79330825805664,-19.13145637512207,-22.38176727294922,-0.3331485092639923,0.10836076736450195,0.08143074810504913,1.091045618057251,1.4034961462020874,0.0
360000,4476000,352,179,365385.0,4477425.0,False,3.7272837162017822,11.12594985961914,-1.337646484375,-8.38723373413086,-0.7863922715187073,0.10714380443096161,0.14041996002197266,1.0828155279159546,1.4629623889923096,430.2332458496094
396000,4512000,260,365,406965.0,4516185.0,False,2.745729446411133,8.00999641418457,-0.8761799931526184,-9.38880729675293,0.5847112536430359,0.15807098150253296,0.1887335628271103,1.4478625059127808,2.1805152893066406,997.547119140625
372000,4272000,80,51,373545.0,4281585.0,False,22.321346282958984,60.90909957885742,61.69607162475586,151.05775451660156,-0.12411133199930191,0.19881638884544373,0.12229067087173462,1.1021745204925537,1.4579212665557861,367.0151672363281
648000,4380000,268,166,652995.0,4383945.0,False,7.19815731048584,17.58637046813965,-0.5399577021598816,-10.814724922180176,0.7545669674873352,0.1479206532239914,0.1754978895187378,1.2247130870819092,1.6343141794204712,583.0100708007812
372000,4428000,336,20,372615.0,4429905.0,False,7.04221248626709,20.59893035888672,-8.206719398498535,-19.50626564025879,-0.08301720768213272,0.11810257285833359,0.13060800731182098,1.080440640449524,1.4271090030670166,0.0
696000,4488000,116,215,702465.0,4496505.0,False,14.389894485473633,40.31494140625,-8.994900703430176,-21.31342315673828,0.7823408246040344,0.2859843373298645,0.09798168390989304,1.2020351886749268,1.4552712440490723,732.6650390625
372000,4464000,141,371,383145.0,4471755.0,False,2.006877899169922,4.805609703063965,-0.1875406801700592,-3.2383761405944824,0.08839180320501328,0.08932303637266159,0.16632957756519318,1.0896618366241455,1.4962732791900635,708.4490356445312
348000,4512000,383,163,352905.0,4512495.0,False,1.0471608638763428,4.087375164031982,-5.685709476470947,-28.716552734375,0.4069423973560333,0.11422013491392136,0.15014122426509857,1.193960189819336,1.7415300607681274,806.3497924804688
456000,4392000,15,8,456255.0,4403535.0,False,5.050806522369385,14.07469367980957,-11.128092765808105,-23.25352668762207,-0.9234122633934021,0.22824078798294067,0.12148342281579971,1.1207597255706787,1.616582989692688,466.3700866699219
372000,4248000,209,140,376215.0,4253715.0,True,20.45381736755371,48.38454818725586,7.02734375,26.90390396118164,-0.9325408339500427,0.15749125182628632,0.16475646197795868,1.0593940019607544,1.4955552816390991,0.0
444000,4392000,133,341,454245.0,4399995.0,False,10.50178337097168,31.93155860900879,-2.980780839920044,-5.8810625076293945,0.6749813556671143,0.18838977813720703,0.11509061604738235,1.116771936416626,1.6754459142684937,450.0
432000,4404000,359,17,432525.0,4405215.0,False,15.968551635742188,45.40688705444336,32.9185791015625,53.72802734375,-0.1328427791595459,0.12992404401302338,0.13856971263885498,1.1643460988998413,1.491497278213501,0.0
396000,4512000,64,396,407895.0,4522065.0,False,11.090450286865234,25.34330177307129,5.097371578216553,8.001912117004395,-0.8688156604766846,0.1488921046257019,0.18998625874519348,1.3662468194961548,1.9117318391799927,0.0
420000,4296000,319,310,429315.0,4298415.0,True,4.635558605194092,14.05088996887207,8.39748764038086,-4.943142414093018,0.09913738816976547,0.33221808075904846,0.10505753755569458,1.2639888525009155,1.4841691255569458,0.0
396000,4248000,398,354,406635.0,4248045.0,False,4.5062031745910645,13.249226570129395,0.0856119766831398,-20.20054817199707,0.7493586540222168,0.10334935784339905,0.11509834975004196,1.0169191360473633,1.576185703277588,735.80126953125
300000,4488000,363,131,303945.0,4489095.0,False,4.0763702392578125,11.979912757873535,-7.982110023498535,-26.34003448486328,-0.5067065954208374,0.10360393673181534,0.12271662801504135,1.1977566480636597,1.461901068687439,91.73817443847656
432000,4548000,287,41,433245.0,4551375.0,False,7.881361961364746,18.49795150756836,-2.3175861835479736,-4.013753414154053,0.021966474130749702,0.15529204905033112,0.17901885509490967,1.331594705581665,1.8862048387527466,201.20281982421875
732000,4596000,155,339,742185.0,4603335.0,False,5.258951663970947,15.44398307800293,-11.531914710998535,-45.84126663208008,-0.7243301868438721,0.19970595836639404,0.2017643004655838,1.1876425743103027,1.6331003904342651,26.881650924682617
408000,4212000,61,159,412785.0,4222155.0,False,7.715203285217285,21.06993293762207,-2.5035400390625,-0.6255560517311096,0.8318020701408386,0.10008451342582703,0.15153616666793823,1.154189944267273,1.7520835399627686,90.0
408000,4248000,322,100,411015.0,4250325.0,True,18.68810272216797,42.41468811035156,-8.254556655883789,-17.59568977355957,-0.9194211959838867,0.15667638182640076,0.15470105409622192,1.1905547380447388,1.703042984008789,0.0
456000,4488000,330,203,462105.0,4490085.0,True,29.42386817932129,84.69712829589844,-5.854275226593018,18.32191276550293,-0.6196169257164001,0.15843059122562408,0.18559466302394867,1.2219362258911133,1.644771695137024,80.82179260253906
324000,4464000,181,110,327315.0,4470555.0,False,29.102840423583984,91.68898010253906,22.51624870300293,147.11329650878906,0.8299550414085388,0.11466243118047714,0.0889461487531662,1.147386908531189,1.3830524682998657,0.0
432000,4596000,134,128,435855.0,4603965.0,False,4.794574737548828,11.54368782043457,-1.4869520664215088,-9.48239517211914,0.2060159593820572,0.16147086024284363,0.23295533657073975,1.4310358762741089,1.89620840549469,899.1124877929688
672000,4608000,374,33,673005.0,4608765.0,False,4.646667957305908,10.817166328430176,-5.1702880859375,-25.60978126525879,0.9022053480148315,0.14150387048721313,0.15154719352722168,1.1449025869369507,1.6665441989898682,979.7958984375
336000,4428000,340,211,342345.0,4429785.0,False,1.8854619264602661,4.311740398406982,1.0298123359680176,1.2965900897979736,0.05161549896001816,0.09973867237567902,0.12387971580028534,1.090660572052002,1.5920331478118896,666.558349609375
336000,4500000,314,54,337635.0,4502565.0,False,7.712358474731445,22.50991439819336,-1.9281818866729736,-3.8025174140930176,0.9732366800308228,0.09796857088804245,0.15285158157348633,1.228136658668518,1.7182327508926392,169.71453857421875
396000,4260000,135,285,404565.0,4267935.0,True,25.9290771484375,78.87906646728516,-19.84955406188965,-12.913872718811035,0.5472883582115173,0.11213982105255127,0.11858168244361877,1.2248644828796387,1.4252597093582153,0.0
360000,4284000,213,359,370785.0,4289595.0,False,1.5909922122955322,3.9799396991729736,-1.0964219570159912,-1.1042886972427368,-0.9655409455299377,0.10047920048236847,0.11471711099147797,1.064529299736023,1.485730767250061,350.71417236328125
312000,4488000,324,302,321075.0,4490265.0,False,2.5581367015838623,6.39305305480957,-2.985419273376465,-1.0968966484069824,0.9396902918815613,0.11950764060020447,0.18368692696094513,1.1017543077468872,1.5848606824874878,870.0
444000,4452000,333,235,451065.0,4453995.0,True,18.540407180786133,50.07211685180664,4.597100257873535,1.4672715663909912,0.3659408390522003,0.18489377200603485,0.15543603897094727,1.1503347158432007,1.6446822881698608,0.0
408000,4248000,51,213,414405.0,4258455.0,True,16.2276554107666,38.2672004699707,3.857720375061035,-16.50115203857422,0.9434845447540283,0.11719672381877899,0.08581952005624771,1.118410348892212,1.582607626914978,0.0
720000,4560000,177,160,724815.0,4566675.0,False,9.996438980102539,23.30433464050293,1.1560466289520264,-7.711398601531982,-0.9278298020362854,0.21621957421302795,0.16202035546302795,1.1663488149642944,1.552986741065979,390.0
360000,4512000,143,361,370845.0,4519695.0,False,7.075043201446533,19.13751983642578,-10.977824211120605,-5.210761070251465,0.6350188255310059,0.08399239927530289,0.14003001153469086,1.1504002809524536,1.4693071842193604,0.0
384000,4248000,88,114,387435.0,4257345.0,True,11.519134521484375,26.43248176574707,-0.9449869990348816,31.52742576599121,0.9534356594085693,0.12297774851322174,0.10221891850233078,1.147689938545227,1.469363808631897,0.0
432000,4560000,259,94,434835.0,4564215.0,False,23.030014038085938,61.76303482055664,29.36790657043457,50.70022201538086,0.9505382180213928,0.11172167211771011,0.09989893436431885,1.2699474096298218,1.5282795429229736,0.0
336000,4452000,34,183,341505.0,4462965.0,False,0.3458850681781769,0.9156765341758728,0.017333984375,-2.466552734375,-0.24880214035511017,0.08352776616811752,0.09457069635391235,1.0864876508712769,1.5196707248687744,135.59402465820312
396000,4512000,253,59,397785.0,4516395.0,False,23.907114028930664,76.53621673583984,-2.408379554748535,-27.36594009399414,-0.664887547492981,0.15053001046180725,0.17682191729545593,1.3153808116912842,1.854720950126648,0.0
408000,4248000,280,239,415185.0,4251585.0,True,17.07742691040039,44.21457290649414,15.60617446899414,41.747314453125,0.932685375213623,0.14940522611141205,0.1603587120771408,1.2081122398376465,1.78658127784729,0.0
384000,4464000,6,397,395925.0,4475805.0,True,19.395675659179688,51.60072326660156,-19.31772232055664,-77.92959594726562,-0.004728528205305338,0.23576530814170837,0.11059170216321945,1.2571369409561157,1.5930391550064087,44.92902755737305
336000,4500000,46,172,341175.0,4510605.0,False,9.52132511138916,32.23019790649414,-0.012383341789245605,12.02346420288086,-0.1014350950717926,0.06060915067791939,0.10074175894260406,1.2345274686813354,1.4760026931762695,0.0
372000,4272000,75,67,374025.0,4281735.0,True,20.320730209350586,51.2689323425293,9.54185676574707,52.4478645324707,-0.4494878649711609,0.23747175931930542,0.10261161625385284,1.1010006666183472,1.4302641153335571,161.66990661621094
648000,4380000,285,161,652845.0,4383435.0,False,3.904690980911255,10.083251953125,-0.9660101532936096,-12.631131172180176,0.2983897626399994,0.16389206051826477,0.1734427958726883,1.2168588638305664,1.6563833951950073,427.9045104980469
684000,4464000,25,258,691755.0,4475235.0,False,0.6664160490036011,1.8036702871322632,-0.4716932475566864,-4.441542148590088,0.9228405356407166,0.0812799334526062,0.1509346067905426,1.1223480701446533,1.5643665790557861,170.30174255371094
408000,4512000,124,352,418575.0,4520265.0,False,4.1024065017700195,10.871541023254395,0.16162109375,0.7523193359375,-0.6350056529045105,0.13958102464675903,0.20052741467952728,1.2851693630218506,1.9877352714538574,670.7410278320312
324000,4476000,98,241,331245.0,4485045.0,False,21.830392837524414,62.61069107055664,-8.5765380859375,68.89777374267578,0.4634128510951996,0.13691413402557373,0.05606064945459366,1.1690973043441772,1.3187130689620972,0.0
300000,4440000,156,174,305235.0,4447305.0,False,8.520371437072754,22.50234603881836,-17.52737045288086,-48.93585968017578,-0.4373861849308014,0.1033119261264801,0.17707908153533936,1.0508838891983032,1.5607537031173706,148.6625518798828
432000,4596000,368,228,438855.0,4596945.0,False,6.494030475616455,17.47723960876465,-3.415052652359009,-34.13075256347656,0.3687882125377655,0.16142421960830688,0.2064509391784668,1.3868052959442139,1.8050047159194946,242.2645721435547
360000,4440000,394,160,364815.0,4440165.0,False,3.1321065425872803,8.506375312805176,-2.201280355453491,-19.806884765625,0.8984364867210388,0.1092909723520279,0.11422956734895706,1.1207211017608643,1.3693550825119019,433.359130859375
336000,4452000,22,180,341415.0,4463325.0,False,0.3918411433696747,1.0020344257354736,-0.3221706748008728,-3.905571937561035,0.14286544919013977,0.0705605298280716,0.10358160734176636,1.0802048444747925,1.4840580224990845,382.3612365722656
432000,4584000,306,277,440325.0,4586805.0,False,24.062053680419922,71.58786010742188,9.888833999633789,68.33794403076172,-0.7635395526885986,0.5437542200088501,0.02837371453642845,1.6359293460845947,1.5372716188430786,0.0
408000,4428000,237,176,413295.0,4432875.0,False,16.24491310119629,43.05681610107422,-5.706393718719482,-10.51357650756836,-0.7685099840164185,0.12640365958213806,0.14714807271957397,1.187920331954956,1.408201813697815,466.90509033203125
372000,4272000,3,95,374865.0,4283895.0,True,7.256612777709961,20.11321258544922,-4.543850421905518,-0.830308735370636,0.5987400412559509,0.11495289206504822,0.10457208007574081,1.1381611824035645,1.4456462860107422,0.0
420000,4428000,13,327,429825.0,4439595.0,False,30.058002471923828,86.90288543701172,-45.42259216308594,-81.50482940673828,-0.19321103394031525,0.16275644302368164,0.09231626242399216,1.1522849798202515,1.3802772760391235,0.0
684000,4464000,122,137,688125.0,4472325.0,False,2.0399110317230225,5.383490562438965,-3.625244140625,-14.549967765808105,0.2575879395008087,0.09073641896247864,0.17697423696517944,1.1615633964538574,1.572847604751587,0.0
396000,4488000,255,207,402225.0,4492335.0,True,31.377304077148438,75.80728149414062,2.81982421875,-69.58878326416016,0.06727033853530884,0.19145284593105316,0.05742456018924713,1.3177118301391602,1.4911655187606812,0.0
384000,4440000,338,0,384015.0,4441845.0,False,18.208208084106445,43.28337860107422,-11.417724609375,-25.8958740234375,0.3553444445133209,0.1001952514052391,0.09922980517148972,1.1581586599349976,1.4124799966812134,26.094757080078125
660000,4608000,337,302,669075.0,4609875.0,False,21.23766326904297,61.34174346923828,13.523138999938965,7.183159828186035,-0.5726122260093689,0.20419177412986755,0.1453452706336975,1.2217278480529785,1.649638056755066,80.82179260253906
432000,4548000,172,123,435705.0,4554825.0,False,14.437894821166992,40.920166015625,1.2405191659927368,17.37418556213379,0.5527110695838928,0.1813393384218216,0.19835421442985535,1.452141523361206,2.0646464824676514,0.0
360000,4512000,56,250,367515.0,4522305.0,False,3.500441551208496,9.75596809387207,-3.9783663749694824,6.011148929595947,0.2285897135734558,0.0686623752117157,0.11936188489198685,1.1538166999816895,1.4138151407241821,0.0
420000,4500000,164,285,428565.0,4507065.0,True,18.92694091796875,53.62912368774414,-15.0308837890625,-22.13480567932129,0.8947598934173584,0.17542049288749695,0.21575689315795898,1.571808099746704,2.204575777053833,65.99678802490234
384000,4488000,353,328,393855.0,4489395.0,False,4.085665225982666,12.307454109191895,-8.33729362487793,-13.51869010925293,0.7906930446624756,0.1625089943408966,0.18481548130512238,1.1924970149993896,1.7367000579833984,371.8894348144531
300000,4440000,167,330,309915.0,4446975.0,False,7.888978958129883,18.24883270263672,7.286268711090088,-13.61806869506836,0.1547941416501999,0.056522440165281296,0.1048642247915268,1.0872129201889038,1.3537670373916626,920.5977783203125
396000,4248000,361,356,406695.0,4249155.0,True,8.367094039916992,20.56210708618164,-3.862114906311035,-20.92644500732422,-0.0034958613105118275,0.08827913552522659,0.12781569361686707,1.0442249774932861,1.6345347166061401,0.0
444000,4428000,390,188,449655.0,4428285.0,True,13.209020614624023,34.51813507080078,-6.1350908279418945,-22.96088409423828,0.7767735719680786,0.12113647907972336,0.17853966355323792,1.1309616565704346,1.6237529516220093,0.0
708000,4464000,233,95,710865.0,4468995.0,False,12.081097602844238,32.42469787597656,2.464301347732544,30.07326889038086,-0.8236578106880188,0.3936801850795746,0.017292823642492294,1.3324594497680664,1.4457247257232666,284.0783996582031
372000,4248000,1,118,375555.0,4259955.0,True,4.376281261444092,15.84642219543457,2.192572832107544,44.24529266357422,0.8035616874694824,0.1166207417845726,0.16309508681297302,1.0424187183380127,1.4783521890640259,116.35371398925781
324000,4464000,125,223,330705.0,4472235.0,False,10.18572998046875,28.03727149963379,15.502739906311035,36.78336715698242,0.7775865793228149,0.0667024552822113,0.08552820980548859,1.1314637660980225,1.315006971359253,0.0
348000,4296000,167,271,356145.0,4302975.0,False,26.304821014404297,77.19775390625,-8.524210929870605,2.7521159648895264,-0.6431851983070374,0.1152929738163948,0.10521702468395233,1.0815635919570923,1.4209446907043457,457.6031799316406
444000,4416000,127,66,445995.0,4424175.0,False,4.8545379638671875,9.487467765808105,0.9253336787223816,-1.0602484941482544,-0.22894932329654694,0.1529405117034912,0.10532096773386002,1.091310739517212,1.5205559730529785,644.0195922851562
372000,4488000,188,209,378285.0,4494345.0,False,16.825546264648438,48.25300979614258,-2.695746660232544,15.759440422058105,0.6287036538124084,0.09087471663951874,0.0883696973323822,1.165655255317688,1.3652729988098145,3.3333332538604736
420000,4260000,204,363,430905.0,4265865.0,True,12.609515190124512,29.21722984313965,19.52281379699707,47.81442642211914,0.8954139947891235,0.17113849520683289,0.08510417491197586,1.175613284111023,1.4952889680862427,0.0
456000,4404000,381,20,456615.0,4404555.0,False,9.551207542419434,27.59734344482422,-7.52760124206543,10.106770515441895,0.6867185831069946,0.20208312571048737,0.09776385873556137,1.0951333045959473,1.599816918373108,899.1124877929688
408000,4536000,258,190,413715.0,4540245.0,False,9.100078582763672,26.28507423400879,-7.729681968688965,0.1633571982383728,-0.9594355225563049,0.12814685702323914,0.20164957642555237,1.229581356048584,1.6813281774520874,0.0
384000,4248000,192,131,387945.0,4254225.0,False,10.867883682250977,24.33116340637207,0.2060004472732544,-11.147990226745605,0.6590057611465454,0.11494779586791992,0.10122165083885193,1.1218924522399902,1.4525890350341797,366.2063293457031
420000,4428000,305,259,427785.0,4430835.0,True,24.455379486083984,65.38833618164062,2.1234402656555176,10.287678718566895,0.10783170908689499,0.1449725478887558,0.17656609416007996,1.1059693098068237,1.410412073135376,0.0
432000,4560000,150,271,440145.0,4567485.0,False,10.898226737976074,26.90946388244629,-6.550848960876465,5.5994062423706055,0.07671321928501129,0.18221339583396912,0.18498128652572632,1.2989271879196167,1.7827821969985962,0.0
432000,4476000,142,275,440265.0,4483725.0,True,18.770286560058594,51.9124755859375,-12.026543617248535,-11.557087898254395,-0.2509559392929077,0.14261305332183838,0.19245244562625885,1.2512712478637695,1.7564024925231934,180.0
372000,4500000,263,70,374115.0,4504095.0,False,18.76667594909668,47.24689483642578,-5.3389892578125,55.72850036621094,-0.9973152279853821,0.11063750833272934,0.13386742770671844,1.2599234580993652,1.4923096895217896,0.0
708000,4560000,5,306,717195.0,4571835.0,False,7.120458126068115,23.86187171936035,-15.302327156066895,-34.226318359375,-0.10012184083461761,0.258046954870224,0.16947972774505615,1.2119841575622559,1.4823813438415527,730.95849609375
372000,4488000,18,270,380115.0,4499445.0,False,11.488969802856445,32.54398727416992,-2.4496121406555176,4.942803382873535,0.3229721486568451,0.11487217992544174,0.1399260312318802,1.1864384412765503,1.6295170783996582,0.0
432000,4584000,189,292,440775.0,4590315.0,False,33.40785598754883,108.57815551757812,15.30954360961914,-9.748046875,-0.76125568151474,0.46675318479537964,-0.0363481268286705,1.5753427743911743,1.418217420578003,0.0
408000,4260000,204,44,409335.0,4265865.0,True,22.958572387695312,55.47211456298828,11.78390884399414,-6.403537273406982,-0.17077016830444336,0.18562087416648865,0.11085723340511322,1.116486668586731,1.4689489603042603,0.0
648000,4452000,68,357,658725.0,4461945.0,False,5.730443954467773,14.744384765625,2.343994140625,-8.538519859313965,-0.6428419947624207,0.22262780368328094,0.1341865211725235,1.220249056816101,1.5918071269989014,951.57666015625
372000,4488000,102,241,379245.0,4496925.0,False,3.6869521141052246,8.974853515625,-1.0328505039215088,-10.05434799194336,0.40163207054138184,0.11185722053050995,0.08748044073581696,1.117077112197876,1.397071123123169,0.0
420000,4308000,52,111,423345.0,4318425.0,False,16.653154373168945,42.65607452392578,-8.294745445251465,10.89549446105957,-0.7715720534324646,0.1063096895813942,0.17653347551822662,1.1550465822219849,1.5011630058288574,975.9098510742188
396000,4260000,14,230,402915.0,4271565.0,True,29.654544830322266,69.783203125,21.88929557800293,35.11716079711914,-0.9864709377288818,0.14832793176174164,0.11756354570388794,1.1222172975540161,1.391299843788147,57.6375617980957
372000,4476000,225,216,378495.0,4481235.0,False,3.4699556827545166,9.51486587524414,3.2494845390319824,-3.2999536991119385,0.48283547163009644,0.12864096462726593,0.10227080434560776,1.119541883468628,1.470283031463623,169.1342010498047
360000,4452000,57,223,366705.0,4462275.0,False,15.648786544799805,43.53145217895508,-10.02781867980957,24.73863410949707,-0.4155515730381012,0.1330285370349884,0.12096093595027924,1.1717127561569214,1.6067224740982056,126.15751647949219
372000,4248000,219,180,377415.0,4253415.0,True,9.237409591674805,22.49637794494629,-8.393595695495605,-29.05329132080078,-0.9927589893341064,0.121756911277771,0.13405923545360565,1.0745651721954346,1.4497547149658203,229.32150268554688
372000,4488000,283,128,375855.0,4491495.0,False,4.688958168029785,11.8643798828125,4.542562007904053,5.0849199295043945,0.35831141471862793,0.0844491496682167,0.10690046846866608,1.1131898164749146,1.3850481510162354,0.0
432000,4560000,296,17,432525.0,4563105.0,False,5.368232727050781,15.28502082824707,-4.192396640777588,-15.462103843688965,0.19771333038806915,0.19107592105865479,0.1903083324432373,1.4114288091659546,2.06034779548645,510.0
456000,4440000,384,74,458235.0,4440465.0,False,34.88896179199219,95.47026824951172,32.214149475097656,20.44264030456543,0.15873682498931885,0.1830427646636963,0.15083354711532593,1.1504961252212524,1.5587856769561768,816.4559326171875
420000,4308000,337,75,422265.0,4309875.0,False,0.1970638632774353,0.5351291298866272,-0.6858317255973816,-14.585394859313965,0.2880204916000366,0.17098468542099,0.07832179963588715,1.1846507787704468,1.602543592453003,625.4692993164062
396000,4260000,196,321,405645.0,4266105.0,True,26.594961166381836,71.36347198486328,19.75428581237793,50.96150588989258,0.8884148001670837,0.13714855909347534,0.1324843019247055,1.0896825790405273,1.4867098331451416,109.04316711425781
372000,4500000,7,17,372525.0,4511775.0,False,19.261302947998047,53.24423599243164,5.51148796081543,59.4786376953125,0.3430766463279724,0.08743182569742203,0.16634105145931244,1.218765377998352,1.6459096670150757,0.0
372000,4476000,254,158,376755.0,4480365.0,False,3.8167824745178223,9.27232551574707,0.965087890625,-7.621419429779053,0.591641366481781,0.12812931835651398,0.12937994301319122,1.0980334281921387,1.5582077503204346,339.7067565917969
408000,4236000,8,264,415935.0,4247745.0,True,18.485584259033203,51.22493362426758,34.46915817260742,65.52143096923828,-0.8274717926979065,0.20822037756443024,0.11730682104825974,1.2191659212112427,1.5344505310058594,0.0
372000,4272000,274,394,383835.0,4275765.0,True,18.962373733520508,48.84260940551758,-0.07722985744476318,76.79190063476562,0.1781957745552063,0.11387921869754791,0.12923285365104675,1.1364696025848389,1.4308298826217651,0.0
372000,4272000,16,81,374445.0,4283505.0,True,24.692806243896484,71.16141510009766,-0.3428412675857544,28.41578483581543,-0.8882153630256653,0.20309418439865112,0.13825537264347076,1.1064445972442627,1.404257893562317,0.0
312000,4464000,290,375,323265.0,4467285.0,False,20.428213119506836,53.8702278137207,-4.836656093597412,21.19268035888672,-0.37719273567199707,0.11449529230594635,0.18521352112293243,1.115641713142395,1.5524015426635742,0.0
384000,4440000,50,14,384435.0,4450485.0,False,23.978313446044922,69.8968276977539,28.142620086669922,65.32498168945312,-0.5304074287414551,0.10267305374145508,0.127916157245636,1.1341276168823242,1.4863611459732056,0.0
336000,4464000,300,230,342915.0,4466985.0,False,8.586458206176758,21.20431900024414,1.2372640371322632,-1.451931357383728,0.9084424376487732,0.03389572352170944,0.04871686175465584,1.122066855430603,1.251660943031311,0.0
408000,4536000,181,63,409905.0,4542555.0,False,4.209211349487305,12.19251823425293,-3.6794705390930176,-14.60085678100586,-0.9076648950576782,0.14563587307929993,0.20252813398838043,1.343370795249939,2.0070104598999023,94.72756958007812
324000,4464000,269,148,328455.0,4467915.0,False,5.029738426208496,15.03162956237793,-3.204033613204956,-15.97779655456543,0.7382873296737671,0.09092751890420914,0.10628075897693634,1.0744543075561523,1.5504188537597656,627.6796875
396000,4488000,381,313,405405.0,4488555.0,False,23.138051986694336,63.62578582763672,3.405327796936035,16.09231185913086,0.4356575012207031,0.14893582463264465,0.1639733463525772,1.3794748783111572,1.845208764076233,900.0
312000,4476000,45,281,320445.0,4486635.0,False,2.228651285171509,5.172607421875,-0.8411865234375,-4.435329914093018,0.9310378432273865,0.08292082697153091,0.12784309685230255,1.0766897201538086,1.5151935815811157,780.9613037109375
360000,4500000,224,396,371895.0,4505265.0,False,16.20256233215332,44.30070114135742,-6.563164710998535,20.3636474609375,-0.6142038702964783,0.30368468165397644,0.03884923458099365,1.2803090810775757,1.5436251163482666,0.0
636000,4428000,227,389,647685.0,4433175.0,True,6.464197635650635,21.66160774230957,-3.7172579765319824,-16.13887596130371,0.9505457878112793,0.18648603558540344,0.15294715762138367,1.1899144649505615,1.628171682357788,269.4464416503906
396000,4248000,37,357,406725.0,4258875.0,False,10.378344535827637,28.03154754638672,29.88001823425293,24.52791404724121,0.639350175857544,0.1281447559595108,0.14891691505908966,1.0115649700164795,1.4986915588378906,721.3876342773438
336000,4476000,368,333,346005.0,4476945.0,False,11.399864196777344,35.93299865722656,-8.749267578125,-27.48600196838379,0.7220634818077087,0.13029512763023376,0.17176884412765503,1.1460773944854736,1.5919908285140991,395.3502502441406
360000,4464000,216,66,361995.0,4469505.0,False,5.600785732269287,19.53472328186035,12.191962242126465,42.92496871948242,-0.5244863033294678,0.10809484124183655,0.13261650502681732,1.0897564888000488,1.5862207412719727,577.5813598632812
696000,4452000,350,153,700605.0,4453485.0,False,6.563910007476807,19.07648468017578,-16.00808334350586,-9.32321548461914,-0.12138204276561737,0.12108425050973892,0.12835632264614105,1.1415810585021973,1.4336318969726562,558.2978515625
372000,4500000,67,203,378105.0,4509975.0,False,8.329779624938965,21.34282875061035,-0.522203266620636,-8.08029556274414,0.9076991677284241,0.09589573740959167,0.10652635246515274,1.238967776298523,1.5319950580596924,86.22652435302734
336000,4476000,12,333,346005.0,4487625.0,False,15.869338035583496,44.02658462524414,-17.300861358642578,4.376763343811035,-0.5764497518539429,0.3342633843421936,0.1390545517206192,1.2193288803100586,1.4321324825286865,0.0
396000,4512000,121,48,397455.0,4520355.0,False,27.051870346069336,75.88311004638672,-16.71841049194336,34.06380081176758,-0.9457550048828125,0.15053001046180725,0.17682191729545593,1.3153808116912842,1.854720950126648,0.0
396000,4488000,325,43,397305.0,4490235.0,False,31.321704864501953,88.51406860351562,22.86532974243164,75.53764343261719,0.19953107833862305,0.14893582463264465,0.1639733463525772,1.3794748783111572,1.845208764076233,508.3564453125
372000,4464000,262,25,372765.0,4468125.0,False,8.948408126831055,20.54938507080078,-5.0855302810668945,0.5802137851715088,0.07759293913841248,0.1381019949913025,0.15518143773078918,1.1320571899414062,1.487668514251709,0.0
420000,4428000,92,307,429225.0,4437225.0,False,27.183544158935547,77.70319366455078,23.61241340637207,146.7666015625,-0.5672747492790222,0.29659080505371094,0.09539509564638138,1.300989031791687,1.3945680856704712,0.0
708000,4560000,222,395,719865.0,4565325.0,False,17.290693283081055,41.19438934326172,22.93259048461914,33.86198043823242,0.2616350054740906,0.25928178429603577,0.12426700443029404,1.1945234537124634,1.5240660905838013,1024.2559814453125
420000,4500000,289,184,425535.0,4503315.0,False,4.822027683258057,12.511664390563965,2.0520427227020264,3.111070394515991,-0.28708308935165405,0.17452560365200043,0.21427589654922485,1.532921552658081,2.1865053176879883,848.6460571289062
708000,4464000,296,369,719085.0,4467105.0,False,1.4444799423217773,3.976874351501465,-0.8138427734375,-4.652859210968018,0.41031786799430847,0.08755312114953995,0.1543397158384323,1.084586262702942,1.5015004873275757,765.2450561523438
312000,4488000,383,178,317355.0,4488495.0,False,1.2630162239074707,3.411200761795044,1.3048774003982544,1.8201904296875,0.36500072479248047,0.11674997210502625,0.1804034560918808,1.0992144346237183,1.6092740297317505,685.2008056640625
420000,4296000,352,119,423585.0,4297425.0,True,18.414613723754883,54.84169006347656,-4.44200325012207,6.80516242980957,0.692889928817749,0.15541359782218933,0.06490428745746613,1.1409252882003784,1.3598313331604004,0.0
336000,4476000,274,93,338805.0,4479765.0,False,16.198156356811523,38.05155563354492,6.017632484436035,13.65284538269043,0.523005485534668,0.09619034081697464,0.13372798264026642,1.1299355030059814,1.5286962985992432,764.9891967773438
696000,4476000,10,2,696075.0,4487685.0,False,11.97463321685791,32.90146255493164,-4.712958335876465,-20.71389389038086,0.6301184296607971,0.09215967357158661,0.1366032361984253,1.0886571407318115,1.491654872894287,0.0
396000,4404000,119,61,397845.0,4412415.0,False,26.66582679748535,71.76956939697266,48.55472946166992,135.3628387451172,-0.7356568574905396,0.17079459130764008,0.05990368872880936,1.1656845808029175,1.4054168462753296,0.0
396000,4476000,95,316,405495.0,4485135.0,False,16.600139617919922,39.75722885131836,-3.8509929180145264,-20.14846420288086,-0.20938317477703094,0.15357093513011932,0.15691569447517395,1.251173734664917,1.624124526977539,840.0
444000,4416000,164,212,450375.0,4423065.0,False,18.85736656188965,53.1257438659668,-19.57558822631836,0.6218939423561096,0.6181023716926575,0.10491713136434555,0.11194125562906265,1.1227494478225708,1.4826245307922363,391.9209289550781
384000,4392000,267,318,393555.0,4395975.0,False,25.53963279724121,63.27436065673828,73.10761260986328,235.68373107910156,-0.21797138452529907,0.34226927161216736,0.044554583728313446,1.3075578212738037,1.4059925079345703,0.0
636000,4296000,275,105,639165.0,4299735.0,False,22.642297744750977,70.76771545410156,-73.75824737548828,-118.50591278076172,0.8528270721435547,0.3164982497692108,0.07704316824674606,1.2042149305343628,1.3766846656799316,872.3523559570312
420000,4236000,37,21,420645.0,4246875.0,True,28.648740768432617,82.717041015625,28.19835090637207,61.68443298339844,0.6064372062683105,0.174047589302063,0.0936352014541626,1.1435731649398804,1.5545015335083008,150.0
432000,4584000,337,146,436395.0,4585875.0,False,7.76826286315918,19.13292121887207,-1.396999716758728,-22.3836669921875,0.1827288269996643,0.18074189126491547,0.19394254684448242,1.4971184730529785,2.0620381832122803,243.1072235107422
384000,4512000,150,162,388875.0,4519485.0,False,10.927212715148926,28.13350486755371,-14.255072593688965,0.9394938349723816,-0.7111140489578247,0.085649773478508,0.1180453822016716,1.196723461151123,1.4589940309524536,0.0
336000,4500000,71,339,346185.0,4509855.0,False,5.556399345397949,12.53005599975586,1.8563096523284912,3.338514566421509,0.010582175105810165,0.0741649717092514,0.13516846299171448,1.1635195016860962,1.4422736167907715,270.55841064453125
432000,4572000,325,115,435465.0,4574235.0,False,14.58853816986084,36.93294143676758,0.9984402060508728,2.097466468811035,0.0898469015955925,0.17920075356960297,0.19981926679611206,1.440636396408081,1.974853515625,948.9995727539062
384000,4476000,341,374,395235.0,4477755.0,True,12.50192928314209,31.19862174987793,-13.464680671691895,-42.3552360534668,0.3811749219894409,0.2561684846878052,0.0814966931939125,1.220806360244751,1.4857664108276367,0.0
384000,4404000,309,396,395895.0,4406715.0,False,16.795883178710938,50.37592315673828,-50.231689453125,-83.01589965820312,-0.9449676275253296,0.16092509031295776,0.11426639556884766,1.1980366706848145,1.4766733646392822,0.0
600000,4596000,117,292,608775.0,4604475.0,False,11.002004623413086,26.06195831298828,-15.662325859069824,-5.8018388748168945,-0.2174939215183258,0.32664185762405396,0.14178772270679474,1.3341041803359985,1.623829960823059,787.8453979492188
432000,4392000,300,84,434535.0,4394985.0,False,23.450759887695312,63.93226623535156,15.776611328125,143.727783203125,0.42045852541923523,0.3569798469543457,0.06723248958587646,1.2431672811508179,1.5490847826004028,900.8331909179688
372000,4512000,314,56,373695.0,4514565.0,False,5.510608673095703,11.69615364074707,-9.1153564453125,-25.1304931640625,0.02754860185086727,0.10211202502250671,0.14988163113594055,1.1883095502853394,1.5478835105895996,0.0
360000,4452000,51,230,366915.0,4462455.0,False,21.292104721069336,48.73971939086914,14.2877197265625,32.19114685058594,-0.9864971041679382,0.10715722292661667,0.11158217489719391,1.1494204998016357,1.5012760162353516,170.3162841796875
396000,4260000,64,306,405195.0,4270065.0,True,11.8724946975708,33.44710159301758,-16.56995964050293,2.502251386642456,-0.50749272108078,0.16641607880592346,0.1303151547908783,1.0956134796142578,1.524369716644287,21.380712509155273
708000,4464000,325,328,717855.0,4466235.0,False,3.5073788166046143,8.701130867004395,-1.686767578125,-10.197184562683105,-0.2741764485836029,0.09972330182790756,0.1773047000169754,1.151732087135315,1.5605937242507935,524.500244140625
384000,4512000,121,363,394905.0,4520355.0,False,4.661233425140381,13.702704429626465,-3.518568277359009,-28.64620018005371,-0.5879696607589722,0.12636145949363708,0.2030225396156311,1.2322263717651367,1.8472105264663696,564.18115234375
396000,4488000,388,150,400515.0,4488345.0,True,39.641170501708984,111.437255859375,-29.958251953125,-54.62356185913086,-0.13005992770195007,0.14893582463264465,0.1639733463525772,1.3794748783111572,1.845208764076233,176.64031982421875
420000,4428000,28,207,426225.0,4439145.0,False,10.701471328735352,26.078125,1.6009927988052368,-11.83323860168457,0.9393520355224609,0.11096663028001785,0.18204928934574127,1.101670265197754,1.591773271560669,14.714045524597168
420000,4308000,287,260,427815.0,4311375.0,False,23.556108474731445,65.2401351928711,8.64854621887207,-14.708889961242676,0.5934011340141296,0.11204270273447037,0.16684457659721375,1.1542314291000366,1.5807173252105713,1012.32421875
396000,4464000,54,269,404085.0,4474365.0,False,15.557981491088867,40.68522262573242,-29.016803741455078,-21.98233985900879,0.38849908113479614,0.2395530641078949,0.1349608600139618,1.2633371353149414,1.4919185638427734,947.5759887695312
372000,4512000,130,141,376245.0,4520085.0,False,7.323729515075684,26.76174545288086,-37.6536865234375,-75.4983139038086,-0.3330884873867035,0.13380767405033112,0.1347609907388687,1.301605224609375,1.6804277896881104,0.0
420000,4500000,241,227,426825.0,4504755.0,True,6.093179702758789,16.22356414794922,-4.125027179718018,-32.47804260253906,-0.35309967398643494,0.14590220153331757,0.18072697520256042,1.2646422386169434,1.8591145277023315,180.84283447265625
336000,4512000,344,165,340965.0,4513665.0,False,1.9331892728805542,5.503173828125,-0.282470703125,-2.159912109375,-0.8457590937614441,0.08504832535982132,0.14994986355304718,1.1383475065231323,1.5884642601013184,981.1728515625
408000,4500000,342,45,409365.0,4501725.0,True,11.26258373260498,31.83601951599121,21.28724479675293,17.00656509399414,-0.9186903834342957,0.140694722533226,0.15176638960838318,1.3887630701065063,1.7911959886550903,0.0
384000,4428000,32,41,385245.0,4439025.0,False,11.559471130371094,34.71918487548828,-12.891275405883789,5.572319984436035,-0.7378465533256531,0.15026772022247314,0.17384758591651917,1.1592243909835815,1.5052037239074707,201.20281982421875
360000,4512000,21,327,369825.0,4523355.0,False,20.289432525634766,52.22467803955078,21.129150390625,33.33747100830078,-0.41158249974250793,0.06894868612289429,0.13693369925022125,1.2037168741226196,1.4541136026382446,0.0
372000,4476000,188,320,381615.0,4482345.0,False,12.425609588623047,29.840778350830078,-2.151679277420044,11.377875328063965,0.6612885594367981,0.10974535346031189,0.10017747431993484,1.1123452186584473,1.4242814779281616,0.0
408000,4260000,304,130,411915.0,4262865.0,True,11.808956146240234,31.07237434387207,-11.56396484375,-0.4519856870174408,0.5433058738708496,0.1424274444580078,0.16689854860305786,1.2309138774871826,1.7317315340042114,0.0
372000,4488000,120,184,377535.0,4496385.0,False,9.924962997436523,25.9481201171875,-7.31446647644043,-13.689738273620605,-0.8851832747459412,0.13556599617004395,0.09316185116767883,1.1609885692596436,1.4762206077575684,0.0
360000,4440000,58,96,362895.0,4450245.0,False,15.708450317382812,34.07872009277344,24.39365005493164,17.79422950744629,-0.42788684368133545,0.12449192255735397,0.16049246490001678,1.1819669008255005,1.469597339630127,202.4755859375
432000,4608000,388,270,440115.0,4608345.0,False,14.572696685791016,42.67988967895508,-62.62798309326172,-128.73666381835938,-0.1257881075143814,0.2769164443016052,0.1218518391251564,1.443880319595337,1.7302747964859009,0.0
360000,4440000,3,328,369855.0,4451895.0,False,0.6168994903564453,1.5003798007965088,-0.3627251386642456,-4.69676399230957,0.30386966466903687,0.1444229930639267,0.1364995390176773,1.08212411403656,1.5614699125289917,916.187744140625
420000,4296000,351,101,423045.0,4297455.0,True,27.203248977661133,74.74613189697266,-1.9958767890930176,14.880126953125,-0.8461287617683411,0.19508050382137299,0.031552158296108246,1.249218463897705,1.2845165729522705,0.0
372000,4452000,26,40,373215.0,4463205.0,False,10.329876899719238,22.07811164855957,5.212253093719482,15.617093086242676,0.7064504027366638,0.10973458737134933,0.13190264999866486,1.115417718887329,1.4895886182785034,0.0
408000,4224000,346,44,409335.0,4225605.0,False,2.114854574203491,6.274400234222412,-1.0453423261642456,-2.6514620780944824,-0.3713981807231903,0.09773382544517517,0.12138333171606064,1.0802475214004517,1.5808818340301514,834.4459228515625
420000,4296000,385,108,423255.0,4296435.0,True,21.47181510925293,51.54070281982422,-23.972942352294922,-79.50283813476562,0.5364728569984436,0.10171551257371902,0.04062727466225624,1.1630281209945679,1.2998993396759033,0.0
396000,4260000,102,94,398835.0,4268925.0,False,3.6168036460876465,10.547295570373535,-1.1129422187805176,-15.35325813293457,0.6446873545646667,0.087820865213871,0.11993144452571869,1.023037075996399,1.553167462348938,457.6031799316406
408000,4428000,391,77,410325.0,4428255.0,False,16.63512420654297,37.25575256347656,-16.91354751586914,-25.60666275024414,0.5186102390289307,0.10941476374864578,0.07443268597126007,1.178991436958313,1.36066472530365,0.0
396000,4512000,108,305,405165.0,4520745.0,False,20.53190803527832,44.74502182006836,28.27705955505371,72.01466369628906,0.9449506402015686,0.09150760620832443,0.13882286846637726,1.2643036842346191,1.6734167337417603,0.0
480000,4248000,54,118,483555.0,4258365.0,False,7.423840522766113,20.10001564025879,-13.234944343566895,-22.19931411743164,0.5881596207618713,0.10208213329315186,0.15650507807731628,1.1451611518859863,1.5876952409744263,660.0
432000,4584000,58,280,440415.0,4594245.0,False,22.494264602661133,64.41645050048828,-20.80803680419922,-131.26116943359375,-0.5728326439857483,0.25565189123153687,0.14309653639793396,1.4489185810089111,1.7212103605270386,0.0
420000,4572000,306,371,431145.0,4574805.0,False,2.826688766479492,6.548556804656982,-1.4541558027267456,-9.973565101623535,0.0262767244130373,0.17550387978553772,0.2261960208415985,1.584624171257019,2.316877603530884,960.7810668945312
360000,4296000,305,43,361305.0,4298835.0,False,4.332714080810547,10.38503646850586,-9.774970054626465,-27.68787956237793,0.8274269104003906,0.10344313085079193,0.13055667281150818,1.0408313274383545,1.6728479862213135,389.4931945800781
696000,4476000,197,20,696615.0,4482075.0,False,3.046375274658203,8.95077896118164,-3.282728433609009,-9.636284828186035,0.8343133926391602,0.09215967357158661,0.1366032361984253,1.0886571407318115,1.491654872894287,481.56134033203125
468000,4488000,238,15,468465.0,4492845.0,False,5.424813270568848,16.328327178955078,0.3006456196308136,1.3712022304534912,0.4596966505050659,0.11050891876220703,0.18980622291564941,1.1822354793548584,1.593877911567688,618.9512329101562
372000,4272000,164,287,380625.0,4279065.0,False,4.980893611907959,12.959431648254395,1.1438530683517456,-4.218085289001465,-0.37486332654953003,0.14831747114658356,0.128821462392807,1.079965353012085,1.5541863441467285,636.8673095703125
312000,4488000,383,329,321885.0,4488495.0,False,4.74605131149292,10.200493812561035,4.013115882873535,5.90723991394043,0.5760573148727417,0.11950764060020447,0.18368692696094513,1.1017543077468872,1.5848606824874878,0.0
684000,4476000,0,347,694425.0,4487985.0,False,23.488197326660156,70.7922592163086,24.34100914001465,87.53282165527344,0.5792940855026245,0.20723876357078552,0.1412292718887329,1.177446722984314,1.552567481994629,376.74432373046875
420000,4428000,112,169,425085.0,4436625.0,False,4.0532379150390625,11.306084632873535,-9.7686767578125,-28.05242156982422,-0.9353417158126831,0.17249614000320435,0.1227484866976738,1.1128042936325073,1.4606328010559082,663.1746826171875
432000,4524000,291,304,441135.0,4527255.0,False,21.16131019592285,61.94205856323242,-3.927720785140991,0.06953936815261841,0.7675645351409912,0.14167658984661102,0.18709787726402283,1.2818536758422852,1.9822522401809692,911.2630004882812
648000,4368000,201,188,653655.0,4373955.0,False,11.726371765136719,33.90394592285156,3.411919355392456,14.045735359191895,0.706160306930542,0.16735273599624634,0.16137559711933136,1.2035009860992432,1.627449631690979,497.1925964355469
348000,4500000,149,58,349755.0,4507515.0,False,4.3281683921813965,10.883978843688965,0.355712890625,-1.8041177988052368,0.9683226346969604,0.10355818271636963,0.1580180525779724,1.2751495838165283,1.8159691095352173,691.0866088867188
384000,4452000,223,67,386025.0,4457295.0,False,20.639856338500977,51.92253875732422,26.59543228149414,45.51176071166992,0.22503504157066345,0.08227787911891937,0.13612866401672363,1.1440669298171997,1.5193004608154297,0.0
408000,4248000,298,164,412935.0,4251045.0,True,11.514281272888184,28.83892250061035,-3.814697265625,-0.24034281075000763,-0.5188241600990295,0.1244412213563919,0.12697206437587738,1.054438829421997,1.6225336790084839,0.0
372000,4212000,39,281,380445.0,4222815.0,False,6.521266937255859,19.92007064819336,2.1965603828430176,-0.4709879457950592,0.6457948088645935,0.15608397126197815,0.05375238507986069,1.1007453203201294,1.5664421319961548,655.2173461914062
660000,4608000,386,380,671415.0,4608405.0,False,5.63853645324707,16.41822624206543,-4.64122200012207,-10.32020378112793,-0.9724006652832031,0.15239280462265015,0.17841538786888123,1.118342638015747,1.5487409830093384,785.5574340820312
384000,4248000,256,142,388275.0,4252305.0,False,4.1487555503845215,10.003472328186035,-0.2862548828125,-3.739311933517456,0.9722879528999329,0.10817224532365799,0.15085935592651367,1.0362201929092407,1.503443717956543,741.150390625
420000,4440000,0,386,431595.0,4451985.0,False,6.45475435256958,26.3441162109375,17.86795997619629,15.63815689086914,0.1858031153678894,0.12778787314891815,0.15273310244083405,1.1095796823501587,1.5674649477005005,0.0
444000,4596000,343,204,450135.0,4597695.0,False,8.965116500854492,27.49541473388672,-0.6630181074142456,-18.97459602355957,-0.06359101086854935,0.16099430620670319,0.19199636578559875,1.3128553628921509,1.6923565864562988,44.92902755737305
372000,4260000,339,209,378285.0,4261815.0,True,15.007756233215332,36.92320251464844,13.9307861328125,17.80376625061035,-0.07288801670074463,0.06171904131770134,0.12878179550170898,1.0986759662628174,1.5049797296524048,54.92902755737305
732000,4608000,250,284,740535.0,4612485.0,False,4.588347911834717,14.013102531433105,0.264295756816864,11.787041664123535,-0.212924987077713,0.297900527715683,0.10680729895830154,1.1952918767929077,1.4583542346954346,683.2263793945312
444000,4416000,83,285,452565.0,4425495.0,True,20.453998565673828,59.24503707885742,0.3729790449142456,1.4942355155944824,-0.6865441203117371,0.3157884180545807,0.008058413863182068,1.159656286239624,1.366212248802185,0.0
360000,4440000,275,69,362085.0,4443735.0,False,2.872913360595703,8.257880210876465,-4.296549320220947,-7.496500492095947,0.9155239462852478,0.0851254016160965,0.09179430454969406,1.1015658378601074,1.3810807466506958,33.548316955566406
672000,4464000,153,373,683205.0,4471395.0,False,16.735658645629883,39.44672393798828,9.739419937133789,47.20963668823242,0.05227579548954964,0.1624918431043625,0.16503190994262695,1.1669780015945435,1.603440284729004,854.1664428710938
372000,4512000,1,238,379155.0,4523955.0,False,0.4995541274547577,1.3569878339767456,-0.0938449427485466,-3.193291664123535,-0.9288344979286194,0.11405453830957413,0.1559140384197235,1.1177139282226562,1.5060455799102783,755.778076171875
300000,4440000,212,109,303285.0,4445625.0,False,4.328441619873047,9.81552505493164,-2.022108316421509,-10.179022789001465,-0.14580951631069183,0.09837251156568527,0.15694105625152588,1.082707405090332,1.503963828086853,824.1361694335938
372000,4260000,285,299,380985.0,4263435.0,False,3.282869338989258,8.982232093811035,-6.677205562591553,-25.89097785949707,-0.7888023257255554,0.05500758811831474,0.09982477873563766,1.0655893087387085,1.4514172077178955,634.431396484375
444000,4428000,180,349,454485.0,4434585.0,True,28.225234985351562,71.76616668701172,-1.3087158203125,34.17953872680664,-0.9881590604782104,0.20182770490646362,0.11342734843492508,1.1380326747894287,1.4847629070281982,0.0
360000,4500000,365,330,369915.0,4501035.0,False,6.880992889404297,20.45941925048828,-15.02309799194336,-44.04055404663086,0.25480079650878906,0.11720027774572372,0.13728855550289154,1.2138936519622803,1.4656975269317627,59.4280891418457
384000,4452000,50,221,390645.0,4462485.0,False,9.757591247558594,28.20368194580078,-10.035319328308105,-28.72743034362793,-0.6253730654716492,0.1410495787858963,0.13623231649398804,1.1091437339782715,1.4807169437408447,633.3246459960938
372000,4464000,196,69,374085.0,4470105.0,False,3.7052409648895264,10.692288398742676,-2.7926433086395264,-3.916734457015991,0.571352481842041,0.14738024771213531,0.1592387855052948,1.031762957572937,1.6023482084274292,445.75872802734375
384000,4440000,31,57,385725.0,4451055.0,False,9.757434844970703,24.95274543762207,1.6180013418197632,-37.17975616455078,-0.3498818576335907,0.13130049407482147,0.13327613472938538,1.1584409475326538,1.4843190908432007,0.0
312000,4488000,276,374,323235.0,4491705.0,False,8.661422729492188,25.0230712890625,-4.871676921844482,-6.1190185546875,0.5447383522987366,0.11950764060020447,0.18368692696094513,1.1017543077468872,1.5848606824874878,10.0
396000,4260000,255,264,403935.0,4264335.0,True,20.6325626373291,51.53111267089844,-12.749444007873535,-49.25595474243164,-0.24028433859348297,0.1083182841539383,0.08831183612346649,1.1212106943130493,1.4145827293395996,0.0
432000,4524000,338,218,438555.0,4525845.0,False,3.884742259979248,9.68858528137207,1.6550971269607544,-4.182400226593018,0.22407473623752594,0.15622544288635254,0.2227540910243988,1.3751457929611206,2.0301520824432373,819.7561645507812
360000,4512000,49,141,364245.0,4522515.0,False,2.1383368968963623,5.96214485168457,-0.619249165058136,-8.4462890625,-0.5005526542663574,0.15856319665908813,0.19020743668079376,1.4978148937225342,2.244443416595459,416.290771484375
384000,4248000,35,58,385755.0,4258935.0,True,22.054719924926758,60.09428024291992,-6.47694206237793,-10.312174797058105,-0.7313236594200134,0.15652570128440857,0.14996591210365295,1.1824733018875122,1.4825162887573242,0.0
660000,4452000,175,80,662415.0,4458735.0,False,11.365337371826172,27.62171745300293,30.54139518737793,69.01627349853516,-0.15218940377235413,0.15005111694335938,0.17243291437625885,1.2215900421142578,1.641854166984558,443.1646728515625
420000,4308000,265,30,420915.0,4312035.0,False,2.3024375438690186,5.311971187591553,-2.0394015312194824,-17.76535415649414,0.9831364154815674,0.09977792948484421,0.12066896259784698,1.1073185205459595,1.5072596073150635,336.0076904296875
408000,4536000,369,135,412065.0,4536915.0,False,15.921795845031738,36.84305953979492,2.6326496601104736,12.186835289001465,-0.21227753162384033,0.12811563909053802,0.10776814818382263,1.2044614553451538,1.4088435173034668,0.0
384000,4476000,345,324,393735.0,4477635.0,False,4.77310037612915,13.31239128112793,1.9419351816177368,-3.2765300273895264,0.45794975757598877,0.15139776468276978,0.2127535045146942,1.1983582973480225,1.6838620901107788,611.4880981445312
420000,4512000,343,227,426825.0,4513695.0,True,20.87149429321289,61.41349411010742,2.4488120079040527,24.47724151611328,0.5799846649169922,0.1308400183916092,0.17074932157993317,1.3312129974365234,1.8335893154144287,0.0
384000,4440000,244,28,384855.0,4444665.0,False,16.785011291503906,39.7296142578125,-8.698824882507324,5.45823860168457,0.9029688835144043,0.07579872757196426,0.08714060485363007,1.1206260919570923,1.3741960525512695,0.0
312000,4428000,117,99,314985.0,4436475.0,False,0.7924920916557312,2.140489339828491,-1.7873399257659912,-7.2347822189331055,0.19876089692115784,0.13582965731620789,0.16916397213935852,1.0901437997817993,1.6415410041809082,830.1204223632812
396000,4236000,18,368,407055.0,4247445.0,False,6.092774868011475,17.54334831237793,-4.502726078033447,-48.31135940551758,-0.5209209322929382,0.12021921575069427,0.11818896234035492,1.0499380826950073,1.4812734127044678,634.431396484375
420000,4524000,396,103,423105.0,4524105.0,False,2.9514148235321045,7.559868812561035,0.04833984375,-2.2631564140319824,-0.9724844694137573,0.17828674614429474,0.1762557476758957,1.3504661321640015,1.9440499544143677,870.0
696000,4500000,68,285,704565.0,4509945.0,False,17.03416633605957,43.90536880493164,-13.57935905456543,-11.994546890258789,0.2514268159866333,0.1389172226190567,0.18931402266025543,1.2141804695129395,1.6941585540771484,360.4178771972656
312000,4428000,141,2,312075.0,4435755.0,False,3.5320885181427,8.118205070495605,1.805813193321228,-17.89508628845215,-0.1175270676612854,0.1298728585243225,0.15804478526115417,1.0898348093032837,1.5967925786972046,657.7996826171875
384000,4260000,8,79,386385.0,4271745.0,True,18.40953826904297,45.72629165649414,31.74343490600586,82.26913452148438,0.08844611048698425,0.16034743189811707,0.15522707998752594,1.0985709428787231,1.8265666961669922,215.4027557373047
420000,4308000,59,18,420555.0,4318215.0,True,8.015121459960938,23.87959861755371,-7.105143070220947,-7.620062828063965,-0.7668083906173706,0.1154201403260231,0.14164569973945618,1.0830612182617188,1.4914413690567017,90.0
384000,4212000,22,299,392985.0,4223325.0,False,3.1026978492736816,7.89671516418457,-7.784993648529053,-38.48967742919922,-0.850686252117157,0.22214314341545105,0.027836227789521217,1.31613290309906,1.600080132484436,401.0007019042969
420000,4296000,263,174,425235.0,4300095.0,True,21.657629013061523,59.35060119628906,12.398152351379395,-2.4834256172180176,0.8657795190811157,0.21722277998924255,-0.006209816318005323,1.1544674634933472,1.328273057937622,0.0
636000,4608000,8,57,637725.0,4619745.0,False,25.55137825012207,70.78841400146484,-19.84147071838379,-53.34272003173828,0.5744470953941345,0.5990376472473145,-0.022442087531089783,1.5330208539962769,1.5207866430282593,0.0
408000,4536000,346,248,415455.0,4537605.0,False,4.957642555236816,14.261528968811035,-5.110459804534912,-3.9883220195770264,0.5518832802772522,0.1300148218870163,0.20700490474700928,1.2834631204605103,1.8231512308120728,0.0
372000,4476000,216,319,381585.0,4481505.0,False,8.40355110168457,22.14151954650879,-4.728597164154053,2.719618082046509,0.30818361043930054,0.09410443902015686,0.08202920109033585,1.1156373023986816,1.3684927225112915,0.0
432000,4560000,199,146,436395.0,4566015.0,False,15.867947578430176,47.60724639892578,1.3249647617340088,43.98479461669922,0.6289830207824707,0.2110481709241867,0.13614284992218018,1.2728954553604126,1.6516624689102173,0.0
420000,4440000,328,390,431715.0,4442145.0,False,14.904014587402344,40.29193878173828,45.90460968017578,47.30506896972656,0.8518846035003662,0.17511829733848572,0.11634676903486252,1.157082200050354,1.5784002542495728,122.18116760253906
396000,4476000,173,130,399915.0,4482795.0,True,24.949859619140625,75.71578979492188,33.25189971923828,107.01712036132812,-0.7254359722137451,0.16122913360595703,0.15272307395935059,1.203228235244751,1.5502554178237915,0.0
408000,4440000,30,57,409725.0,4451085.0,False,3.4126908779144287,7.83070182800293,-0.3652072548866272,-10.859782218933105,-0.10079021751880646,0.13390310108661652,0.16108615696430206,1.101968765258789,1.4957664012908936,819.2069702148438
444000,4416000,228,347,454425.0,4421145.0,True,9.919377326965332,24.602783203125,2.722113609313965,2.066229820251465,0.03698563948273659,0.1586349904537201,0.13691584765911102,1.1339104175567627,1.5243252515792847,0.0
420000,4260000,370,257,427725.0,4260885.0,False,6.070093631744385,14.94556999206543,-0.327094167470932,-2.327623128890991,0.5114928483963013,0.11464502662420273,0.1088484525680542,1.1836248636245728,1.4688392877578735,496.79595947265625
372000,4248000,33,75,374265.0,4258995.0,False,1.6307992935180664,5.444037437438965,-8.92051887512207,-41.59403610229492,0.24124377965927124,0.12309876829385757,0.10304129868745804,1.0777641534805298,1.5368403196334839,603.23583984375
360000,4512000,343,119,363585.0,4513695.0,False,6.868858337402344,17.88571548461914,-1.6308051347732544,8.255927085876465,0.004784688353538513,0.10140184313058853,0.17449723184108734,1.1528820991516113,1.531485915184021,0.0
744000,4608000,269,28,744855.0,4611915.0,False,5.008749961853027,15.233710289001465,-12.56338119506836,-38.6302375793457,0.5537022948265076,0.22801916301250458,0.16661851108074188,1.1361448764801025,1.6352118253707886,510.0
432000,4428000,43,16,432495.0,4438695.0,False,19.998430252075195,47.52912139892578,0.6043700575828552,2.4816081523895264,-0.4814106822013855,0.1650453805923462,0.13543571531772614,1.1992424726486206,1.5219976902008057,219.7831573486328
444000,4296000,269,279,452385.0,4299915.0,False,13.933669090270996,37.467124938964844,38.24989318847656,19.77964973449707,0.35389965772628784,0.2528485655784607,0.1396903097629547,1.2606693506240845,1.8620039224624634,342.92852783203125
420000,4512000,380,10,420315.0,4512585.0,False,18.636539459228516,46.69245147705078,-7.8590087890625,28.92774772644043,-0.07504233717918396,0.2594563961029053,0.09346765279769897,1.2853813171386719,1.5873509645462036,0.0
360000,4464000,80,123,363705.0,4473585.0,False,6.574085235595703,16.81035614013672,7.570488929748535,5.648980140686035,-0.1640368402004242,0.08483197540044785,0.06503289937973022,1.1558395624160767,1.3287560939788818,0.0
360000,4464000,360,317,369525.0,4465185.0,False,31.720415115356445,82.63319396972656,-40.38133239746094,-7.1181230545043945,0.2906893491744995,0.1628008633852005,0.1617959886789322,1.1266626119613647,1.5727221965789795,750.2001342773438
432000,4584000,232,397,443925.0,4589025.0,False,23.956268310546875,60.56613540649414,14.65530014038086,2.0687663555145264,0.9801570773124695,0.18987511098384857,0.15358039736747742,1.3358532190322876,1.6283069849014282,0.0
408000,4536000,83,183,413505.0,4545495.0,False,1.8455021381378174,5.928086757659912,2.132134437561035,3.0877277851104736,-0.04561407491564751,0.14153814315795898,0.2046566754579544,1.3476617336273193,2.0408551692962646,47.09663391113281
612000,4608000,391,11,612345.0,4608255.0,False,10.874707221984863,33.28287887573242,3.8243813514709473,8.306233406066895,-0.6721549034118652,0.33381888270378113,0.1273573786020279,1.3675715923309326,1.658368706703186,550.3619384765625
432000,4440000,255,344,442335.0,4444335.0,False,2.356071949005127,6.761759281158447,-5.044338703155518,-4.881822109222412,0.7138885855674744,0.10247790813446045,0.12499606609344482,1.1116435527801514,1.5688105821609497,537.21533203125
420000,4416000,54,171,425145.0,4426365.0,False,31.48736572265625,91.09172058105469,23.786540985107422,57.9453125,-0.453457772731781,0.09082388132810593,0.1511375904083252,1.082924723625183,1.345848798751831,57.6375617980957
420000,4296000,170,245,427365.0,4302885.0,False,22.886960983276367,61.12375259399414,37.15850067138672,139.73458862304688,-0.06433837115764618,0.12046998739242554,0.14923037588596344,1.3163113594055176,1.4442838430404663,805.2940673828125
396000,4404000,256,272,404175.0,4408305.0,False,17.29431915283203,45.91464614868164,-63.52533721923828,-206.92596435546875,0.5527616143226624,0.16691404581069946,0.07925819605588913,1.2123346328735352,1.4439085721969604,0.0
384000,4488000,270,334,394035.0,4491885.0,False,8.322144508361816,22.18138313293457,-12.423529624938965,-12.275675773620605,-0.4623463451862335,0.039511047303676605,0.2251645177602768,1.1641651391983032,2.400249481201172,503.4886474609375
396000,4476000,120,218,402555.0,4484385.0,True,17.561315536499023,41.39634704589844,-31.02132225036621,-90.1201171875,0.9556832313537598,0.21518906950950623,0.1390145868062973,1.2288280725479126,1.6717438697814941,0.0
396000,4212000,56,307,405225.0,4222305.0,False,4.776653289794922,24.67506217956543,32.35382843017578,82.99027252197266,0.7707316875457764,0.12257063388824463,0.11915168166160583,1.2496520280838013,1.6054288148880005,0.0
432000,4548000,211,65,433965.0,4553655.0,False,12.06680965423584,36.44261169433594,-14.71766471862793,-23.45488929748535,-0.46249333024024963,0.14020779728889465,0.16708630323410034,1.304055094718933,1.7560412883758545,0.0
396000,4236000,48,377,407325.0,4246545.0,False,6.025291919708252,17.6512451171875,-4.10191535949707,-28.86020278930664,0.6819584965705872,0.12097690254449844,0.1315726786851883,1.0451633930206299,1.5110442638397217,697.9285278320312
420000,4296000,295,219,426585.0,4299135.0,True,11.120318412780762,32.65093231201172,-11.883599281311035,-81.42410278320312,-0.643885612487793,0.32353851199150085,0.10019441694021225,1.219093680381775,1.398193597793579,0.0
732000,4476000,350,183,737505.0,4477485.0,False,7.622352600097656,17.56792449951172,5.187825679779053,6.681247234344482,0.7958032488822937,0.06411440670490265,0.134212926030159,1.1710203886032104,1.4908198118209839,600.4998168945312
480000,4248000,28,78,482355.0,4259145.0,False,3.8301992416381836,10.408867835998535,-1.0249159336090088,-4.284966468811035,-0.48139774799346924,0.0847456306219101,0.17367704212665558,1.140225887298584,1.6126071214675903,300.0
372000,4272000,180,338,382155.0,4278585.0,False,5.257284164428711,15.792155265808105,-4.833821773529053,-18.86263084411621,-0.6199610233306885,0.12877295911312103,0.13818201422691345,1.0971940755844116,1.4619027376174927,430.2332458496094
444000,4608000,290,169,449085.0,4611285.0,False,17.08064842224121,39.83940887451172,21.30674934387207,110.74644470214844,-0.06918936222791672,0.23136858642101288,0.15013693273067474,1.4515459537506104,1.8313555717468262,0.0
360000,4464000,201,362,370875.0,4469955.0,False,4.280616283416748,16.691650390625,4.362087726593018,-9.737250328063965,0.5637668371200562,0.1471979171037674,0.16578134894371033,1.0477323532104492,1.5545623302459717,990.7574462890625
372000,4500000,360,178,377355.0,4501185.0,False,16.6556453704834,45.79044723510742,13.37405014038086,60.56465530395508,0.7193383574485779,0.08756185322999954,0.168942391872406,1.2051101922988892,1.6247018575668335,0.0
360000,4512000,224,339,370185.0,4517265.0,False,2.8600974082946777,9.01588249206543,-9.341036796569824,-6.622368812561035,0.24965578317642212,0.10285332798957825,0.16956670582294464,1.1290910243988037,1.4721828699111938,0.0
408000,4248000,366,193,413805.0,4249005.0,False,20.423511505126953,45.5089225769043,-13.99267578125,-63.9410285949707,0.11746718734502792,0.13112524151802063,0.06073978543281555,1.1561534404754639,1.4312323331832886,443.6219177246094
324000,4476000,194,263,331905.0,4482165.0,False,23.759906768798828,54.45738220214844,2.627007246017456,0.0601942278444767,-0.15093737840652466,0.07827266305685043,0.057575445622205734,1.127526044845581,1.3032242059707642,0.0
420000,4392000,334,389,431685.0,4393965.0,False,25.154563903808594,80.28306579589844,-24.07175064086914,-75.68516540527344,-0.7471084594726562,0.3766380548477173,0.008422342129051685,1.3006037473678589,1.3990484476089478,0.0
456000,4488000,177,14,456435.0,4494675.0,False,2.0249245166778564,4.708333492279053,0.2012803852558136,-11.213215827941895,-0.9948801398277283,0.14579088985919952,0.1957501471042633,1.1638461351394653,1.6069117784500122,741.3501586914062
420000,4308000,5,67,422025.0,4319835.0,False,12.827431678771973,29.60823631286621,9.71303939819336,15.954751968383789,-0.3504694402217865,0.10523506253957748,0.11768708378076553,1.167919397354126,1.3912137746810913,541.3876953125
396000,4452000,87,356,406695.0,4461375.0,True,7.52828311920166,19.391357421875,-16.1138916015625,-64.70757293701172,0.9260147213935852,0.13416336476802826,0.17010824382305145,1.2166492938995361,1.5269256830215454,243.10723876953125
660000,4608000,230,272,668175.0,4613085.0,False,5.124967575073242,13.48265266418457,1.160915732383728,-25.44060516357422,0.6161287426948547,0.17685602605342865,0.1929594725370407,1.1612563133239746,1.6134077310562134,73.13849639892578
300000,4440000,107,158,304755.0,4448775.0,False,2.5483791828155518,7.170477867126465,-1.6996662616729736,-17.23521614074707,-0.7251325845718384,0.103451669216156,0.11624249070882797,1.0367279052734375,1.306643009185791,540.2781372070312
300000,4440000,216,135,304065.0,4445505.0,False,10.064033508300781,25.10055923461914,-14.10546875,-26.22739028930664,0.12829500436782837,0.10263147205114365,0.1559968739748001,1.0759457349777222,1.488838791847229,170.30174255371094
396000,4260000,362,15,396465.0,4261125.0,False,4.0516767501831055,11.80929946899414,2.8716092109680176,4.693454265594482,-0.6603380441665649,0.09378772974014282,0.11834210157394409,1.0689795017242432,1.4853039979934692,403.11785888671875
384000,4392000,315,132,387975.0,4394535.0,False,3.0418641567230225,7.03724479675293,-1.017673134803772,-12.749470710754395,-0.1323835551738739,0.12079884856939316,0.16700729727745056,1.1230136156082153,1.4784444570541382,967.7811279296875
372000,4272000,66,76,374295.0,4282005.0,True,9.972983360290527,31.99663543701172,-16.05870246887207,-7.40380859375,-0.8979174494743347,0.21829962730407715,0.10055410861968994,1.0904642343521118,1.3573195934295654,169.13421630859375
432000,4596000,79,209,438285.0,4605615.0,False,16.93798828125,54.62730407714844,50.76662826538086,133.1193084716797,-0.18571801483631134,0.1326141059398651,0.15559431910514832,1.2754510641098022,1.510474681854248,0.0
432000,4584000,336,209,438285.0,4585905.0,False,17.136150360107422,52.62653350830078,28.86283302307129,15.777289390563965,0.6602396368980408,0.15227773785591125,0.16741220653057098,1.2715210914611816,1.5775543451309204,0.0
432000,4392000,256,52,433575.0,4396305.0,False,19.613502502441406,57.79515075683594,-29.67560577392578,-76.50491333007812,-0.34933656454086304,0.21743637323379517,0.10868767648935318,1.1877901554107666,1.563151478767395,0.0
456000,4488000,178,4,456135.0,4494645.0,False,1.7864271402359009,4.283420085906982,-1.4575873613357544,-19.02141571044922,-0.9839089512825012,0.14586086571216583,0.21450446546077728,1.1689423322677612,1.6366292238235474,607.2073974609375
372000,4272000,82,38,373155.0,4281525.0,False,28.954357147216797,81.846435546875,20.14463996887207,89.17369079589844,0.22531616687774658,0.1723068654537201,0.12728217244148254,1.1052266359329224,1.479527473449707,693.037109375
444000,4596000,361,108,447255.0,4597155.0,False,25.39012336730957,72.04340362548828,14.827460289001465,36.27830505371094,0.46914780139923096,0.22550368309020996,0.1549959033727646,1.2389668226242065,1.598737120628357,720.0
432000,4596000,331,308,441255.0,4598055.0,False,32.62178421020508,87.80085754394531,-32.30934143066406,-84.63282775878906,-0.8978931903839111,0.3976666331291199,0.038683000952005386,1.460204005241394,1.4188131093978882,583.009521484375
372000,4464000,184,147,376425.0,4470465.0,False,8.149377822875977,18.22661781311035,2.7409396171569824,-3.549452066421509,-0.07306220382452011,0.1498342603445053,0.17823369801044464,1.0827341079711914,1.4564062356948853,0.0
372000,4452000,7,64,373935.0,4463775.0,False,14.666670799255371,38.73628616333008,6.061374187469482,0.6806098222732544,-0.34091612696647644,0.11919732391834259,0.16650302708148956,1.1133793592453003,1.5100401639938354,0.0
444000,4440000,240,23,444705.0,4444785.0,False,4.585117340087891,11.747354507446289,-1.4824897050857544,-3.5201416015625,0.8594405651092529,0.1179903969168663,0.14587005972862244,1.1126716136932373,1.5679153203964233,699.717529296875
372000,4512000,110,152,376575.0,4520685.0,False,6.940817832946777,20.41524314880371,-11.720458984375,-28.41810417175293,0.7010775208473206,0.08924779295921326,0.1300356239080429,1.18241548538208,1.5371233224868774,0.0
432000,4560000,349,72,434175.0,4561515.0,False,17.34427261352539,48.17333984375,13.93869400024414,-13.834160804748535,0.16986016929149628,0.19686490297317505,0.16380073130130768,1.3333709239959717,1.9117361307144165,0.0
372000,4512000,35,177,377325.0,4522935.0,False,9.581396102905273,28.53891372680664,-10.71457290649414,-33.07936096191406,-0.6666319370269775,0.11971847712993622,0.17887930572032928,1.1730084419250488,1.5799311399459839,0.0
372000,4500000,8,109,375285.0,4511745.0,False,12.24583911895752,30.77332878112793,15.615994453430176,-1.5682780742645264,0.6117144227027893,0.09729380160570145,0.15289032459259033,1.179340124130249,1.5994714498519897,0.0
396000,4440000,235,221,402645.0,4444935.0,False,3.4120521545410156,10.10645866394043,-1.2429605722427368,-12.284912109375,0.9807243943214417,0.11197229474782944,0.17225830256938934,1.0689970254898071,1.5371146202087402,30.0
444000,4596000,52,140,448215.0,4606425.0,False,22.71467399597168,52.58713150024414,-9.823431968688965,3.233289957046509,0.1351255476474762,0.7282631993293762,-0.20517201721668243,1.8949594497680664,1.4191495180130005,0.0
372000,4440000,109,396,383895.0,4448715.0,False,16.321203231811523,41.2430534362793,8.669392585754395,53.71464157104492,-0.13735169172286987,0.12724997103214264,0.13988284766674042,1.1788328886032104,1.4818514585494995,0.0
360000,4464000,169,323,369705.0,4470915.0,False,15.166945457458496,38.75272750854492,4.190619468688965,-8.590399742126465,0.2443905472755432,0.20688742399215698,0.17274287343025208,1.1292492151260376,1.6288695335388184,390.2768859863281
384000,4452000,80,200,390015.0,4461585.0,False,26.031105041503906,63.838321685791016,17.00637435913086,18.79017448425293,-0.8078058958053589,0.1354459822177887,0.13471482694149017,1.1491862535476685,1.415970802307129,236.0408477783203
684000,4464000,164,84,686535.0,4471065.0,False,1.5055433511734009,3.888929605484009,-0.3936496376991272,-3.194078207015991,0.27294185757637024,0.0990963727235794,0.1666245013475418,1.1577972173690796,1.537097454071045,390.0
696000,4452000,240,150,700515.0,4456785.0,False,3.214219808578491,8.006781578063965,-4.955756187438965,-17.08201789855957,0.8654621839523315,0.09697233140468597,0.14174103736877441,1.1190450191497803,1.5294454097747803,47.09663391113281
384000,4452000,13,333,394005.0,4463595.0,False,13.668743133544922,38.489990234375,30.447265625,49.63624572753906,-0.18693283200263977,0.15011461079120636,0.1743076890707016,1.21640145778656,1.6048797369003296,871.0903930664062
456000,4488000,34,290,464715.0,4498965.0,True,19.005966186523438,49.25839614868164,25.33041763305664,25.76704978942871,-0.8043057918548584,0.2192121148109436,0.12224582582712173,1.207342267036438,1.6234967708587646,0.0
408000,4500000,268,96,410895.0,4503945.0,True,12.974385261535645,34.339683532714844,4.126058101654053,11.46755599975586,-0.851228654384613,0.14956070482730865,0.1673487424850464,1.3791624307632446,1.8764082193374634,10.0
372000,4500000,20,232,378975.0,4511385.0,False,4.186525821685791,16.09376335144043,3.7439777851104736,28.60733985900879,0.6937630772590637,0.11486048996448517,0.19025558233261108,1.1104183197021484,1.7141354084014893,14.714045524597168
420000,4512000,216,153,424605.0,4517505.0,False,13.348641395568848,38.84177017211914,39.59291076660156,156.32516479492188,0.4715244472026825,0.20313647389411926,0.14697948098182678,1.2403987646102905,1.6822638511657715,0.0
696000,4452000,280,178,701355.0,4455585.0,False,1.9604549407958984,6.808119297027588,-3.1419270038604736,-5.701592445373535,0.7710936665534973,0.10984881222248077,0.16326524317264557,1.127200722694397,1.5246796607971191,684.5436401367188
648000,4380000,356,147,652425.0,4381305.0,True,2.5894181728363037,7.53846549987793,-12.55189323425293,-26.83230209350586,-0.49023908376693726,0.20589062571525574,0.16504408419132233,1.1888962984085083,1.5802302360534668,0.0
372000,4500000,214,136,376095.0,4505565.0,False,14.507739067077637,41.56301498413086,-11.59457778930664,0.4860568642616272,-0.9444389343261719,0.10327600687742233,0.15093371272087097,1.2414511442184448,1.6257802248001099,0.0
660000,4608000,267,392,671775.0,4611975.0,False,5.780675888061523,15.844807624816895,-7.602240562438965,-20.29936981201172,-0.4163021445274353,0.17200276255607605,0.17738237977027893,1.20652437210083,1.527175784111023,700.7852172851562
456000,4488000,265,344,466335.0,4492035.0,True,30.05177116394043,76.19093322753906,-28.38556671142578,-73.20146179199219,-0.5184597969055176,0.1813916265964508,0.18912196159362793,1.3687808513641357,1.6928001642227173,202.73748779296875
372000,4260000,360,117,375525.0,4261185.0,False,5.988261699676514,17.14987564086914,-5.748209476470947,-1.6220296621322632,-0.7979137897491455,0.11887682229280472,0.15043973922729492,1.0302767753601074,1.6407177448272705,350.57598876953125
420000,4428000,204,302,429075.0,4433865.0,False,37.682804107666016,107.09413146972656,23.144855499267578,143.6242218017578,-0.40019911527633667,0.23294520378112793,0.12143298238515854,1.313220500946045,1.3485037088394165,483.0232238769531
300000,4428000,283,339,310185.0,4431495.0,False,5.6381964683532715,14.35092544555664,-3.692450523376465,-18.02288246154785,0.30765098333358765,0.12361810356378555,0.17022539675235748,1.1144791841506958,1.65731680393219,210.0
648000,4380000,298,123,651705.0,4383045.0,True,2.6478826999664307,6.787055015563965,-0.1166449710726738,-12.334228515625,-0.42613932490348816,0.1645812839269638,0.1800144910812378,1.2315138578414917,1.6215373277664185,0.0
336000,4476000,166,146,340395.0,4483005.0,False,16.849929809570312,46.27899932861328,12.178982734680176,4.18187141418457,0.8115922808647156,0.11584800481796265,0.11694051325321198,1.121241569519043,1.4571776390075684,0.0
432000,4548000,110,124,435735.0,4556685.0,False,23.334381103515625,63.50652313232422,-3.345879554748535,7.8252363204956055,0.5532969236373901,0.18451033532619476,0.1768895536661148,1.4635611772537231,2.114025354385376,0.0
432000,4560000,202,221,438645.0,4565925.0,False,14.975553512573242,35.270301818847656,-12.499661445617676,-39.41810607910156,0.9539849162101746,0.19572803378105164,0.15187890827655792,1.2873204946517944,1.6462323665618896,0.0
408000,4464000,206,0,408015.0,4469805.0,False,3.529423952102661,9.187052726745605,0.7572292685508728,0.9866536855697632,0.3646240234375,0.1079564243555069,0.1988932490348816,1.0914297103881836,1.5362467765808105,965.9130249023438
444000,4608000,315,146,448395.0,4610535.0,False,17.809127807617188,49.17198181152344,-15.48391342163086,-49.07863998413086,-0.5412022471427917,0.4885737895965576,0.006995664443820715,1.5933091640472412,1.5535317659378052,0.0
300000,4476000,191,140,304215.0,4482255.0,False,6.1922078132629395,22.00767707824707,-6.435207843780518,-11.78805923461914,0.3443375825881958,0.12149210274219513,0.18427126109600067,1.1340960264205933,1.6789838075637817,446.65411376953125
408000,4260000,384,272,416175.0,4260465.0,True,20.384506225585938,56.28694534301758,-22.60869598388672,42.24530792236328,-0.8142885565757751,0.26303258538246155,0.11915470659732819,1.1633883714675903,1.471395492553711,259.23004150390625
336000,4476000,227,263,343905.0,4481175.0,False,9.144927978515625,23.26011848449707,-3.737616777420044,-31.60594367980957,0.4338083267211914,0.10314422845840454,0.04746297746896744,1.129911184310913,1.2819492816925049,0.0
420000,4296000,178,25,420765.0,4302645.0,True,4.981588840484619,13.722575187683105,-2.6969943046569824,-6.184651851654053,-0.12436681240797043,0.053936827927827835,0.011902045458555222,1.346351146697998,1.3128681182861328,0.0
420000,4392000,252,213,426405.0,4396425.0,False,17.74555778503418,40.28519821166992,-21.71077537536621,-36.59895706176758,-0.07805198431015015,0.17707416415214539,0.14840517938137054,1.1799949407577515,1.623270034790039,0.0
420000,4512000,100,30,420915.0,4520985.0,False,15.851310729980469,41.31145477294922,-20.59441375732422,-35.5338134765625,0.26694774627685547,0.15057668089866638,0.17654183506965637,1.399527907371521,1.958216667175293,0.0
432000,4596000,141,336,442095.0,4603755.0,False,26.770465850830078,81.97577667236328,-26.941650390625,-8.565213203430176,-0.8622232675552368,0.7882158756256104,-0.33718690276145935,2.1223325729370117,1.1710766553878784,0.0
684000,4572000,155,391,695745.0,4579335.0,False,8.674951553344727,20.51194953918457,11.41529655456543,29.31917381286621,0.8476760387420654,0.1418510377407074,0.1977723091840744,1.1617720127105713,1.6466898918151855,0.0
336000,4500000,246,47,337425.0,4504605.0,False,19.723302841186523,52.74655532836914,2.437689781188965,-10.52993392944336,-0.3291682004928589,0.09902346134185791,0.1712590605020523,1.1081700325012207,1.640385389328003,800.874755859375
636000,4428000,134,138,640155.0,4435965.0,False,12.560916900634766,31.25149154663086,5.44444465637207,10.204670906066895,-0.28382545709609985,0.1631046086549759,0.1742764115333557,1.2192206382751465,1.5640151500701904,819.7561645507812
684000,4452000,9,328,693855.0,4463715.0,False,1.6199760437011719,4.897555828094482,-4.2792558670043945,-6.242241859436035,-0.8237831592559814,0.09426306933164597,0.17360715568065643,1.1316758394241333,1.7466566562652588,0.0
324000,4488000,23,349,334485.0,4499295.0,False,12.499795913696289,33.03884506225586,-19.43115234375,13.324286460876465,0.01826370880007744,0.14713381230831146,0.12095547467470169,1.1458858251571655,1.4792016744613647,0.0
660000,4500000,105,128,663855.0,4508835.0,False,3.3661129474639893,8.362969398498535,-0.9464518427848816,-14.01193618774414,-0.11133918166160583,0.12046056240797043,0.13956372439861298,1.135103464126587,1.5414055585861206,883.1763305664062
444000,4488000,239,346,454395.0,4492815.0,True,4.140109539031982,11.39602279663086,-7.880113124847412,-9.930134773254395,-0.9236022233963013,0.1379166543483734,0.21113137900829315,1.1776236295700073,1.6533746719360352,184.14227294921875
444000,4452000,247,282,452475.0,4456575.0,False,22.787181854248047,58.5745964050293,17.57322883605957,67.82732391357422,0.9577832221984863,0.209486186504364,0.07677561044692993,1.1173367500305176,1.526366114616394,720.0
420000,4248000,239,55,421665.0,4252815.0,False,13.209662437438965,32.96929168701172,8.839653968811035,26.13170051574707,-0.16392986476421356,0.18126310408115387,0.10459920763969421,1.088797926902771,1.6183501482009888,720.0
420000,4428000,284,289,428685.0,4431465.0,True,28.7648983001709,83.3398208618164,25.65451431274414,25.74030303955078,0.9202855825424194,0.06749273091554642,0.08267033100128174,1.1003828048706055,1.3198134899139404,28.047378540039062
444000,4452000,329,249,451485.0,4454115.0,True,11.493083000183105,34.73158264160156,12.120781898498535,26.60393714904785,0.7181451320648193,0.1947270929813385,0.11284813284873962,1.09983491897583,1.5264333486557007,0.0
444000,4608000,336,2,444075.0,4609905.0,False,28.02903175354004,84.66280364990234,11.86036491394043,-77.12165069580078,-0.2893728017807007,0.2200726568698883,0.18808330595493317,1.3578885793685913,1.6425931453704834,0.0
420000,4296000,303,53,421605.0,4298895.0,True,11.222969055175781,33.568359375,-8.84852409362793,-0.9691433310508728,0.6394517421722412,0.11345374584197998,0.11895952373743057,1.1680278778076172,1.4528974294662476,0.0
732000,4608000,375,331,741945.0,4608735.0,False,9.013282775878906,23.05673599243164,-12.01368522644043,-43.1959228515625,-0.37855687737464905,0.19673438370227814,0.18856243789196014,1.1086318492889404,1.52870774269104,131.06776428222656
420000,4260000,202,216,426495.0,4265925.0,True,14.147356986999512,42.40532684326172,-19.82869529724121,-20.53043556213379,-0.6416330337524414,0.24357068538665771,0.09263253957033157,1.3190401792526245,1.5714243650436401,44.92902755737305
396000,4440000,85,363,406905.0,4449435.0,True,24.62103843688965,60.04413604736328,20.01824378967285,34.24919891357422,0.9574456810951233,0.09434078633785248,0.1557959020137787,1.1307371854782104,1.5468567609786987,272.77105712890625
396000,4476000,274,213,402405.0,4479765.0,True,25.736942291259766,70.3133544921875,-6.030165195465088,-47.33920669555664,-0.20959870517253876,0.20409688353538513,0.19630907475948334,1.3546947240829468,1.729393720626831,151.3466033935547
708000,4464000,328,302,717075.0,4466145.0,False,13.365134239196777,29.54002571105957,3.1834988594055176,-7.430474281311035,0.2837168872356415,0.0965716764330864,0.16937895119190216,1.1647382974624634,1.566819429397583,601.2494506835938
444000,4608000,311,106,447195.0,4610655.0,False,16.377729415893555,44.12094497680664,3.960923910140991,-110.16104888916016,-0.3120321035385132,0.24630148708820343,0.13436126708984375,1.4143260717391968,1.7107863426208496,0.0
336000,4428000,203,297,344925.0,4433895.0,False,4.600594520568848,12.420002937316895,-1.1892225742340088,-5.7664794921875,-0.5044031143188477,0.09566459059715271,0.13982795178890228,1.111724853515625,1.6630992889404297,342.4839782714844
420000,4392000,224,396,431895.0,4397265.0,False,18.80550765991211,48.19291305541992,60.364418029785156,109.19583129882812,0.8815898895263672,0.13341200351715088,0.12227827310562134,1.2037721872329712,1.575730562210083,110.91919708251953
444000,4440000,297,208,450255.0,4443075.0,False,3.6503281593322754,10.23788833618164,-5.209757328033447,-15.208577156066895,0.4328884482383728,0.12315014004707336,0.1368170976638794,1.0715922117233276,1.5924049615859985,299.04693603515625
336000,4464000,7,301,345045.0,4475775.0,False,22.92690658569336,59.61294174194336,-9.869465827941895,7.843655109405518,-0.975723147392273,0.13000079989433289,0.14241448044776917,1.150590181350708,1.553423285484314,0.0
336000,4476000,85,113,339405.0,4485435.0,False,6.421815872192383,15.122286796569824,-3.391913414001465,-10.600381851196289,0.15701252222061157,0.12227913737297058,0.12776269018650055,1.0936107635498047,1.471797227859497,0.0
396000,4404000,383,240,403215.0,4404495.0,False,12.483901977539062,34.3951416015625,-22.15272331237793,-43.26662826538086,0.4098089337348938,0.09489311277866364,0.09243673086166382,1.1085070371627808,1.5003701448440552,524.500244140625
420000,4296000,273,342,430275.0,4299795.0,False,3.672163248062134,10.02134895324707,-3.8858234882354736,-15.838704109191895,0.19991110265254974,0.3255893290042877,0.08859557658433914,1.1745264530181885,1.4502127170562744,342.92852783203125
324000,4476000,243,254,331635.0,4480695.0,False,20.307231903076172,53.80228805541992,2.4513347148895264,31.28866958618164,0.8377326726913452,0.036237020045518875,0.04838234931230545,1.107913851737976,1.2147496938705444,0.0
432000,4392000,130,159,436785.0,4400085.0,False,27.052600860595703,64.72451782226562,-7.402207851409912,-72.58924865722656,0.8775339126586914,0.15720060467720032,0.12112050503492355,1.0922688245773315,1.7013671398162842,213.55654907226562
324000,4464000,200,106,327195.0,4469985.0,False,20.89076042175293,53.24989318847656,34.98943328857422,2.613633632659912,-0.312338262796402,0.08530036360025406,0.09535443037748337,1.1346238851547241,1.3671098947525024,0.0
696000,4488000,184,92,698775.0,4494465.0,False,8.986098289489746,32.65196228027344,0.5407171845436096,-18.15692901611328,-0.12012984603643417,0.446841299533844,0.012731257826089859,1.2829309701919556,1.4321426153182983,558.5696411132812
396000,4512000,258,215,402465.0,4516245.0,False,19.531574249267578,54.11370086669922,-2.259657144546509,35.29542541503906,0.7949786186218262,0.1775483638048172,0.1747615933418274,1.3555063009262085,2.0102341175079346,0.0
360000,4476000,392,227,366825.0,4476225.0,False,9.47079849243164,26.83497428894043,-1.7413873672485352,10.65761947631836,-0.226482555270195,0.13249875605106354,0.1425105184316635,1.0999729633331299,1.4322311878204346,299.32806396484375
456000,4428000,394,34,457035.0,4428165.0,True,5.742401599884033,17.05231475830078,-5.946085453033447,-13.496039390563965,-0.6958774328231812,0.23103126883506775,0.09145158529281616,1.1113935708999634,1.512482762336731,62.13662338256836
432000,4548000,225,254,439635.0,4553235.0,False,4.2697649002075195,9.761895179748535,0.4504123330116272,-5.638169765472412,0.6679418683052063,0.1382809728384018,0.21615073084831238,1.2482696771621704,1.854010820388794,998.8994140625
396000,4212000,28,216,402495.0,4223145.0,False,11.866668701171875,43.51246643066406,21.99635124206543,28.8590087890625,0.42587873339653015,0.13112549483776093,0.1004343181848526,1.1184297800064087,1.6224337816238403,10.0
672000,4608000,273,6,672195.0,4611795.0,False,6.88318395614624,14.424248695373535,-4.52647590637207,-17.228557586669922,-0.6039156913757324,0.1551140993833542,0.18216924369335175,1.1783219575881958,1.6199722290039062,674.611083984375
420000,4500000,2,140,424215.0,4511925.0,True,8.896135330200195,20.78313446044922,2.2649738788604736,-27.93778419494629,-0.9580616354942322,0.15943023562431335,0.2076764702796936,1.2923771142959595,1.703557014465332,0.0
384000,4440000,189,39,385185.0,4446315.0,False,19.51643943786621,53.07390594482422,19.99372100830078,34.20576858520508,0.2546953856945038,0.09699337929487228,0.16680417954921722,1.2082616090774536,1.623887062072754,0.0
720000,4572000,346,196,725895.0,4573605.0,False,13.153945922851562,29.50005340576172,21.56393814086914,23.17910385131836,-0.32304051518440247,0.19942158460617065,0.1622694432735443,1.1996240615844727,1.5903825759887695,1002.9456787109375
420000,4512000,87,274,428235.0,4521375.0,False,14.429961204528809,35.86630630493164,20.26363182067871,69.59235382080078,-0.9838744401931763,0.30238622426986694,0.07627846300601959,1.2744922637939453,1.538684606552124,136.07275390625
324000,4488000,59,370,335115.0,4498215.0,False,6.793862342834473,14.921589851379395,-9.296875,-42.4954719543457,-0.8474000096321106,0.15144601464271545,0.15803277492523193,1.129429817199707,1.5457402467727661,624.739990234375
408000,4500000,70,374,419235.0,4509885.0,False,4.294651985168457,12.715983390808105,-3.775377035140991,-12.51418685913086,0.7898269891738892,0.1897229701280594,0.20273663103580475,1.5546152591705322,2.3828539848327637,615.3864135742188
300000,4488000,386,95,302865.0,4488405.0,False,3.664609432220459,10.087849617004395,-0.9318576455116272,-15.540337562561035,-0.47663211822509766,0.08148206770420074,0.1107545793056488,1.1411166191101074,1.4449197053909302,121.41618347167969
396000,4392000,144,22,396675.0,4399665.0,False,28.14849853515625,73.42061614990234,-15.257744789123535,-38.607627868652344,0.9944446682929993,0.09811142086982727,0.08073554188013077,1.195086121559143,1.2877222299575806,0.0
432000,4572000,52,284,440535.0,4582425.0,False,27.111083984375,77.69097137451172,-6.840359210968018,70.54603576660156,-0.9487259984016418,0.23459559679031372,0.19785013794898987,1.3766988515853882,1.7006374597549438,0.0
300000,4476000,120,163,304905.0,4484385.0,False,7.598571300506592,18.9000244140625,-0.7744004726409912,-31.59901237487793,-0.026046227663755417,0.1371445655822754,0.17748674750328064,1.1548022031784058,1.7124218940734863,365.7896728515625
432000,4536000,321,117,435525.0,4538355.0,False,18.96845817565918,55.661376953125,-24.33942413330078,-36.34743881225586,0.4692424535751343,0.18093225359916687,0.19824230670928955,1.4438056945800781,2.1738922595977783,107.31619262695312
660000,4512000,385,140,664215.0,4512435.0,False,7.366946220397949,22.43900489807129,-3.2707114219665527,4.708726406097412,0.30300676822662354,0.13308538496494293,0.18261580169200897,1.1670042276382446,1.715768814086914,319.8434753417969
420000,4296000,66,145,424365.0,4306005.0,True,22.01957130432129,46.85276794433594,35.95940399169922,50.51150131225586,0.3248194456100464,0.09450063109397888,0.09611406177282333,1.1645362377166748,1.5760462284088135,0.0
300000,4488000,395,52,301575.0,4488135.0,False,1.9631162881851196,5.776719570159912,-0.3099772036075592,-3.506483316421509,-0.8508704900741577,0.11651860177516937,0.17013725638389587,1.1323667764663696,1.5538358688354492,767.0072021484375
660000,4500000,179,106,663195.0,4506615.0,False,4.070515155792236,8.5693359375,-2.0391030311584473,-14.89108657836914,0.7536582350730896,0.11504211276769638,0.14540638029575348,1.133213758468628,1.5304899215698242,469.2546691894531
444000,4416000,294,221,450645.0,4419165.0,True,7.206442356109619,19.19847297668457,3.8559162616729736,5.3902997970581055,-0.29410862922668457,0.13630877435207367,0.14346596598625183,1.1552008390426636,1.7097114324569702,0.0
348000,4428000,272,160,352815.0,4431825.0,False,8.370485305786133,23.45926856994629,-8.881062507629395,39.27285385131836,-0.07249099761247635,0.138217031955719,0.009960739873349667,1.2031199932098389,1.3244274854660034,0.0
708000,4464000,245,357,718725.0,4468635.0,False,0.9553182125091553,3.493516683578491,0.6198052167892456,-0.7262098789215088,0.5680744051933289,0.08729760348796844,0.15065783262252808,1.0974297523498535,1.4970295429229736,882.6665649414062
732000,4644000,376,264,739935.0,4644705.0,False,4.884199142456055,9.967434883117676,3.963202714920044,1.8110079765319824,-0.5329052209854126,0.1655285656452179,0.22586756944656372,1.2231779098510742,1.5313700437545776,671.2678833007812
660000,4608000,155,107,663225.0,4615335.0,False,6.463810920715332,20.69424057006836,-13.67746353149414,-15.8553466796875,-0.74223792552948,0.16642014682292938,0.18142858147621155,1.1572636365890503,1.655831217765808,994.3843994140625
396000,4404000,295,353,406605.0,4407135.0,False,28.26504898071289,84.99971008300781,11.7322998046875,59.9737434387207,0.9203658699989319,0.05718659982085228,0.14559303224086761,1.1683428287506104,1.4788047075271606,0.0
300000,4428000,258,160,304815.0,4432245.0,False,28.723655700683594,72.86843872070312,41.60935974121094,78.55095672607422,-0.9669795036315918,0.08837387710809708,0.025318343192338943,1.2455109357833862,1.2238335609436035,0.0
444000,4608000,224,308,453255.0,4613265.0,False,23.365543365478516,76.78263092041016,11.278374671936035,40.87120056152344,0.3784536123275757,0.2781287431716919,0.1513921171426773,1.3796027898788452,1.7003995180130005,89.85143280029297
396000,4212000,59,70,398115.0,4222215.0,False,2.8994672298431396,7.90626335144043,0.5925157070159912,-13.15036392211914,-0.9328451752662659,0.08689023554325104,0.11978791654109955,1.0744481086730957,1.508662462234497,792.9691772460938
396000,4452000,381,136,400095.0,4452555.0,False,7.431082725524902,17.90468978881836,-0.5425618290901184,-19.38802146911621,0.31433266401290894,0.11202328652143478,0.15430188179016113,1.0873143672943115,1.49001944065094,450.3287048339844
636000,4608000,344,38,637155.0,4609665.0,False,22.155057907104492,62.77224349975586,44.74045181274414,112.83753967285156,0.7751224637031555,0.2321854680776596,0.13077634572982788,1.2290353775024414,1.5430309772491455,757.5618896484375
384000,4464000,185,314,393435.0,4470435.0,True,4.302537441253662,11.51772689819336,-1.0820448398590088,-15.35069465637207,0.9402561783790588,0.13775663077831268,0.18264418840408325,1.1068122386932373,1.6001968383789062,268.3597412109375
360000,4440000,44,289,368685.0,4450665.0,False,1.9897016286849976,6.600111484527588,-5.104668617248535,-15.205729484558105,-0.7753533720970154,0.13411149382591248,0.12232446670532227,1.0730159282684326,1.4662996530532837,163.419677734375
384000,4452000,133,92,386775.0,4459995.0,False,5.952848434448242,16.635417938232422,-3.046888589859009,-11.686808586120605,-0.7648336887359619,0.12240965664386749,0.1823681741952896,1.1080318689346313,1.5538606643676758,0.0
372000,4428000,293,298,380955.0,4431195.0,False,26.555843353271484,62.7718620300293,-3.2620441913604736,12.112019538879395,0.8228621482849121,0.061572134494781494,0.14657287299633026,1.1668959856033325,1.592806339263916,0.0
444000,4584000,17,189,449685.0,4595475.0,False,6.104532241821289,14.445366859436035,-4.145046710968018,-22.78065299987793,0.15253064036369324,0.3795923888683319,0.05320286378264427,1.4987374544143677,1.9547866582870483,0.0
480000,4464000,256,82,482475.0,4468305.0,True,7.41994047164917,21.63705825805664,12.251519203186035,5.58641242980957,-0.2432357370853424,0.11608413606882095,0.1449979692697525,1.1132476329803467,1.5502729415893555,60.0
384000,4512000,249,95,386865.0,4516515.0,False,3.03533673286438,5.842597007751465,0.5091688632965088,3.225531578063965,0.9984086155891418,0.10252492874860764,0.15179261565208435,1.1725547313690186,1.5776958465576172,350.71417236328125
456000,4488000,339,111,459345.0,4489815.0,True,18.970853805541992,46.61602020263672,27.67304039001465,30.70087432861328,-0.9894956946372986,0.15843059122562408,0.18559466302394867,1.2219362258911133,1.644771695137024,269.2520446777344
396000,4512000,135,211,402345.0,4519935.0,False,24.539278030395508,66.51087951660156,11.0330810546875,51.92961883544922,0.9547955989837646,0.14847779273986816,0.1940956860780716,1.3970659971237183,2.0008742809295654,0.0
360000,4452000,378,225,366765.0,4452645.0,False,4.484893798828125,13.430012702941895,-0.1978895366191864,0.859727680683136,0.9850480556488037,0.09039019048213959,0.0778457373380661,1.1139329671859741,1.298949956893921,10.0
432000,4404000,248,90,434715.0,4408545.0,False,15.474080085754395,45.25398635864258,2.561414957046509,1.1958822011947632,0.7717360854148865,0.11355137079954147,0.13594256341457367,1.1162605285644531,1.3779290914535522,886.7356567382812
444000,4404000,250,396,455895.0,4408485.0,False,12.482516288757324,40.94614028930664,-4.390041828155518,6.41197395324707,-0.8071812987327576,0.20955492556095123,0.07759153097867966,1.1298820972442627,1.5904525518417358,902.8289794921875
324000,4476000,27,339,334185.0,4487175.0,False,5.185201168060303,15.388129234313965,-9.862982749938965,-39.34148406982422,0.1781281679868698,0.16204290091991425,0.15832923352718353,1.1334741115570068,1.5040428638458252,573.1640014648438
384000,4452000,150,218,390555.0,4459485.0,False,13.504450798034668,35.46335220336914,-19.01392936706543,-38.08831024169922,-0.5501275658607483,0.1530362069606781,0.15868769586086273,1.165361762046814,1.519974708557129,0.0
360000,4500000,225,175,365265.0,4505235.0,False,2.974067211151123,8.377726554870605,-0.8973117470741272,-11.57972526550293,0.8343507647514343,0.11255208402872086,0.15014448761940002,1.2078852653503418,1.5882710218429565,537.029296875
612000,4608000,296,117,615525.0,4611105.0,False,18.90270233154297,49.73665237426758,-28.27927017211914,-63.13804626464844,0.4690299928188324,0.37251871824264526,0.12542782723903656,1.3727301359176636,1.8495491743087769,0.0
432000,4584000,387,141,436245.0,4584375.0,False,4.853636741638184,12.280463218688965,-0.2255181223154068,-13.231120109558105,0.2301887571811676,0.16711129248142242,0.17908433079719543,1.3071197271347046,1.7880946397781372,601.2493896484375
468000,4452000,111,371,479145.0,4460655.0,False,22.717910766601562,64.65658569335938,-1.7951387166976929,-50.44325256347656,-0.32819533348083496,0.2324630171060562,0.0848306342959404,1.124036431312561,1.5451805591583252,966.385009765625
396000,4404000,111,66,397995.0,4412655.0,False,25.31549072265625,75.61725616455078,-9.538899421691895,23.263469696044922,-0.6420897245407104,0.17079459130764008,0.05990368872880936,1.1656845808029175,1.4054168462753296,0.0
612000,4596000,70,215,618465.0,4605885.0,False,25.38412857055664,68.86958312988281,-45.42876434326172,-80.70945739746094,-0.5870967507362366,0.42954155802726746,0.10000541061162949,1.4066919088363647,1.5886993408203125,0.0
444000,4452000,363,180,449415.0,4453095.0,False,19.943815231323242,58.0069580078125,-30.25968360900879,-45.71827697753906,-0.752226710319519,0.3021280765533447,0.09928911924362183,1.2181615829467773,1.544233798980713,633.3251953125
372000,4500000,296,46,373395.0,4503105.0,False,24.920312881469727,64.57315063476562,-7.491726398468018,28.48947525024414,-0.44423216581344604,0.14248430728912354,0.1602887511253357,1.3124771118164062,1.7884339094161987,60.0
372000,4488000,292,68,374055.0,4491225.0,False,3.1019489765167236,7.78795051574707,-0.9454074501991272,-4.263644695281982,0.4014577865600586,0.09897824376821518,0.09535081684589386,1.104477047920227,1.424364447593689,690.4351196289062
360000,4512000,196,334,370035.0,4518105.0,False,6.898739814758301,19.25816535949707,-6.548434734344482,-18.32619857788086,-0.8490420579910278,0.09416709095239639,0.15924111008644104,1.1507790088653564,1.4499315023422241,146.03335571289062
432000,4596000,36,346,442395.0,4606905.0,False,20.308494567871094,57.13397979736328,9.48670768737793,-23.67715072631836,0.4887213408946991,0.21974870562553406,0.17221492528915405,1.250390648841858,1.4407711029052734,0.0
420000,4248000,333,96,422895.0,4249995.0,True,15.481904029846191,38.95465850830078,-3.437120199203491,-14.16262435913086,0.7320275902748108,0.1180666983127594,0.05415377393364906,1.11740243434906,1.453039288520813,88.1132583618164
324000,4476000,395,165,328965.0,4476135.0,False,0.11533550173044205,0.2768825888633728,-0.8771294355392456,-3.357475996017456,-0.24173541367053986,0.06844165921211243,0.10408075153827667,1.0479274988174438,1.467966079711914,248.6039581298828
372000,4272000,245,340,382215.0,4276635.0,True,12.964097023010254,39.89204788208008,22.31943130493164,59.82370376586914,-0.6763432025909424,0.14716646075248718,0.13805700838565826,1.1031969785690308,1.5668948888778687,193.3870391845703
696000,4452000,60,281,704445.0,4462185.0,False,2.4146900177001953,6.530300617218018,-1.2184380292892456,-4.06104850769043,0.887822151184082,0.10788628458976746,0.13468042016029358,1.120782494544983,1.4902453422546387,713.5127563476562
324000,4464000,220,369,335085.0,4469385.0,False,12.895999908447266,31.492961883544922,2.205145835876465,-5.048163414001465,0.24519819021224976,0.04792879521846771,0.05475090071558952,1.1163804531097412,1.3115595579147339,0.0
420000,4260000,8,168,425055.0,4271745.0,True,4.539721488952637,10.9615478515625,-0.5050455927848816,0.9740803837776184,-0.5662270784378052,0.16066822409629822,0.1299593597650528,1.187639832496643,1.541596531867981,0.0
432000,4440000,257,347,442425.0,4444275.0,False,2.846916437149048,6.9796142578125,-3.7881131172180176,-3.1799044609069824,-0.42155998945236206,0.10640998929738998,0.12355666607618332,1.0987578630447388,1.5463178157806396,560.4566040039062
612000,4608000,218,100,615015.0,4613445.0,False,11.759817123413086,33.57565689086914,-20.17021942138672,-25.38066864013672,0.8670750260353088,0.3257105052471161,0.11979130655527115,1.2959216833114624,1.7316570281982422,968.0911865234375
372000,4512000,119,124,375735.0,4520415.0,False,12.706297874450684,33.85813903808594,9.37051010131836,-1.1634656190872192,-0.569180428981781,0.08599404990673065,0.12644639611244202,1.1703318357467651,1.453389286994934,0.0
360000,4452000,4,58,361755.0,4463865.0,False,13.83481216430664,35.80516052246094,6.89784049987793,33.00503158569336,-0.2945514917373657,0.11595287919044495,0.11542554944753647,1.14092218875885,1.5325708389282227,942.3375244140625
372000,4428000,19,394,383835.0,4439415.0,False,17.57394790649414,49.25656509399414,16.649658203125,-4.362372398376465,-0.6862675547599792,0.11868050694465637,0.07368040829896927,1.1691170930862427,1.3393837213516235,0.0
696000,4572000,43,56,697695.0,4582695.0,False,1.5908445119857788,3.9309353828430176,0.6798502802848816,-3.3516032695770264,-0.00889371894299984,0.1290864497423172,0.20440958440303802,1.1796993017196655,1.5386967658996582,484.35552978515625
396000,4440000,2,137,400125.0,4451925.0,True,6.692623615264893,19.180744171142578,-1.469265341758728,-32.218589782714844,-0.6224081516265869,0.12495285272598267,0.120220847427845,1.1308461427688599,1.4269577264785767,148.6625518798828
696000,4452000,13,156,700695.0,4463595.0,False,2.0437378883361816,5.0120849609375,-0.3236083984375,-2.0152587890625,-0.19836211204528809,0.10929728299379349,0.15879777073860168,1.1570454835891724,1.6010310649871826,534.6961669921875
444000,4608000,346,272,452175.0,4609605.0,False,23.654094696044922,67.76311492919922,2.5716147422790527,-12.05078125,0.8860144019126892,0.11947887390851974,0.14982342720031738,1.1526000499725342,1.7505935430526733,551.7247924804688
696000,4500000,153,273,704205.0,4507395.0,False,15.226269721984863,34.69455337524414,-12.401055335998535,-30.02609634399414,-0.9913185238838196,0.1970285326242447,0.21071617305278778,1.3019217252731323,1.777385950088501,191.3253631591797
456000,4500000,316,255,463665.0,4502505.0,False,5.183204650878906,12.92161750793457,1.591457724571228,-6.587741374969482,0.9660392999649048,0.15392090380191803,0.2308400720357895,1.3303968906402588,2.043172597885132,990.0
444000,4416000,164,34,445035.0,4423065.0,False,13.01011848449707,27.4400634765625,-3.8766682147979736,-9.46718978881836,-0.9765967726707458,0.1948259472846985,0.12118327617645264,1.1410890817642212,1.6019986867904663,162.25022888183594
336000,4464000,321,163,340905.0,4466355.0,False,1.8966624736785889,4.311333656311035,-0.0965983048081398,-2.9306640625,-0.08016005158424377,0.059414930641651154,0.09641816467046738,1.0888341665267944,1.4330638647079468,873.3948364257812
432000,4584000,365,276,440295.0,4585035.0,False,32.34047317504883,94.94175720214844,-17.39134407043457,-156.1552734375,0.32402434945106506,0.25904709100723267,0.08607440441846848,1.3816819190979004,1.4114254713058472,0.0
336000,4476000,81,134,340035.0,4485555.0,False,10.90113353729248,26.66537857055664,3.024644613265991,-0.5635443329811096,0.5026606321334839,0.12158548831939697,0.12154851108789444,1.1098973751068115,1.4483929872512817,0.0
480000,4464000,308,129,483885.0,4466745.0,False,13.840865135192871,37.38407516479492,16.92507553100586,12.266357421875,-0.7460329532623291,0.22273410856723785,0.033096373081207275,1.1449428796768188,1.4105002880096436,602.5040893554688
372000,4500000,398,103,375105.0,4500045.0,False,9.060176849365234,21.03055763244629,-0.3663465678691864,-35.92864227294922,0.6119679808616638,0.1310826539993286,0.17634278535842896,1.3064637184143066,1.8965216875076294,0.0
420000,4236000,31,152,424575.0,4247055.0,False,11.700800895690918,33.84352111816406,-0.2381862848997116,-14.351887702941895,-0.5631540417671204,0.13293235003948212,0.16466768085956573,1.2571567296981812,1.7115963697433472,424.97247314453125
396000,4512000,342,319,405585.0,4513725.0,False,3.491334915161133,9.91029167175293,-1.0630154609680176,-3.5871310234069824,0.5794032216072083,0.08026998490095139,0.22774343192577362,0.9861531257629395,1.592466950416565,892.300537109375
456000,4440000,369,49,457485.0,4440915.0,False,20.898353576660156,63.41057586669922,-3.8003742694854736,-56.6754264831543,-0.7902454733848572,0.20061266422271729,0.11546075344085693,1.1802804470062256,1.5502601861953735,88.31024932861328
360000,4500000,123,291,368745.0,4508295.0,False,9.896241188049316,29.21173667907715,-9.9859619140625,-26.47314453125,-0.743331789970398,0.1299842745065689,0.16666512191295624,1.2613722085952759,1.626507043838501,0.0
408000,4236000,23,335,418065.0,4247295.0,False,19.255550384521484,53.36946487426758,-26.0556640625,-7.464789390563965,-0.41910168528556824,0.2817399799823761,0.0800195261836052,1.2631523609161377,1.5775606632232666,789.55712890625
444000,4452000,141,342,454275.0,4459755.0,False,12.504129409790039,28.99127769470215,37.4080696105957,50.45050811767578,-0.10708608478307724,0.2061672806739807,0.05997394025325775,1.1074771881103516,1.5075114965438843,840.0
360000,4500000,319,194,365835.0,4502415.0,False,4.261005878448486,12.287529945373535,0.4248182475566864,-0.4484049379825592,-0.6837730407714844,0.10116550326347351,0.14540807902812958,1.1727885007858276,1.4609551429748535,54.92902755737305
660000,4452000,74,14,660435.0,4461765.0,False,7.834512233734131,24.174072265625,-11.30276107788086,-13.438422203063965,-0.8893744349479675,0.21570228040218353,0.13890892267227173,1.188496708869934,1.601743459701538,805.357177734375
696000,4452000,344,141,700245.0,4453665.0,False,14.270739555358887,40.53181838989258,-10.21873664855957,-2.358018636703491,0.6245691180229187,0.09449680894613266,0.12447283416986465,1.1456266641616821,1.5147221088409424,600.4998168945312
420000,4260000,378,377,431325.0,4260645.0,True,13.866025924682617,31.75222396850586,-2.980658531188965,11.019206047058105,-0.24429091811180115,0.11285509169101715,0.10776319354772568,1.10476815700531,1.4241639375686646,120.0
384000,4452000,350,68,386055.0,4453485.0,False,23.087711334228516,53.02391052246094,32.50386428833008,44.27040100097656,0.4252406656742096,0.07134708017110825,0.1385585218667984,1.1623220443725586,1.5670239925384521,0.0
648000,4440000,291,79,650385.0,4443255.0,False,3.682445526123047,9.1834716796875,-4.618475914001465,-6.105726718902588,-0.48662105202674866,0.14504845440387726,0.18777571618556976,1.1295267343521118,1.615402340888977,339.7067565917969
420000,4512000,196,242,427275.0,4518105.0,False,23.707178115844727,66.87059020996094,-19.70316505432129,5.239040851593018,-0.6587865948677063,0.1962612271308899,0.16175906360149384,1.3780630826950073,1.861334204673767,0.0
372000,4248000,22,110,375315.0,4259325.0,True,16.205135345458984,51.92544174194336,-17.45244598388672,-15.256591796875,0.5587659478187561,0.07021074742078781,0.09392838180065155,1.0857372283935547,1.4078538417816162,0.0
348000,4428000,169,6,348195.0,4434915.0,False,12.871160507202148,40.41923141479492,-1.4185791015625,39.49861526489258,0.10771819949150085,0.13615676760673523,0.10488972067832947,1.1374009847640991,1.5473231077194214,955.1439819335938
432000,4404000,385,3,432105.0,4404435.0,False,17.876955032348633,52.31791305541992,13.08631706237793,-2.5541043281555176,-0.6506631970405579,0.1180553063750267,0.09988824278116226,1.1759055852890015,1.423103928565979,0.0
660000,4452000,217,81,662445.0,4457475.0,False,11.30935001373291,33.82172393798828,8.431912422180176,25.45003318786621,0.17144039273262024,0.12574028968811035,0.20168985426425934,1.2041505575180054,1.7215135097503662,270.55841064453125
660000,4608000,171,158,664755.0,4614855.0,False,13.049306869506836,31.481647491455078,7.263482093811035,17.50507354736328,0.968299150466919,0.13300110399723053,0.16939708590507507,1.1540619134902954,1.5629194974899292,11.380711555480957
336000,4464000,9,266,343995.0,4475715.0,False,20.59580421447754,52.27389907836914,28.63387107849121,18.70534896850586,-0.5452641844749451,0.10948445647954941,0.15818683803081512,1.1490150690078735,1.6637824773788452,324.039306640625
396000,4488000,362,77,398325.0,4489125.0,False,29.39591407775879,78.26470184326172,56.25409698486328,116.68812561035156,-0.8772957921028137,0.14893582463264465,0.1639733463525772,1.3794748783111572,1.845208764076233,420.35791015625
348000,4428000,125,23,348705.0,4436235.0,False,5.096379280090332,13.139376640319824,-7.304769039154053,-28.8896484375,-0.5054875612258911,0.1512797325849533,0.09640781581401825,1.1085491180419922,1.5684269666671753,150.0
732000,4608000,247,373,743205.0,4612575.0,False,8.133833885192871,18.2310791015625,7.16932487487793,6.14805793762207,0.2561938464641571,0.2255937159061432,0.1933899223804474,1.185958743095398,1.6564353704452515,834.4459228515625
384000,4248000,9,93,386805.0,4259715.0,True,17.866901397705078,45.87289810180664,-16.31292152404785,-32.999794006347656,-0.8944495320320129,0.1425873339176178,0.14674246311187744,1.2108032703399658,1.544334053993225,0.0
312000,4428000,97,18,312555.0,4437075.0,False,7.272353649139404,18.9742431640625,5.75977897644043,9.662055015563965,-0.9425546526908875,0.1301540583372116,0.11944480985403061,1.116731882095337,1.4713279008865356,0.0
420000,4440000,151,362,430875.0,4447455.0,False,27.333181381225586,84.97398376464844,13.83433723449707,82.54610443115234,0.6408122777938843,0.18152496218681335,0.10075034946203232,1.0990463495254517,1.3407288789749146,0.0
456000,4500000,394,345,466365.0,4500165.0,False,1.6587759256362915,4.151706218719482,-2.563055992126465,-18.73621940612793,-0.2131379097700119,0.2213766872882843,0.1439828723669052,1.222662091255188,1.6384060382843018,552.08740234375
360000,4296000,320,10,360315.0,4298385.0,False,11.792610168457031,32.68177795410156,-21.35343360900879,-30.20330238342285,0.23466862738132477,0.11761924624443054,0.1073155403137207,1.3096036911010742,1.5683199167251587,496.79595947265625
384000,4512000,123,77,386325.0,4520295.0,False,2.6513795852661133,7.94908332824707,-0.658311665058136,-15.850287437438965,-0.4856489896774292,0.09408105909824371,0.1238354742527008,1.20753014087677,1.4970215559005737,33.548316955566406
348000,4476000,25,52,349575.0,4487235.0,False,13.41131591796875,38.65468978881836,-36.27198791503906,-66.07709503173828,0.8003175854682922,0.24777375161647797,0.1731594055891037,1.1671031713485718,1.7150852680206299,799.1871337890625
444000,4488000,236,168,449055.0,4492905.0,False,10.657706260681152,26.52219009399414,-6.102919101715088,12.532754898071289,0.284402072429657,0.11220913380384445,0.20194508135318756,1.1808323860168457,1.6461377143859863,741.3502807617188
420000,4308000,382,121,423645.0,4308525.0,True,16.325740814208984,44.74305725097656,20.92287826538086,102.78487396240234,0.2310832142829895,0.09135965257883072,0.044824689626693726,1.1475120782852173,1.366468071937561,0.0
384000,4392000,135,229,390885.0,4399935.0,False,3.9612019062042236,11.35008430480957,-3.736328125,-20.37740135192871,-0.8578540086746216,0.08928218483924866,0.11406784504652023,1.117461085319519,1.3985388278961182,899.3331909179688
408000,4416000,5,60,409815.0,4427835.0,False,12.592276573181152,31.26177215576172,-10.43531608581543,-11.57457160949707,0.01448124647140503,0.10777096450328827,0.12889382243156433,1.1721998453140259,1.4546443223953247,0.0
396000,4404000,317,1,396045.0,4406475.0,False,28.154438018798828,77.46005249023438,38.95065689086914,27.06845474243164,-0.8820059299468994,0.17079459130764008,0.05990368872880936,1.1656845808029175,1.4054168462753296,0.0
384000,4248000,130,47,385425.0,4256085.0,True,12.371685028076172,36.58102798461914,-7.330484867095947,-16.13327407836914,0.7080678343772888,0.1308060735464096,0.15672725439071655,1.1630629301071167,1.4797916412353516,0.0
300000,4440000,188,208,306255.0,4446345.0,False,20.218782424926758,53.02870178222656,14.562554359436035,86.5632095336914,0.7924094200134277,0.096565380692482,0.17389139533042908,1.0649051666259766,1.6042900085449219,684.469482421875
348000,4512000,366,213,354405.0,4513005.0,False,6.786990165710449,17.83740234375,-1.3081597089767456,6.991604328155518,-0.37004390358924866,0.07519415766000748,0.13010674715042114,1.1611536741256714,1.500968098640442,930.8062744140625
408000,4500000,250,168,413055.0,4504485.0,False,1.7537649869918823,5.808634281158447,-3.45703125,-19.84315299987793,-0.787581741809845,0.14959119260311127,0.19759058952331543,1.3438767194747925,1.7840991020202637,395.3502502441406
336000,4464000,269,250,343515.0,4467915.0,False,17.076045989990234,44.86537170410156,10.31651496887207,58.9014892578125,0.9358670711517334,0.05668596178293228,0.06649498641490936,1.1348457336425781,1.324663519859314,0.0
444000,4596000,56,24,444735.0,4606305.0,False,23.400157928466797,59.52094268798828,6.238742351531982,-17.73912239074707,-0.22070233523845673,0.3909335434436798,0.10838291049003601,1.5342482328414917,1.7491226196289062,213.55654907226562
300000,4476000,157,124,303735.0,4483275.0,False,3.3511157035827637,9.218071937561035,-0.7221408486366272,-4.127739906311035,0.3695336878299713,0.12117090076208115,0.1852487325668335,1.1488980054855347,1.6733667850494385,480.3130187988281
372000,4488000,21,26,372795.0,4499355.0,False,12.602420806884766,32.22295379638672,14.48512077331543,14.768229484558105,0.8743984699249268,0.09734740108251572,0.09386367350816727,1.1351851224899292,1.358737587928772,0.0
396000,4404000,200,361,406845.0,4409985.0,False,24.12972640991211,60.07746124267578,-0.055433377623558044,64.068115234375,0.5886420607566833,0.1326277107000351,0.06818172335624695,1.1457637548446655,1.414126992225647,541.38720703125
732000,4644000,307,203,738105.0,4646775.0,False,9.938611030578613,25.22711944580078,4.424221515655518,-12.66529655456543,-0.9032825827598572,0.23469026386737823,0.17522919178009033,1.162405014038086,1.5050052404403687,128.68569946289062
432000,4392000,57,52,433575.0,4402275.0,False,19.26519203186035,51.48332977294922,21.02916145324707,46.91650390625,-0.9206823706626892,0.19177640974521637,0.11815899610519409,1.186889886856079,1.5496275424957275,19.428091049194336
648000,4356000,106,237,655125.0,4364805.0,False,9.350878715515137,23.26059341430664,-0.3894857168197632,2.4117431640625,-0.42897215485572815,0.14480488002300262,0.10134652256965637,1.1490755081176758,1.4518932104110718,649.4613647460938
408000,4236000,30,324,417735.0,4247085.0,False,17.6337947845459,43.62684631347656,29.91704750061035,26.60967254638672,0.34366145730018616,0.2651130259037018,0.07254872471094131,1.2220581769943237,1.5934616327285767,971.9569702148438
708000,4464000,327,63,709905.0,4466175.0,False,5.685711860656738,13.926541328430176,0.7692057490348816,-19.61892318725586,-0.3858400583267212,0.3374119997024536,0.05410225689411163,1.2453582286834717,1.4734538793563843,1008.7616577148438
372000,4428000,143,396,383895.0,4435695.0,False,16.226764678955078,46.14447784423828,-16.26811981201172,57.2588005065918,-0.8485164046287537,0.17511752247810364,0.1425331085920334,1.1684179306030273,1.3937249183654785,351.996337890625
384000,4464000,29,355,394665.0,4475115.0,True,11.69243049621582,34.41938018798828,-37.70465850830078,-72.31423950195312,0.8188657760620117,0.1617916077375412,0.12359235435724258,1.1627609729766846,1.4728995561599731,11.380711555480957
360000,4500000,245,247,367425.0,4504635.0,False,20.050926208496094,56.43378448486328,-1.1001518964767456,38.68649673461914,0.6297402381896973,0.09022147208452225,0.1459616720676422,1.1939588785171509,1.5469437837600708,0.0
360000,4440000,273,178,365355.0,4443795.0,False,11.115882873535156,29.66598892211914,-0.3055149018764496,3.138170003890991,-0.9330423474311829,0.1284954994916916,0.11183767765760422,1.1476325988769531,1.3901032209396362,0.0
360000,4500000,4,217,366525.0,4511865.0,False,8.526390075683594,26.71504783630371,-5.399332523345947,-5.739407062530518,-0.5886256694793701,0.07980751991271973,0.12795111536979675,1.1967406272888184,1.4421628713607788,0.0
384000,4404000,370,341,394245.0,4404885.0,False,28.277307510375977,73.01840209960938,-13.079400062561035,-29.95022201538086,-0.3409459590911865,0.10260175168514252,0.029381658881902695,1.2214815616607666,1.2532786130905151,54.92902755737305
432000,4536000,232,38,433155.0,4541025.0,False,10.797700881958008,33.2249755859375,-5.362711429595947,-25.02989387512207,-0.676565408706665,0.19020506739616394,0.1960153430700302,1.4140912294387817,1.935490369796753,0.0
384000,4356000,48,178,389355.0,4366545.0,False,13.39678955078125,37.079139709472656,18.41426658630371,42.84410095214844,0.6134530305862427,0.08029379695653915,0.13250094652175903,1.1970399618148804,1.5483945608139038,0.0
396000,4440000,41,228,402855.0,4450755.0,True,20.01866340637207,55.1041259765625,1.760158896446228,-30.54131317138672,0.9223899841308594,0.19135338068008423,0.05905671790242195,1.1624135971069336,1.405330777168274,0.0
456000,4488000,166,253,463605.0,4495005.0,True,16.069074630737305,43.3931884765625,-16.20022201538086,-110.53643035888672,-0.891440749168396,0.2662202715873718,0.16659025847911835,1.294020414352417,1.5528790950775146,0.0
372000,4248000,326,390,383715.0,4250205.0,True,13.260223388671875,31.09290885925293,14.93014907836914,28.02609634399414,0.7292420864105225,0.0922892764210701,0.12458857893943787,1.0708837509155273,1.5585153102874756,0.0
444000,4296000,349,130,447915.0,4297515.0,True,4.76242208480835,12.087714195251465,-2.103814125061035,-15.573554039001465,0.269253134727478,0.14322014153003693,0.12333749234676361,1.1432617902755737,1.5237149000167847,318.5932922363281
420000,4536000,206,8,420255.0,4541805.0,False,4.197212219238281,12.361639976501465,-5.984293460845947,-24.17034339904785,-0.7405514121055603,0.162560373544693,0.20031629502773285,1.3638135194778442,1.9485927820205688,150.45278930664062
432000,4572000,38,201,438045.0,4582845.0,False,6.677576541900635,15.20468521118164,-6.47193717956543,-32.994300842285156,0.09733031690120697,0.17575863003730774,0.19323323667049408,1.307213306427002,1.7608911991119385,0.0
432000,4584000,185,268,440055.0,4590435.0,False,34.030086517333984,104.47976684570312,43.25312042236328,35.6605339050293,-0.9017117023468018,0.3940034508705139,-0.001091008074581623,1.4835941791534424,1.3898963928222656,0.0
420000,4428000,104,270,428115.0,4436865.0,False,7.341024875640869,18.20915985107422,7.91722297668457,22.43622589111328,0.8750163316726685,0.19799815118312836,0.11515384912490845,1.1059411764144897,1.4987373352050781,219.7831573486328
420000,4500000,303,394,431835.0,4502895.0,False,5.337040901184082,13.1693115234375,4.296563148498535,1.8997124433517456,-0.1730778068304062,0.12991763651371002,0.17711572349071503,1.219709873199463,1.7507227659225464,347.878173828125
396000,4248000,203,105,399165.0,4253895.0,True,26.034465789794922,66.5711669921875,48.84286880493164,58.83296585083008,0.13743352890014648,0.1496591866016388,0.057861413806676865,1.0720411539077759,1.5274913311004639,200.97280883789062
372000,4260000,363,52,373575.0,4261095.0,True,6.250429630279541,18.27244758605957,-8.595866203308105,-18.39694595336914,0.5625410079956055,0.08460482209920883,0.12168329954147339,0.993701696395874,1.5450689792633057,44.92902755737305
420000,4428000,288,281,428445.0,4431345.0,True,9.950868606567383,28.84552764892578,-27.37706184387207,-65.1693115234375,0.817891538143158,0.14082087576389313,0.11610881984233856,1.1571766138076782,1.4085131883621216,14.714045524597168
384000,4476000,398,373,395205.0,4476045.0,True,17.155004501342773,48.7490234375,-38.82656478881836,-58.86848831176758,0.2882809638977051,0.2068212330341339,0.11054828763008118,1.1814730167388916,1.4701205492019653,0.0
324000,4476000,274,290,332715.0,4479765.0,False,4.704357147216797,12.44066047668457,-3.2704129219055176,-1.5834418535232544,0.42335212230682373,0.0887184590101242,0.14111216366291046,1.0968773365020752,1.5658564567565918,295.82342529296875
384000,4356000,6,52,385575.0,4367805.0,False,18.084482192993164,49.65625,-4.15562629699707,26.10880470275879,0.7444482445716858,0.1416110396385193,0.1466047167778015,1.1947894096374512,1.575977087020874,577.5819091796875
396000,4248000,204,116,399495.0,4253865.0,True,15.24504280090332,41.3730354309082,-7.143106937408447,-25.61260223388672,-0.3223351836204529,0.13461412489414215,0.13385078310966492,1.116794228553772,1.655739665031433,54.92902755737305
360000,4512000,365,172,365175.0,4513035.0,False,3.4064478874206543,8.499755859375,3.141669511795044,-5.28126335144043,-0.467088520526886,0.10431934148073196,0.17084379494190216,1.162230134010315,1.5799213647842407,543.8759155273438
420000,4416000,87,156,424695.0,4425375.0,False,14.328218460083008,47.829017639160156,-38.97608947753906,-73.95921325683594,0.3031957149505615,0.11755581945180893,0.13344165682792664,1.1981779336929321,1.5243480205535889,591.439208984375
324000,4476000,393,142,328275.0,4476195.0,False,0.25230276584625244,0.7971598505973816,0.2197672575712204,-1.9645317792892456,0.7612048387527466,0.0870228037238121,0.1278681606054306,1.0526506900787354,1.4691787958145142,35.500938415527344
432000,4452000,398,48,433455.0,4452045.0,False,10.032142639160156,25.12881088256836,-16.19464874267578,-12.12392807006836,0.5709062814712524,0.14795556664466858,0.12748782336711884,1.101844072341919,1.5221474170684814,0.0
372000,4428000,265,186,377595.0,4432035.0,False,15.269768714904785,38.47385025024414,-13.852145195007324,24.8193359375,-0.6115225553512573,0.10554643720388412,0.04769183322787285,1.1748381853103638,1.2966504096984863,0.0
480000,4452000,75,71,482145.0,4461735.0,True,6.401764392852783,17.29871940612793,2.0543212890625,-10.987032890319824,-0.43610820174217224,0.16880063712596893,0.14949804544448853,1.1136541366577148,1.526673674583435,0.0
348000,4428000,303,223,354705.0,4430895.0,False,9.370207786560059,27.88443946838379,-8.842190742492676,-9.25522232055664,-0.47886648774147034,0.12158172577619553,0.08958469331264496,1.1466530561447144,1.481261968612671,44.92902755737305
444000,4452000,290,93,446805.0,4455285.0,True,17.52345848083496,46.05859375,42.19371032714844,106.77792358398438,-0.4759470224380493,0.18107426166534424,0.12365535646677017,1.1175237894058228,1.5319308042526245,90.0
480000,4452000,37,40,481215.0,4462875.0,True,4.657702445983887,11.80933952331543,10.868123054504395,14.397868156433105,0.27318331599235535,0.15420027077198029,0.13324007391929626,1.1755478382110596,1.54831862449646,0.0
432000,4404000,391,58,433755.0,4404255.0,False,23.46830177307129,62.2381591796875,-26.01523208618164,21.113998413085938,0.7494728565216064,0.10819122940301895,0.1254669427871704,1.1751686334609985,1.6460047960281372,0.0
432000,4260000,322,74,434235.0,4262325.0,False,7.9974684715271,17.16581153869629,-0.5736625790596008,-0.022949324920773506,0.6903136372566223,0.10825882107019424,0.12381419539451599,1.147716760635376,1.6536693572998047,663.1746826171875
480000,4464000,399,32,480975.0,4464015.0,True,37.287872314453125,97.47793579101562,-23.03778839111328,-83.95854949951172,0.8788531422615051,0.021432915702462196,0.1177564188838005,1.109859824180603,1.439339518547058,10.0
336000,4464000,140,1,336045.0,4471785.0,False,7.512238502502441,20.93618392944336,-10.22911262512207,-27.04782485961914,0.7940686345100403,0.053556084632873535,0.06084669753909111,1.1211040019989014,1.2538797855377197,0.0
384000,4452000,116,267,392025.0,4460505.0,False,13.513585090637207,31.01009178161621,-4.937513828277588,13.008584976196289,0.1110648587346077,0.14953099191188812,0.16031570732593536,1.1684049367904663,1.6211179494857788,780.3846435546875
420000,4392000,211,285,428565.0,4397655.0,False,5.593103408813477,14.967379570007324,5.582573890686035,-2.980116128921509,-0.9314159750938416,0.18361987173557281,0.129466250538826,1.1401543617248535,1.582698941230774,336.3070373535156
360000,4440000,62,267,368025.0,4450125.0,False,7.141060829162598,21.2000732421875,-1.7467176914215088,10.952799797058105,-0.9285096526145935,0.1283566951751709,0.15523333847522736,1.0895546674728394,1.4745490550994873,1008.3154296875
396000,4488000,17,379,407385.0,4499475.0,True,3.5989086627960205,9.121649742126465,0.8582627773284912,-8.111857414245605,-0.9550427794456482,0.18304327130317688,0.20556963980197906,1.4683407545089722,2.182396411895752,302.4951477050781
372000,4488000,55,191,377745.0,4498335.0,False,12.698125839233398,34.02895736694336,11.356865882873535,44.21474838256836,0.6767494678497314,0.12467441707849503,0.18261820077896118,1.0983153581619263,1.6043113470077515,0.0
312000,4428000,310,341,322245.0,4430685.0,False,2.962257146835327,7.2076005935668945,-0.3025851845741272,-7.609822750091553,0.9840707182884216,0.11965842545032501,0.1164538562297821,1.1070445775985718,1.5338281393051147,401.0007019042969
432000,4572000,225,73,434205.0,4577235.0,False,14.091686248779297,40.603065490722656,29.01972198486328,57.74152374267578,0.4306246042251587,0.1307954639196396,0.18765774369239807,1.258460283279419,1.7051856517791748,151.01629638671875
468000,4464000,394,269,476085.0,4464165.0,False,16.806041717529297,42.28803253173828,-20.74325942993164,31.40363311767578,0.21875280141830444,0.167179673910141,0.09575385600328445,1.113110899925232,1.5268127918243408,845.1629028320312
648000,4452000,118,221,654645.0,4460445.0,False,21.833431243896484,56.23871612548828,1.0921494960784912,50.95024871826172,0.18123218417167664,0.2140425592660904,0.1446617692708969,1.1886446475982666,1.6394784450531006,393.8385314941406
336000,4476000,110,152,340575.0,4484685.0,False,13.839744567871094,31.27120018005371,-13.64869499206543,-16.36433982849121,0.10407503694295883,0.13032275438308716,0.1016448363661766,1.1338343620300293,1.4130033254623413,0.0
336000,4428000,365,397,347925.0,4429035.0,False,3.713944673538208,8.55750846862793,-6.640679359436035,-12.892889976501465,0.9268001317977905,0.10756958276033401,0.09137144684791565,1.1381099224090576,1.5387517213821411,960.7810668945312
336000,4476000,175,104,339135.0,4482735.0,False,12.138747215270996,32.0748291015625,10.492106437683105,26.6802978515625,-0.6390506029129028,0.10005698353052139,0.0787278264760971,1.135448694229126,1.3852916955947876,0.0
372000,4488000,208,194,377835.0,4493745.0,False,9.345489501953125,27.23744010925293,-15.35439682006836,11.59984016418457,0.4409920871257782,0.13778460025787354,0.1252814382314682,1.1410212516784668,1.432224154472351,0.0
396000,4344000,49,218,402555.0,4354515.0,False,5.498555660247803,14.894219398498535,0.4533962607383728,-31.63407325744629,-0.4152492880821228,0.12566818296909332,0.16563743352890015,1.1048470735549927,1.4908020496368408,314.16900634765625
360000,4464000,182,197,365925.0,4470525.0,False,11.565978050231934,29.63785743713379,4.20973014831543,2.603339195251465,-0.9230262637138367,0.27651089429855347,0.04779719561338425,1.2133455276489258,1.441591739654541,0.0
360000,4512000,152,343,370305.0,4519425.0,False,8.299528121948242,19.92961883544922,-2.0220675468444824,-5.772908687591553,0.8496572375297546,0.07713592797517776,0.14849615097045898,1.1414690017700195,1.4559348821640015,0.0
408000,4260000,231,29,408885.0,4265055.0,True,6.7387847900390625,17.04977798461914,-4.059271812438965,-22.30691146850586,-0.5364395380020142,0.13190223276615143,0.11889452487230301,1.1072444915771484,1.4486770629882812,0.0
432000,4380000,76,80,434415.0,4389705.0,False,17.239709854125977,48.05281448364258,38.21156311035156,87.94729614257812,0.8514930605888367,0.14345072209835052,0.15573011338710785,1.133049488067627,1.6155197620391846,0.0
420000,4272000,356,180,425415.0,4273305.0,False,6.9381327629089355,15.636542320251465,-6.7894287109375,-13.089627265930176,-0.667934000492096,0.1072535365819931,0.08533559739589691,1.156479001045227,1.3952586650848389,939.9469604492188
384000,4260000,330,192,389775.0,4262085.0,False,12.289848327636719,34.12184143066406,3.5193822383880615,7.368869304656982,-0.6952632665634155,0.057542722672224045,0.047742292284965515,1.110167384147644,1.3422787189483643,671.2678833007812
648000,4428000,9,11,648345.0,4439715.0,True,3.5140390396118164,8.350558280944824,-2.0276150703430176,-5.437798500061035,-0.22996079921722412,0.21070675551891327,0.15963861346244812,1.197261095046997,1.5972418785095215,193.64892578125
432000,4596000,171,343,442305.0,4602855.0,False,30.68626594543457,77.16349029541016,-21.099773406982422,-4.38243293762207,0.988777220249176,0.3492095172405243,0.12872588634490967,1.387502670288086,1.4851166009902954,503.4886474609375
432000,4572000,81,313,441405.0,4581555.0,False,29.250125885009766,87.50732421875,14.28903579711914,78.44010162353516,0.43337127566337585,0.1569267213344574,0.13688597083091736,1.2405567169189453,1.5794801712036133,0.0
360000,4500000,200,289,368685.0,4505985.0,False,12.257453918457031,32.84120178222656,-1.5459933280944824,-37.91664123535156,0.6495254039764404,0.10700616240501404,0.14413970708847046,1.2109323740005493,1.5543311834335327,0.0
420000,4272000,394,151,424545.0,4272165.0,True,8.51760482788086,22.604045867919922,-5.3739013671875,21.90285873413086,-0.12230353057384491,0.1252797693014145,0.16844609379768372,1.305275321006775,1.575788140296936,0.0
300000,4428000,266,108,303255.0,4432005.0,False,0.9363821148872375,3.265435218811035,-3.0136446952819824,-24.521892547607422,0.03247447311878204,0.14028459787368774,0.04012380540370941,1.1249138116836548,1.34199059009552,416.7769470214844
336000,4464000,104,220,342615.0,4472865.0,False,20.243026733398438,58.81601333618164,17.12504005432129,37.544921875,0.6559533476829529,0.08641952276229858,0.1523950695991516,1.1521176099777222,1.5889580249786377,0.0
372000,4500000,23,149,376485.0,4511295.0,False,16.732540130615234,46.85500717163086,16.9886474609375,39.67998504638672,0.5318909883499146,0.08762804418802261,0.177264004945755,1.127805471420288,1.5747096538543701,0.0
648000,4452000,46,172,653175.0,4462605.0,False,6.798396110534668,16.54744529724121,3.4745821952819824,-0.447618305683136,-0.22688086330890656,0.28977277874946594,0.10220946371555328,1.2297250032424927,1.5431296825408936,662.279052734375
444000,4416000,389,354,454635.0,4416315.0,True,7.526819705963135,20.03301239013672,9.361165046691895,23.072223663330078,-0.12411730736494064,0.15316294133663177,0.13338738679885864,1.1257795095443726,1.5044931173324585,0.0
372000,4428000,350,219,378585.0,4429485.0,False,3.881728410720825,8.87388801574707,-1.0960015058517456,-11.215155601501465,0.650029182434082,0.09374898672103882,0.14285321533679962,1.1275532245635986,1.508302092552185,0.0
456000,4488000,161,254,463635.0,4495155.0,True,10.490456581115723,31.83797264099121,-42.2733154296875,-124.36375427246094,-0.6820322275161743,0.3335811495780945,0.13687056303024292,1.310248851776123,1.4100699424743652,0.0
420000,4272000,360,135,424065.0,4273185.0,False,10.682685852050781,26.49686622619629,-8.4888916015625,-15.462714195251465,-0.595578670501709,0.13426420092582703,0.13785786926746368,1.2093585729599,1.5816468000411987,484.35552978515625
420000,4404000,374,380,431415.0,4404765.0,False,4.717006206512451,10.422892570495605,-1.2266031503677368,-7.671942710876465,0.11025160551071167,0.1102045327425003,0.1315297931432724,1.1538573503494263,1.5436266660690308,360.0
684000,4452000,192,385,695565.0,4458225.0,False,1.6049028635025024,4.6312255859375,-1.2738173007965088,-8.346598625183105,0.4174562394618988,0.07333430647850037,0.11371371150016785,1.1221888065338135,1.5181288719177246,322.1759338378906
360000,4272000,4,339,370185.0,4283865.0,False,4.92589807510376,12.373751640319824,-1.0751138925552368,-4.403876304626465,-0.555152177810669,0.12019245326519012,0.14064989984035492,1.0878844261169434,1.472051739692688,960.7811279296875
384000,4488000,257,326,393795.0,4492275.0,False,4.059566020965576,13.289346694946289,-14.564887046813965,-29.74800682067871,-0.5046291351318359,0.1025148257613182,0.1652621328830719,1.1866521835327148,2.045661687850952,900.333251953125
612000,4596000,167,247,619425.0,4602975.0,False,15.38697624206543,49.01890563964844,-5.300686359405518,-29.11176300048828,0.6014370918273926,0.283558189868927,0.16563154757022858,1.2664158344268799,1.5791429281234741,458.2646179199219
444000,4608000,257,212,450375.0,4612275.0,False,22.390335083007812,68.6591567993164,-42.9930305480957,-29.12684440612793,0.6216340661048889,0.7507556676864624,-0.19379130005836487,1.8866559267044067,1.3849831819534302,587.1709594726562
396000,4452000,198,7,396225.0,4458045.0,False,3.1164705753326416,10.926310539245605,12.25804328918457,9.05518913269043,-0.4343174993991852,0.16507163643836975,0.14798960089683533,1.2340642213821411,1.5378427505493164,638.2789306640625
420000,4440000,201,389,431685.0,4445955.0,False,15.842168807983398,36.44908142089844,-3.836168050765991,17.59345054626465,0.4069828391075134,0.2581034302711487,0.06679008156061172,1.1850454807281494,1.4757236242294312,0.0
324000,4488000,364,146,328395.0,4489065.0,False,7.492752552032471,21.28815269470215,-12.90880012512207,-0.567491352558136,0.6248208284378052,0.137453094124794,0.1746279001235962,1.105894684791565,1.5520970821380615,151.01629638671875
336000,4428000,162,299,344985.0,4435125.0,False,2.8885374069213867,7.71776008605957,-1.4044189453125,-7.930582523345947,0.31187179684638977,0.10425453633069992,0.13600967824459076,1.0924853086471558,1.6261409521102905,755.778076171875
384000,4512000,109,192,389775.0,4520715.0,False,4.113748073577881,12.327717781066895,-3.999131917953491,-14.298787117004395,-0.6959352493286133,0.11747394502162933,0.12758125364780426,1.248010516166687,1.6266570091247559,126.15751647949219
456000,4488000,108,215,462465.0,4496745.0,True,18.80703353881836,50.51432418823242,-36.77518844604492,-40.6488037109375,-0.5734374523162842,0.19690562784671783,0.13749240338802338,1.2573357820510864,1.6689283847808838,193.59384155273438
468000,4464000,357,396,479895.0,4465275.0,True,13.07264518737793,35.288414001464844,-2.1209716796875,39.85712432861328,0.7837240099906921,0.12892307341098785,0.11410525441169739,1.123261570930481,1.4254282712936401,0.0
336000,4500000,79,316,345495.0,4509615.0,False,4.083932399749756,9.57798957824707,0.0338541679084301,-1.2931993007659912,0.14449374377727509,0.0794651210308075,0.14253558218479156,1.1766833066940308,1.475679874420166,722.9107666015625
396000,4512000,100,318,405555.0,4520985.0,False,15.916751861572266,37.56028747558594,5.653957843780518,26.04067611694336,-0.09187793731689453,0.12704025208950043,0.1746561974287033,1.3233691453933716,1.914600133895874,0.0
396000,4488000,155,364,406935.0,4495335.0,False,16.007871627807617,35.20109176635742,-5.6021318435668945,-15.54908561706543,-0.06984227150678635,0.17625190317630768,0.17763957381248474,1.4500932693481445,1.9493963718414307,792.9691772460938
648000,4440000,284,98,650955.0,4443465.0,False,2.6144566535949707,7.073459148406982,-0.5567491054534912,1.7387967109680176,0.48753541707992554,0.17076356709003448,0.17691785097122192,1.1403528451919556,1.5700252056121826,336.3070373535156
384000,4392000,298,284,392535.0,4395045.0,False,28.97089195251465,87.37125396728516,-42.49208068847656,-78.27214050292969,0.7656135559082031,0.10858484357595444,0.10009555518627167,1.159433364868164,1.447546362876892,0.0
420000,4512000,383,190,425715.0,4512495.0,False,14.877605438232422,42.40692901611328,-14.003106117248535,-11.58421516418457,-0.9446117877960205,0.20040832459926605,0.18552806973457336,1.377879023551941,1.835178017616272,541.3876953125
360000,4464000,382,320,369615.0,4464525.0,False,26.29037857055664,77.33944702148438,5.070298671722412,66.5458984375,0.31196892261505127,0.15369603037834167,0.1428922861814499,1.0886677503585815,1.5178130865097046,745.5869750976562
372000,4488000,197,39,373185.0,4494075.0,False,3.8048782348632812,11.110623359680176,-5.840765953063965,0.716295063495636,0.4745721220970154,0.11381126940250397,0.16226086020469666,1.1242319345474243,1.5441995859146118,785.0479125976562
456000,4608000,279,4,456135.0,4611615.0,False,35.72080993652344,96.6401138305664,8.198540687561035,96.96099090576172,-0.2911810874938965,0.25451192259788513,0.11035343259572983,1.319115400314331,1.495950698852539,874.3596801757812
372000,4248000,13,152,376575.0,4259595.0,False,11.945117950439453,29.53346061706543,-20.40242576599121,-17.87429428100586,-0.2725750207901001,0.1529110223054886,0.13278314471244812,1.1102415323257446,1.4934709072113037,658.4071655273438
324000,4476000,156,208,330255.0,4483305.0,False,24.63987922668457,56.35697555541992,16.80290985107422,8.381442070007324,0.9863364100456238,0.07538512349128723,0.06618951261043549,1.127598762512207,1.326737880706787,0.0
384000,4368000,318,152,388575.0,4370445.0,False,16.0945987701416,43.74275588989258,-0.4839138388633728,28.80626106262207,0.817446231842041,0.16375389695167542,0.1396731734275818,1.2399989366531372,1.6023290157318115,930.0
684000,4572000,44,235,691065.0,4582665.0,False,1.8949735164642334,4.714301109313965,-1.112521767616272,-4.520887851715088,-0.47035354375839233,0.12798559665679932,0.18509502708911896,1.1021612882614136,1.5937626361846924,825.7725219726562
408000,4428000,301,119,411585.0,4430955.0,False,4.57635498046875,12.35610580444336,-1.7856580018997192,-12.345038414001465,-0.9282546043395996,0.11660297960042953,0.14542774856090546,1.1045477390289307,1.4452922344207764,65.99678802490234
396000,4440000,311,269,404085.0,4442655.0,False,1.6849730014801025,5.468912601470947,0.3662923276424408,-0.2210150808095932,0.8008861541748047,0.09256988763809204,0.15223412215709686,1.052260160446167,1.4461770057678223,349.2641296386719
684000,4452000,118,350,694515.0,4460445.0,False,1.4626655578613281,4.050537109375,-3.3225505352020264,-12.719048500061035,-0.4855741262435913,0.0790603831410408,0.12920066714286804,1.1580407619476318,1.4939781427383423,437.4941711425781
336000,4428000,35,380,347415.0,4438935.0,False,4.8542399406433105,13.82676887512207,7.090223789215088,-3.960869789123535,-0.37833496928215027,0.09083999693393707,0.10697221755981445,1.0676460266113281,1.4885894060134888,618.95068359375
432000,4548000,113,65,433965.0,4556595.0,False,25.394956588745117,77.83155822753906,3.381334066390991,5.029025554656982,0.6978338360786438,0.153124138712883,0.1803310215473175,1.3300542831420898,1.868914008140564,0.0
444000,4584000,260,17,444525.0,4588185.0,False,27.020238876342773,75.82906341552734,35.93168258666992,49.42518615722656,-0.9453050494194031,0.24387770891189575,0.12250299006700516,1.388933777809143,1.6326180696487427,0.0
360000,4272000,36,286,368595.0,4282905.0,False,3.8377466201782227,9.108222007751465,-4.111721515655518,-21.72829818725586,-0.11600081622600555,0.11620000749826431,0.14859513938426971,1.0493800640106201,1.5282946825027466,981.1728515625
432000,4596000,245,144,436335.0,4600635.0,False,3.656484842300415,10.45814323425293,2.085829019546509,-5.433417320251465,0.5000141263008118,0.1656908094882965,0.21829284727573395,1.431046724319458,1.8862285614013672,170.88206481933594
732000,4644000,272,179,737385.0,4647825.0,False,16.49513816833496,33.13289260864258,9.407280921936035,54.46841049194336,0.055794015526771545,0.25609734654426575,0.1306830644607544,1.107027530670166,1.4927692413330078,0.0
444000,4440000,27,264,451935.0,4451175.0,True,10.315359115600586,30.3297119140625,5.146158695220947,-7.451768398284912,0.042797524482011795,0.14641515910625458,0.11638845503330231,1.1480170488357544,1.6037113666534424,0.0
444000,4416000,93,191,449745.0,4425195.0,False,11.633753776550293,30.04306411743164,-2.11865234375,-8.48349380493164,0.5255980491638184,0.14268627762794495,0.13184894621372223,1.1069618463516235,1.599438190460205,0.0
660000,4608000,186,152,664575.0,4614405.0,False,12.373404502868652,32.31208038330078,-2.757270097732544,-2.2762856483459473,-0.5065393447875977,0.22819319367408752,0.18564993143081665,1.166568398475647,1.7550618648529053,241.25807189941406
432000,4596000,386,348,442455.0,4596405.0,False,30.958709716796875,96.85414123535156,-12.080512046813965,-81.90412139892578,-0.8371893167495728,0.3785282373428345,0.08055724203586578,1.4705545902252197,1.4737967252731323,3.3333332538604736
396000,4500000,32,46,397395.0,4511025.0,False,18.185102462768555,49.5246696472168,-12.27232551574707,23.08242416381836,-0.5740063190460205,0.13847500085830688,0.17065221071243286,1.2354933023452759,1.734009027481079,0.0
372000,4464000,98,246,379395.0,4473045.0,False,3.8592801094055176,10.087862968444824,-2.012640953063965,-12.1239013671875,0.6096001863479614,0.09275253117084503,0.11741240322589874,1.0655865669250488,1.5274678468704224,838.8851318359375
696000,4488000,306,35,697065.0,4490805.0,False,20.550060272216797,43.79104232788086,6.874063968658447,-7.650146484375,-0.6444316506385803,0.33434227108955383,0.05535381659865379,1.2181346416473389,1.367945671081543,0.0
420000,4428000,309,185,425565.0,4430715.0,True,30.434419631958008,80.05984497070312,15.586506843566895,64.95486450195312,-0.955715537071228,0.142660453915596,0.12470504641532898,1.133529782295227,1.46962308883667,0.0
684000,4464000,94,155,688665.0,4473165.0,False,1.0856549739837646,3.1073269844055176,-1.2414957284927368,-9.11610221862793,0.5670803189277649,0.09361325204372406,0.1768932193517685,1.1459739208221436,1.5982285737991333,120.95127868652344
372000,4248000,197,106,375195.0,4254075.0,True,7.106644630432129,17.53047752380371,-2.4882946014404297,-12.24020767211914,-0.07115595787763596,0.12494145333766937,0.09699941426515579,1.1198444366455078,1.5417014360427856,0.0
732000,4596000,56,335,742065.0,4606305.0,False,18.15979766845703,39.33566665649414,-13.451714515686035,-32.01536560058594,-0.22688427567481995,0.22661952674388885,0.14710669219493866,1.208451509475708,1.5087964534759521,126.15751647949219
420000,4572000,329,393,431805.0,4574115.0,False,11.649604797363281,28.02583885192871,-4.6443281173706055,-30.00295639038086,-0.29038915038108826,0.14216166734695435,0.1803155243396759,1.3615020513534546,1.8503413200378418,202.04067993164062
408000,4248000,328,278,416355.0,4250145.0,True,18.331838607788086,55.81019592285156,-19.97726821899414,-24.25675392150879,-0.7694686055183411,0.12672112882137299,0.0985984355211258,1.1174559593200684,1.5286942720413208,0.0
444000,4428000,396,394,455835.0,4428105.0,True,18.1514835357666,45.26873016357422,2.199164390563965,-21.82988739013672,-0.22197525203227997,0.31084558367729187,0.032406486570835114,1.1552404165267944,1.4344161748886108,0.0
432000,4596000,344,306,441195.0,4597665.0,False,30.354413986206055,99.43760681152344,29.98326301574707,94.46896362304688,-0.8572992086410522,0.3120378851890564,0.0898573100566864,1.46623694896698,1.5216403007507324,336.0076904296875
432000,4380000,96,74,434235.0,4389105.0,False,23.060651779174805,64.83189392089844,71.47550964355469,97.4869384765625,0.6114169359207153,0.15118303894996643,0.12061885744333267,1.1816531419754028,1.5271457433700562,0.0
432000,4584000,338,202,438075.0,4585845.0,False,27.095808029174805,85.6280746459961,8.94533920288086,5.397963047027588,0.7422263026237488,0.1751047968864441,0.15049053728580475,1.3073318004608154,1.5760071277618408,0.0
444000,4428000,301,275,452265.0,4430955.0,True,22.91019058227539,55.69169235229492,33.20583724975586,38.47355270385742,0.08663249015808105,0.22106550633907318,0.07874840497970581,1.1222918033599854,1.3901532888412476,136.07275390625
444000,4428000,158,243,451305.0,4435245.0,False,3.7778751850128174,10.645209312438965,4.26881217956543,6.523613929748535,-0.6945147514343262,0.18023286759853363,0.1678914576768875,1.1220228672027588,1.521963119506836,767.0072631835938
372000,4500000,102,271,380145.0,4508925.0,False,2.007652997970581,5.899007320404053,0.4279920756816864,1.5847982168197632,0.6373609900474548,0.11562863737344742,0.17158083617687225,1.1680644750595093,1.704066514968872,660.2274780273438
432000,4440000,72,370,443115.0,4449825.0,False,8.405216217041016,19.41573143005371,-8.53635025024414,-7.241021156311035,0.5789750218391418,0.15018460154533386,0.14048004150390625,1.162988305091858,1.556215763092041,618.9510498046875
372000,4488000,387,122,375675.0,4488375.0,False,3.8795087337493896,7.503702640533447,1.8687472343444824,-0.6042616367340088,0.5642838478088379,0.07921013236045837,0.0876879170536995,1.156524658203125,1.3771257400512695,969.63916015625
384000,4512000,181,149,388485.0,4518555.0,False,9.166099548339844,27.89115333557129,6.666205406188965,5.784274578094482,0.4386753737926483,0.09890015423297882,0.13038408756256104,1.2002973556518555,1.5429542064666748,0.0
732000,4644000,223,112,735375.0,4649295.0,False,8.453446388244629,21.58140754699707,-13.582709312438965,-39.018798828125,0.030145743861794472,0.16827833652496338,0.23323965072631836,1.1922365427017212,1.6727252006530762,0.0
396000,4464000,215,278,404355.0,4469535.0,False,9.368437767028809,32.08475875854492,17.32672882080078,69.01083374023438,-0.7290447950363159,0.13573265075683594,0.19006165862083435,1.2621654272079468,1.6058279275894165,607.2073364257812
456000,4488000,378,186,461595.0,4488645.0,False,30.767778396606445,85.67545318603516,-54.67814254760742,-136.588134765625,0.3477114140987396,0.15843059122562408,0.18559466302394867,1.2219362258911133,1.644771695137024,924.5
444000,4608000,152,284,452535.0,4615425.0,False,20.54157257080078,59.791259765625,31.34852409362793,72.32872009277344,-0.9060704708099365,0.30638372898101807,0.17358654737472534,1.4882396459579468,1.8885020017623901,282.3081970214844
468000,4488000,16,34,469035.0,4499505.0,False,1.8601231575012207,4.4439287185668945,-1.019775390625,-3.1029052734375,0.21658185124397278,0.10453685373067856,0.17239293456077576,1.1466894149780273,1.6672924757003784,837.13818359375
444000,4596000,16,191,449745.0,4607505.0,False,23.227235794067383,58.81967544555664,-10.12818717956543,-64.84526824951172,-0.31910961866378784,0.31288841366767883,0.1497209221124649,1.426439642906189,1.6525403261184692,144.7941436767578
420000,4296000,143,215,426465.0,4303695.0,True,13.926447868347168,44.60671615600586,-1.063327431678772,-16.53999900817871,0.06999054551124573,0.17535947263240814,0.13833101093769073,1.0901238918304443,1.5020339488983154,248.60394287109375
372000,4272000,239,309,381285.0,4276815.0,True,11.541608810424805,37.28498077392578,-33.74476623535156,-118.41049194335938,0.10172148048877716,0.14021450281143188,0.11243131011724472,1.0805878639221191,1.391343593597412,0.0
360000,4500000,95,327,369825.0,4509135.0,False,4.833428382873535,13.631402015686035,-1.369601845741272,-20.00959014892578,-0.5051218271255493,0.10697374492883682,0.17737752199172974,1.2181705236434937,1.5962475538253784,30.0
360000,4452000,379,184,365535.0,4452615.0,False,2.4035441875457764,7.067002773284912,1.8388264179229736,-8.934611320495605,0.42539212107658386,0.10633254796266556,0.13989709317684174,1.1134940385818481,1.4256304502487183,214.5046844482422
408000,4236000,14,357,418725.0,4247565.0,False,17.680892944335938,46.27471160888672,12.984890937805176,90.87117767333984,0.30608993768692017,0.24432776868343353,0.1166757270693779,1.2778160572052002,1.7122939825057983,570.0
408000,4284000,8,355,418665.0,4295745.0,False,20.563182830810547,54.62270736694336,28.97360610961914,78.8800048828125,0.7547919750213623,0.11042051762342453,0.07657638192176819,1.0247671604156494,1.7308456897735596,362.0771484375
432000,4560000,200,12,432375.0,4565985.0,False,13.128512382507324,34.22820281982422,22.64066505432129,16.44970703125,0.931271493434906,0.10049288719892502,0.15952232480049133,1.240738034248352,1.6166168451309204,0.0
408000,4248000,354,231,414945.0,4249365.0,True,15.943385124206543,34.778236389160156,42.198326110839844,51.1641960144043,0.16313841938972473,0.14258812367916107,0.1075645163655281,1.1316516399383545,1.5799813270568848,180.0
360000,4248000,166,311,369345.0,4255005.0,False,14.985981941223145,40.89858627319336,0.8453911542892456,28.57921028137207,0.5655001997947693,0.1933552622795105,0.14212633669376373,1.1118561029434204,1.551361083984375,607.94775390625
696000,4476000,295,22,696675.0,4479135.0,False,1.026578664779663,2.8057453632354736,0.102918840944767,-0.5165337324142456,0.42150619626045227,0.09215967357158661,0.1366032361984253,1.0886571407318115,1.491654872894287,420.0
456000,4488000,183,232,462975.0,4494495.0,True,27.54881477355957,72.39659118652344,27.562744140625,19.18033790588379,-0.9270479679107666,0.17776185274124146,0.06836026161909103,1.2323734760284424,1.4275386333465576,0.0
372000,4488000,77,158,376755.0,4497675.0,False,7.63131046295166,20.3936767578125,1.2362196445465088,-2.457994222640991,0.3710559606552124,0.12495476752519608,0.08861657232046127,1.1366088390350342,1.4829974174499512,0.0
432000,4548000,270,207,438225.0,4551885.0,False,7.568910598754883,19.43012237548828,-0.2647704780101776,-17.75332260131836,-0.633793830871582,0.16414040327072144,0.17258989810943604,1.1932885646820068,1.5084238052368164,60.0
396000,4512000,90,380,407415.0,4521285.0,False,2.2868270874023438,6.85325813293457,0.129150390625,-0.1549614816904068,0.6891245245933533,0.14488869905471802,0.1881491243839264,1.3575818538665771,1.994088053703308,0.0
396000,4224000,399,248,403455.0,4224015.0,False,5.068299770355225,15.166462898254395,-6.152018070220947,-48.51528549194336,0.6987161636352539,0.14240242540836334,0.08680431544780731,1.066603422164917,1.512521743774414,683.6307983398438
444000,4416000,99,87,446625.0,4425015.0,False,5.451009273529053,11.7288818359375,-0.9402262568473816,0.6317545771598816,-0.4589616060256958,0.1424071043729782,0.12600021064281464,1.0708445310592651,1.4744938611984253,387.5911865234375
336000,4476000,196,131,339945.0,4482105.0,False,13.979583740234375,33.80290985107422,7.270493984222412,23.65440559387207,0.8182549476623535,0.057227544486522675,0.03340128809213638,1.1410181522369385,1.2305229902267456,0.0
360000,4500000,391,372,371175.0,4500255.0,False,26.719383239746094,69.99750518798828,44.530921936035156,144.6673583984375,0.46324771642684937,0.11305247992277145,0.12783926725387573,1.248578667640686,1.3997113704681396,0.0
420000,4440000,182,331,429945.0,4446525.0,False,20.009199142456055,52.86347198486328,-19.88133430480957,38.68815231323242,-0.13913556933403015,0.3031652569770813,0.08272901177406311,1.2812319993972778,1.5609030723571777,0.0
468000,4236000,303,333,478005.0,4238895.0,False,28.09363555908203,77.37323760986328,5.170220375061035,-30.70591926574707,-0.4214741885662079,0.14543060958385468,0.15770453214645386,1.2246878147125244,1.5897444486618042,365.7896728515625
384000,4512000,182,119,387585.0,4518525.0,False,4.040351867675781,10.99392318725586,-5.911037921905518,-15.89405632019043,-0.4187142848968506,0.12550322711467743,0.14751780033111572,1.2686184644699097,1.6625771522521973,0.0
396000,4500000,46,145,400365.0,4510605.0,False,2.869925022125244,8.15794563293457,-3.198676109313965,-1.2684326171875,0.7172832489013672,0.15035805106163025,0.17894767224788666,1.365876317024231,1.969140887260437,54.92902755737305
408000,4488000,55,39,409185.0,4498335.0,False,7.794888496398926,16.39466667175293,-0.5928276777267456,-7.345621585845947,-0.7058852910995483,0.14302274584770203,0.18212850391864777,1.5023465156555176,2.0138909816741943,984.3779907226562
348000,4512000,377,287,356625.0,4512675.0,False,3.7195518016815186,8.279052734375,1.2705078125,-8.684896469116211,0.02926621027290821,0.11372794210910797,0.1573314219713211,1.195023775100708,1.7541006803512573,666.558349609375
444000,4452000,320,141,448245.0,4454385.0,True,23.584686279296875,65.52882385253906,-23.032184600830078,5.203803062438965,-0.437466025352478,0.18053144216537476,0.11791864782571793,1.1264411211013794,1.5254534482955933,40.21498489379883
420000,4428000,180,235,427065.0,4434585.0,False,25.18718147277832,67.05120086669922,31.789794921875,75.82440948486328,-0.29425039887428284,0.18833141028881073,0.09896980971097946,1.1532567739486694,1.4304085969924927,456.40631103515625
660000,4608000,357,377,671325.0,4609275.0,False,17.6939640045166,48.19186782836914,6.776028156280518,1.8892550468444824,0.7113202214241028,0.10877364128828049,0.2162368893623352,1.1138737201690674,1.7632297277450562,0.0
372000,4488000,269,139,376185.0,4491915.0,False,6.9242658615112305,15.338351249694824,10.542927742004395,22.19870376586914,0.0062836818397045135,0.09772443771362305,0.08293074369430542,1.157562255859375,1.365524172782898,0.0
456000,4488000,118,220,462615.0,4496445.0,True,21.798063278198242,53.97242736816406,-5.6478271484375,-0.1397840976715088,-0.974314272403717,0.22915661334991455,0.12958413362503052,1.2735426425933838,1.6165105104446411,0.0
456000,4380000,380,201,462045.0,4380585.0,True,11.258353233337402,29.1795654296875,2.6562228202819824,18.67704200744629,0.9363376498222351,0.19756485521793365,0.1434793323278427,1.20906662940979,1.7224535942077637,148.6625518798828
372000,4476000,314,381,383445.0,4478565.0,False,0.8929270505905151,2.314588785171509,1.247585654258728,-0.5924885869026184,-0.204568549990654,0.11798057705163956,0.16348031163215637,1.0682319402694702,1.483202338218689,997.5469970703125
324000,4464000,123,146,328395.0,4472295.0,False,24.825040817260742,66.83367156982422,-13.620659828186035,2.6715359687805176,-0.8588394522666931,0.08697096258401871,0.02321532554924488,1.175486445426941,1.1665387153625488,0.0
612000,4596000,35,187,617625.0,4606935.0,False,26.738576889038086,69.55795288085938,-20.76521873474121,-22.638957977294922,-0.43994539976119995,0.40808039903640747,0.10264771431684494,1.3951970338821411,1.7117749452590942,44.14213562011719
372000,4512000,334,77,374325.0,4513965.0,False,10.529178619384766,24.83266830444336,3.424750566482544,25.28610610961914,0.9579218029975891,0.0906115397810936,0.16201037168502808,1.1587538719177246,1.5810258388519287,0.0
444000,4572000,218,122,447675.0,4577445.0,False,4.790705680847168,13.95008659362793,2.745795249938965,-4.238729000091553,0.5548245310783386,0.1731593757867813,0.19624561071395874,1.4214891195297241,1.9802426099777222,942.337646484375
456000,4488000,166,312,465375.0,4495005.0,True,13.415163040161133,32.43659210205078,-11.18667221069336,-37.16277313232422,0.23574663698673248,0.20084935426712036,0.17974446713924408,1.226043701171875,1.6837869882583618,0.0
336000,4476000,284,186,341595.0,4479465.0,False,4.40910530090332,10.674139976501465,-5.8326416015625,-25.97433853149414,-0.2528519034385681,0.1158953607082367,0.15334941446781158,1.1210325956344604,1.6861071586608887,408.77874755859375
360000,4500000,389,320,369615.0,4500315.0,False,6.19880485534668,14.98560905456543,-8.3270263671875,-24.64903450012207,0.04732063040137291,0.09544072300195694,0.11229025572538376,1.1824551820755005,1.398280143737793,0.0
396000,4476000,259,138,400155.0,4480215.0,True,32.14521408081055,100.71817779541016,24.70426368713379,55.80623245239258,0.8120172619819641,0.1889946013689041,0.08621414005756378,1.2228444814682007,1.410781979560852,0.0
396000,4488000,249,94,398835.0,4492515.0,True,28.789993286132812,87.82450103759766,27.588054656982422,56.71394729614258,-0.8003401160240173,0.14893582463264465,0.1639733463525772,1.3794748783111572,1.845208764076233,136.40283203125
456000,4416000,57,37,457125.0,4426275.0,False,6.3448991775512695,18.16668128967285,-4.8165283203125,-32.99065399169922,0.4875693917274475,0.2569173574447632,0.10847382992506027,1.1682592630386353,1.5074421167373657,730.95849609375
312000,4428000,140,189,317685.0,4435785.0,False,3.0859642028808594,7.02049446105957,0.1127251535654068,-4.410712242126465,-0.044143661856651306,0.1255965232849121,0.18159323930740356,1.0588937997817993,1.7457515001296997,530.5662841796875
432000,4404000,224,399,443985.0,4409265.0,False,10.840889930725098,25.65935516357422,28.14785385131836,34.43815231323242,-0.7115633487701416,0.1518690139055252,0.14256992936134338,1.0689622163772583,1.6639461517333984,547.0516357421875
324000,4476000,93,248,331455.0,4485195.0,False,15.29176139831543,35.58103942871094,45.13532257080078,146.56114196777344,-0.06994595378637314,0.13742826879024506,0.05944497510790825,1.1722452640533447,1.2641969919204712,0.0
456000,4488000,374,351,466545.0,4488765.0,False,3.575080633163452,9.954426765441895,-3.2972140312194824,-12.80551528930664,0.4786655902862549,0.15843059122562408,0.18559466302394867,1.2219362258911133,1.644771695137024,483.3199157714844
396000,4260000,32,236,403095.0,4271025.0,True,17.4258975982666,47.45559310913086,2.6189098358154297,8.061848640441895,0.7514046430587769,0.10070624947547913,0.14133240282535553,1.0971653461456299,1.5873034000396729,0.0
408000,4536000,63,248,415455.0,4546095.0,False,6.391338348388672,17.32198143005371,-0.6986626982688904,-1.8841010332107544,-0.28704097867012024,0.14660567045211792,0.16989551484584808,1.3346320390701294,1.921189308166504,825.7725219726562
660000,4608000,264,250,667515.0,4612065.0,False,5.092072010040283,15.61085319519043,-19.08144760131836,-41.94489288330078,-0.2037770301103592,0.21778015792369843,0.21717160940170288,1.2202603816986084,1.692812442779541,0.0
432000,4548000,70,11,432345.0,4557885.0,False,6.687388896942139,16.4632568359375,-3.520073890686035,-14.059109687805176,-0.13817425072193146,0.18577221035957336,0.18371057510375977,1.400672435760498,2.0687592029571533,306.9247741699219
420000,4524000,140,200,426015.0,4531785.0,False,4.133852481842041,9.25732421875,3.494276285171509,-2.691948890686035,-0.8528512120246887,0.1715685874223709,0.18261711299419403,1.4483489990234375,2.0995495319366455,215.4027557373047
420000,4284000,35,273,428205.0,4294935.0,True,19.201000213623047,52.51792907714844,22.67727279663086,41.35443878173828,0.5441261529922485,0.3142901659011841,0.01791232079267502,1.2216514348983765,1.3544455766677856,0.0
324000,4476000,183,264,331935.0,4482495.0,False,19.703706741333008,52.98141860961914,4.016642093658447,-0.588894248008728,0.9693048596382141,0.07599339634180069,0.07689347863197327,1.1179300546646118,1.3342751264572144,0.0
432000,4584000,298,346,442395.0,4587045.0,False,26.445491790771484,67.60028839111328,41.81315231323242,124.44541931152344,0.9898030161857605,0.21554848551750183,0.08557626605033875,1.3320742845535278,1.3545795679092407,0.0
420000,4296000,136,29,420885.0,4303905.0,False,5.091050148010254,14.244914054870605,-4.46180534362793,-13.45651626586914,-0.9835748076438904,0.025965461507439613,-0.00846537109464407,1.4038798809051514,1.243735432624817,706.5411987304688
360000,4248000,193,338,370155.0,4254195.0,False,16.27310562133789,41.71367645263672,-4.41455078125,-40.30220413208008,0.14543336629867554,0.15144087374210358,0.13783486187458038,1.0987223386764526,1.499537467956543,660.0
360000,4488000,0,291,368745.0,4499985.0,False,3.864331007003784,10.11729621887207,-0.4833577573299408,-0.303046315908432,0.45058655738830566,0.12428145855665207,0.11386667191982269,1.1370609998703003,1.3914294242858887,486.8387145996094
384000,4248000,337,93,386805.0,4249875.0,False,2.1877238750457764,5.479139804840088,1.0292019844055176,1.3665771484375,0.967776894569397,0.10359839349985123,0.11560443788766861,1.0336514711380005,1.683282732963562,503.4886474609375
420000,4308000,235,9,420285.0,4312935.0,False,1.5201905965805054,4.811930179595947,-0.7518310546875,-12.07143783569336,0.8946131467819214,0.07784958928823471,0.12564776837825775,1.053612232208252,1.504624605178833,677.2743530273438
612000,4608000,259,139,616185.0,4612215.0,False,17.355735778808594,46.9482421875,-11.778862953186035,-59.746498107910156,0.7333340048789978,0.33999988436698914,0.12126050144433975,1.3011890649795532,1.6554985046386719,3.3333332538604736
372000,4500000,127,123,375705.0,4508175.0,False,2.860588788986206,7.897718906402588,0.5039876103401184,-16.95342254638672,0.3208252489566803,0.09943219274282455,0.14241895079612732,1.1516027450561523,1.5237547159194946,121.28134155273438
648000,4380000,270,144,652335.0,4383885.0,True,11.377159118652344,24.20936393737793,8.983426094055176,3.0410428047180176,-0.0541280172765255,0.20842871069908142,0.14335207641124725,1.219544529914856,1.6368801593780518,0.0
384000,4248000,389,62,385875.0,4248315.0,False,1.0062658786773682,2.485175132751465,-0.5179307460784912,-4.043673992156982,0.9687943458557129,0.0883130133152008,0.12556283175945282,1.0338913202285767,1.571049690246582,947.5759887695312
360000,4512000,172,342,370275.0,4518825.0,False,3.1758310794830322,8.25560188293457,-3.8866238594055176,-21.1173095703125,0.9418996572494507,0.09316640347242355,0.15519265830516815,1.1338911056518555,1.4587115049362183,80.82179260253906
456000,4392000,157,57,457725.0,4399275.0,True,21.772111892700195,60.01093292236328,-11.704373359680176,-7.729682445526123,0.37686607241630554,0.2608570456504822,0.1442851722240448,1.257354497909546,1.8127516508102417,3.3333332538604736
732000,4632000,329,374,743235.0,4634115.0,False,5.12795877456665,13.619303703308105,-8.31369400024414,-15.2373046875,0.4255824685096741,0.18588875234127045,0.22617951035499573,1.312175989151001,1.851435899734497,42.97640609741211
324000,4464000,39,347,334425.0,4474815.0,False,2.8024628162384033,7.010050296783447,0.0611707903444767,-4.712294101715088,-0.9563207626342773,0.0755157470703125,0.09319500625133514,1.1094201803207397,1.2964996099472046,297.6578674316406
648000,4452000,39,130,651915.0,4462815.0,False,4.032093524932861,9.168375968933105,0.5109592080116272,-5.9990234375,-0.014809614978730679,0.2142632156610489,0.1690368801355362,1.1873823404312134,1.6562790870666504,365.7896728515625
420000,4536000,176,152,424575.0,4542705.0,False,2.747560739517212,7.927626132965088,-2.8318684101104736,-12.52956771850586,-0.9593200087547302,0.1600227802991867,0.2243189513683319,1.4463385343551636,2.0375895500183105,0.0
372000,4476000,228,148,376455.0,4481145.0,False,9.69515323638916,24.2359619140625,6.335110187530518,37.51687240600586,0.9566518664360046,0.10784509032964706,0.1436971127986908,1.061599850654602,1.4612298011779785,0.0
336000,4500000,7,107,339225.0,4511775.0,False,3.727731227874756,10.33291244506836,1.6433241367340088,1.2180311679840088,-0.7639028429985046,0.08760083466768265,0.1581454575061798,1.1738698482513428,1.5673407316207886,300.5020751953125
420000,4500000,305,172,425175.0,4502835.0,False,5.0542073249816895,13.599677085876465,-0.2355821430683136,-7.51414680480957,0.3904475271701813,0.15920467674732208,0.229496568441391,1.5462779998779297,2.2700884342193604,716.03076171875
396000,4512000,58,185,401565.0,4522245.0,False,19.326927185058594,52.70834732055664,50.53679656982422,127.09071350097656,0.7515665888786316,0.0961223766207695,0.1492425799369812,1.2792506217956543,1.599757194519043,0.0
408000,4296000,305,395,419865.0,4298835.0,True,26.768022537231445,69.1676025390625,-13.64124870300293,-31.91635513305664,0.056208860129117966,0.07814823091030121,0.10253234207630157,1.0361820459365845,1.5225684642791748,3.3333332538604736
420000,4260000,6,299,428985.0,4271805.0,True,3.290294885635376,8.482110023498535,-0.8457844853401184,-5.7549638748168945,-0.9157232046127319,0.16988638043403625,0.10941877216100693,1.1440255641937256,1.5345937013626099,6.666666507720947
444000,4284000,29,131,447945.0,4295115.0,True,16.837467193603516,38.46945571899414,-18.46232032775879,-8.19813346862793,0.18929079174995422,0.2122095823287964,0.10629252344369888,1.130857229232788,1.4916447401046753,0.0
312000,4488000,332,343,322305.0,4490025.0,False,15.923940658569336,39.04006576538086,3.3221569061279297,55.20254135131836,-0.003732108511030674,0.11950764060020447,0.18368692696094513,1.1017543077468872,1.5848606824874878,0.0
420000,4296000,13,245,427365.0,4307595.0,False,4.833410263061523,12.350016593933105,0.8214247226715088,-5.14625358581543,0.27359768748283386,0.13569679856300354,0.1316605657339096,1.0737704038619995,1.6085939407348633,659.0903930664062
432000,4500000,168,9,432285.0,4506945.0,False,3.3958446979522705,7.977728843688965,2.5840656757354736,4.297824382781982,-0.02981743961572647,0.16608668863773346,0.23026368021965027,1.3787182569503784,2.031517744064331,558.5696411132812
360000,4500000,180,396,371895.0,4506585.0,False,3.036019802093506,7.806220054626465,0.2613118588924408,-26.56458854675293,-0.9792601466178894,0.12128476053476334,0.16914324462413788,1.199954628944397,1.5778778791427612,494.5269775390625
372000,4512000,243,44,373335.0,4516695.0,False,8.199045181274414,19.5712890625,23.68372917175293,62.64865493774414,0.31551674008369446,0.07719994336366653,0.12230851501226425,1.1644210815429688,1.4414267539978027,0.0
372000,4500000,247,251,379545.0,4504575.0,False,2.2012572288513184,5.442789554595947,0.5517306923866272,-3.8069255352020264,0.1867227703332901,0.09325235337018967,0.15934105217456818,1.1821290254592896,1.5794029235839844,215.4027557373047
372000,4500000,219,220,378615.0,4505415.0,False,3.973275899887085,10.009603500366211,0.9965549111366272,0.3130967915058136,0.40092578530311584,0.083975650370121,0.15849646925926208,1.1977403163909912,1.5620837211608887,591.6973266601562
372000,4440000,302,378,383355.0,4442925.0,False,7.004310607910156,19.61752700805664,-10.65517807006836,-22.60965919494629,-0.42815083265304565,0.1344163715839386,0.1567148119211197,1.1214932203292847,1.4306597709655762,96.20514678955078
444000,4608000,298,360,454815.0,4611045.0,False,13.140380859375,31.59247398376465,-24.373046875,-120.81246948242188,0.8770977258682251,0.34743091464042664,0.12680289149284363,1.4425758123397827,1.7340922355651855,0.0
396000,4488000,218,102,399075.0,4493445.0,True,31.56913185119629,93.2412338256836,-1.9762098789215088,13.709078788757324,-0.8807741403579712,0.14893582463264465,0.1639733463525772,1.3794748783111572,1.845208764076233,117.63505554199219
408000,4512000,25,397,419925.0,4523235.0,False,4.657149314880371,10.031914710998535,-2.06787109375,-16.99236297607422,-0.3323288559913635,0.20005474984645844,0.2227129489183426,1.5538747310638428,2.460498809814453,319.8434753417969
420000,4296000,392,369,431085.0,4296225.0,True,7.150010585784912,22.306640625,-7.946939945220947,-12.32359504699707,0.5549536943435669,0.20223940908908844,0.09138039499521255,1.1653270721435547,1.4439756870269775,0.0
372000,4500000,54,304,381135.0,4510365.0,False,1.9042179584503174,5.499294757843018,-0.8084445595741272,-6.894734859466553,0.7161477208137512,0.10361022502183914,0.15924161672592163,1.1658751964569092,1.6796002388000488,482.5137023925781
420000,4440000,119,381,431445.0,4448415.0,False,16.730545043945312,39.3902473449707,-29.87108039855957,-65.63826751708984,-0.2830994725227356,0.2680133879184723,0.10006418079137802,1.194224238395691,1.546530842781067,0.0
720000,4572000,328,104,723135.0,4574145.0,False,9.211139678955078,25.33639907836914,9.4779052734375,-19.33900260925293,-0.4822492003440857,0.3759799599647522,0.062475915998220444,1.2829397916793823,1.494789719581604,0.0
420000,4428000,267,241,427245.0,4431975.0,True,28.937889099121094,86.3824462890625,0.5901963710784912,-20.09859275817871,0.9037793278694153,0.1563783884048462,0.1012028232216835,1.1259956359863281,1.3632762432098389,0.0
372000,4488000,106,312,381375.0,4496805.0,False,3.032411575317383,8.55848503112793,0.9653862714767456,1.8428955078125,0.8470407724380493,0.1023625060915947,0.11023899167776108,1.1431344747543335,1.5264815092086792,65.99678802490234
408000,4536000,370,209,414285.0,4536885.0,False,9.38810920715332,25.94064712524414,2.787299394607544,16.248779296875,0.47246280312538147,0.10370161384344101,0.19173520803451538,1.2473208904266357,1.655606985092163,0.0
384000,4260000,388,232,390975.0,4260345.0,False,5.4222307205200195,15.362643241882324,1.5315483808517456,-0.1017116978764534,-0.8545500636100769,0.10640166699886322,0.11504052579402924,1.1300255060195923,1.4949952363967896,448.3790283203125
684000,4572000,38,269,692085.0,4582845.0,False,3.592194080352783,8.35205078125,-0.128512904047966,-6.06688117980957,-0.3529093265533447,0.1323184370994568,0.1877647340297699,1.1480835676193237,1.5388648509979248,44.92902755737305
420000,4512000,374,41,421245.0,4512765.0,False,18.4884033203125,48.07929229736328,-11.745184898376465,49.14785385131836,0.7703845500946045,0.15745991468429565,0.17871758341789246,1.300818681716919,1.8716115951538086,0.0
648000,4596000,113,282,656475.0,4604595.0,False,15.57226276397705,39.69558334350586,-12.53575325012207,-37.90681838989258,0.9613442420959473,0.22186057269573212,0.2158619910478592,1.2542130947113037,1.8932832479476929,892.1860961914062
408000,4500000,274,63,409905.0,4503765.0,False,1.5398313999176025,6.510525226593018,0.7271999716758728,-8.5567626953125,-0.36740875244140625,0.12933558225631714,0.14787901937961578,1.403268575668335,1.7785407304763794,693.0372314453125
696000,4488000,242,140,700215.0,4492725.0,False,13.749324798583984,36.29597854614258,7.021565914154053,45.1246452331543,-0.9765637516975403,0.30693382024765015,0.10574352741241455,1.2277026176452637,1.5066605806350708,514.102294921875
348000,4428000,28,170,353115.0,4439145.0,False,20.69147300720215,51.4732666015625,11.999823570251465,33.327720642089844,-0.5352841019630432,0.15581166744232178,0.11067085713148117,1.1059768199920654,1.5518348217010498,791.771484375
444000,4428000,231,278,452355.0,4433055.0,True,23.096830368041992,68.2474365234375,51.46061325073242,85.47164154052734,-0.5902712941169739,0.1824759989976883,0.15947946906089783,1.1203463077545166,1.462308406829834,0.0
396000,4404000,316,277,404325.0,4406505.0,False,16.63367462158203,50.84762954711914,26.07603645324707,57.88944625854492,-0.12011066824197769,0.08863767981529236,0.10618171095848083,1.0981640815734863,1.4139506816864014,0.0
444000,4452000,101,87,446625.0,4460955.0,True,30.303220748901367,91.70881652832031,19.73697853088379,87.25081634521484,0.47854721546173096,0.12094233930110931,0.16472341120243073,1.2057521343231201,1.559324026107788,0.0
360000,4512000,392,302,369075.0,4512225.0,False,2.82189679145813,7.69554328918457,0.9601507782936096,-7.690524578094482,-0.5402539372444153,0.10544932633638382,0.1857082098722458,1.1233946084976196,1.5550153255462646,859.94189453125
432000,4284000,46,18,432555.0,4294605.0,False,4.500034809112549,11.845187187194824,2.3474392890930176,3.4787869453430176,0.34879010915756226,0.14578579366207123,0.0908595621585846,1.139739990234375,1.471175193786621,483.7431945800781
420000,4260000,47,324,429735.0,4270575.0,False,3.2369635105133057,8.487725257873535,0.6165907382965088,-2.8686931133270264,-0.944271445274353,0.16906623542308807,0.0968293845653534,1.1270816326141357,1.4711629152297974,404.3511962890625
408000,4428000,244,130,411915.0,4432665.0,False,4.75315523147583,12.26576042175293,-1.2617594003677368,-5.540120601654053,-0.932855486869812,0.12291275709867477,0.15396814048290253,1.099218487739563,1.4630495309829712,485.2840881347656
732000,4644000,215,308,741255.0,4649535.0,False,1.253848671913147,3.703681230545044,-4.133612632751465,-4.904622554779053,0.37953388690948486,0.17458927631378174,0.22597067058086395,1.1545515060424805,1.56931471824646,990.0
420000,4416000,145,85,422565.0,4423635.0,False,28.54009437561035,68.36717224121094,38.62007522583008,21.45209503173828,0.8044531941413879,0.07570096850395203,0.1325957179069519,1.1445566415786743,1.4923983812332153,553.7154541015625
420000,4236000,32,116,423495.0,4247025.0,True,20.271799087524414,52.5362434387207,-21.298259735107422,-6.063178062438965,-0.05006961524486542,0.15490683913230896,0.1801852434873581,1.2766013145446777,1.7384629249572754,0.0
444000,4572000,187,83,446505.0,4578375.0,False,25.682716369628906,64.63267517089844,39.72867965698242,59.9337158203125,0.9633642435073853,0.11784778535366058,0.16103170812129974,1.2755084037780762,1.823333740234375,0.0
384000,4272000,381,25,384765.0,4272555.0,True,23.827775955200195,64.16521453857422,7.80381965637207,55.94976043701172,0.9590344429016113,0.14007604122161865,0.07333266735076904,1.2104254961013794,1.6849806308746338,0.0
420000,4536000,243,139,424185.0,4540695.0,False,5.798469066619873,17.84034538269043,-2.083184003829956,5.872395992279053,0.5253146886825562,0.19067330658435822,0.22313351929187775,1.5570745468139648,2.2129573822021484,170.30174255371094
372000,4476000,204,56,373695.0,4481865.0,False,15.129576683044434,38.79197692871094,10.551716804504395,39.38266372680664,-0.6424423456192017,0.12397471815347672,0.19179460406303406,1.0698927640914917,1.6021040678024292,78.93505096435547
396000,4404000,60,21,396645.0,4414185.0,False,3.215080738067627,14.341158866882324,4.818182945251465,-11.769206047058105,-0.7129876613616943,0.17079459130764008,0.05990368872880936,1.1656845808029175,1.4054168462753296,454.644287109375
444000,4440000,74,27,444825.0,4449765.0,True,11.79407787322998,27.21763801574707,-4.93223762512207,-9.411078453063965,-0.9378994107246399,0.11934968829154968,0.12603141367435455,1.1904568672180176,1.4347779750823975,302.4951477050781
732000,4644000,231,284,740535.0,4649055.0,False,2.1576921939849854,5.622138023376465,2.500501871109009,-2.502210855484009,0.7810925841331482,0.17766842246055603,0.2031746655702591,1.177711844444275,1.5182920694351196,488.1605529785156
432000,4440000,151,380,443415.0,4447455.0,True,19.92855453491211,54.97763442993164,1.0357531309127808,0.13627110421657562,-0.6201710104942322,0.128983274102211,0.11436858773231506,1.1605392694473267,1.3906008005142212,11.380711555480957
396000,4512000,125,176,401295.0,4520235.0,False,19.965438842773438,59.94053649902344,0.575303852558136,56.25770568847656,-0.7930042147636414,0.22914642095565796,0.16566084325313568,1.3520545959472656,1.6464433670043945,0.0
396000,4500000,90,37,397125.0,4509285.0,False,6.432851791381836,17.77581024169922,-2.4962430000305176,-13.682345390319824,0.1558239459991455,0.13847500085830688,0.17065221071243286,1.2354933023452759,1.734009027481079,0.0
432000,4596000,162,175,437265.0,4603125.0,False,35.03514862060547,112.43828582763672,-38.71091079711914,-24.562419891357422,0.44086211919784546,0.12734778225421906,0.20012247562408447,1.2314711809158325,1.5572065114974976,360.0
384000,4452000,319,319,393585.0,4454415.0,False,16.92174530029297,40.809043884277344,-22.4071044921875,-35.790321350097656,-0.058599330484867096,0.12899722158908844,0.1484602987766266,1.1873571872711182,1.5866695642471313,0.0
408000,4524000,90,169,413085.0,4533285.0,False,4.125500202178955,10.548787117004395,-3.159654378890991,-8.895087242126465,0.9625654220581055,0.12585954368114471,0.20149816572666168,1.2609946727752686,1.8316264152526855,869.8851928710938
432000,4464000,155,314,441435.0,4471335.0,True,7.191987037658691,21.06888771057129,-4.684176921844482,-1.8819715976715088,0.021248996257781982,0.13176573812961578,0.1551642119884491,1.0994467735290527,1.5195492506027222,21.380712509155273
372000,4476000,290,114,375435.0,4479285.0,False,4.979640960693359,11.782280921936035,10.884589195251465,6.09522819519043,0.10140319913625717,0.13460654020309448,0.15202857553958893,1.079506516456604,1.6155447959899902,371.8894348144531
432000,4596000,142,333,442005.0,4603725.0,False,26.971040725708008,75.8689193725586,-27.5390625,-3.7657065391540527,-0.9155461192131042,0.7332857251167297,-0.2625923454761505,2.0634348392486572,1.308323621749878,0.0
420000,4428000,181,253,427605.0,4434555.0,True,13.121281623840332,35.64948272705078,-39.52620315551758,-113.67008209228516,-0.5030837059020996,0.327605664730072,0.044988006353378296,1.2321014404296875,1.3266113996505737,10.0
444000,4608000,201,45,445365.0,4613955.0,False,22.116531372070312,61.01288604736328,20.81911849975586,84.02742767333984,-0.9290013313293457,0.2355223000049591,0.1444004327058792,1.4976434707641602,1.9974230527877808,847.2899169921875
372000,4248000,236,344,382335.0,4252905.0,False,1.9424325227737427,4.524875164031982,-5.12537956237793,-20.58607292175293,-0.9851699471473694,0.08288095891475677,0.14850719273090363,1.0990439653396606,1.5770764350891113,306.9247741699219
732000,4644000,303,143,736305.0,4646895.0,False,5.649834156036377,12.14474868774414,5.450900554656982,-8.82505989074707,-0.37051501870155334,0.25328415632247925,0.1211993545293808,1.1850727796554565,1.4880717992782593,0.0
612000,4596000,132,9,612285.0,4604025.0,False,6.597577095031738,15.5150146484375,-5.384806156158447,-27.76425552368164,-0.07723043859004974,0.22367459535598755,0.14186923205852509,1.1961233615875244,1.6746392250061035,273.54156494140625
420000,4512000,301,322,429675.0,4514955.0,False,2.889695405960083,7.972493648529053,-0.1514756977558136,-6.315728187561035,0.4173254370689392,0.15170368552207947,0.2077602595090866,1.4245405197143555,1.988342523574829,376.6968994140625
360000,4512000,46,392,371775.0,4522605.0,False,2.7884035110473633,8.06640625,-1.5495198965072632,-21.3883056640625,-0.609532356262207,0.1075940802693367,0.17656008899211884,1.1269677877426147,1.4939194917678833,255.9024200439453
432000,4560000,90,41,433245.0,4569285.0,False,16.20996856689453,43.30067443847656,2.1771512031555176,-18.80453872680664,0.8747543096542358,0.12490729987621307,0.2046905755996704,1.2046144008636475,1.6700416803359985,309.37261962890625
396000,4512000,340,241,403245.0,4513785.0,False,13.5746488571167,36.50461196899414,-22.69999122619629,3.187513589859009,0.8626793026924133,0.1418481469154358,0.17640788853168488,1.2602317333221436,1.8499507904052734,0.0
444000,4416000,160,204,450135.0,4423185.0,False,19.064905166625977,49.07249450683594,26.15937042236328,48.02113342285156,0.8068220019340515,0.10945351421833038,0.10558430850505829,1.0772793292999268,1.4915032386779785,401.0007019042969
372000,4476000,250,254,379635.0,4480485.0,False,3.813420057296753,11.29478645324707,-0.251397043466568,-1.6089545488357544,0.9113215804100037,0.09782787412405014,0.12430542707443237,1.1557238101959229,1.4039411544799805,0.0
336000,4428000,276,276,344295.0,4431705.0,False,6.495333671569824,17.02724838256836,-1.3978271484375,-3.479139566421509,-0.7133208513259888,0.0858498066663742,0.0631684809923172,1.174715518951416,1.3693550825119019,0.0
312000,4488000,347,231,318945.0,4489575.0,False,4.5571818351745605,12.158447265625,-3.937120199203491,6.991400718688965,-0.8767269849777222,0.11950764060020447,0.18368692696094513,1.1017543077468872,1.5848606824874878,136.07275390625
348000,4500000,138,46,349395.0,4507845.0,False,5.888543605804443,14.46019172668457,0.8254123330116272,-6.590359210968018,0.9820143580436707,0.1122656911611557,0.16016528010368347,1.2896573543548584,1.8361303806304932,450.66619873046875
336000,4428000,47,390,347715.0,4438575.0,False,5.023977279663086,12.36024284362793,-4.238837242126465,-19.82168197631836,0.2285338193178177,0.11022410541772842,0.08941382169723511,1.1183412075042725,1.494327187538147,151.9880828857422
444000,4452000,393,262,451875.0,4452195.0,False,17.842824935913086,52.52293395996094,-6.644097328186035,-23.20102310180664,0.30631744861602783,0.14528091251850128,0.09803672134876251,1.1604540348052979,1.514202356338501,403.2376708984375
396000,4260000,4,187,401625.0,4271865.0,True,6.904959678649902,18.42903709411621,-12.667059898376465,-34.05680465698242,-0.307416707277298,0.10168525576591492,0.09638423472642899,1.1416702270507812,1.618436336517334,21.380712509155273
360000,4284000,359,381,371445.0,4285215.0,True,4.667805194854736,14.147297859191895,-0.897813618183136,-4.78541374206543,-0.5812408924102783,0.11644060164690018,0.15645457804203033,1.0601407289505005,1.5207017660140991,296.4818420410156
420000,4428000,39,319,429585.0,4438815.0,False,25.802202224731445,61.42325973510742,16.25173568725586,107.39830017089844,0.12092000246047974,0.2739415168762207,0.05300474166870117,1.1915042400360107,1.3959410190582275,0.0
408000,4224000,362,116,411495.0,4225125.0,False,4.943292140960693,13.890557289123535,-1.156005859375,10.710001945495605,0.48482435941696167,0.09254838526248932,0.15885867178440094,1.1431797742843628,1.6768864393234253,0.0
372000,4440000,86,399,383985.0,4449405.0,False,8.4996919631958,25.99922752380371,23.50733757019043,107.93537139892578,-0.7775087952613831,0.12337376922369003,0.13737286627292633,1.1447060108184814,1.4514552354812622,0.0
348000,4440000,203,377,359325.0,4445895.0,False,10.775749206542969,31.41126823425293,17.78257942199707,49.03534698486328,0.3830260634422302,0.09226009249687195,0.11224344372749329,1.0706738233566284,1.5247913599014282,960.7809448242188
384000,4248000,150,150,388515.0,4255485.0,True,16.7227840423584,47.03813934326172,-11.883734703063965,-11.66086196899414,0.6005881428718567,0.1413109004497528,0.15139910578727722,1.0534579753875732,1.4968469142913818,0.0
708000,4464000,374,37,709125.0,4464765.0,False,15.968584060668945,48.45505142211914,-7.341444492340088,61.2366828918457,0.37909430265426636,0.33682674169540405,0.050271324813365936,1.1942377090454102,1.5115870237350464,390.0
444000,4608000,352,252,451575.0,4609425.0,False,18.0180721282959,44.25712203979492,27.69680404663086,13.058539390563965,0.08545402437448502,0.15565307438373566,0.16701552271842957,1.2073607444763184,1.634073257446289,1001.598876953125
396000,4512000,82,81,398445.0,4521525.0,False,24.014265060424805,70.1282958984375,-8.99388313293457,-12.855224609375,0.8050625920295715,0.15053001046180725,0.17682191729545593,1.3153808116912842,1.854720950126648,0.0
648000,4440000,275,85,650565.0,4443735.0,False,3.2870025634765625,6.610581874847412,1.949856162071228,3.961439371109009,-0.8557247519493103,0.18197932839393616,0.16099406778812408,1.1702513694763184,1.5767436027526855,636.1607055664062
384000,4500000,127,389,395685.0,4508175.0,False,13.27428913116455,30.06532096862793,23.56814193725586,43.02163314819336,-0.6259747743606567,0.11415503919124603,0.14940020442008972,1.2679738998413086,1.7560936212539673,0.0
420000,4500000,164,370,431115.0,4507065.0,False,5.3867058753967285,14.3056640625,-0.7822129726409912,-9.96473503112793,-0.5698153972625732,0.17577283084392548,0.20061197876930237,1.342176914215088,1.9673686027526855,45.144012451171875
360000,4464000,253,183,365505.0,4468395.0,False,12.947044372558594,31.56917381286621,-17.10012435913086,-39.18408203125,0.7618111968040466,0.16986173391342163,0.08300353586673737,1.1965733766555786,1.374746561050415,0.0
432000,4560000,228,252,439575.0,4565145.0,False,7.3148627281188965,18.15081214904785,-9.430704116821289,-45.54521942138672,-0.01722031645476818,0.1547618806362152,0.13359898328781128,1.2501270771026611,1.6439878940582275,44.92902755737305
432000,4392000,343,257,439725.0,4393695.0,False,11.900594711303711,32.04353713989258,-12.734673500061035,-56.21671676635742,0.4201182723045349,0.18305334448814392,0.09595934301614761,1.1122252941131592,1.5293971300125122,318.5932922363281
396000,4440000,227,334,406035.0,4445175.0,False,3.391144037246704,8.586480140686035,0.3495144248008728,-1.3928630352020264,0.8817741274833679,0.08644620329141617,0.13709436357021332,1.083188533782959,1.446575403213501,720.0
420000,4536000,343,395,431865.0,4537695.0,False,4.513880729675293,12.963704109191895,-0.4503309428691864,1.8972303867340088,0.8197354078292847,0.18231993913650513,0.2094906121492386,1.543643593788147,2.1942079067230225,968.7106323242188
432000,4392000,303,207,438225.0,4394895.0,False,23.347774505615234,60.48388671875,-3.2194552421569824,-27.38463020324707,0.9196218252182007,0.21574611961841583,0.11450149118900299,1.203358769416809,1.6502147912979126,202.04066467285156
444000,4596000,270,234,451035.0,4599885.0,False,10.426730155944824,27.23659896850586,-10.31591796875,-45.7130126953125,-0.05534815043210983,0.19626004993915558,0.17373965680599213,1.2462759017944336,1.730061650276184,496.7959899902344
372000,4488000,3,65,373965.0,4499895.0,False,13.06509780883789,35.47291564941406,10.32394790649414,6.52464485168457,0.6430713534355164,0.12454036623239517,0.09306498616933823,1.1599599123001099,1.422734022140503,0.0
420000,4512000,267,54,421635.0,4515975.0,False,10.927449226379395,30.08176040649414,-9.1903076171875,-27.31707191467285,0.9704920649528503,0.23663201928138733,0.09171295911073685,1.227879524230957,1.595158576965332,0.0
396000,4512000,69,332,405975.0,4521915.0,False,4.792760848999023,12.350735664367676,-7.7717695236206055,-18.66212272644043,0.8162845969200134,0.10662758350372314,0.18271680176258087,1.2637600898742676,1.6628639698028564,0.0
480000,4260000,386,81,482445.0,4260405.0,False,5.508234024047852,13.711236000061035,10.44150161743164,7.485527992248535,0.36754533648490906,0.08150666207075119,0.2261478304862976,1.226572036743164,1.9428248405456543,0.0
312000,4428000,280,222,318675.0,4431585.0,False,8.637185096740723,22.71246910095215,1.1904432773590088,15.93739128112793,-0.5449402928352356,0.14440062642097473,0.1694667488336563,1.1213513612747192,1.668648600578308,163.419677734375
420000,4308000,336,272,428175.0,4309905.0,True,24.41018295288086,70.47792053222656,-14.316134452819824,-15.583822250366211,-0.9267630577087402,0.20431651175022125,0.11701220273971558,1.2004624605178833,1.4276630878448486,264.79913330078125
300000,4476000,115,108,303255.0,4484535.0,False,2.5161025524139404,6.166164875030518,1.2146267890930176,1.6408555507659912,-0.18727506697177887,0.14191791415214539,0.17699183523654938,1.1529185771942139,1.6173290014266968,389.9850769042969
444000,4260000,233,93,446805.0,4264995.0,False,2.317666530609131,5.395711421966553,0.16845703125,-5.350626468658447,0.18368496000766754,0.0661269947886467,0.1113939881324768,1.0864094495773315,1.4311712980270386,979.7959594726562
372000,4476000,55,319,381585.0,4486335.0,False,3.1359610557556152,7.826076984405518,0.2647433876991272,-1.4338785409927368,-0.9457765221595764,0.13600748777389526,0.10235203802585602,1.123152256011963,1.4218196868896484,0.0
432000,4572000,193,336,442095.0,4578195.0,False,20.002958297729492,54.02860641479492,24.38309669494629,20.73052406311035,-0.7964829206466675,0.15321099758148193,0.1918136179447174,1.315114140510559,1.7032999992370605,0.0
444000,4416000,372,285,452565.0,4416825.0,False,6.764697074890137,13.6480712890625,-2.9188232421875,-4.231011390686035,0.7433430552482605,0.1394270658493042,0.1253364533185959,1.116342306137085,1.5836944580078125,26.881650924682617
396000,4392000,156,96,398895.0,4399305.0,False,13.591392517089844,37.33769989013672,15.672905921936035,29.01213836669922,0.5556458830833435,0.1140330582857132,0.11817639321088791,1.0817279815673828,1.3387044668197632,19.428091049194336
444000,4440000,222,188,449655.0,4445325.0,True,13.655083656311035,36.48095703125,14.48684310913086,60.26577377319336,-0.4375484883785248,0.13849195837974548,0.132828950881958,1.110708475112915,1.5105388164520264,0.0
396000,4488000,99,275,404265.0,4497015.0,False,4.9364800453186035,13.930908203125,-2.0234646797180176,-14.897867202758789,-0.8847423791885376,0.14864234626293182,0.19114859402179718,1.534875512123108,2.2265584468841553,552.8430786132812
324000,4464000,116,260,331815.0,4472505.0,False,14.259162902832031,31.19339942932129,6.783094882965088,70.62981414794922,-0.21533508598804474,0.08932987600564957,0.12744329869747162,1.1366924047470093,1.3773553371429443,0.0
384000,4452000,83,246,391395.0,4461495.0,False,14.801921844482422,40.70899963378906,-5.01954460144043,6.482082843780518,-0.5752065181732178,0.16248907148838043,0.14620277285575867,1.1573474407196045,1.7285988330841064,755.3295288085938
648000,4452000,139,205,654165.0,4459815.0,False,15.973838806152344,46.46229553222656,-1.3512911796569824,9.85378646850586,-0.812106728553772,0.2459239810705185,0.17765943706035614,1.2499785423278809,1.7255480289459229,616.2797241210938
360000,4464000,115,56,361695.0,4472535.0,False,4.2950592041015625,11.82288932800293,2.509222984313965,3.070068359375,-0.8992090821266174,0.11303891241550446,0.1263403296470642,1.1515388488769531,1.4783776998519897,636.867919921875
684000,4464000,178,4,684135.0,4470645.0,False,8.891095161437988,26.03404426574707,-6.828965663909912,-6.593221187591553,0.5642838478088379,0.18349123001098633,0.1799081265926361,1.1000087261199951,1.7427318096160889,0.0
360000,4512000,127,127,363825.0,4520175.0,False,16.385156631469727,31.473388671875,0.947523295879364,-10.305081367492676,-0.27118465304374695,0.07564818859100342,0.11803959310054779,1.2534542083740234,1.4733490943908691,0.0
432000,4548000,90,18,432555.0,4557285.0,False,8.901948928833008,24.92841148376465,2.828925132751465,-5.710055828094482,0.4245382249355316,0.17223146557807922,0.20689193904399872,1.3284523487091064,1.9589159488677979,420.0
432000,4512000,92,348,442455.0,4521225.0,False,21.603912353515625,61.46675491333008,-7.380927085876465,-22.91568946838379,-0.8340011835098267,0.28708380460739136,0.1526821255683899,1.3419750928878784,1.5434526205062866,730.3427124023438
360000,4296000,81,290,368715.0,4305555.0,False,1.4021855592727661,3.453626871109009,0.0009494361584074795,-2.484998941421509,-0.9897565841674805,0.10457313805818558,0.07850737869739532,1.0790455341339111,1.5062599182128906,942.3375244140625
432000,4524000,395,358,442755.0,4524135.0,False,27.47007179260254,78.757568359375,-30.64043426513672,-30.63785743713379,-0.4244391620159149,0.2907164990901947,0.13423599302768707,1.3183135986328125,1.521324872970581,1006.4293823242188
468000,4500000,360,74,470235.0,4501185.0,False,5.452518463134766,11.8123779296875,-3.144544839859009,-5.65687370300293,-0.8773722648620605,0.11772394180297852,0.1728510558605194,1.2031915187835693,1.73906409740448,425.78924560546875
432000,4608000,270,353,442605.0,4611885.0,False,17.22740364074707,51.3426399230957,-61.55954360961914,-151.71820068359375,0.46902501583099365,0.20016419887542725,0.1148313507437706,1.340444564819336,1.7228076457977295,0.0
432000,4536000,253,1,432045.0,4540395.0,False,8.279425621032715,21.26877212524414,-17.32093620300293,-22.68531608581543,0.30983757972717285,0.17731088399887085,0.18440662324428558,1.583020567893982,2.2594656944274902,239.81423950195312
444000,4440000,208,235,451065.0,4445745.0,False,9.298840522766113,23.34719467163086,-11.48984146118164,-1.4259305000305176,0.8793238997459412,0.10570522397756577,0.11855989694595337,1.0808302164077759,1.5593421459197998,726.0169067382812
360000,4440000,280,207,366225.0,4443585.0,False,4.040787696838379,10.01661491394043,-0.8403862714767456,-14.959024429321289,-0.28115248680114746,0.1245763897895813,0.12581047415733337,1.1204864978790283,1.3847019672393799,269.270263671875
396000,4488000,364,96,398895.0,4489065.0,True,25.472698211669922,76.76931762695312,31.15782356262207,25.91598892211914,0.516722559928894,0.14893582463264465,0.1639733463525772,1.3794748783111572,1.845208764076233,0.0
396000,4512000,96,228,402855.0,4521105.0,False,26.584543228149414,80.05414581298828,-18.11380958557129,-68.4996337890625,-0.7896378040313721,0.15314055979251862,0.1368137001991272,1.2947101593017578,1.5936230421066284,0.0
396000,4440000,201,328,405855.0,4445955.0,False,3.341242551803589,10.284139633178711,-0.6982150673866272,-17.78419303894043,0.8088212013244629,0.0832187831401825,0.1361813098192215,1.0836482048034668,1.4475746154785156,808.1461791992188
396000,4512000,306,181,401445.0,4514805.0,False,15.099374771118164,42.47749710083008,-18.45292091369629,-28.51749610900879,0.3769817650318146,0.1574970781803131,0.17521154880523682,1.3549100160598755,2.0345005989074707,0.0
312000,4488000,199,139,316185.0,4494015.0,False,2.0233004093170166,5.529242515563965,0.8376057744026184,-0.5733100175857544,-0.8005090951919556,0.12912587821483612,0.1740853488445282,1.0821571350097656,1.5277070999145508,363.3193359375
636000,4440000,379,353,646605.0,4440615.0,False,16.694143295288086,38.84952926635742,-10.486979484558105,0.61865234375,-0.9537919759750366,0.28149497509002686,0.14069530367851257,1.2328112125396729,1.6504348516464233,859.4186401367188
360000,4284000,263,86,362595.0,4288095.0,False,8.304197311401367,21.21778678894043,4.24378776550293,5.285793781280518,-0.28632643818855286,0.10081381350755692,0.15883778035640717,1.086705207824707,1.5367852449417114,763.9371948242188
732000,4608000,388,235,739065.0,4608345.0,False,4.822335720062256,17.63967514038086,-20.05539321899414,-37.76908493041992,0.12981587648391724,0.17843684554100037,0.22063715755939484,1.1354200839996338,1.6781796216964722,3.3333332538604736
696000,4500000,52,245,703365.0,4510425.0,False,17.369924545288086,50.49823760986328,-18.585369110107422,6.0103349685668945,-0.8213673830032349,0.322479248046875,0.09199154376983643,1.2397922277450562,1.4776371717453003,768.7652587890625
360000,4452000,152,51,361545.0,4459425.0,False,3.930483341217041,9.31797981262207,0.0360243134200573,0.7681071162223816,0.9737061858177185,0.12268918007612228,0.160645991563797,1.1006749868392944,1.6106208562850952,636.1607055664062
384000,4260000,46,95,386865.0,4270605.0,True,15.374363899230957,47.97718811035156,-9.6485595703125,37.11122131347656,-0.17191283404827118,0.15536963939666748,0.15013030171394348,1.062679409980774,1.5842951536178589,122.18116760253906
336000,4464000,65,64,337935.0,4474035.0,False,8.816264152526855,23.92957878112793,26.24879264831543,12.45469856262207,-0.7565945386886597,0.11301925033330917,0.17151743173599243,1.134395956993103,1.6278530359268188,0.0
300000,4440000,103,189,305685.0,4448895.0,False,13.522669792175293,47.41044235229492,-12.859048843383789,-39.66020965576172,-0.5179181098937988,0.11765986680984497,0.18784593045711517,1.1519324779510498,1.5541541576385498,0.0
312000,4464000,266,379,323385.0,4468005.0,False,20.44293785095215,50.54450225830078,-5.3155927658081055,-9.158663749694824,-0.020075999200344086,0.12337993085384369,0.17650707066059113,1.096261978149414,1.549852728843689,0.0
372000,4500000,85,100,375015.0,4509435.0,False,3.0529963970184326,8.07679557800293,-4.990274906158447,-11.75132942199707,0.861983060836792,0.10687360912561417,0.16624392569065094,1.1894640922546387,1.6083719730377197,70.82179260253906
456000,4488000,382,84,458535.0,4488525.0,True,17.235937118530273,47.93408203125,-9.526068687438965,-37.00534439086914,0.8952226638793945,0.15843059122562408,0.18559466302394867,1.2219362258911133,1.644771695137024,176.6403045654297
420000,4260000,30,163,424905.0,4271085.0,True,10.083033561706543,24.91775131225586,9.103569984436035,9.222479820251465,-0.03342096880078316,0.15124689042568207,0.1723424792289734,1.3219300508499146,1.6870683431625366,0.0
396000,4452000,394,172,401175.0,4452165.0,True,30.6306095123291,91.58241271972656,9.67332649230957,38.28171157836914,-0.9030934572219849,0.16507163643836975,0.14798960089683533,1.2340642213821411,1.5378427505493164,0.0
372000,4500000,371,12,372375.0,4500855.0,False,14.088920593261719,41.32568359375,35.82929229736328,74.42237854003906,-0.7208950519561768,0.11299437284469604,0.13744007050991058,1.2762600183486938,1.5080287456512451,0.0
360000,4452000,90,106,363195.0,4461285.0,False,15.048492431640625,44.165283203125,-17.786663055419922,7.94410514831543,0.8593419194221497,0.10528421401977539,0.1256868839263916,1.1086598634719849,1.5771347284317017,26.881650924682617
408000,4536000,235,220,414615.0,4540935.0,False,6.5783514976501465,16.264362335205078,-15.49730110168457,7.96644401550293,-0.839824914932251,0.1413680911064148,0.19465698301792145,1.2694158554077148,1.7133102416992188,0.0
384000,4260000,373,295,392865.0,4260795.0,True,11.574230194091797,27.93036460876465,-2.993150472640991,0.8031819462776184,-0.5711659789085388,0.13309061527252197,0.10494810342788696,1.1638153791427612,1.5455186367034912,0.0
420000,4308000,141,77,422325.0,4315755.0,False,5.092175483703613,14.23044204711914,-7.445461750030518,-55.18190002441406,0.9106799960136414,0.14513246715068817,0.13479359447956085,1.1164729595184326,1.5437264442443848,433.3591613769531
468000,4236000,313,278,476355.0,4238595.0,False,5.328798294067383,16.88998794555664,-8.00710678100586,-12.334540367126465,-0.27066972851753235,0.09815996140241623,0.14793308079242706,1.1170152425765991,1.4848092794418335,840.8923950195312
456000,4488000,283,69,458085.0,4491495.0,False,11.442440032958984,29.68935775756836,-14.79762077331543,-38.00362014770508,-0.4357183873653412,0.18548209965229034,0.18781577050685883,1.250852108001709,1.5732688903808594,390.76971435546875
396000,4248000,379,327,405825.0,4248615.0,False,3.3034417629241943,7.169976234436035,-0.0887451171875,-7.510403156280518,0.013044605031609535,0.10307880491018295,0.11936427652835846,1.034757137298584,1.6039925813674927,925.9058837890625
384000,4260000,350,154,388635.0,4261485.0,True,12.436388969421387,39.119140625,-7.974175453186035,-8.663004875183105,-0.8935637474060059,0.09838569164276123,0.11043643206357956,1.1153008937835693,1.472129464149475,0.0
420000,4428000,368,318,429555.0,4428945.0,False,3.5401768684387207,8.531888008117676,-2.0807292461395264,-14.365912437438965,0.22320719063282013,0.1279287040233612,0.13753817975521088,1.0691301822662354,1.4287762641906738,912.5269775390625
420000,4236000,40,43,421305.0,4246785.0,True,17.51416015625,59.2940788269043,13.866617202758789,79.32234954833984,-0.3904278874397278,0.24133765697479248,0.09706702828407288,1.2246251106262207,1.4789693355560303,285.66131591796875
648000,4596000,77,389,659685.0,4605675.0,False,20.526329040527344,62.49473571777344,-11.399088859558105,-4.611355304718018,-0.6258814334869385,0.28690919280052185,0.16217836737632751,1.3947231769561768,1.7712832689285278,713.5127563476562
396000,4248000,54,264,403935.0,4258365.0,False,3.7712318897247314,9.64600944519043,0.0078260637819767,-5.483086585998535,-0.23964923620224,0.15609939396381378,0.0606333389878273,1.0859392881393433,1.5015597343444824,721.5261840820312
396000,4260000,88,130,399915.0,4269345.0,False,22.960956573486328,61.35136032104492,42.479087829589844,7.03759765625,-0.029527492821216583,0.10584747791290283,0.1334235966205597,1.0624892711639404,1.5928372144699097,541.38720703125
360000,4440000,355,124,363735.0,4441335.0,False,5.815001487731934,13.68018913269043,-0.0898166298866272,1.9022623300552368,-0.49825519323349,0.0978432148694992,0.07222551852464676,1.1314947605133057,1.2807763814926147,480.0
432000,4404000,280,303,441105.0,4407585.0,False,7.477227687835693,25.05242156982422,7.219862461090088,-15.388983726501465,-0.04167633503675461,0.23424865305423737,0.09634709358215332,1.1500076055526733,1.6045812368392944,743.1688232421875
300000,4428000,185,162,304875.0,4434435.0,False,29.545591354370117,73.4178466796875,9.91796875,18.33551597595215,0.36722081899642944,0.08234578371047974,0.10461045801639557,1.0964536666870117,1.389302372932434,0.0
372000,4464000,324,152,376575.0,4466265.0,False,6.34938383102417,15.394991874694824,-7.779324054718018,-19.81427764892578,0.026171822100877762,0.10892314463853836,0.14752785861492157,1.1211094856262207,1.4645211696624756,386.2789001464844
444000,4584000,281,171,449145.0,4587555.0,False,6.995670318603516,20.15315818786621,-3.775146484375,-10.918145179748535,-0.6900938153266907,0.1523057073354721,0.18880018591880798,1.2825720310211182,1.7178484201431274,873.9566650390625
324000,4500000,374,273,332205.0,4500765.0,False,13.843042373657227,32.68549346923828,-0.3403727114200592,-5.020534992218018,-0.9303194284439087,0.09297998994588852,0.12287203967571259,1.1949831247329712,1.401503562927246,0.0
372000,4272000,194,72,374175.0,4278165.0,False,20.775089263916016,50.9083251953125,7.829915523529053,-13.810139656066895,0.9006750583648682,0.09312687069177628,0.13807083666324615,1.0611437559127808,1.5267360210418701,696.2762451171875
360000,4464000,381,274,368235.0,4464555.0,False,17.95388412475586,51.5340576171875,8.89613151550293,38.49546813964844,0.7536132335662842,0.19039709866046906,0.1534629911184311,1.1309733390808105,1.4730066061019897,0.0
384000,4248000,43,36,385095.0,4258695.0,True,15.166621208190918,35.90087890625,8.973320960998535,-12.36279296875,-0.825435221195221,0.14421090483665466,0.14980833232402802,1.1502419710159302,1.4923254251480103,0.0
408000,4284000,0,363,418905.0,4295985.0,True,24.618234634399414,62.88987731933594,9.12071418762207,75.12360382080078,-0.7337961196899414,0.10009389370679855,0.0422440841794014,1.115414023399353,1.3751481771469116,47.09663391113281
396000,4512000,93,181,401445.0,4521195.0,False,16.453689575195312,38.23045349121094,-9.26072883605957,-110.7518310546875,-0.11281320452690125,0.15059880912303925,0.17132911086082458,1.3246809244155884,1.79286789894104,0.0
432000,4512000,50,191,437745.0,4522485.0,False,3.7844221591949463,8.630913734436035,1.5548638105392456,0.238186314702034,0.0892936959862709,0.18033093214035034,0.2022668868303299,1.488809585571289,2.054039478302002,677.2743530273438
360000,4500000,241,288,368655.0,4504755.0,False,21.711490631103516,49.87189483642578,11.099569320678711,11.656805992126465,-0.03204549476504326,0.1495162695646286,0.0915670394897461,1.225092887878418,1.4137612581253052,0.0
384000,4404000,399,374,395235.0,4404015.0,False,30.430545806884766,92.80159759521484,32.45993423461914,96.79654693603516,-0.3698481321334839,0.10125301778316498,0.048151351511478424,1.20881986618042,1.190010666847229,0.0
444000,4608000,308,188,449655.0,4610745.0,False,22.768281936645508,61.300537109375,5.68212890625,31.232257843017578,0.4076847434043884,0.17313049733638763,0.12188661098480225,1.3258832693099976,1.5125861167907715,0.0
312000,4488000,201,379,323385.0,4493955.0,False,10.196986198425293,28.50698471069336,-0.481865793466568,27.94395637512207,-0.6654353141784668,0.11950764060020447,0.18368692696094513,1.1017543077468872,1.5848606824874878,467.1189270019531
384000,4512000,269,215,390465.0,4515915.0,False,2.1041345596313477,4.501275062561035,-2.2145588397979736,-13.679931640625,-0.17152763903141022,0.13006344437599182,0.17323929071426392,1.2018991708755493,1.762533187866211,488.9797058105469
408000,4536000,207,295,416865.0,4541775.0,False,6.850265979766846,17.08447265625,-14.03738021850586,-13.69920539855957,-0.9569392204284668,0.13281948864459991,0.21163852512836456,1.2533022165298462,1.7037842273712158,0.0
336000,4452000,74,355,346665.0,4461765.0,False,8.361493110656738,20.51511001586914,7.5108642578125,15.044148445129395,-0.5249772667884827,0.08082740008831024,0.11097197234630585,1.1303730010986328,1.458836317062378,685.2008056640625
420000,4404000,399,334,430035.0,4404015.0,False,2.4917960166931152,6.059366703033447,0.5343695878982544,-0.2399088740348816,-0.9813287258148193,0.13765010237693787,0.13937021791934967,1.1486262083053589,1.6063868999481201,877.150390625
312000,4488000,193,367,323025.0,4494195.0,False,4.035945892333984,11.588175773620605,-3.489068031311035,-5.163384437561035,-0.6980337500572205,0.11950764060020447,0.18368692696094513,1.1017543077468872,1.5848606824874878,511.4696350097656
396000,4512000,317,168,401055.0,4514475.0,False,14.320287704467773,42.26844787597656,-7.386081218719482,2.390204429626465,0.5225284099578857,0.18643221259117126,0.18711020052433014,1.5495656728744507,2.3949341773986816,0.0
456000,4488000,332,203,462105.0,4490025.0,True,26.36579704284668,72.29012298583984,14.487738609313965,32.48979949951172,0.004746401682496071,0.15843059122562408,0.18559466302394867,1.2219362258911133,1.644771695137024,91.73817443847656
372000,4272000,10,123,375705.0,4283685.0,True,3.7308108806610107,10.70517349243164,1.278957724571228,2.322075605392456,-0.6280385255813599,0.11199605464935303,0.1278906613588333,1.087493896484375,1.4287103414535522,0.0
324000,4476000,60,126,327795.0,4486185.0,False,2.255284309387207,6.493055820465088,1.1300320625305176,-0.1582573801279068,0.8005943298339844,0.11131876707077026,0.13108006119728088,1.090073823928833,1.513187050819397,583.009521484375
720000,4560000,221,12,720375.0,4565355.0,False,13.97318172454834,37.42534637451172,33.46991729736328,71.06233978271484,-0.1811666637659073,0.2345121204853058,0.19055069983005524,1.2351694107055664,1.608062505722046,514.102294921875
444000,4296000,232,227,450825.0,4301025.0,True,6.757813930511475,19.46693229675293,-17.78786849975586,-55.54364776611328,0.7915880084037781,0.3674851655960083,0.04285357519984245,1.2248636484146118,1.6037527322769165,0.0
456000,4428000,326,56,457695.0,4430205.0,False,13.952482223510742,31.40230369567871,-3.2274169921875,-7.63292121887207,0.9832093119621277,0.19093789160251617,0.06622043997049332,1.132577896118164,1.5508471727371216,752.1968994140625
372000,4416000,5,174,377235.0,4427835.0,False,3.4228975772857666,8.79867935180664,-3.995863199234009,-5.218329429626465,0.9510143399238586,0.0801338329911232,0.10965938121080399,1.0708069801330566,1.493265986442566,959.949462890625
372000,4476000,173,193,377805.0,4482795.0,False,9.295177459716797,19.43184471130371,2.3091228008270264,16.37373924255371,0.5005044937133789,0.13115519285202026,0.10005884617567062,1.1408004760742188,1.420092225074768,0.0
744000,4608000,315,44,745335.0,4610535.0,False,5.817544937133789,15.3209228515625,4.49073600769043,-12.393636703491211,-0.5964099168777466,0.20503120124340057,0.19458574056625366,1.1849825382232666,1.6454499959945679,402.9898376464844
324000,4476000,253,174,329235.0,4480395.0,False,3.3449108600616455,9.5921630859375,-0.669677734375,-2.337632894515991,0.8529634475708008,0.06337970495223999,0.09180189669132233,1.1091480255126953,1.366100788116455,408.77874755859375
444000,4608000,336,243,451305.0,4609905.0,False,17.855106353759766,53.75013732910156,29.623779296875,6.85302734375,0.6544352173805237,0.09273125976324081,0.1445477306842804,1.1723357439041138,1.8711243867874146,589.9158325195312
312000,4428000,319,220,318615.0,4430415.0,False,5.4372358322143555,12.748141288757324,1.6006131172180176,13.334322929382324,0.14620961248874664,0.13617993891239166,0.12980566918849945,1.0842773914337158,1.5016216039657593,977.4968872070312
360000,4500000,161,261,367845.0,4507155.0,False,18.137968063354492,43.21291732788086,13.27077865600586,34.98650360107422,0.9809674620628357,0.07296169549226761,0.11324000358581543,1.1850744485855103,1.4385591745376587,0.0
720000,4560000,229,62,721875.0,4565115.0,False,3.9403750896453857,12.283637046813965,-15.58810806274414,-48.348876953125,0.353450208902359,0.2978745996952057,0.1756208837032318,1.2524911165237427,1.5626087188720703,210.0
360000,4500000,214,282,368475.0,4505565.0,False,17.729665756225586,53.68132781982422,12.86461067199707,-21.35282325744629,-0.6846469640731812,0.09972217679023743,0.1366533786058426,1.213009238243103,1.5005704164505005,0.0
384000,4440000,32,332,393975.0,4451025.0,False,10.323253631591797,28.45084571838379,-14.910847663879395,-3.9508464336395264,0.6529439687728882,0.09315896034240723,0.1299077868461609,1.0949419736862183,1.511858582496643,98.09188842773438
684000,4488000,387,366,694995.0,4488375.0,False,15.018627166748047,37.58498764038086,1.97607421875,-20.58024024963379,0.15196175873279572,0.2799992561340332,0.12049585580825806,1.2159578800201416,1.5704622268676758,14.714045524597168
432000,4392000,54,65,433965.0,4402365.0,False,17.436594009399414,47.76866149902344,-6.665378093719482,-0.125881627202034,-0.717944860458374,0.18857666850090027,0.10672543942928314,1.1881681680679321,1.5683064460754395,0.0
480000,4452000,11,7,480225.0,4463655.0,True,20.28704833984375,52.8628044128418,17.90456771850586,33.58359146118164,-0.6593749523162842,0.16367916762828827,0.1312394142150879,1.1668307781219482,1.4861944913864136,0.0
420000,4296000,263,235,427065.0,4300095.0,True,21.188127517700195,56.39382553100586,86.08124542236328,217.19737243652344,0.3980151414871216,0.2855064868927002,0.017389118671417236,1.2189241647720337,1.3508071899414062,0.0
612000,4608000,287,128,615855.0,4611375.0,False,16.65911102294922,42.93994140625,12.02243423461914,21.58808135986328,0.5796808004379272,0.3025108575820923,0.1698431372642517,1.3150488138198853,1.9644603729248047,0.0
396000,4464000,78,213,402405.0,4473645.0,False,21.853153228759766,57.29570770263672,18.64453125,-20.57119369506836,-0.9764969348907471,0.20183680951595306,0.14550423622131348,1.3653956651687622,1.4090766906738281,895.3211669921875
324000,4464000,269,348,334455.0,4467915.0,False,13.048988342285156,33.21571350097656,-14.651761054992676,-11.52967643737793,-0.07121944427490234,0.046749457716941833,0.06569792330265045,1.1328562498092651,1.3044443130493164,0.0
384000,4404000,320,329,393885.0,4406385.0,False,3.2334189414978027,9.077202796936035,1.4812825918197632,-8.622708320617676,-0.4747137725353241,0.11639533936977386,0.12342197448015213,1.121992826461792,1.3869364261627197,982.9559936523438
348000,4476000,38,138,352155.0,4486845.0,False,16.461257934570312,51.52834701538086,12.755574226379395,46.83150100708008,0.40517938137054443,0.12022261321544647,0.0944160521030426,1.143127679824829,1.4022912979125977,54.357120513916016
360000,4464000,235,101,363045.0,4468935.0,False,17.556642532348633,48.2948112487793,-4.575398921966553,-30.60076141357422,-0.614150881767273,0.15187130868434906,0.10280945897102356,1.067927598953247,1.648508071899414,684.5436401367188
420000,4452000,389,351,430545.0,4452315.0,False,8.641114234924316,20.89164161682129,-4.391384601593018,-19.53455924987793,-0.9428810477256775,0.15129603445529938,0.16221703588962555,1.1067036390304565,1.457653284072876,568.054931640625
696000,4488000,393,52,697575.0,4488195.0,False,17.062808990478516,40.72041702270508,-12.73166275024414,36.933509826660156,-0.06167258322238922,0.19145824015140533,0.1425403654575348,1.1870059967041016,1.5374033451080322,389.98504638671875
708000,4464000,243,350,718515.0,4468695.0,False,0.3306735157966614,1.1512857675552368,-0.1853569746017456,-2.934027910232544,-0.6631903648376465,0.0850372239947319,0.14950352907180786,1.081409215927124,1.4978524446487427,902.3305053710938
420000,4512000,361,295,428865.0,4513155.0,True,3.646880865097046,12.999497413635254,-14.222466468811035,-49.03278350830078,-0.6895644068717957,0.15561513602733612,0.20685097575187683,1.3985605239868164,1.8705114126205444,44.92902755737305
336000,4476000,37,302,345075.0,4486875.0,False,27.758424758911133,83.57571411132812,29.01068878173828,94.13384246826172,0.8524393439292908,0.20434913039207458,0.10338728874921799,1.1373741626739502,1.4793936014175415,0.0
384000,4392000,321,392,395775.0,4394355.0,False,21.354101181030273,51.09765625,12.797119140625,30.163616180419922,0.3386014699935913,0.22689436376094818,0.0066878702491521835,1.230901837348938,1.2844009399414062,0.0
444000,4440000,150,156,448695.0,4447485.0,False,14.283486366271973,40.4565544128418,-36.09213638305664,-5.813422203063965,-0.08128880709409714,0.17118582129478455,0.10450665652751923,1.2133152484893799,1.530016541481018,35.500938415527344
432000,4440000,348,12,432375.0,4441545.0,False,8.609837532043457,21.89287757873535,1.3489311933517456,-6.714911937713623,0.8690359592437744,0.13984353840351105,0.1534661501646042,1.1043391227722168,1.5413376092910767,0.0
612000,4608000,350,290,620715.0,4609485.0,False,5.134387493133545,13.9111328125,11.06179428100586,18.63235092163086,0.8766931295394897,0.3032362163066864,0.17337669432163239,1.2476320266723633,1.616683840751648,511.46844482421875
360000,4440000,43,217,366525.0,4450695.0,False,0.5193470120429993,1.554104208946228,-0.4171142578125,-4.240871906280518,0.4439844489097595,0.14553456008434296,0.1145322322845459,1.0822449922561646,1.4466960430145264,948.9472045898438
372000,4476000,294,300,381015.0,4479165.0,False,2.378358840942383,7.275214195251465,-5.5511474609375,-15.989975929260254,0.7672374248504639,0.20101270079612732,0.08172955363988876,1.151654839515686,1.5128673315048218,0.0
336000,4464000,320,309,345285.0,4466385.0,False,1.8220778703689575,5.669718265533447,-2.1573214530944824,-14.520291328430176,0.8836253881454468,0.07669802010059357,0.08427100628614426,1.1019686460494995,1.3597314357757568,780.0
396000,4452000,398,179,401385.0,4452045.0,True,32.99546813964844,99.27745056152344,19.18314552307129,82.78878021240234,-0.9033790826797485,0.16507163643836975,0.14798960089683533,1.2340642213821411,1.5378427505493164,0.0
396000,4464000,259,3,396105.0,4468215.0,False,37.64804458618164,109.10304260253906,-33.07682418823242,-73.13233947753906,-0.702975332736969,0.14850549399852753,0.17107295989990234,1.1776633262634277,1.5476468801498413,730.3427124023438
432000,4392000,394,126,435795.0,4392165.0,False,24.713119506835938,60.97184371948242,-22.26315689086914,-46.55604553222656,0.18302029371261597,0.19490395486354828,0.11520540714263916,1.1921254396438599,1.4571062326431274,0.0
444000,4296000,309,123,447705.0,4298715.0,False,4.0064287185668945,10.675957679748535,-3.016248941421509,-26.65520668029785,0.3376288115978241,0.14220255613327026,0.14263825118541718,1.108628749847412,1.5647159814834595,706.5411987304688
648000,4608000,399,108,651255.0,4608015.0,False,22.650043487548828,60.65041732788086,57.01218032836914,131.04244995117188,-0.6304657459259033,0.39286887645721436,0.130462646484375,1.3957695960998535,1.6714708805084229,979.2473754882812
432000,4392000,163,163,436905.0,4399095.0,False,27.924686431884766,77.11151885986328,9.09227180480957,-82.49164581298828,-0.8067863583564758,0.35364288091659546,0.05603227764368057,1.328047513961792,1.4376099109649658,391.9209289550781
384000,4440000,187,113,387405.0,4446375.0,False,5.744770050048828,16.24974250793457,-1.3110759258270264,-36.83238220214844,0.4353775084018707,0.15713967382907867,0.15309342741966248,1.1279432773590088,1.532954454421997,349.281982421875
408000,4416000,4,128,411855.0,4427865.0,False,17.836639404296875,48.57539749145508,-31.73894500732422,-59.75797653198242,-0.5884843468666077,0.3077791631221771,0.03905896842479706,1.2800328731536865,1.352718472480774,0.0
396000,4500000,69,129,399885.0,4509915.0,False,3.0323612689971924,7.301743984222412,0.6526421308517456,-2.551093101501465,0.7015049457550049,0.13847500085830688,0.17065221071243286,1.2354933023452759,1.734009027481079,827.4661865234375
420000,4260000,59,279,428385.0,4270215.0,True,8.343480110168457,26.10544204711914,-4.491943359375,-5.104058265686035,-0.6269534826278687,0.18656757473945618,0.0791306346654892,1.1721105575561523,1.4834990501403809,302.4951477050781
660000,4512000,394,151,664545.0,4512165.0,False,8.740629196166992,18.32697296142578,0.2574734389781952,-4.31593132019043,0.600908637046814,0.13312524557113647,0.2028108686208725,1.1685307025909424,1.7574684619903564,0.0
408000,4248000,301,329,417885.0,4250955.0,True,16.051679611206055,45.98310089111328,-51.0372200012207,-24.34988021850586,0.33850276470184326,0.22129346430301666,0.04838147014379501,1.1865510940551758,1.4639921188354492,0.0
408000,4428000,160,193,413805.0,4435185.0,False,3.284179210662842,7.632419109344482,-0.3992919921875,-0.0994194820523262,-0.9773776531219482,0.10655275732278824,0.1537238359451294,1.065780520439148,1.4486335515975952,873.9566650390625
432000,4560000,202,36,433095.0,4565925.0,False,14.47044849395752,36.9119873046875,-1.0422499179840088,-25.79167938232422,0.4984343945980072,0.10348530113697052,0.12176892906427383,1.2092349529266357,1.5610508918762207,0.0
324000,4464000,248,159,328785.0,4468545.0,False,9.187870979309082,25.02312469482422,-4.43248176574707,-8.26832389831543,0.9360783100128174,0.08703120052814484,0.12220301479101181,1.0900259017944336,1.5840866565704346,0.0
408000,4512000,226,345,418365.0,4517205.0,False,16.379493713378906,33.2118034362793,-7.393758296966553,-20.43651008605957,-0.9509543180465698,0.17463521659374237,0.16180647909641266,1.3001254796981812,1.7709147930145264,0.0
360000,4500000,344,301,369045.0,4501665.0,False,12.590472221374512,32.08989715576172,5.38905143737793,-16.60257911682129,0.25363385677337646,0.1000094935297966,0.1446162462234497,1.201337456703186,1.5716335773468018,0.0
660000,4608000,178,180,665415.0,4614645.0,False,9.11287784576416,21.57546615600586,-8.66257095336914,-26.75653839111328,-0.10501252859830856,0.17470569908618927,0.18356190621852875,1.1601347923278809,1.6689610481262207,0.0
408000,4248000,93,317,417525.0,4257195.0,False,4.201750755310059,9.965291023254395,-3.009752035140991,-18.10054588317871,-0.10504129528999329,0.09617254883050919,0.08229397237300873,1.1017321348190308,1.4865729808807373,721.3826904296875
444000,4572000,13,44,445335.0,4583595.0,False,25.867464065551758,64.51847076416016,-14.43055534362793,-47.56740951538086,-0.9778055548667908,0.2600792944431305,0.12335935980081558,1.4943537712097168,1.6938929557800293,569.7373046875
372000,4476000,48,387,383625.0,4486545.0,False,2.6093552112579346,8.09568977355957,-1.75341796875,-6.322903156280518,-0.5801599025726318,0.0959400087594986,0.1598753035068512,1.0783699750900269,1.4279969930648804,293.44866943359375
420000,4512000,309,291,428745.0,4514715.0,False,5.060440540313721,18.07021713256836,6.004150390625,-2.415459632873535,0.32156267762184143,0.13049209117889404,0.21417109668254852,1.3380056619644165,1.8676177263259888,0.0
408000,4212000,99,158,412755.0,4221015.0,False,2.836531639099121,8.412692070007324,-2.247626304626465,-21.93575096130371,0.7201035618782043,0.11157196015119553,0.13836592435836792,1.1585208177566528,1.6650179624557495,81.44712829589844
408000,4536000,82,132,411975.0,4545525.0,False,0.7340301871299744,2.6853435039520264,-0.38525390625,-2.750054359436035,-0.8979504108428955,0.1514819860458374,0.20420756936073303,1.3662505149841309,2.1170735359191895,459.5663757324219
684000,4464000,235,190,689715.0,4468935.0,False,1.6656759977340698,4.284356117248535,-1.0463188886642456,-4.86192512512207,0.9218482375144958,0.09159798175096512,0.15603309869766235,1.1060657501220703,1.6061409711837769,478.1350402832031
408000,4212000,76,26,408795.0,4221705.0,False,4.181948661804199,10.895602226257324,-3.4303250312805176,9.950982093811035,0.2633732855319977,0.12519538402557373,0.17124108970165253,1.1525673866271973,1.7288707494735718,0.0
456000,4440000,381,8,456255.0,4440555.0,False,11.346025466918945,30.26380729675293,-11.531888008117676,-27.10426139831543,-0.8015112280845642,0.15412478148937225,0.2257625162601471,1.1532458066940308,1.600176453590393,0.0
720000,4572000,258,141,724245.0,4576245.0,False,9.320273399353027,26.41669464111328,-8.059624671936035,-45.6423454284668,-0.8351995348930359,0.13100188970565796,0.20967502892017365,1.1577564477920532,1.5721919536590576,0.0
420000,4428000,365,213,426405.0,4429035.0,True,28.911514282226562,78.88932037353516,34.85500717163086,83.1180419921875,-0.17475378513336182,0.13917532563209534,0.1297760158777237,1.222598671913147,1.6087130308151245,79.70895385742188
432000,4560000,389,17,432525.0,4560315.0,False,4.921295642852783,15.299397468566895,-2.9761691093444824,-7.783013343811035,0.6886692643165588,0.2066667079925537,0.1930769830942154,1.4437049627304077,2.0855801105499268,853.1119384765625
636000,4296000,291,68,638055.0,4299255.0,True,34.46369934082031,98.43875122070312,-5.842719078063965,90.21259307861328,0.9790430068969727,0.2581068277359009,0.13402895629405975,1.1571401357650757,1.399082064628601,88.31024932861328
372000,4488000,72,34,373035.0,4497825.0,False,6.7847466468811035,19.98654556274414,-0.4238145649433136,-1.7141927480697632,0.8832537531852722,0.13485553860664368,0.10960336029529572,1.134423851966858,1.446879506111145,0.0
432000,4560000,367,294,440835.0,4560975.0,False,6.943447589874268,16.91787338256836,-0.592393696308136,-23.70039939880371,-0.16214114427566528,0.18355527520179749,0.21570010483264923,1.422539234161377,2.016439437866211,248.6039581298828
420000,4308000,340,192,425775.0,4309785.0,True,3.4718234539031982,10.835774421691895,-14.070406913757324,-71.83650970458984,-0.782146692276001,0.13448764383792877,0.1397337019443512,1.1809849739074707,1.6504912376403809,149.70126342773438
348000,4428000,297,149,352485.0,4431075.0,False,4.758839130401611,12.195380210876465,-1.7614881992340088,3.4718422889709473,0.8880034685134888,0.1399790197610855,0.14898262917995453,1.1298153400421143,1.6859396696090698,300.0
420000,4308000,337,122,423675.0,4309875.0,True,1.9371452331542969,6.008572101593018,-14.83554458618164,-40.51271057128906,-0.9168736934661865,0.1562042087316513,0.1206754669547081,1.2009538412094116,1.644874095916748,47.09663391113281
612000,4596000,6,314,621435.0,4607805.0,False,4.70806884765625,9.624444007873535,-3.145697832107544,-19.81511688232422,0.2122585028409958,0.2520686388015747,0.21915319561958313,1.2802051305770874,1.701529622077942,720.0
636000,4428000,204,220,642615.0,4433865.0,False,6.25648307800293,15.14879035949707,3.945909261703491,-3.131239175796509,-0.29030975699424744,0.217631995677948,0.13956445455551147,1.211003303527832,1.6008602380752563,883.17626953125
420000,4392000,304,371,431145.0,4394865.0,False,29.296043395996094,81.23600006103516,-6.649129390716553,-69.22303771972656,-0.9223775267601013,0.18510203063488007,0.11414933204650879,1.1833149194717407,1.4955328702926636,0.0
432000,4392000,145,4,432135.0,4399635.0,False,16.591251373291016,42.23591995239258,-15.250229835510254,54.92774963378906,0.8399811387062073,0.13780002295970917,0.11068513989448547,1.1505621671676636,1.4614450931549072,0.0
684000,4476000,15,349,694485.0,4487535.0,False,20.2954158782959,57.44414520263672,-8.471869468688965,-29.121337890625,0.5283352136611938,0.21901731193065643,0.18396273255348206,1.254876732826233,1.9008352756500244,154.955810546875
384000,4428000,32,16,384495.0,4439025.0,False,8.356616973876953,23.94687271118164,-0.3668484091758728,-2.345323324203491,0.17215752601623535,0.11322630196809769,0.12530045211315155,1.1625022888183594,1.4509657621383667,0.0
444000,4296000,186,166,448995.0,4302405.0,True,9.129919052124023,26.51768684387207,-13.81005859375,-20.54177474975586,-0.3093576729297638,0.4010609984397888,0.028418410569429398,1.3062827587127686,1.5326091051101685,0.0
396000,4440000,301,194,401835.0,4442955.0,False,20.811573028564453,68.96421813964844,12.371513366699219,41.777259826660156,0.784668505191803,0.08989150822162628,0.17061816155910492,1.0937855243682861,1.564028263092041,0.0
408000,4260000,311,28,408855.0,4262655.0,False,6.0741095542907715,17.52899742126465,-1.4440374374389648,-31.86248207092285,0.6067029237747192,0.11230464279651642,0.10617475211620331,1.1103050708770752,1.4089521169662476,643.4247436523438
648000,4440000,382,104,651135.0,4440525.0,False,4.467512607574463,10.72256088256836,-0.6725803017616272,-0.3766140341758728,0.3471720814704895,0.14205549657344818,0.1894945204257965,1.1793910264968872,1.617361307144165,700.7852172851562
372000,4248000,31,295,380865.0,4259055.0,False,4.1446638107299805,12.18018913269043,2.1183133125305176,19.5582275390625,0.5929902195930481,0.13418416678905487,0.10069294273853302,1.0794492959976196,1.430295467376709,699.7162475585938
396000,4440000,380,126,399795.0,4440585.0,False,0.9621730446815491,3.120673179626465,-1.5362820625305176,-2.3990886211395264,0.8670734763145447,0.1029607430100441,0.14894002676010132,1.0997830629348755,1.4797179698944092,437.2757873535156
372000,4260000,335,206,378195.0,4261935.0,True,8.557554244995117,23.69161033630371,-2.601670980453491,-3.8099634647369385,0.3511548638343811,0.07172536104917526,0.13986335694789886,1.0628478527069092,1.5153920650482178,150.0
372000,4488000,78,262,379875.0,4497645.0,False,3.768674373626709,9.435601234436035,-1.0284966230392456,-9.115925788879395,-0.8326606750488281,0.15654899179935455,0.08305367827415466,1.1216293573379517,1.4819382429122925,0.0
444000,4296000,216,256,451695.0,4301505.0,False,11.093795776367188,31.16254234313965,1.6060112714767456,-15.545002937316895,0.7695297598838806,0.3178742527961731,0.06761142611503601,1.2011691331863403,1.582336187362671,390.76971435546875
360000,4464000,117,183,365505.0,4472475.0,False,13.729211807250977,36.51774215698242,-30.08255958557129,-60.12593460083008,0.5055824518203735,0.18220451474189758,0.10594791918992996,1.183146595954895,1.4020493030548096,0.0
612000,4608000,380,61,613845.0,4608585.0,False,14.124139785766602,42.2919921875,5.21424674987793,32.386962890625,0.2617274224758148,0.39996618032455444,0.10459531098604202,1.3300491571426392,1.5888546705245972,26.881650924682617
348000,4488000,347,186,353595.0,4489575.0,False,9.136499404907227,23.193439483642578,-12.56382942199707,-39.41509246826172,0.8990405797958374,0.18724341690540314,0.14089295268058777,1.1424193382263184,1.6163194179534912,507.6847839355469
372000,4428000,320,57,373725.0,4430385.0,False,2.5505056381225586,8.93801498413086,5.132080078125,11.78993034362793,-0.685295820236206,0.13058127462863922,0.12222321331501007,1.1125603914260864,1.4222500324249268,511.46844482421875
420000,4500000,366,242,427275.0,4501005.0,False,23.567153930664062,68.77887725830078,3.4002957344055176,-35.82420349121094,-0.6285502314567566,0.27900928258895874,0.09277810901403427,1.2586110830307007,1.5594370365142822,767.0072021484375
372000,4512000,379,131,375945.0,4512615.0,False,28.916074752807617,78.14013671875,40.8994140625,108.58452606201172,-0.2465323954820633,0.11441835761070251,0.19207708537578583,1.1287957429885864,1.446149230003357,82.55996704101562
396000,4488000,104,130,399915.0,4496865.0,False,17.57086181640625,34.4036865234375,-1.607761025428772,-5.1015625,0.09311816096305847,0.14893582463264465,0.1639733463525772,1.3794748783111572,1.845208764076233,954.7252197265625
396000,4452000,111,3,396105.0,4460655.0,True,9.849692344665527,22.75826072692871,2.7863497734069824,-23.4281005859375,-0.8339747190475464,0.16507163643836975,0.14798960089683533,1.2340642213821411,1.5378427505493164,0.0
456000,4488000,138,304,465135.0,4495845.0,True,8.490498542785645,23.88496971130371,-9.834893226623535,-38.891441345214844,-0.07461503148078918,0.25569140911102295,0.14252260327339172,1.2680124044418335,1.5723154544830322,60.0
720000,4560000,13,85,722565.0,4571595.0,False,10.517136573791504,27.95358657836914,2.1963703632354736,-35.84360122680664,0.866698145866394,0.2837074398994446,0.1138225644826889,1.2248127460479736,1.566591501235962,0.0
456000,4260000,328,204,462135.0,4262145.0,False,5.428439140319824,13.72665786743164,-3.1264243125915527,-22.07241439819336,0.962809145450592,0.09775680303573608,0.0978548526763916,1.1295019388198853,1.4651252031326294,367.0151672363281
432000,4296000,95,122,435675.0,4305135.0,False,7.9414849281311035,18.55254364013672,-4.733547687530518,1.2940539121627808,0.8420754075050354,0.1661614179611206,0.1305486261844635,1.0963371992111206,1.619357705116272,395.3502502441406
420000,4572000,342,379,431385.0,4573725.0,False,8.630423545837402,20.51053810119629,-6.57470703125,-26.67918586730957,-0.3182560205459595,0.15405604243278503,0.19956931471824646,1.4673407077789307,2.073896884918213,285.66131591796875
384000,4248000,107,35,385065.0,4256775.0,True,11.842244148254395,30.70255470275879,-7.985405921936035,-12.02479362487793,0.8294566869735718,0.12648527324199677,0.16749557852745056,1.1879026889801025,1.5379457473754883,47.09663391113281
360000,4452000,41,139,364185.0,4462755.0,False,19.920164108276367,49.55045700073242,5.22730827331543,24.492431640625,-0.22889362275600433,0.14895841479301453,0.14851702749729156,1.1135518550872803,1.6514493227005005,532.1661376953125
372000,4476000,343,17,372525.0,4477695.0,False,10.906800270080566,25.13351821899414,1.462700605392456,13.989447593688965,-0.2175966203212738,0.13466115295886993,0.1426672488451004,1.1332858800888062,1.5444004535675049,1001.598876953125
444000,4440000,101,198,449955.0,4448955.0,False,15.47043228149414,39.051025390625,10.99717903137207,-22.24772071838379,-0.8098354935646057,0.22284947335720062,0.1325417011976242,1.180340051651001,1.582978367805481,3.3333332538604736
420000,4272000,375,259,427785.0,4272735.0,True,11.78518295288086,25.02199935913086,19.64915657043457,53.74300003051758,0.07197603583335876,0.11550598591566086,0.14960169792175293,1.3149551153182983,1.5712906122207642,191.322998046875
372000,4488000,283,96,374895.0,4491495.0,False,4.260961532592773,10.30982780456543,-5.372246742248535,-10.5521240234375,0.5816788673400879,0.10919855535030365,0.10861678421497345,1.092132806777954,1.4361169338226318,0.0
660000,4512000,371,107,663225.0,4512855.0,False,16.96523666381836,40.90656280517578,3.0863850116729736,61.58482360839844,-0.4668094515800476,0.12134817987680435,0.1738990843296051,1.1888856887817383,1.5963947772979736,885.6629028320312
360000,4500000,318,343,370305.0,4502445.0,False,15.531625747680664,43.49278259277344,21.27460479736328,51.40265655517578,0.21236202120780945,0.1745455116033554,0.043416526168584824,1.2362141609191895,1.4078707695007324,0.0
396000,4248000,325,87,398625.0,4250235.0,False,7.303842067718506,22.61256217956543,-10.710652351379395,-11.32375717163086,0.4204268753528595,0.14176328480243683,0.18837885558605194,1.1514382362365723,1.6397894620895386,318.5932922363281
684000,4464000,335,318,693555.0,4465935.0,False,0.34991830587387085,1.2598062753677368,-1.2881265878677368,-3.4348416328430176,0.7786828875541687,0.11355384439229965,0.16858571767807007,1.1378971338272095,1.4796169996261597,747.2659912109375
300000,4428000,238,111,303345.0,4432845.0,False,8.346672058105469,20.36768913269043,-6.270982265472412,-34.5423583984375,-0.4415638744831085,0.1440790593624115,0.06183207035064697,1.148208498954773,1.4100254774093628,151.01629638671875
432000,4596000,343,175,437265.0,4597695.0,False,4.260619640350342,11.310086250305176,-2.7938232421875,-3.676527261734009,0.43677565455436707,0.17343619465827942,0.19643321633338928,1.455599069595337,1.9280210733413696,684.5440063476562
360000,4440000,17,52,361575.0,4451475.0,False,4.517385482788086,11.717597007751465,-0.5685628056526184,-4.152493000030518,-0.9790417551994324,0.10905810445547104,0.09901590645313263,1.1618256568908691,1.4248876571655273,371.8894348144531
360000,4512000,305,192,365775.0,4514835.0,False,5.2498626708984375,15.690457344055176,-1.7736409902572632,-1.8491888046264648,-0.09972599893808365,0.10389014333486557,0.17952243983745575,1.131170392036438,1.4147627353668213,0.0
420000,4296000,316,129,423885.0,4298505.0,True,20.36595344543457,46.2333984375,26.05780792236328,71.4492416381836,0.933316707611084,0.15361946821212769,0.08034490048885345,1.1921520233154297,1.376773715019226,0.0
672000,4464000,146,398,683955.0,4471605.0,False,12.271614074707031,25.847412109375,0.8428005576133728,0.444132536649704,-0.08178792148828506,0.2233671098947525,0.13050477206707,1.2014445066452026,1.6877466440200806,80.82179260253906
636000,4608000,85,145,640365.0,4617435.0,False,12.8333740234375,35.03762435913086,-27.03908920288086,-142.677490234375,0.4244847297668457,0.6286444067955017,-0.0398162379860878,1.5704009532928467,1.690168023109436,26.881650924682617
384000,4452000,291,254,391635.0,4455255.0,False,13.705265998840332,36.66225814819336,1.6882188320159912,14.008218765258789,-0.7694080471992493,0.14546731114387512,0.1223161369562149,1.161408543586731,1.5021108388900757,966.3850708007812
432000,4596000,76,140,436215.0,4605705.0,False,2.5004777908325195,7.202975749969482,-0.5995280146598816,-8.53134536743164,-0.3436378538608551,0.1618047058582306,0.20516614615917206,1.3035117387771606,1.6848689317703247,768.9559936523438
360000,4500000,6,282,368475.0,4511805.0,False,2.1992287635803223,6.468099117279053,-0.4813774824142456,-7.70716667175293,-0.7976235151290894,0.11528848856687546,0.18425561487674713,1.1726351976394653,1.556796908378601,710.5767822265625
372000,4272000,35,185,377565.0,4282935.0,True,9.184006690979004,25.86302375793457,3.156263589859009,11.555718421936035,-0.8206979632377625,0.14584946632385254,0.11395501345396042,1.1642661094665527,1.5183383226394653,0.0
360000,4512000,164,263,367905.0,4519065.0,False,11.332399368286133,28.21668815612793,-6.85670280456543,4.983981609344482,0.657741367816925,0.050698380917310715,0.06955593079328537,1.1789216995239258,1.3240926265716553,0.0
432000,4584000,258,379,443385.0,4588245.0,False,31.316652297973633,88.4817123413086,30.24045181274414,-62.15131378173828,-0.8939045071601868,0.35288214683532715,0.047384392470121384,1.4783772230148315,1.4950491189956665,0.0
444000,4608000,283,160,448815.0,4611495.0,False,19.02054214477539,51.94050979614258,28.973388671875,67.088623046875,-0.5672441720962524,0.2512403130531311,0.12790273129940033,1.4413952827453613,1.6634413003921509,0.0
396000,4392000,45,187,401625.0,4402635.0,False,23.607105255126953,55.6541748046875,-15.2138671875,-24.25405502319336,0.8586486577987671,0.09528908133506775,0.09729722887277603,1.1006762981414795,1.4328124523162842,65.99678802490234
744000,4596000,206,55,745665.0,4601805.0,False,5.618488311767578,16.47417640686035,-5.055447101593018,-24.55063247680664,-0.6272501349449158,0.18516898155212402,0.20115891098976135,1.17318856716156,1.5600727796554565,213.55654907226562
408000,4428000,215,230,414915.0,4433535.0,False,10.899331092834473,28.74241828918457,-10.290690422058105,-21.73479461669922,-0.4301144480705261,0.11004738509654999,0.10598278045654297,1.1448578834533691,1.3805632591247559,0.0
372000,4512000,30,150,376515.0,4523085.0,False,13.814766883850098,38.55897521972656,5.193129062652588,-4.633083820343018,-0.12419339269399643,0.07929600030183792,0.13315792381763458,1.131522536277771,1.453515887260437,0.0
396000,4392000,59,197,401925.0,4402215.0,False,11.845195770263672,29.56114387512207,-14.5159912109375,-28.52391242980957,0.85197913646698,0.09528908133506775,0.09729722887277603,1.1006762981414795,1.4328124523162842,135.59402465820312
372000,4428000,254,131,375945.0,4432365.0,False,16.19072723388672,48.512489318847656,-6.560940265655518,-13.37281608581543,-0.38603368401527405,0.1221369206905365,0.06471747159957886,1.1556199789047241,1.3311994075775146,0.0
408000,4536000,260,268,416055.0,4540185.0,False,7.553947925567627,16.4708251953125,-1.9102919101715088,-12.56198501586914,0.24776488542556763,0.1368420422077179,0.2077469527721405,1.2681978940963745,1.8646941184997559,208.71923828125
396000,4380000,21,46,397395.0,4391355.0,False,25.342208862304688,69.9200210571289,21.33873176574707,50.2899169921875,-0.8303555250167847,0.14491230249404907,0.11949297040700912,1.1506270170211792,1.3470696210861206,716.03076171875
336000,4464000,115,193,341805.0,4472535.0,False,5.394349575042725,14.030802726745605,1.9858534336090088,-13.687703132629395,-0.3412210941314697,0.09745427221059799,0.15914000570774078,1.11384916305542,1.5100096464157104,60.0
480000,4260000,333,61,481845.0,4261995.0,False,2.887608766555786,8.340738296508789,-1.1815185546875,-8.30394172668457,-0.5977430939674377,0.08036664128303528,0.14690935611724854,1.1466989517211914,1.5844314098358154,551.271484375
372000,4500000,149,154,376635.0,4507515.0,False,4.454427242279053,10.98179817199707,0.1066216379404068,-21.95298957824707,-0.9588225483894348,0.08921275287866592,0.15469364821910858,1.2031859159469604,1.5120607614517212,11.380711555480957
384000,4464000,248,389,395685.0,4468545.0,True,21.10413360595703,51.66659927368164,-34.390380859375,-40.318115234375,0.2868908643722534,0.22879275679588318,0.14344564080238342,1.2532610893249512,1.7189302444458008,302.4951477050781
396000,4464000,217,385,407565.0,4469475.0,False,4.1695733070373535,10.961873054504395,0.8588731288909912,-2.5603840351104736,0.27758604288101196,0.10992724448442459,0.1787416636943817,1.0926843881607056,1.5342776775360107,403.2376708984375
396000,4488000,327,303,405105.0,4490175.0,False,28.58847427368164,74.04148864746094,-2.4613986015319824,9.182562828063965,-0.02341276966035366,0.14893582463264465,0.1639733463525772,1.3794748783111572,1.845208764076233,386.6644592285156
396000,4512000,49,151,400545.0,4522515.0,False,23.835988998413086,64.08855438232422,1.367458701133728,42.20412826538086,-0.28850889205932617,0.1843152791261673,0.13032954931259155,1.3342678546905518,1.662308692932129,0.0
420000,4248000,351,30,420915.0,4249455.0,True,31.458860397338867,82.07109832763672,20.28133201599121,112.48931121826172,0.2992287874221802,0.19376808404922485,0.04540371522307396,1.2091783285140991,1.4853650331497192,0.0
408000,4212000,47,184,413535.0,4222575.0,False,6.037656307220459,17.08395767211914,-2.6020100116729736,-11.03553581237793,0.876609742641449,0.11622275412082672,0.17567606270313263,1.128506064414978,1.7411538362503052,80.82179260253906
384000,4512000,189,152,388575.0,4518315.0,False,10.878159523010254,27.07162857055664,-14.113566398620605,-12.71999740600586,0.2071632295846939,0.14819911122322083,0.17221710085868835,1.2889291048049927,1.8476955890655518,0.0
360000,4500000,34,364,370935.0,4510965.0,False,2.861692428588867,8.27513313293457,-0.1943088173866272,-4.03321647644043,-0.8836866021156311,0.11392095685005188,0.18584826588630676,1.1813781261444092,1.5695537328720093,314.16900634765625
336000,4452000,9,319,345585.0,4463715.0,False,4.024786472320557,11.939860343933105,3.413099527359009,0.08742944151163101,-0.7573089599609375,0.0660867840051651,0.097859226167202,1.1383275985717773,1.304669737815857,0.0
396000,4476000,351,60,397815.0,4477455.0,False,29.89995765686035,72.82357025146484,8.945149421691895,37.48160934448242,0.9929857850074768,0.16122913360595703,0.15272307395935059,1.203228235244751,1.5502554178237915,812.5887451171875
444000,4296000,173,109,447285.0,4302795.0,True,4.747443675994873,12.596923828125,-8.8289794921875,-18.46168327331543,-0.2602447271347046,0.1496204435825348,0.16718143224716187,1.146297574043274,1.7214852571487427,238.97146606445312
420000,4392000,16,388,431655.0,4403505.0,False,9.614106178283691,29.30665397644043,-3.0667316913604736,8.78355598449707,0.027495436370372772,0.10349958389997482,0.11442029476165771,1.1822103261947632,1.4359713792800903,0.0
396000,4512000,111,2,396075.0,4520655.0,False,30.133947372436523,83.98463439941406,17.56859016418457,59.63277053833008,0.36006033420562744,0.15053001046180725,0.17682191729545593,1.3153808116912842,1.854720950126648,0.0
360000,4464000,364,277,368325.0,4465065.0,False,9.347280502319336,27.15838050842285,4.4849853515625,36.94467544555664,-0.5128278136253357,0.23039865493774414,0.13099971413612366,1.1630395650863647,1.470422387123108,0.0
396000,4476000,160,161,400845.0,4483185.0,True,26.003026962280273,70.56160736083984,-47.87257385253906,-164.0476837158203,-0.6302428245544434,0.26966601610183716,0.10863568633794785,1.3155598640441895,1.5169633626937866,0.0
696000,4452000,113,279,704385.0,4460595.0,False,8.979635238647461,21.49625587463379,-7.851372718811035,-7.34033203125,-0.3968074321746826,0.1214817687869072,0.15153130888938904,1.1271204948425293,1.5046366453170776,646.6841430664062
372000,4464000,220,206,378195.0,4469385.0,False,12.106472969055176,29.19521713256836,2.6815185546875,30.05042839050293,0.9176422357559204,0.10801102966070175,0.1026616171002388,1.0328583717346191,1.5954549312591553,612.373046875
420000,4296000,294,343,430305.0,4299165.0,True,5.750604152679443,14.98293685913086,-0.439642995595932,-7.991427898406982,-0.18268854916095734,0.28861334919929504,0.14498470723628998,1.1633371114730835,1.4217897653579712,49.04925537109375
372000,4248000,154,126,375795.0,4255365.0,True,5.040083408355713,15.44117546081543,-14.59103775024414,-23.00028419494629,-0.8427256345748901,0.09513980150222778,0.10002044588327408,1.1205464601516724,1.4504398107528687,11.380711555480957
420000,4536000,112,158,424755.0,4544625.0,False,1.5725271701812744,3.708428382873535,-0.110595703125,-0.9129367470741272,-0.9306240081787109,0.12925685942173004,0.19950252771377563,1.2486248016357422,1.7364115715026855,700.7857055664062
360000,4464000,278,339,370185.0,4467645.0,False,12.402438163757324,37.56959533691406,-4.401570796966553,-32.14670181274414,0.8971996307373047,0.1521938443183899,0.15055973827838898,1.1258857250213623,1.4668227434158325,0.0
420000,4500000,26,45,421365.0,4511205.0,False,12.821507453918457,33.77437210083008,-2.1314425468444824,5.582370281219482,0.49689820408821106,0.21878357231616974,0.13496831059455872,1.1817058324813843,1.6597621440887451,0.0
372000,4464000,235,113,375405.0,4468935.0,False,5.184041500091553,18.52992057800293,0.5922445058822632,-9.3675537109375,0.6074343919754028,0.1434345841407776,0.19232423603534698,1.078235149383545,1.6684201955795288,0.0
420000,4440000,184,307,429225.0,4446465.0,True,29.958683013916016,95.03060150146484,66.69715881347656,174.33535766601562,-0.5371209979057312,0.17498686909675598,0.10428835451602936,1.119516134262085,1.4260720014572144,0.0
408000,4536000,144,66,409995.0,4543665.0,False,2.7240164279937744,6.703016757965088,-4.0675048828125,-2.9643826484680176,-0.9563875794410706,0.13772697746753693,0.19820916652679443,1.3305073976516724,2.0282437801361084,805.2329711914062
672000,4464000,106,389,683685.0,4472805.0,False,6.990218639373779,16.41183853149414,-5.923163414001465,-31.32962989807129,0.03511328995227814,0.22978925704956055,0.1227215901017189,1.1792594194412231,1.5732649564743042,314.16900634765625
432000,4440000,253,363,442905.0,4444395.0,False,3.701155424118042,11.63245964050293,-6.285223960876465,-10.77894401550293,0.027435993775725365,0.10965932905673981,0.12553077936172485,1.1059718132019043,1.5492955446243286,416.7769470214844
372000,4512000,264,39,373185.0,4516065.0,False,11.820054054260254,30.47083854675293,29.90583038330078,54.98909378051758,-0.7433343529701233,0.07736839354038239,0.11421720683574677,1.1667671203613281,1.3681695461273193,0.0
432000,4596000,69,296,440895.0,4605915.0,False,19.827451705932617,52.71511459350586,-34.52723693847656,-95.591064453125,-0.21248376369476318,0.34371432662010193,0.0653875395655632,1.4786312580108643,1.6230075359344482,0.0
456000,4488000,209,358,466755.0,4493715.0,True,20.403240203857422,57.463623046875,21.92943000793457,25.20452117919922,-0.3633688986301422,0.1464221477508545,0.21792709827423096,1.232767939567566,1.8304786682128906,0.0
348000,4500000,39,37,349125.0,4510815.0,False,20.94610595703125,57.06180953979492,13.312337875366211,6.064385414123535,-0.6706262230873108,0.06724438816308975,0.12520664930343628,1.162726640701294,1.460929036140442,0.0
444000,4404000,165,360,454815.0,4411035.0,False,4.149691581726074,15.8212890625,5.770290851593018,-10.553669929504395,-0.5844247341156006,0.2065693587064743,0.1160891205072403,1.1379021406173706,1.5770632028579712,401.0007019042969
432000,4380000,61,83,434505.0,4390155.0,False,25.1366024017334,66.18415069580078,-19.05330467224121,-79.00289916992188,0.03920513391494751,0.16701677441596985,0.09237411618232727,1.1913975477218628,1.4636427164077759,0.0
456000,4404000,107,91,458745.0,4412775.0,False,22.387470245361328,60.00315856933594,23.39877700805664,39.46609115600586,-0.9478561878204346,0.20894305408000946,0.15640369057655334,1.2194098234176636,1.4960923194885254,939.631103515625
408000,4248000,207,226,414795.0,4253775.0,True,10.675186157226562,34.1756591796875,-11.06396484375,-45.73711395263672,-0.6298964619636536,0.12378392368555069,0.07015559077262878,1.112687110900879,1.3669228553771973,0.0
432000,4596000,208,140,436215.0,4601745.0,False,6.294259071350098,14.22047233581543,-0.7214491367340088,-41.451904296875,-0.03449143469333649,0.18259020149707794,0.23764514923095703,1.367735743522644,1.8403772115707397,285.66131591796875
396000,4440000,113,391,407745.0,4448595.0,False,17.74310874938965,41.32733917236328,-3.1618921756744385,-18.34632682800293,0.21876977384090424,0.12071553617715836,0.15680474042892456,1.1111843585968018,1.5185691118240356,872.4105224609375
660000,4452000,66,87,662625.0,4462005.0,False,2.624917984008789,7.70921516418457,-0.1528184711933136,-6.7303466796875,-0.6019983887672424,0.13109059631824493,0.19648201763629913,1.1824476718902588,1.6603552103042603,990.7572631835938
396000,4440000,216,56,397695.0,4445505.0,False,2.2384860515594482,6.884738445281982,-4.429172039031982,-10.145413398742676,0.8352173566818237,0.1029607430100441,0.14894002676010132,1.0997830629348755,1.4797179698944092,0.0
444000,4416000,307,343,454305.0,4418775.0,True,12.82647705078125,26.055988311767578,-12.55337142944336,-24.42668914794922,-0.7957194447517395,0.16604195535182953,0.13780224323272705,1.156044602394104,1.491560935974121,0.0
408000,4212000,104,162,412875.0,4220865.0,False,2.701958417892456,8.153238296508789,-1.5286865234375,-21.273193359375,0.7564365863800049,0.10310705006122589,0.14811798930168152,1.1550602912902832,1.6899996995925903,151.01629638671875
396000,4512000,172,20,396615.0,4518825.0,False,21.713531494140625,59.11576461791992,22.92241668701172,16.41861915588379,0.19460207223892212,0.15053001046180725,0.17682191729545593,1.3153808116912842,1.854720950126648,3.3333332538604736
444000,4608000,226,36,445095.0,4613205.0,False,20.700756072998047,57.08477020263672,-35.3289680480957,-7.31580924987793,0.9181676506996155,0.20719924569129944,0.1592385321855545,1.3784050941467285,1.8296172618865967,236.6698760986328
396000,4476000,189,38,397155.0,4482315.0,True,18.673416137695312,57.88065719604492,-75.72078704833984,-135.3911590576172,-0.6710419654846191,0.16122913360595703,0.15272307395935059,1.203228235244751,1.5502554178237915,0.0
396000,4488000,387,31,396945.0,4488375.0,True,9.138749122619629,31.08831024169922,52.9053955078125,94.456787109375,0.07494046539068222,0.14893582463264465,0.1639733463525772,1.3794748783111572,1.845208764076233,0.0
636000,4428000,109,295,644865.0,4436715.0,False,13.046024322509766,29.54606056213379,-6.558349609375,-8.937907218933105,0.7804100513458252,0.29330575466156006,0.1271853893995285,1.1891039609909058,1.6414510011672974,840.0
636000,4620000,331,55,637665.0,4622055.0,False,24.92726707458496,61.09931182861328,-2.539740562438965,17.64420509338379,0.10202597081661224,0.40070194005966187,0.08736377954483032,1.3472412824630737,1.7090015411376953,300.5020751953125
432000,4572000,100,276,440295.0,4580985.0,False,25.42086410522461,79.1143798828125,23.39127540588379,15.427802085876465,0.8186784386634827,0.16789504885673523,0.13625040650367737,1.302033543586731,1.7326254844665527,0.0
396000,4248000,330,359,406785.0,4250085.0,True,13.583390235900879,45.30466079711914,-2.8973116874694824,19.85291862487793,-0.49204349517822266,0.13091044127941132,0.18679660558700562,1.1577656269073486,1.599873423576355,0.0
384000,4452000,362,5,384165.0,4453125.0,False,17.86478042602539,41.68424606323242,3.500664472579956,-17.68992805480957,-0.4250718355178833,0.1096334233880043,0.16454803943634033,1.196655511856079,1.626010537147522,6.666666507720947
612000,4596000,21,183,617505.0,4607355.0,False,26.10434913635254,65.62264251708984,12.76182746887207,47.14385223388672,-0.21327388286590576,0.3967168629169464,0.12315774708986282,1.3622735738754272,1.6847132444381714,0.0
648000,4368000,26,104,651135.0,4379205.0,False,12.081589698791504,31.67583656311035,8.399956703186035,1.3393826484680176,0.7103985548019409,0.25762978196144104,0.10627774894237518,1.2340885400772095,1.550999641418457,641.7948608398438
324000,4464000,326,328,333855.0,4466205.0,False,2.4127018451690674,6.229098796844482,-2.853502035140991,-18.02425193786621,0.08234316110610962,0.032494280487298965,0.06948083639144897,1.0845043659210205,1.2482928037643433,277.6748352050781
360000,4284000,239,244,367335.0,4288815.0,True,16.706483840942383,38.49226760864258,0.07036665827035904,-3.357191324234009,-0.4211680591106415,0.07978765666484833,0.11507523059844971,1.176131010055542,1.470205307006836,44.92902755737305
648000,4428000,88,85,650565.0,4437345.0,False,2.7786812782287598,6.402926921844482,1.9479031562805176,-0.7399495840072632,0.2717057466506958,0.1612590253353119,0.1714400053024292,1.1520812511444092,1.563259243965149,698.212158203125
384000,4452000,149,126,387795.0,4459515.0,False,2.794464111328125,10.009222984313965,-4.468546390533447,-6.437540531158447,-0.4609072804450989,0.12926940619945526,0.18233242630958557,1.0954643487930298,1.5721428394317627,0.0
732000,4596000,124,390,743715.0,4604265.0,False,8.106032371520996,22.76661491394043,1.8859320878982544,-4.032362461090088,0.7397297024726868,0.28535595536231995,0.07817951589822769,1.1297895908355713,1.5459856986999512,0.0
408000,4416000,50,138,412155.0,4426485.0,False,26.095909118652344,70.4542236328125,-42.94924545288086,6.757188320159912,0.23720809817314148,0.3121180832386017,0.045371100306510925,1.2621270418167114,1.2505574226379395,827.4661865234375
396000,4440000,168,150,400515.0,4446945.0,False,18.80134391784668,52.20872497558594,20.66884994506836,82.0146255493164,0.9593630433082581,0.09804370254278183,0.21772059798240662,1.1757454872131348,1.9044197797775269,0.0
444000,4428000,11,361,454845.0,4439655.0,False,24.863365173339844,68.36235046386719,-14.185330390930176,-40.91347885131836,-0.6660646200180054,0.1539520025253296,0.13905730843544006,1.2014117240905762,1.5604701042175293,518.4602661132812
396000,4476000,286,32,396975.0,4479405.0,True,19.0882511138916,49.3267707824707,-19.559814453125,-24.01201629638672,-0.8058900237083435,0.16122913360595703,0.15272307395935059,1.203228235244751,1.5502554178237915,0.0
444000,4404000,88,346,454395.0,4413345.0,True,5.357681751251221,11.667724609375,1.4905463457107544,-11.02855110168457,0.19846288859844208,0.18656592071056366,0.08991563320159912,1.1155426502227783,1.486459732055664,210.0
444000,4596000,343,139,448185.0,4597695.0,False,22.665868759155273,50.950439453125,-42.15736389160156,-79.73338317871094,-0.9719914793968201,0.3878265917301178,0.1005028486251831,1.4695382118225098,1.5700880289077759,87.19741821289062
396000,4260000,4,102,399075.0,4271865.0,True,17.430362701416016,48.99076461791992,-13.25794792175293,-3.619004964828491,-0.513541579246521,0.0875241830945015,0.1486300379037857,1.182451605796814,1.6134586334228516,238.9714813232422
420000,4428000,238,298,428955.0,4432845.0,False,36.3762321472168,118.86216735839844,14.364787101745605,119.15140533447266,0.678415834903717,0.14290378987789154,0.149023175239563,1.1666921377182007,1.3429780006408691,579.9141845703125
648000,4368000,46,115,651465.0,4378605.0,False,8.14676570892334,23.17008399963379,-9.828450202941895,-35.93698501586914,-0.9016591310501099,0.3475991189479828,0.07863882184028625,1.2392536401748657,1.4430752992630005,600.4998168945312
360000,4440000,280,181,365445.0,4443585.0,False,12.63541316986084,32.13510513305664,6.176852703094482,15.604899406433105,0.7889171838760376,0.08324985951185226,0.06510960310697556,1.1442358493804932,1.3796344995498657,0.0
420000,4296000,377,210,426315.0,4296675.0,True,11.217286109924316,30.73548698425293,-5.08997917175293,-33.25442123413086,-0.03314272686839104,0.31549176573753357,0.03141571953892708,1.1928430795669556,1.3899214267730713,0.0
336000,4476000,301,130,339915.0,4478955.0,False,2.644655227661133,6.9901123046875,-0.6507297158241272,-3.213433027267456,-0.1566460132598877,0.10788846015930176,0.14052200317382812,1.0970189571380615,1.5137954950332642,679.1171264648438
336000,4476000,76,131,339945.0,4485705.0,False,13.883525848388672,35.32050323486328,1.5610623359680176,-11.348185539245605,-0.8979997038841248,0.12689398229122162,0.14677706360816956,1.115419864654541,1.5051697492599487,0.0
324000,4464000,278,368,335055.0,4467645.0,False,0.6158632040023804,2.946600914001465,-7.244574546813965,-17.07935905456543,0.33579009771347046,0.07276187092065811,0.05703377723693848,1.0911598205566406,1.3193179368972778,227.4425506591797
348000,4428000,359,162,352875.0,4429215.0,False,6.233841896057129,17.02096939086914,5.889214515686035,-8.88026237487793,0.6943366527557373,0.12441940605640411,0.1533326506614685,1.1265919208526611,1.6614049673080444,600.50048828125
360000,4500000,82,311,369345.0,4509525.0,False,5.18034553527832,11.674099922180176,-0.2682427763938904,-18.49161720275879,-0.0645923912525177,0.10803224891424179,0.17654938995838165,1.197167158126831,1.6297082901000977,495.379638671875
456000,4428000,330,6,456195.0,4430085.0,True,16.475629806518555,41.014892578125,-7.909017086029053,-28.33802604675293,0.8918571472167969,0.16376154124736786,0.15169353783130646,1.0815205574035645,1.5207579135894775,0.0
696000,4452000,186,124,699735.0,4458405.0,False,5.14729118347168,14.668389320373535,17.50539779663086,24.9990234375,0.8586834669113159,0.11511564254760742,0.15305417776107788,1.1396156549453735,1.5236655473709106,65.99678802490234
408000,4248000,109,175,413265.0,4256715.0,False,3.940260410308838,10.03908920288086,-2.339341878890991,-12.638970375061035,0.953940212726593,0.09795775264501572,0.13718104362487793,1.0725908279418945,1.5608024597167969,864.1181640625
324000,4488000,366,66,325995.0,4489005.0,False,1.7692584991455078,5.0878095626831055,-0.528564453125,-4.045559406280518,0.7827446460723877,0.12327559292316437,0.1810227930545807,1.0801032781600952,1.575204610824585,819.2071533203125
372000,4248000,86,41,373245.0,4257405.0,True,11.196700096130371,27.42599868774414,-5.230889320373535,-3.276434898376465,-0.9834917187690735,0.11137211322784424,0.15219442546367645,1.1225228309631348,1.6144026517868042,163.419677734375
360000,4500000,257,290,368715.0,4504275.0,False,8.805174827575684,23.19510841369629,-23.72433853149414,-69.31990814208984,-0.13428010046482086,0.18000636994838715,0.11002650111913681,1.2284693717956543,1.4906665086746216,0.0
408000,4212000,108,35,409065.0,4220745.0,False,7.2162184715271,20.11055564880371,-4.825697422027588,-8.48631477355957,0.915141761302948,0.08180562406778336,0.16751502454280853,1.1080670356750488,1.6418263912200928,88.1132583618164
384000,4272000,381,368,395055.0,4272555.0,True,19.11678123474121,56.96479034423828,30.597209930419922,56.6566276550293,0.5303968787193298,0.10497284680604935,0.14620819687843323,1.0496147871017456,1.6722837686538696,254.9533233642578
636000,4428000,266,301,645045.0,4432005.0,True,10.866975784301758,22.38491439819336,-0.37693944573402405,-13.39134407043457,0.4504600465297699,0.162103071808815,0.17440828680992126,1.2252916097640991,1.6772942543029785,121.28134155273438
396000,4476000,123,121,399645.0,4484295.0,True,13.026354789733887,40.88644790649414,25.963623046875,158.81431579589844,0.1351078450679779,0.16122913360595703,0.15272307395935059,1.203228235244751,1.5502554178237915,0.0
384000,4512000,397,320,393615.0,4512075.0,False,7.636186122894287,19.26002311706543,-3.363104820251465,-5.768662929534912,0.5796263217926025,0.12166828662157059,0.14840808510780334,1.2170777320861816,1.8138915300369263,892.3003540039062
636000,4296000,286,82,638475.0,4299405.0,True,22.201791763305664,62.31374740600586,10.17542839050293,155.68348693847656,0.7233636975288391,0.30370190739631653,0.12444551289081573,1.1651310920715332,1.4458636045455933,109.04316711425781
360000,4512000,126,108,363255.0,4520205.0,False,3.0847558975219727,7.67225456237793,-2.3458523750305176,-15.533447265625,-0.4670160412788391,0.12391621619462967,0.1764526218175888,1.2089054584503174,1.6842008829116821,480.0
348000,4476000,7,119,351585.0,4487775.0,False,20.333572387695312,51.27841567993164,7.3457441329956055,-25.40888214111328,0.9374222159385681,0.1399921029806137,0.19141876697540283,1.1829249858856201,1.712144374847412,134.0464630126953
660000,4500000,22,62,661875.0,4511325.0,False,13.573836326599121,32.73149871826172,-10.71995735168457,-29.09373664855957,0.04519912973046303,0.3505305051803589,0.09702601283788681,1.248518705368042,1.5743919610977173,812.5887451171875
396000,4512000,296,35,397065.0,4515105.0,False,10.287291526794434,31.6826171875,-22.59349250793457,-24.51845932006836,0.5575174689292908,0.15053001046180725,0.17682191729545593,1.3153808116912842,1.854720950126648,0.0
372000,4248000,131,136,376095.0,4256055.0,True,3.7671306133270264,9.52537727355957,-0.8291015625,-9.923001289367676,-0.9354168176651001,0.08044886589050293,0.13090597093105316,1.095916509628296,1.5200880765914917,217.71685791015625
396000,4488000,387,253,403605.0,4488375.0,True,25.34710693359375,78.29917907714844,33.08611297607422,-0.16847075521945953,-0.9425112009048462,0.14893582463264465,0.1639733463525772,1.3794748783111572,1.845208764076233,0.0
420000,4272000,383,237,427125.0,4272495.0,True,6.756901264190674,15.886799812316895,0.1059027910232544,-7.389349937438965,-0.21326756477355957,0.14254625141620636,0.15389004349708557,1.3010936975479126,1.6103602647781372,257.28533935546875
444000,4416000,100,15,444465.0,4424985.0,False,6.97951602935791,17.15312957763672,-3.766845703125,-0.0047336420975625515,-0.17786507308483124,0.17199645936489105,0.1007690504193306,1.101468801498413,1.4599366188049316,33.548316955566406
372000,4488000,35,222,378675.0,4498935.0,False,6.7460856437683105,16.97531509399414,-6.736721515655518,-25.33223533630371,-0.28679463267326355,0.10885456949472427,0.11237382888793945,1.1519678831100464,1.483170986175537,0.0
732000,4632000,297,360,742815.0,4635075.0,False,6.656311988830566,16.6365966796875,0.38845494389533997,-0.9975993037223816,-0.19564542174339294,0.166916161775589,0.21320082247257233,1.2257782220840454,1.6853916645050049,430.2332458496094
372000,4464000,74,277,380325.0,4473765.0,False,3.5735552310943604,8.551960945129395,-2.822319984436035,-24.37593650817871,0.1206560730934143,0.10203230381011963,0.1206771731376648,1.1097882986068726,1.4771946668624878,511.4696350097656
480000,4464000,397,136,484095.0,4464075.0,False,1.5664068460464478,4.23106575012207,-3.3056235313415527,-7.852959632873535,-0.8857308626174927,0.2229517251253128,0.09329427033662796,1.120613932609558,1.5135735273361206,700.78564453125
372000,4476000,129,283,380505.0,4484115.0,False,12.388982772827148,33.21236038208008,-9.363986015319824,-11.458821296691895,-0.39603114128112793,0.13054877519607544,0.10677596926689148,1.1338635683059692,1.4459542036056519,0.0
444000,4608000,355,71,446145.0,4609335.0,False,28.671586990356445,76.01478576660156,19.50377082824707,137.26382446289062,0.24993230402469635,0.24427124857902527,0.13052940368652344,1.4642064571380615,1.6481236219406128,0.0
372000,4500000,193,143,376305.0,4506195.0,False,16.203086853027344,45.9039421081543,6.2052412033081055,37.31389617919922,0.6446177363395691,0.06846369802951813,0.12472186982631683,1.181666612625122,1.4892475605010986,0.0
420000,4260000,164,128,423855.0,4267065.0,False,8.614388465881348,19.16054916381836,3.1127521991729736,-19.50629425048828,-0.731229305267334,0.1500135362148285,0.07751297205686569,1.1344740390777588,1.4207401275634766,930.7042846679688
384000,4440000,213,21,384645.0,4445595.0,False,11.754575729370117,31.741605758666992,-18.66608428955078,-52.43169403076172,0.9791986346244812,0.08561158180236816,0.08468159288167953,1.1509770154953003,1.4128443002700806,0.0
420000,4308000,9,86,422595.0,4319715.0,True,11.690027236938477,31.96051788330078,-7.536539554595947,-0.8797200322151184,-0.6220400929450989,0.12449280917644501,0.18841809034347534,1.2334489822387695,1.6533585786819458,302.4951477050781
432000,4596000,320,292,440775.0,4598385.0,False,21.0539493560791,54.67551040649414,-25.01132583618164,-29.11698341369629,0.13173314929008484,0.2352454662322998,0.18373236060142517,1.288720726966858,1.6305924654006958,481.1705322265625
372000,4428000,317,360,382815.0,4430475.0,False,10.910964012145996,32.19631576538086,1.1885579824447632,8.61069107055664,0.8822053074836731,0.07744097709655762,0.13393272459506989,1.1230283975601196,1.5110183954238892,771.6867065429688
384000,4356000,13,141,388245.0,4367595.0,False,8.842940330505371,23.06450653076172,-5.3421630859375,3.2499592304229736,0.5793930292129517,0.13104167580604553,0.10542923212051392,1.1695746183395386,1.4689780473709106,0.0
372000,4512000,30,46,373395.0,4523085.0,False,9.193438529968262,19.29405403137207,-4.928466796875,12.673095703125,0.9399368762969971,0.08784264326095581,0.14855588972568512,1.1204866170883179,1.5026236772537231,0.0
396000,4404000,49,107,399225.0,4414515.0,False,15.050759315490723,41.779380798339844,-4.22119140625,-0.9465875029563904,0.5963757634162903,0.17079459130764008,0.05990368872880936,1.1656845808029175,1.4054168462753296,1001.598876953125
720000,4560000,114,113,723405.0,4568565.0,False,23.34630584716797,63.82326889038086,-23.24099349975586,-2.678900718688965,0.3019905388355255,0.19525334239006042,0.20752735435962677,1.2466083765029907,1.6920336484909058,872.4104614257812
420000,4308000,289,40,421215.0,4311315.0,False,1.1268092393875122,2.9438204765319824,0.3717854917049408,-6.044501304626465,0.9574954509735107,0.11921150237321854,0.09927470237016678,1.1738309860229492,1.5567727088928223,782.68798828125
384000,4476000,114,373,395205.0,4484565.0,True,25.859535217285156,64.20053100585938,11.221978187561035,-8.84974479675293,-0.2492752969264984,0.1578044444322586,0.0908743143081665,1.2064601182937622,1.4397547245025635,0.0
396000,4440000,146,333,406005.0,4447605.0,False,24.4993839263916,62.73762893676758,-8.243353843688965,28.60181999206543,0.1517811119556427,0.12814991176128387,0.1581229567527771,1.0738098621368408,1.3884615898132324,690.2175903320312
384000,4512000,115,383,395505.0,4520535.0,False,12.867436408996582,31.55755043029785,-25.93732452392578,-75.83063507080078,-0.09078070521354675,0.127955824136734,0.1853543370962143,1.166851282119751,1.6747950315475464,96.20514678955078
396000,4392000,97,13,396405.0,4401075.0,False,26.812292098999023,83.1196060180664,6.261990070343018,77.55509185791016,0.7935224175453186,0.09528908133506775,0.09729722887277603,1.1006762981414795,1.4328124523162842,0.0
372000,4476000,114,209,378285.0,4484565.0,False,7.36873197555542,17.74894142150879,11.92213249206543,8.062296867370605,-0.6617432236671448,0.08814948052167892,0.14834283292293549,1.1575456857681274,1.3874471187591553,0.0
360000,4464000,398,322,369675.0,4464045.0,False,26.218734741210938,73.84734344482422,-1.2052136659622192,21.54646873474121,0.18141135573387146,0.15241459012031555,0.15454819798469543,1.0927006006240845,1.5607950687408447,424.7353210449219
372000,4284000,314,78,374355.0,4286565.0,True,2.121816873550415,5.675726890563965,-2.822808265686035,-16.36747169494629,-0.9065371751785278,0.08197794109582901,0.13307754695415497,1.0693941116333008,1.482184648513794,44.92902755737305
324000,4464000,242,125,327765.0,4468725.0,False,7.299560546875,20.38724708557129,-17.60917091369629,-32.17800521850586,0.9414989352226257,0.08780382573604584,0.08621452003717422,1.0665026903152466,1.4958827495574951,0.0
360000,4464000,271,245,367365.0,4467855.0,False,10.416677474975586,26.83506965637207,-3.075263023376465,26.6746826171875,0.6113673448562622,0.22669127583503723,0.05000931769609451,1.2089980840682983,1.3959739208221436,0.0
432000,4512000,68,386,443595.0,4521945.0,True,21.784591674804688,56.47953414916992,68.25980377197266,48.57565689086914,0.0009473562240600586,0.25219064950942993,0.15370024740695953,1.33488130569458,1.7550349235534668,0.0
696000,4452000,107,159,700785.0,4460775.0,False,11.407422065734863,27.53359603881836,-2.2052950859069824,1.897189736366272,0.7396853566169739,0.11372679471969604,0.177226260304451,1.1886122226715088,1.7087229490280151,0.0
372000,4464000,92,348,382455.0,4473225.0,False,7.469631671905518,15.51694107055664,0.9270833134651184,-0.810777485370636,0.034806303679943085,0.09983450919389725,0.10414425283670425,1.05820894241333,1.579457402229309,322.1759338378906
420000,4416000,71,188,425655.0,4425855.0,False,12.734817504882812,40.99788284301758,-16.4852294921875,-70.21192932128906,0.8649149537086487,0.0785500630736351,0.16604594886302948,1.0458991527557373,1.3709025382995605,240.0
336000,4452000,84,322,345675.0,4461465.0,False,4.656317710876465,14.201483726501465,-0.027655700221657753,-4.367255210876465,-0.41847389936447144,0.050032686442136765,0.08837798982858658,1.1285521984100342,1.2562109231948853,0.0
