mag_bin,events,geometry
3.0–3.9,37,"c(-146.841899999849, -110.843333333371, -110.848000000424, -125.011001586803, -127.185100000076, -126.871399999733, -127.620300000136, -151.137100000251, -153.202700000407, -153.943899999725, -152.703800000019, -153.416999999716, -150.7153000004, -150.948099999891, -147.692900000163, -149.694599999975, -156.693800000332, -154.904700000137, -160.100600000022, -160.143100000393, -171.404900000252, -171.42370000001, -171.385500000444, -171.355800000233, -121.952500000299, -121.945000000128, -120.722500000081, 
-104.45599999998, -102.043999999921, -65.9386666664804, -66.3986666667957, -66.0158333336901, -64.3539999999072, -64.4214999996508, -66.0656666671025, -67.8856666667094, -67.658333333439, 64.4908000000788, 44.8028333333612, 44.7968333332232, 40.3883323672538, 43.4569999999161, 43.4164000001024, 43.3843000002787, 57.3463000001861, 58.8202999999197, 60.2262999998969, 60.0729000001386, 60.3031999998145, 61.0742999999857, 61.0207999998749, 62.3087999999105, 62.1711999999951, 58.979200000171, 57.7736000000798, 
54.5233000000156, 54.4269000000749, 52.0866999997776, 52.0586999998294, 52.1388999999225, 52.0370999998377, 37.757500000064, 37.7609999999902, 35.4375000003528, 31.6520000003619, 32.4090000001344, 19.7179999997496, 18.6733333329705, 19.3588333333894, 18.7459999999078, 18.8315000000878, 17.8403333336102, 18.2014999995915, 19.2853333336872)"
4.0–4.9,17,"c(-129.82089999978, -127.853899999694, -151.242799999561, -157.391599999653, -159.809499999752, -160.202299999899, -175.252400000008, -168.364999999915, -171.409099999701, -171.471999999962, 178.218699999648, 174.793399999776, 143.111900000378, 143.320499999664, 144.119300000152, 144.80670000041, -122.253999999633, 44.5970000002149, 44.1039999999994, 61.8835999998841, 55.5918999999656, 54.588900000212, 54.7288000001264, 51.5405999999502, 52.8565000001367, 52.169900000172, 52.1886999999803, 51.1947999998851, 
51.1996000002502, 12.6920000003417, 11.8141000001825, 12.3245999998051, 13.5276000001836, 37.8629999998453)"
5.0–5.9,7,"c(-129.537400000138, -150.232799999571, -176.996100000042, -176.124499999821, -165.732100000001, 143.136299999701, 144.847999999784, 44.4927000002539, 59.6308000002008, 51.2760000001516, 51.530499999785, 53.5756999998593, 12.3860000004207, 13.7453999996687)"
