elevation_m,slope_deg,aspect_deg,tri,latitude,longitude,label
1536.5931396484375,32.64643478393555,247.30776977539062,0.1121826171875,37.402,-119.300003,0
2169.5126953125,3.251009702682495,354.21490478515625,0.1240234375,37.502,-119.300003,0
2766.454833984375,15.951690673828125,149.40626525878906,0.585205078125,37.602000000000004,-119.300003,0
3034.51318359375,31.32130241394043,278.20562744140625,0.978759765625,37.702000000000005,-119.300003,0
3206.033447265625,7.261584281921387,217.892333984375,0.227294921875,37.80200000000001,-119.300003,0
3011.05908203125,6.539207935333252,109.39429473876953,0.758544921875,37.90200000000001,-119.300003,0
3333.111083984375,56.8978157043457,101.29532623291016,0.333984375,38.00200000000001,-119.300003,0
2858.20556640625,53.769351959228516,142.57052612304688,2.22412109375,38.10200000000001,-119.300003,0
2003.7017822265625,1.90499746799469,175.25257873535156,0.0694580078125,38.20200000000001,-119.300003,0
2202.703369140625,23.629179000854492,328.4817199707031,0.4423828125,38.302000000000014,-119.300003,0
3289.48388671875,11.523236274719238,41.10287857055664,0.643310546875,38.402000000000015,-119.300003,0
3104.849853515625,22.271364212036133,116.8587646484375,0.286376953125,38.50200000000002,-119.300003,0
2342.21923828125,18.555471420288086,134.03265380859375,0.332275390625,38.60200000000002,-119.300003,0
1476.724365234375,1.296326756477356,56.15788650512695,0.244873046875,38.80200000000002,-119.300003,0
1479.638916015625,4.629353046417236,303.4108581542969,0.3773193359375,38.90200000000002,-119.300003,0
1578.1839599609375,8.81199836730957,35.257572174072266,1.81396484375,39.002000000000024,-119.300003,0
1657.498291015625,16.49241065979004,221.97427368164062,0.091064453125,39.102000000000025,-119.300003,0
1351.9210205078125,0.5374664068222046,200.5462188720703,0.0343017578125,39.20200000000003,-119.300003,0
1458.0966796875,25.788297653198242,159.82305908203125,0.3837890625,39.30200000000003,-119.300003,0
1351.3695068359375,1.4115656614303589,198.5663604736328,0.1107177734375,39.40200000000003,-119.300003,0
1724.3223876953125,9.609580039978027,227.1510009765625,1.54541015625,39.50200000000003,-119.300003,0
1313.55615234375,5.022587776184082,197.4883575439453,0.0892333984375,39.60200000000003,-119.300003,0
1226.750244140625,1.4807384014129639,25.93821907043457,0.125732421875,39.702000000000034,-119.300003,0
1341.0469970703125,28.159425735473633,108.06362915039062,0.24951171875,39.802000000000035,-119.300003,0
1496.5802001953125,10.836411476135254,108.0562973022461,0.029541015625,39.90200000000004,-119.300003,0
1182.9798583984375,3.3795275688171387,323.8223571777344,0.0655517578125,40.00200000000004,-119.300003,0
1237.748046875,7.087316989898682,42.69247055053711,0.3062744140625,40.10200000000004,-119.300003,0
1160.7528076171875,3.8617477416992188,70.04006958007812,0.061279296875,40.20200000000004,-119.300003,0
1200.387939453125,6.908899784088135,55.77268600463867,0.0574951171875,40.30200000000004,-119.300003,0
1533.0665283203125,5.234920978546143,35.10346984863281,0.759521484375,40.402000000000044,-119.300003,0
1583.4075927734375,12.373172760009766,312.4864501953125,1.2884521484375,40.502000000000045,-119.300003,0
1467.5372314453125,32.09772491455078,102.5634994506836,0.1922607421875,40.60200000000005,-119.300003,0
1191.2474365234375,0.026411885395646095,267.43621826171875,0.0001220703125,40.70200000000005,-119.300003,0
1206.7415771484375,0.9995473027229309,259.76580810546875,0.0556640625,40.80200000000005,-119.300003,0
1227.4149169921875,0.4899566173553467,40.893497467041016,0.2562255859375,40.90200000000005,-119.300003,0
1357.9715576171875,3.107840061187744,91.41813659667969,0.1080322265625,41.00200000000005,-119.300003,0
1812.8851318359375,11.00497817993164,134.58616638183594,0.23974609375,41.102000000000054,-119.300003,0
1607.6309814453125,5.289514064788818,267.2212829589844,0.230712890625,41.202000000000055,-119.300003,0
1497.5557861328125,0.23143264651298523,103.6815414428711,0.039794921875,41.302000000000056,-119.300003,0
1903.0865478515625,3.3108222484588623,23.871248245239258,0.069091796875,41.40200000000006,-119.300003,0
1740.3616943359375,2.427307367324829,293.0125732421875,0.25390625,41.50200000000006,-119.300003,0
2167.904052734375,9.681814193725586,334.83697509765625,1.253662109375,37.402,-119.20000300000001,0
1680.4603271484375,12.38553524017334,315.65625,1.31103515625,37.502,-119.20000300000001,0
2687.57568359375,11.405228614807129,52.2164421081543,0.936767578125,37.602000000000004,-119.20000300000001,0
3514.53369140625,36.44846725463867,262.8760986328125,1.422119140625,37.702000000000005,-119.20000300000001,0
3701.923095703125,33.95962142944336,184.9947509765625,3.31298828125,37.80200000000001,-119.20000300000001,0
3435.495361328125,54.12799835205078,89.54377746582031,0.04833984375,37.90200000000001,-119.20000300000001,0
3156.21044921875,33.39066696166992,294.6842041015625,0.450927734375,38.00200000000001,-119.20000300000001,0
2529.98974609375,1.936420202255249,220.09341430664062,0.07861328125,38.10200000000001,-119.20000300000001,0
2206.296875,10.853121757507324,43.685401916503906,0.116455078125,38.20200000000001,-119.20000300000001,0
2059.46337890625,3.590276002883911,265.702880859375,1.017822265625,38.302000000000014,-119.20000300000001,0
2150.77392578125,28.882034301757812,177.43759155273438,0.2978515625,38.402000000000015,-119.20000300000001,0
2052.393310546875,3.7863011360168457,41.91423034667969,0.30810546875,38.50200000000002,-119.20000300000001,0
2042.886474609375,13.174896240234375,63.468421936035156,0.2003173828125,38.60200000000002,-119.20000300000001,0
2088.462890625,24.842052459716797,257.2362060546875,0.678466796875,38.70200000000002,-119.20000300000001,0
1666.7872314453125,11.703598976135254,9.011960983276367,1.180419921875,38.80200000000002,-119.20000300000001,0
1407.0364990234375,4.677336692810059,212.3502960205078,0.1427001953125,38.90200000000002,-119.20000300000001,0
1355.11279296875,2.489246368408203,234.55975341796875,0.0213623046875,39.002000000000024,-119.20000300000001,0
1317.056640625,0.5246222019195557,7.266381740570068,0.113525390625,39.102000000000025,-119.20000300000001,0
1475.4111328125,3.464742660522461,337.88275146484375,0.0592041015625,39.20200000000003,-119.20000300000001,0
1273.695556640625,0.3314608335494995,247.83831787109375,0.02587890625,39.30200000000003,-119.20000300000001,0
1268.7265625,0.20337681472301483,239.83541870117188,0.035400390625,39.40200000000003,-119.20000300000001,0
1445.343505859375,2.5011260509490967,43.09668731689453,0.2904052734375,39.50200000000003,-119.20000300000001,0
1255.04833984375,0.27470770478248596,111.83953094482422,0.0936279296875,39.60200000000003,-119.20000300000001,0
1567.6058349609375,4.858423709869385,322.31744384765625,0.2344970703125,39.702000000000034,-119.20000300000001,0
1704.9041748046875,15.957199096679688,42.81798553466797,1.906005859375,39.802000000000035,-119.20000300000001,0
1490.740478515625,6.561370849609375,177.3524169921875,0.202880859375,39.90200000000004,-119.20000300000001,0
1606.5950927734375,2.754382371902466,111.96405029296875,0.0638427734375,40.00200000000004,-119.20000300000001,0
1647.9385986328125,2.858114719390869,177.6565704345703,0.2137451171875,40.10200000000004,-119.20000300000001,0
1841.767822265625,24.44144630432129,249.82635498046875,1.73486328125,40.20200000000004,-119.20000300000001,0
1400.13525390625,1.091719627380371,311.59320068359375,0.1129150390625,40.30200000000004,-119.20000300000001,0
1432.9676513671875,3.7607996463775635,76.11487579345703,0.823974609375,40.402000000000044,-119.20000300000001,0
1455.02783203125,6.083165168762207,137.65830993652344,0.15576171875,40.502000000000045,-119.20000300000001,0
1446.321044921875,16.173633575439453,113.56934356689453,0.4571533203125,40.60200000000005,-119.20000300000001,0
1279.5704345703125,2.6672632694244385,164.8093719482422,0.0296630859375,40.70200000000005,-119.20000300000001,0
1190.5560302734375,0.034384265542030334,142.2113494873047,0.0089111328125,40.80200000000005,-119.20000300000001,0
1199.046142578125,0.7708261013031006,47.31873321533203,0.0428466796875,40.90200000000005,-119.20000300000001,0
1657.8111572265625,29.715579986572266,248.97103881835938,0.318359375,41.00200000000005,-119.20000300000001,0
1744.841552734375,21.751148223876953,261.8172607421875,0.6920166015625,41.102000000000054,-119.20000300000001,0
1710.900146484375,21.93898582458496,263.3429260253906,0.633056640625,41.202000000000055,-119.20000300000001,0
1475.0679931640625,3.4376113414764404,217.795654296875,0.2896728515625,41.302000000000056,-119.20000300000001,0
1421.5843505859375,14.680059432983398,241.16273498535156,0.1220703125,41.40200000000006,-119.20000300000001,0
1836.37255859375,3.1249539852142334,342.3714294433594,0.2791748046875,41.50200000000006,-119.20000300000001,0
2131.9052734375,28.936992645263672,219.90415954589844,0.10009765625,37.402,-119.10000300000002,0
2568.735595703125,10.70022964477539,276.8145446777344,0.208251953125,37.502,-119.10000300000002,0
2438.387939453125,21.677261352539062,219.18511962890625,0.260498046875,37.602000000000004,-119.10000300000002,0
3001.769287109375,43.552215576171875,55.863929748535156,0.603271484375,37.702000000000005,-119.10000300000002,0
2814.572998046875,30.086360931396484,135.57005310058594,0.11669921875,37.80200000000001,-119.10000300000002,0
2088.842529296875,0.6343059539794922,282.9146423339844,0.050537109375,37.90200000000001,-119.10000300000002,0
1945.3900146484375,0.0,0.0,0.0,38.00200000000001,-119.10000300000002,0
2336.33251953125,19.32404327392578,106.15827178955078,1.130615234375,38.10200000000001,-119.10000300000002,0
2468.3203125,19.3380184173584,121.43833923339844,0.663330078125,38.20200000000001,-119.10000300000002,0
2461.219482421875,4.3443989753723145,208.2646026611328,0.14453125,38.302000000000014,-119.10000300000002,0
1973.2158203125,24.59022331237793,247.90296936035156,0.4088134765625,38.402000000000015,-119.10000300000002,0
2478.913818359375,26.673873901367188,204.70846557617188,1.63671875,38.50200000000002,-119.10000300000002,0
2424.556396484375,1.2504814863204956,137.1947479248047,0.265869140625,38.60200000000002,-119.10000300000002,0
1850.109619140625,23.65227699279785,176.1455078125,2.51953125,38.70200000000002,-119.10000300000002,0
1443.841064453125,1.5231972932815552,180.6294403076172,0.000244140625,38.80200000000002,-119.10000300000002,0
1400.466796875,0.6477919220924377,345.27947998046875,0.04052734375,38.90200000000002,-119.10000300000002,0
1330.8555908203125,0.20370624959468842,287.4366455078125,0.046142578125,39.002000000000024,-119.10000300000002,0
1316.699462890625,0.7647461891174316,0.25077807903289795,0.050537109375,39.102000000000025,-119.10000300000002,0
1359.5955810546875,1.8910398483276367,160.5503692626953,0.0302734375,39.20200000000003,-119.10000300000002,0
1268.9346923828125,0.03544313833117485,53.13010025024414,0.00341796875,39.30200000000003,-119.10000300000002,0
1283.9134521484375,9.746439933776855,282.73162841796875,0.2340087890625,39.40200000000003,-119.10000300000002,0
1390.5848388671875,3.9270126819610596,204.0769500732422,0.1661376953125,39.50200000000003,-119.10000300000002,0
1238.524169921875,0.9519023895263672,291.11920166015625,0.0460205078125,39.60200000000003,-119.10000300000002,0
1228.38720703125,2.022562026977539,312.3614501953125,0.291748046875,39.702000000000034,-119.10000300000002,0
1696.0723876953125,30.7865047454834,141.46571350097656,0.47509765625,39.802000000000035,-119.10000300000002,0
1462.7470703125,8.511157989501953,303.4539489746094,0.6461181640625,39.90200000000004,-119.10000300000002,0
1614.9320068359375,4.365532875061035,97.7251968383789,0.024169921875,40.00200000000004,-119.10000300000002,0
1905.616943359375,7.640871524810791,33.4409294128418,0.0513916015625,40.10200000000004,-119.10000300000002,0
1924.7528076171875,18.699403762817383,162.83084106445312,0.7967529296875,40.20200000000004,-119.10000300000002,0
1452.2718505859375,2.40978741645813,279.7938537597656,0.014892578125,40.30200000000004,-119.10000300000002,0
1350.7493896484375,0.6116096377372742,70.49755096435547,0.0184326171875,40.402000000000044,-119.10000300000002,0
1422.7410888671875,2.783690929412842,31.440889358520508,0.1248779296875,40.502000000000045,-119.10000300000002,0
1561.63134765625,4.503328800201416,219.91793823242188,0.1241455078125,40.60200000000005,-119.10000300000002,0
1649.6754150390625,15.754693031311035,1.755639910697937,0.2149658203125,40.70200000000005,-119.10000300000002,0
1191.275634765625,0.010748994536697865,331.55706787109375,0.00048828125,40.80200000000005,-119.10000300000002,0
1190.7860107421875,0.016737038269639015,180.0,0.001953125,40.90200000000005,-119.10000300000002,0
1191.1204833984375,0.009471992962062359,110.69544219970703,0.002685546875,41.00200000000005,-119.10000300000002,0
1201.6966552734375,1.6859347820281982,26.571033477783203,0.309326171875,41.102000000000054,-119.10000300000002,0
1242.9775390625,0.6548720598220825,61.32354736328125,0.0081787109375,41.202000000000055,-119.10000300000002,0
1975.075927734375,18.057008743286133,312.1087951660156,0.34423828125,41.302000000000056,-119.10000300000002,0
1633.5836181640625,14.285665512084961,331.8494567871094,0.2537841796875,41.40200000000006,-119.10000300000002,0
1823.71044921875,6.43043327331543,119.4375991821289,0.6578369140625,41.50200000000006,-119.10000300000002,0
2485.847412109375,4.754383563995361,57.17145538330078,0.124267578125,37.402,-119.00000300000002,0
3050.285400390625,12.935705184936523,157.37774658203125,0.40087890625,37.502,-119.00000300000002,0
2717.199951171875,0.0,0.0,0.0,37.602000000000004,-119.00000300000002,0
2401.040283203125,0.8722667098045349,217.81146240234375,0.013671875,37.702000000000005,-119.00000300000002,0
2437.9287109375,5.2670135498046875,314.49554443359375,0.003173828125,37.80200000000001,-119.00000300000002,0
2208.29443359375,34.1432991027832,186.06642150878906,0.08154296875,37.90200000000001,-119.00000300000002,0
1945.3900146484375,0.0,0.0,0.0,38.00200000000001,-119.00000300000002,0
1985.474365234375,3.6888034343719482,108.83673095703125,0.033203125,38.10200000000001,-119.00000300000002,0
2589.210693359375,10.021398544311523,316.4215393066406,0.072998046875,38.20200000000001,-119.00000300000002,0
2309.504638671875,21.78291893005371,324.66680908203125,0.630859375,38.302000000000014,-119.00000300000002,0
1832.8826904296875,5.633838176727295,251.4874267578125,0.1458740234375,38.402000000000015,-119.00000300000002,0
1976.976318359375,16.3782901763916,119.26380920410156,1.2742919921875,38.50200000000002,-119.00000300000002,0
1498.7110595703125,1.101683259010315,198.45114135742188,0.045166015625,38.60200000000002,-119.00000300000002,0
1532.2921142578125,7.153656482696533,207.1782989501953,0.3004150390625,38.70200000000002,-119.00000300000002,0
1836.29296875,26.140382766723633,211.5325469970703,0.3555908203125,38.80200000000002,-119.00000300000002,0
1514.3160400390625,10.603276252746582,46.04949188232422,0.1640625,38.90200000000002,-119.00000300000002,0
1529.79736328125,5.448419094085693,177.3441925048828,0.2523193359375,39.002000000000024,-119.00000300000002,0
1351.9793701171875,6.766961574554443,221.5857391357422,0.6192626953125,39.102000000000025,-119.00000300000002,0
1670.6146240234375,12.089674949645996,125.50700378417969,0.14404296875,39.20200000000003,-119.00000300000002,0
1358.037109375,19.75216293334961,254.2661895751953,0.0921630859375,39.30200000000003,-119.00000300000002,0
1446.011474609375,9.282543182373047,232.17880249023438,0.50537109375,39.40200000000003,-119.00000300000002,0
1245.2149658203125,1.1888140439987183,176.99069213867188,0.28662109375,39.50200000000003,-119.00000300000002,0
1247.70458984375,1.4219132661819458,178.7386016845703,0.00732421875,39.60200000000003,-119.00000300000002,0
1507.7840576171875,19.07137107849121,270.25628662109375,0.0872802734375,39.702000000000034,-119.00000300000002,0
1281.728271484375,2.721611738204956,293.96331787109375,0.2989501953125,39.802000000000035,-119.00000300000002,0
1495.4013671875,16.650680541992188,308.6158142089844,0.6864013671875,39.90200000000004,-119.00000300000002,0
1389.02734375,1.2269747257232666,204.54591369628906,0.0316162109375,40.00200000000004,-119.00000300000002,0
1299.3397216796875,2.283587694168091,270.9135437011719,0.115966796875,40.10200000000004,-119.00000300000002,0
1230.9791259765625,1.8206602334976196,220.00465393066406,0.14306640625,40.20200000000004,-119.00000300000002,0
1236.3612060546875,1.7737689018249512,178.50559997558594,0.1788330078125,40.30200000000004,-119.00000300000002,0
1427.1683349609375,4.375235557556152,326.7153625488281,0.3345947265625,40.402000000000044,-119.00000300000002,0
1699.5518798828125,29.06672477722168,283.1608581542969,0.552978515625,40.502000000000045,-119.00000300000002,0
1811.1903076171875,6.892092704772949,226.3236541748047,0.3189697265625,40.60200000000005,-119.00000300000002,0
1451.9573974609375,7.103541374206543,248.89340209960938,0.2283935546875,40.70200000000005,-119.00000300000002,0
1225.869384765625,2.3746180534362793,286.84161376953125,0.0069580078125,40.80200000000005,-119.00000300000002,0
1196.0491943359375,0.8283106088638306,165.5045928955078,0.0736083984375,40.90200000000005,-119.00000300000002,0
1233.016845703125,3.1698975563049316,4.0352067947387695,0.048095703125,41.00200000000005,-119.00000300000002,0
1211.382568359375,0.8048664331436157,53.7356071472168,0.0155029296875,41.102000000000054,-119.00000300000002,0
1504.46240234375,9.439434051513672,41.922508239746094,0.5299072265625,41.202000000000055,-119.00000300000002,0
1741.056884765625,24.399900436401367,123.31684875488281,0.48046875,41.302000000000056,-119.00000300000002,0
2311.275146484375,33.97364044189453,22.963151931762695,0.142578125,41.40200000000006,-119.00000300000002,0
2334.527099609375,24.421737670898438,288.271240234375,0.019287109375,41.50200000000006,-119.00000300000002,0
3144.013916015625,42.664710998535156,264.41107177734375,5.0849609375,37.402,-118.90000300000003,0
3229.9072265625,20.097009658813477,104.19834899902344,0.697509765625,37.502,-118.90000300000003,0
2917.700439453125,24.470998764038086,289.76190185546875,0.798095703125,37.602000000000004,-118.90000300000003,0
2362.1826171875,10.172277450561523,171.49461364746094,0.92333984375,37.702000000000005,-118.90000300000003,0
2594.934814453125,4.060006141662598,13.12519645690918,0.06494140625,37.80200000000001,-118.90000300000003,0
2356.118408203125,6.908327579498291,319.3341979980469,0.097900390625,37.90200000000001,-118.90000300000003,0
1956.86767578125,3.0806219577789307,316.79571533203125,0.176513671875,38.00200000000001,-118.90000300000003,0
1996.358642578125,0.889819324016571,62.81126403808594,0.1041259765625,38.10200000000001,-118.90000300000003,0
2265.157958984375,11.105559349060059,139.70379638671875,0.092529296875,38.20200000000001,-118.90000300000003,0
2158.16796875,16.618223190307617,259.58209228515625,0.794677734375,38.302000000000014,-118.90000300000003,0
1879.26123046875,2.0910158157348633,346.3731689453125,0.044189453125,38.402000000000015,-118.90000300000003,0
1812.163818359375,17.363906860351562,30.245241165161133,3.3323974609375,38.50200000000002,-118.90000300000003,0
1937.2193603515625,24.338064193725586,77.14604187011719,0.6107177734375,38.60200000000002,-118.90000300000003,0
1733.7530517578125,13.633153915405273,104.84219360351562,0.1259765625,38.70200000000002,-118.90000300000003,0
1872.969482421875,15.845439910888672,311.330078125,2.4852294921875,38.80200000000002,-118.90000300000003,0
1896.4910888671875,20.358089447021484,115.20272827148438,2.93017578125,38.90200000000002,-118.90000300000003,0
1486.3897705078125,14.142457008361816,311.5509338378906,0.49853515625,39.002000000000024,-118.90000300000003,0
1322.5745849609375,4.292809963226318,18.12802505493164,0.020751953125,39.102000000000025,-118.90000300000003,0
1631.912109375,17.781641006469727,206.82534790039062,0.41064453125,39.20200000000003,-118.90000300000003,0
1222.5250244140625,1.6339458227157593,286.14453125,0.093017578125,39.30200000000003,-118.90000300000003,0
1210.6544189453125,0.6904348134994507,107.40665435791016,0.0106201171875,39.40200000000003,-118.90000300000003,0
1223.6026611328125,0.13936185836791992,189.02313232421875,0.0008544921875,39.50200000000003,-118.90000300000003,0
1207.7191162109375,4.872793674468994,287.9061279296875,1.162841796875,39.60200000000003,-118.90000300000003,0
1238.2708740234375,1.1608641147613525,117.89927673339844,0.00439453125,39.702000000000034,-118.90000300000003,0
1361.6368408203125,13.870284080505371,277.38555908203125,0.3812255859375,39.802000000000035,-118.90000300000003,0
1447.7635498046875,16.74187660217285,73.26764678955078,0.50537109375,39.90200000000004,-118.90000300000003,0
1298.4385986328125,1.2221487760543823,255.4645538330078,0.0399169921875,40.00200000000004,-118.90000300000003,0
1239.35400390625,0.6516982913017273,319.2391052246094,0.0333251953125,40.10200000000004,-118.90000300000003,0
1206.8388671875,0.6468658447265625,35.397789001464844,0.042236328125,40.20200000000004,-118.90000300000003,0
1203.8798828125,0.21837010979652405,13.134021759033203,0.0113525390625,40.30200000000004,-118.90000300000003,0
1267.5428466796875,1.0154701471328735,70.94324493408203,0.04150390625,40.402000000000044,-118.90000300000003,0
1518.6934814453125,4.207326412200928,358.6856384277344,1.290283203125,40.502000000000045,-118.90000300000003,0
1492.27001953125,4.691530704498291,273.54132080078125,0.7578125,40.60200000000005,-118.90000300000003,0
1727.60888671875,30.944765090942383,107.57123565673828,2.6339111328125,40.70200000000005,-118.90000300000003,0
1292.8836669921875,1.1950976848602295,256.23846435546875,0.0479736328125,40.80200000000005,-118.90000300000003,0
1196.51513671875,0.2953264117240906,283.88800048828125,0.0400390625,40.90200000000005,-118.90000300000003,0
1196.431396484375,0.02439255267381668,153.64178466796875,0.00244140625,41.00200000000005,-118.90000300000003,0
1206.9234619140625,0.8654446601867676,277.0829772949219,0.070068359375,41.102000000000054,-118.90000300000003,0
1219.100830078125,0.2756263017654419,175.7802276611328,0.0020751953125,41.202000000000055,-118.90000300000003,0
1374.5230712890625,0.9290165305137634,318.7032775878906,0.129150390625,41.302000000000056,-118.90000300000003,0
1441.2845458984375,39.839088439941406,102.31671905517578,0.059326171875,41.40200000000006,-118.90000300000003,0
1890.3968505859375,17.76415252685547,116.12443542480469,0.0185546875,41.50200000000006,-118.90000300000003,0
3885.084228515625,52.95552062988281,46.9996337890625,11.036865234375,37.402,-118.80000300000003,0
3578.457763671875,50.69697952270508,45.232276916503906,1.1748046875,37.502,-118.80000300000003,0
2085.523193359375,2.4521825313568115,110.0490951538086,0.032958984375,37.602000000000004,-118.80000300000003,0
2094.145751953125,0.41441115736961365,249.2400360107422,0.0029296875,37.702000000000005,-118.80000300000003,0
2730.154052734375,4.618108749389648,306.60662841796875,0.31298828125,37.80200000000001,-118.80000300000003,0
2246.628173828125,2.09688663482666,220.98861694335938,0.055419921875,37.90200000000001,-118.80000300000003,0
2272.165283203125,5.697835922241211,315.5972900390625,0.065185546875,38.00200000000001,-118.80000300000003,0
2089.235595703125,0.946681559085846,52.21489334106445,0.006103515625,38.10200000000001,-118.80000300000003,0
2097.08447265625,0.6481578946113586,325.595458984375,0.06591796875,38.20200000000001,-118.80000300000003,0
2337.096435546875,4.2922749519348145,255.8199462890625,0.041748046875,38.302000000000014,-118.80000300000003,0
2170.036376953125,3.8492536544799805,79.1480712890625,0.102783203125,38.402000000000015,-118.80000300000003,0
2841.411865234375,30.417736053466797,242.28207397460938,0.363525390625,38.50200000000002,-118.80000300000003,0
2716.6162109375,19.799299240112305,220.6836395263672,0.063232421875,38.60200000000002,-118.80000300000003,0
1663.366943359375,18.903051376342773,340.703125,2.0289306640625,38.70200000000002,-118.80000300000003,0
1961.360107421875,39.8321533203125,277.6266174316406,0.21337890625,38.80200000000002,-118.80000300000003,0
1253.1904296875,3.160395383834839,112.67225646972656,0.16455078125,38.90200000000002,-118.80000300000003,0
1289.01708984375,0.9010086059570312,126.88992309570312,0.0426025390625,39.002000000000024,-118.80000300000003,0
1505.6226806640625,15.90815544128418,155.57936096191406,1.3846435546875,39.102000000000025,-118.80000300000003,0
1676.1976318359375,17.418766021728516,117.33944702148438,0.0921630859375,39.20200000000003,-118.80000300000003,0
1194.063232421875,0.0314779207110405,223.47923278808594,0.021240234375,39.30200000000003,-118.80000300000003,0
1206.2293701171875,0.26903867721557617,250.504150390625,0.8282470703125,39.40200000000003,-118.80000300000003,0
1210.298583984375,1.6839121580123901,243.37205505371094,0.3121337890625,39.50200000000003,-118.80000300000003,0
1206.9727783203125,0.6642438769340515,201.58380126953125,0.0028076171875,39.60200000000003,-118.80000300000003,0
1190.7935791015625,0.8855903148651123,99.81832885742188,0.022705078125,39.702000000000034,-118.80000300000003,0
1186.4840087890625,0.41512903571128845,205.9330596923828,0.0516357421875,39.802000000000035,-118.80000300000003,0
1182.11083984375,0.2318909913301468,290.7895202636719,0.0274658203125,39.90200000000004,-118.80000300000003,0
1550.8311767578125,34.26414489746094,316.12786865234375,1.01708984375,40.00200000000004,-118.80000300000003,0
1532.260986328125,4.184144496917725,45.90406036376953,0.0914306640625,40.10200000000004,-118.80000300000003,0
1399.4964599609375,2.2496323585510254,23.128822326660156,0.3291015625,40.20200000000004,-118.80000300000003,0
1393.152099609375,4.517941951751709,301.4052429199219,0.1123046875,40.30200000000004,-118.80000300000003,0
1315.5950927734375,1.883650779724121,100.57955932617188,0.0478515625,40.402000000000044,-118.80000300000003,0
1966.857421875,14.374784469604492,161.5079345703125,0.4833984375,40.502000000000045,-118.80000300000003,0
1692.5770263671875,15.459901809692383,358.0923156738281,0.0386962890625,40.60200000000005,-118.80000300000003,0
1454.823486328125,5.280472278594971,91.24642181396484,0.07275390625,40.70200000000005,-118.80000300000003,0
1284.2205810546875,0.1633935123682022,195.66087341308594,0.0096435546875,40.80200000000005,-118.80000300000003,0
1212.292236328125,0.3254188895225525,238.35842895507812,0.0577392578125,40.90200000000005,-118.80000300000003,0
1196.3905029296875,0.02471468411386013,78.5110092163086,0.006591796875,41.00200000000005,-118.80000300000003,0
1201.59716796875,0.018265651538968086,168.81118774414062,0.0023193359375,41.102000000000054,-118.80000300000003,0
1210.522216796875,0.9786475896835327,24.44586181640625,0.0875244140625,41.202000000000055,-118.80000300000003,0
1222.1759033203125,0.11893273144960403,286.5447998046875,0.0162353515625,41.302000000000056,-118.80000300000003,0
1306.630859375,27.540178298950195,260.04193115234375,1.141357421875,41.40200000000006,-118.80000300000003,0
1394.9444580078125,18.786846160888672,198.43971252441406,0.736572265625,41.50200000000006,-118.80000300000003,0
3505.56005859375,32.000885009765625,92.3324203491211,0.787841796875,37.402,-118.70000300000004,0
3194.699951171875,35.1744270324707,301.5706787109375,0.4794921875,37.502,-118.70000300000004,0
2173.6162109375,5.57196569442749,40.579833984375,0.2529296875,37.602000000000004,-118.70000300000004,0
2160.50341796875,3.297295093536377,281.35284423828125,1.060546875,37.702000000000005,-118.70000300000004,0
2586.3935546875,10.058634757995605,301.9743347167969,0.5771484375,37.80200000000001,-118.70000300000004,0
2025.390869140625,1.8395981788635254,295.8439636230469,0.0037841796875,37.90200000000001,-118.70000300000004,0
2180.460205078125,19.61080551147461,287.1111755371094,0.736328125,38.00200000000001,-118.70000300000004,0
2538.277587890625,8.560791015625,243.29925537109375,0.753173828125,38.10200000000001,-118.70000300000004,0
2426.914794921875,18.949251174926758,37.0676383972168,0.4951171875,38.20200000000001,-118.70000300000004,0
2601.769287109375,1.7892423868179321,278.0570068359375,0.09716796875,38.302000000000014,-118.70000300000004,0
2392.23046875,25.01124382019043,132.48098754882812,0.34375,38.402000000000015,-118.70000300000004,0
2161.7724609375,7.02534294128418,271.08978271484375,1.7509765625,38.50200000000002,-118.70000300000004,0
1205.3448486328125,0.257872611284256,12.210868835449219,0.17822265625,38.60200000000002,-118.70000300000004,0
1194.3310546875,0.0,0.0,0.0,38.70200000000002,-118.70000300000004,0
1237.8316650390625,1.0590561628341675,63.35873031616211,0.074951171875,38.80200000000002,-118.70000300000004,0
1273.341796875,2.2869105339050293,342.2791748046875,0.0394287109375,38.90200000000002,-118.70000300000004,0
1306.796142578125,2.024726152420044,111.74452209472656,0.1912841796875,39.002000000000024,-118.70000300000004,0
1254.8035888671875,3.0693600177764893,244.9394073486328,0.0565185546875,39.102000000000025,-118.70000300000004,0
1309.52490234375,4.909158706665039,275.92755126953125,0.015380859375,39.20200000000003,-118.70000300000004,0
1191.7786865234375,0.08209478110074997,275.5054931640625,0.0006103515625,39.30200000000003,-118.70000300000004,0
1197.2291259765625,1.0636266469955444,93.36396026611328,0.0401611328125,39.40200000000003,-118.70000300000004,0
1198.056640625,0.12432693690061569,194.96066284179688,0.0169677734375,39.50200000000003,-118.70000300000004,0
1190.1126708984375,0.5597434043884277,13.258984565734863,0.100830078125,39.60200000000003,-118.70000300000004,0
1181.602783203125,0.7101577520370483,197.8572540283203,0.0162353515625,39.702000000000034,-118.70000300000004,0
1179.5679931640625,0.03157692402601242,160.3221435546875,0.00439453125,39.802000000000035,-118.70000300000004,0
1207.187255859375,1.9760963916778564,319.57696533203125,0.031005859375,39.90200000000004,-118.70000300000004,0
1384.3319091796875,9.406472206115723,240.095458984375,0.12548828125,40.00200000000004,-118.70000300000004,0
1516.752197265625,9.44854736328125,292.22833251953125,0.9150390625,40.10200000000004,-118.70000300000004,0
1869.3460693359375,13.738327980041504,276.6976623535156,1.8133544921875,40.20200000000004,-118.70000300000004,0
1527.506103515625,9.413339614868164,265.46539306640625,1.28515625,40.30200000000004,-118.70000300000004,0
1358.56396484375,1.240368127822876,308.1868591308594,0.195556640625,40.402000000000044,-118.70000300000004,0
1410.8941650390625,1.5080854892730713,139.91383361816406,0.0994873046875,40.502000000000045,-118.70000300000004,0
1562.428955078125,3.11242413520813,238.09596252441406,0.0042724609375,40.60200000000005,-118.70000300000004,0
1448.3634033203125,13.978046417236328,101.03828430175781,0.1942138671875,40.70200000000005,-118.70000300000004,0
1559.3370361328125,18.689441680908203,143.99034118652344,0.5758056640625,40.80200000000005,-118.70000300000004,0
1244.1241455078125,1.4789142608642578,279.6554260253906,0.02197265625,40.90200000000005,-118.70000300000004,0
1267.4207763671875,3.017975330352783,339.23895263671875,0.087890625,41.00200000000005,-118.70000300000004,0
1203.1468505859375,0.10980653017759323,312.674560546875,0.01025390625,41.102000000000054,-118.70000300000004,0
1208.1519775390625,0.33027535676956177,287.91644287109375,0.06640625,41.202000000000055,-118.70000300000004,0
1214.6846923828125,2.147310972213745,193.5649871826172,0.64208984375,41.302000000000056,-118.70000300000004,0
1220.9302978515625,3.386017322540283,65.82292938232422,0.686279296875,41.40200000000006,-118.70000300000004,0
1328.5679931640625,4.6136603355407715,305.076171875,0.156494140625,41.50200000000006,-118.70000300000004,0
1460.6663818359375,2.546788454055786,153.13796997070312,0.1566162109375,37.402,-118.60000300000004,0
1650.017822265625,36.935630798339844,214.95211791992188,0.0230712890625,37.502,-118.60000300000004,0
2211.72119140625,8.438272476196289,355.8205871582031,0.31494140625,37.602000000000004,-118.60000300000004,0
2363.14697265625,12.922307968139648,263.87969970703125,0.08544921875,37.702000000000005,-118.60000300000004,0
2149.64453125,22.696582794189453,213.77130126953125,0.96142578125,37.80200000000001,-118.60000300000004,0
1983.9073486328125,0.7280159592628479,217.56105041503906,0.2418212890625,37.90200000000001,-118.60000300000004,0
2168.753662109375,4.431061744689941,124.55693817138672,0.024169921875,38.00200000000001,-118.60000300000004,0
1865.9779052734375,4.440500259399414,173.01744079589844,0.2457275390625,38.10200000000001,-118.60000300000004,0
2224.49658203125,8.054811477661133,352.7144775390625,0.091796875,38.20200000000001,-118.60000300000004,0
1832.0894775390625,1.6082606315612793,116.83477783203125,0.0667724609375,38.302000000000014,-118.60000300000004,0
1794.4344482421875,7.124486923217773,161.44398498535156,1.22705078125,38.402000000000015,-118.60000300000004,0
1357.1136474609375,1.8662424087524414,237.880615234375,0.02294921875,38.50200000000002,-118.60000300000004,0
1265.9990234375,2.115933895111084,343.1460876464844,0.0731201171875,38.60200000000002,-118.60000300000004,0
1843.921875,7.100183010101318,207.31517028808594,0.4866943359375,38.70200000000002,-118.60000300000004,0
1649.55322265625,16.64638900756836,299.2222595214844,6.232666015625,38.80200000000002,-118.60000300000004,0
1594.074462890625,9.932032585144043,193.10891723632812,1.0328369140625,38.90200000000002,-118.60000300000004,0
1326.911376953125,4.3151140213012695,13.482436180114746,0.0069580078125,39.002000000000024,-118.60000300000004,0
1308.3955078125,2.129178762435913,30.63766860961914,0.1444091796875,39.102000000000025,-118.60000300000004,0
1356.4041748046875,14.289037704467773,330.41448974609375,0.080322265625,39.20200000000003,-118.60000300000004,0
1340.4227294921875,6.701745510101318,210.0452423095703,0.00634765625,39.30200000000003,-118.60000300000004,0
1246.608642578125,1.6462239027023315,312.6788024902344,0.056884765625,39.40200000000003,-118.60000300000004,0
1192.684326171875,0.3272216320037842,148.83518981933594,0.06591796875,39.50200000000003,-118.60000300000004,0
1185.5643310546875,0.4245886504650116,169.03919982910156,0.0302734375,39.60200000000003,-118.60000300000004,0
1182.84814453125,5.967021465301514,231.6541290283203,0.3218994140625,39.702000000000034,-118.60000300000004,0
1179.3785400390625,0.022050870582461357,190.80824279785156,0.0087890625,39.802000000000035,-118.60000300000004,0
1187.8758544921875,0.07384902238845825,175.71844482421875,0.0213623046875,39.90200000000004,-118.60000300000004,0
1186.036865234375,0.3093990683555603,44.278038024902344,0.0238037109375,40.00200000000004,-118.60000300000004,0
1245.9771728515625,9.636167526245117,75.78120422363281,0.5145263671875,40.10200000000004,-118.60000300000004,0
1339.6776123046875,2.4421164989471436,197.9035186767578,0.045166015625,40.20200000000004,-118.60000300000004,0
1760.1251220703125,32.97464370727539,140.40110778808594,0.4429931640625,40.30200000000004,-118.60000300000004,0
1655.3253173828125,7.734126567840576,329.55914306640625,0.4281005859375,40.402000000000044,-118.60000300000004,0
1482.8797607421875,4.992275238037109,123.89261627197266,1.366455078125,40.502000000000045,-118.60000300000004,0
1503.9615478515625,1.6549911499023438,256.44146728515625,0.021240234375,40.60200000000005,-118.60000300000004,0
1520.4486083984375,3.3746113777160645,69.46739959716797,0.07861328125,40.70200000000005,-118.60000300000004,0
1535.9893798828125,2.188335657119751,141.80050659179688,0.1607666015625,40.80200000000005,-118.60000300000004,0
1362.4947509765625,3.2102115154266357,328.9983215332031,0.1304931640625,40.90200000000005,-118.60000300000004,0
1750.5489501953125,21.414997100830078,110.17431640625,1.100830078125,41.00200000000005,-118.60000300000004,0
1526.7913818359375,2.2001736164093018,234.3664093017578,0.967041015625,41.102000000000054,-118.60000300000004,0
1536.3292236328125,33.36875534057617,324.31060791015625,1.333740234375,41.202000000000055,-118.60000300000004,0
1213.8880615234375,0.3488890528678894,162.73085021972656,0.0037841796875,41.302000000000056,-118.60000300000004,0
1222.6253662109375,2.866935968399048,151.93836975097656,0.4083251953125,41.40200000000006,-118.60000300000004,0
1287.89990234375,11.916218757629395,162.4656219482422,1.451171875,41.50200000000006,-118.60000300000004,0
1328.5596923828125,10.047250747680664,265.7306823730469,0.081298828125,37.402,-118.50000300000005,0
1547.9219970703125,2.696181058883667,26.25650978088379,0.7906494140625,37.502,-118.50000300000005,0
1783.9141845703125,8.537574768066406,157.8410186767578,0.0106201171875,37.602000000000004,-118.50000300000005,0
1772.0057373046875,5.072921276092529,254.54820251464844,0.4793701171875,37.702000000000005,-118.50000300000005,0
1872.9774169921875,11.542617797851562,187.5188446044922,0.740478515625,37.80200000000001,-118.50000300000005,0
1722.5166015625,13.69217300415039,88.1706771850586,0.074462890625,37.90200000000001,-118.50000300000005,0
2425.659423828125,10.117056846618652,100.30049896240234,0.498779296875,38.00200000000001,-118.50000300000005,0
1886.770751953125,3.280052661895752,247.39468383789062,0.23779296875,38.10200000000001,-118.50000300000005,0
2079.16015625,2.1602864265441895,162.4597625732422,0.2099609375,38.20200000000001,-118.50000300000005,0
2092.65087890625,15.110978126525879,149.8551483154297,1.604736328125,38.302000000000014,-118.50000300000005,0
2019.5645751953125,2.940295934677124,324.9552307128906,0.294921875,38.402000000000015,-118.50000300000005,0
1593.3106689453125,9.540501594543457,121.66820526123047,0.1136474609375,38.50200000000002,-118.50000300000005,0
1453.504150390625,4.306248188018799,97.26285552978516,0.35009765625,38.60200000000002,-118.50000300000005,0
1855.8829345703125,5.100551128387451,198.9191131591797,0.146728515625,38.70200000000002,-118.50000300000005,0
1799.500244140625,10.174734115600586,142.46871948242188,0.037109375,38.80200000000002,-118.50000300000005,0
1359.0859375,1.8396857976913452,265.63092041015625,0.116455078125,38.90200000000002,-118.50000300000005,0
1453.7476806640625,2.7743148803710938,77.30811309814453,0.101318359375,39.002000000000024,-118.50000300000005,0
1541.0350341796875,13.661764144897461,89.62006378173828,0.2772216796875,39.102000000000025,-118.50000300000005,0
1571.9383544921875,7.468648433685303,162.18441772460938,0.1456298828125,39.20200000000003,-118.50000300000005,0
1191.999267578125,0.6571742296218872,159.88194274902344,0.0570068359375,39.30200000000003,-118.50000300000005,0
1318.5535888671875,5.247402191162109,49.114994049072266,0.0089111328125,39.40200000000003,-118.50000300000005,0
1192.3497314453125,0.32966122031211853,297.6517639160156,0.070556640625,39.50200000000003,-118.50000300000005,0
1181.0228271484375,1.0010424852371216,283.6864013671875,0.1522216796875,39.60200000000003,-118.50000300000005,0
1180.4918212890625,0.07133170962333679,227.0134735107422,0.0126953125,39.702000000000034,-118.50000300000005,0
1180.1812744140625,0.0917229875922203,169.48611450195312,0.0208740234375,39.802000000000035,-118.50000300000005,0
1180.822021484375,0.10140512138605118,69.06632232666016,0.0169677734375,39.90200000000004,-118.50000300000005,0
1450.251953125,12.9017333984375,63.70366668701172,0.7110595703125,40.30200000000004,-118.50000300000005,0
1733.6878662109375,5.3273701667785645,215.77137756347656,0.072998046875,40.402000000000044,-118.50000300000005,0
1476.9580078125,5.908120155334473,270.5765686035156,0.3289794921875,40.502000000000045,-118.50000300000005,0
1583.736572265625,5.742983818054199,100.29502868652344,1.2713623046875,40.60200000000005,-118.50000300000005,0
1569.138671875,2.9317688941955566,252.9998779296875,0.0830078125,40.70200000000005,-118.50000300000005,0
1631.25732421875,5.22128963470459,125.58726501464844,0.4141845703125,40.80200000000005,-118.50000300000005,0
1445.9639892578125,20.69007110595703,67.32991790771484,0.9603271484375,40.90200000000005,-118.50000300000005,0
1748.4630126953125,20.24065589904785,357.8544006347656,1.381103515625,41.00200000000005,-118.50000300000005,0
1508.2537841796875,18.284133911132812,220.9427947998047,0.46630859375,41.102000000000054,-118.50000300000005,0
1544.50927734375,14.614372253417969,211.17616271972656,0.267822265625,41.202000000000055,-118.50000300000005,0
1971.248046875,10.970419883728027,133.7321319580078,3.68408203125,41.302000000000056,-118.50000300000005,0
1239.3184814453125,2.355628490447998,308.64410400390625,0.045166015625,41.40200000000006,-118.50000300000005,0
1233.1944580078125,0.08136897534132004,51.18861389160156,0.006591796875,41.50200000000006,-118.50000300000005,0
1265.28759765625,0.11666497588157654,190.79788208007812,0.0059814453125,37.402,-118.40000300000005,0
1327.960205078125,30.990732192993164,3.1572630405426025,0.23828125,37.502,-118.40000300000005,0
1382.0028076171875,1.8545900583267212,181.42921447753906,0.0665283203125,37.602000000000004,-118.40000300000005,0
1457.0162353515625,3.1462643146514893,41.603790283203125,0.3101806640625,37.702000000000005,-118.40000300000005,0
2908.537841796875,25.42865753173828,48.3708610534668,0.86572265625,37.80200000000001,-118.40000300000005,0
1985.74951171875,3.8006627559661865,354.6807861328125,0.248291015625,37.90200000000001,-118.40000300000005,0
2320.649658203125,4.710864543914795,210.57772827148438,0.0048828125,38.00200000000001,-118.40000300000005,0
1744.924072265625,8.987653732299805,37.16545104980469,0.071533203125,38.10200000000001,-118.40000300000005,0
1526.4188232421875,4.562041282653809,202.74591064453125,0.0953369140625,38.20200000000001,-118.40000300000005,0
2402.442626953125,25.5113468170166,312.7820739746094,0.786376953125,38.302000000000014,-118.40000300000005,0
2009.682373046875,8.987751007080078,215.50209045410156,0.257080078125,38.402000000000015,-118.40000300000005,0
1709.5711669921875,1.7103976011276245,156.10177612304688,0.1082763671875,38.50200000000002,-118.40000300000005,0
1953.24560546875,21.440189361572266,157.53794860839844,1.00634765625,38.60200000000002,-118.40000300000005,0
1823.635009765625,8.333089828491211,125.3595199584961,1.560791015625,38.70200000000002,-118.40000300000005,0
1612.78662109375,20.393657684326172,205.6798553466797,2.2674560546875,38.80200000000002,-118.40000300000005,0
0.0,0.0,0.0,0.0,38.90200000000002,-118.40000300000005,0
1581.5889892578125,5.399730205535889,160.3278045654297,0.082763671875,39.002000000000024,-118.40000300000005,0
1734.7889404296875,6.178977012634277,357.09417724609375,1.167236328125,39.102000000000025,-118.40000300000005,0
1438.7012939453125,34.24388885498047,300.8891906738281,0.209716796875,39.20200000000003,-118.40000300000005,0
1237.1995849609375,2.1014115810394287,75.85052490234375,0.2806396484375,39.30200000000003,-118.40000300000005,0
1613.0303955078125,23.36168098449707,61.7589225769043,0.6375732421875,39.40200000000003,-118.40000300000005,0
1409.1722412109375,6.508293628692627,9.535246849060059,0.1668701171875,39.50200000000003,-118.40000300000005,0
1184.3260498046875,0.45799437165260315,90.0,0.0606689453125,39.60200000000003,-118.40000300000005,0
1180.438232421875,0.04574332758784294,177.03904724121094,0.0035400390625,39.702000000000034,-118.40000300000005,0
1180.9345703125,0.10761113464832306,333.0129699707031,0.0166015625,39.802000000000035,-118.40000300000005,0
1182.4434814453125,0.02067422680556774,287.74468994140625,0.0047607421875,39.90200000000004,-118.40000300000005,0
1383.41748046875,2.9666225910186768,201.08526611328125,0.0440673828125,40.60200000000005,-118.40000300000005,0
1350.9112548828125,1.5853315591812134,226.70066833496094,0.015869140625,40.70200000000005,-118.40000300000005,0
1341.8658447265625,2.0654208660125732,247.56997680664062,0.046630859375,40.80200000000005,-118.40000300000005,0
1270.08056640625,0.4476410746574402,126.64810943603516,0.0267333984375,40.90200000000005,-118.40000300000005,0
1280.7672119140625,0.6642981767654419,168.40696716308594,0.0208740234375,41.00200000000005,-118.40000300000005,0
1278.6458740234375,0.6580768823623657,198.2560577392578,0.0577392578125,41.102000000000054,-118.40000300000005,0
1339.3736572265625,6.540307998657227,121.10454559326172,0.463623046875,41.202000000000055,-118.40000300000005,0
2524.94091796875,7.267148494720459,148.25289916992188,0.07275390625,41.302000000000056,-118.40000300000005,0
1466.088623046875,3.535355806350708,172.31837463378906,0.2281494140625,41.40200000000006,-118.40000300000005,0
1275.9912109375,2.3087844848632812,197.42950439453125,0.092529296875,41.50200000000006,-118.40000300000005,0
1560.5753173828125,20.232145309448242,331.48114013671875,0.36962890625,37.402,-118.30000300000006,0
1991.9681396484375,9.977455139160156,2.8777759075164795,0.00439453125,37.502,-118.30000300000006,0
2695.33837890625,34.68904495239258,334.6655578613281,0.96826171875,37.602000000000004,-118.30000300000006,0
3144.533203125,34.51478958129883,359.1999206542969,0.84814453125,37.702000000000005,-118.30000300000006,0
2904.15673828125,28.729040145874023,115.4825210571289,0.007568359375,37.80200000000001,-118.30000300000006,0
2949.128173828125,13.596366882324219,236.86541748046875,0.130126953125,37.90200000000001,-118.30000300000006,0
1994.921142578125,3.4616429805755615,206.7921600341797,0.0810546875,38.00200000000001,-118.30000300000006,0
1744.08740234375,3.998183012008667,233.0484161376953,0.02978515625,38.10200000000001,-118.30000300000006,0
1508.1907958984375,2.3715574741363525,13.601511001586914,0.0589599609375,38.20200000000001,-118.30000300000006,0
2218.564208984375,33.73225021362305,171.3457489013672,0.150634765625,38.302000000000014,-118.30000300000006,0
1882.938720703125,23.09084129333496,152.87725830078125,0.6448974609375,38.70200000000002,-118.30000300000006,0
1371.810791015625,1.8622721433639526,304.57525634765625,0.0924072265625,38.80200000000002,-118.30000300000006,0
1585.296875,21.85906982421875,65.52796936035156,0.1817626953125,39.002000000000024,-118.30000300000006,0
1436.069091796875,1.512683629989624,252.09796142578125,0.057373046875,39.102000000000025,-118.30000300000006,0
1297.9068603515625,0.6233208179473877,274.7110595703125,0.042236328125,39.20200000000003,-118.30000300000006,0
1523.2388916015625,4.6092095375061035,25.223613739013672,0.303466796875,39.40200000000003,-118.30000300000006,0
2064.880615234375,23.122364044189453,1.715703010559082,0.441650390625,39.50200000000003,-118.30000300000006,0
1525.54052734375,7.68911600112915,308.76708984375,0.28076171875,39.60200000000003,-118.30000300000006,0
1241.201416015625,3.6088714599609375,290.72998046875,0.1351318359375,39.702000000000034,-118.30000300000006,0
1182.742431640625,0.0910145491361618,322.55987548828125,0.0103759765625,39.802000000000035,-118.30000300000006,0
1182.3302001953125,0.033089637756347656,1.3639274835586548,0.008544921875,39.90200000000004,-118.30000300000006,0
1419.981201171875,7.175987720489502,164.46490478515625,0.09912109375,40.80200000000005,-118.30000300000006,0
1273.1380615234375,0.3291711211204529,25.17011070251465,0.1737060546875,40.90200000000005,-118.30000300000006,0
1272.6697998046875,0.12571057677268982,291.5014343261719,0.0069580078125,41.00200000000005,-118.30000300000006,0
1269.169677734375,0.1667570024728775,212.65798950195312,0.0029296875,41.102000000000054,-118.30000300000006,0
1264.093994140625,0.042544979602098465,290.0284423828125,0.001708984375,41.202000000000055,-118.30000300000006,0
1334.132568359375,3.470245122909546,181.7699432373047,0.50048828125,41.302000000000056,-118.30000300000006,0
1362.5111083984375,6.2825846672058105,311.924072265625,0.60107421875,41.40200000000006,-118.30000300000006,0
1311.97412109375,4.486513614654541,334.17230224609375,0.018310546875,41.50200000000006,-118.30000300000006,0
2907.685302734375,17.21855354309082,13.448184967041016,0.31298828125,37.402,-118.20000300000007,0
3399.78564453125,32.99546813964844,256.5577697753906,0.309814453125,37.502,-118.20000300000007,0
3270.879150390625,33.04519271850586,270.6719970703125,0.210205078125,37.602000000000004,-118.20000300000007,0
2497.739013671875,35.54997634887695,268.32281494140625,0.743408203125,37.702000000000005,-118.20000300000007,0
1917.3763427734375,18.112407684326172,199.00607299804688,3.1591796875,37.80200000000001,-118.20000300000007,0
1772.32763671875,3.21513032913208,150.949462890625,0.0611572265625,38.00200000000001,-118.20000300000007,0
1697.466796875,11.42034912109375,179.3000946044922,0.206787109375,38.20200000000001,-118.20000300000007,0
1992.714599609375,31.61699104309082,284.456787109375,0.0047607421875,38.70200000000002,-118.20000300000007,0
1320.0467529296875,0.400419145822525,349.11553955078125,0.0250244140625,38.80200000000002,-118.20000300000007,0
1266.353515625,5.475091934204102,131.3470916748047,0.2862548828125,38.90200000000002,-118.20000300000007,0
1407.753662109375,2.795259714126587,89.72978973388672,0.190673828125,39.002000000000024,-118.20000300000007,0
1911.4700927734375,29.93414306640625,84.62163543701172,0.24462890625,39.102000000000025,-118.20000300000007,0
1648.6507568359375,14.85143756866455,26.866914749145508,0.9688720703125,39.20200000000003,-118.20000300000007,0
1325.61474609375,1.8828215599060059,325.7318115234375,0.1121826171875,39.30200000000003,-118.20000300000007,0
1340.049560546875,5.893537521362305,78.20073699951172,0.4659423828125,39.40200000000003,-118.20000300000007,0
1384.7210693359375,7.018980026245117,225.96356201171875,0.184326171875,39.50200000000003,-118.20000300000007,0
1341.722900390625,25.837236404418945,246.63967895507812,2.4498291015625,39.702000000000034,-118.20000300000007,0
1268.57373046875,3.8249871730804443,351.3883972167969,0.2415771484375,39.90200000000004,-118.20000300000007,0
1827.6982421875,28.743532180786133,150.5775146484375,0.276611328125,40.80200000000005,-118.20000300000007,0
1301.9903564453125,2.2331385612487793,285.3516845703125,0.046875,40.90200000000005,-118.20000300000007,0
1272.855224609375,1.3319741487503052,90.83840942382812,0.1500244140625,41.00200000000005,-118.20000300000007,0
1265.2806396484375,2.093611478805542,321.84912109375,0.05517578125,41.102000000000054,-118.20000300000007,0
1263.3192138671875,0.1131901666522026,212.28009033203125,0.0113525390625,41.202000000000055,-118.20000300000007,0
1258.2347412109375,0.11257605254650116,280.5827331542969,0.0484619140625,41.302000000000056,-118.20000300000007,0
1256.4744873046875,0.0802474319934845,115.11880493164062,0.018310546875,41.40200000000006,-118.20000300000007,0
1255.0955810546875,0.07820921391248703,62.40270233154297,0.0223388671875,41.50200000000006,-118.20000300000007,0
2402.913330078125,32.915340423583984,68.50520324707031,0.980224609375,37.402,-118.10000300000007,0
2969.889404296875,27.273418426513672,64.47930908203125,0.193603515625,37.502,-118.10000300000007,0
1507.402099609375,2.42750883102417,180.5759735107422,0.006591796875,37.702000000000005,-118.10000300000007,0
1505.0345458984375,0.8331653475761414,158.90512084960938,0.039794921875,37.80200000000001,-118.10000300000007,0
1542.190185546875,2.404391050338745,165.5781707763672,0.0826416015625,37.90200000000001,-118.10000300000007,0
1698.12060546875,7.337530136108398,275.44586181640625,1.053466796875,38.00200000000001,-118.10000300000007,0
1555.72802734375,2.6205408573150635,220.77069091796875,0.019775390625,38.10200000000001,-118.10000300000007,0
1404.9039306640625,2.292748212814331,43.63317108154297,0.0211181640625,38.90200000000002,-118.10000300000007,0
1715.5791015625,19.79423713684082,226.7121124267578,2.55029296875,39.002000000000024,-118.10000300000007,0
1714.975341796875,4.502601623535156,157.95062255859375,0.3359375,39.102000000000025,-118.10000300000007,0
1920.6307373046875,6.990697860717773,213.0255584716797,2.7677001953125,39.20200000000003,-118.10000300000007,0
1090.7266845703125,0.5698126554489136,357.42529296875,0.004150390625,39.60200000000003,-118.10000300000007,0
1041.8604736328125,0.25504744052886963,181.19442749023438,0.126708984375,39.702000000000034,-118.10000300000007,0
1483.3779296875,27.69183921813965,106.79353332519531,0.131591796875,39.802000000000035,-118.10000300000007,0
1781.966552734375,30.926193237304688,18.372066497802734,2.05615234375,39.90200000000004,-118.10000300000007,0
1378.71630859375,3.1268868446350098,153.23666381835938,0.0635986328125,40.80200000000005,-118.10000300000007,0
1456.101318359375,23.9169921875,241.20974731445312,1.2220458984375,40.90200000000005,-118.10000300000007,0
1645.0797119140625,15.39573860168457,37.2457389831543,0.615234375,41.00200000000005,-118.10000300000007,0
1302.093994140625,4.749988555908203,251.45489501953125,1.3734130859375,41.102000000000054,-118.10000300000007,0
1313.5244140625,2.5914504528045654,53.05875015258789,0.24755859375,41.202000000000055,-118.10000300000007,0
1262.6959228515625,0.2006877064704895,313.6881103515625,0.00341796875,41.302000000000056,-118.10000300000007,0
1256.6339111328125,0.1357116550207138,56.54049301147461,0.0010986328125,41.40200000000006,-118.10000300000007,0
1257.512451171875,0.35371410846710205,109.8168716430664,0.1322021484375,41.50200000000006,-118.10000300000007,0
1718.8133544921875,11.25695514678955,180.37098693847656,0.8056640625,37.402,-118.00000300000008,0
1966.234130859375,19.478151321411133,195.40283203125,1.3194580078125,37.502,-118.00000300000008,0
1499.6234130859375,1.2753366231918335,228.61105346679688,0.034423828125,37.602000000000004,-118.00000300000008,0
1694.2958984375,21.012895584106445,334.20318603515625,0.0135498046875,37.702000000000005,-118.00000300000008,0
1440.68505859375,0.37599560618400574,313.89666748046875,0.009033203125,37.80200000000001,-118.00000300000008,0
1570.9471435546875,4.546666145324707,208.59860229492188,0.4693603515625,37.90200000000001,-118.00000300000008,0
1387.407958984375,2.711280345916748,255.126708984375,0.204833984375,38.00200000000001,-118.00000300000008,0
1375.48095703125,0.035930950194597244,30.640661239624023,0.010009765625,38.10200000000001,-118.00000300000008,0
1452.001220703125,1.9920884370803833,244.04257202148438,0.1973876953125,38.80200000000002,-118.00000300000008,0
1413.1353759765625,1.5868631601333618,90.17057800292969,0.02734375,38.90200000000002,-118.00000300000008,0
1523.0296630859375,1.8621145486831665,115.3677749633789,0.0489501953125,39.002000000000024,-118.00000300000008,0
1751.9312744140625,1.262020230293274,178.8558349609375,1.889892578125,39.102000000000025,-118.00000300000008,0
1702.694091796875,14.820210456848145,331.593505859375,0.2723388671875,39.20200000000003,-118.00000300000008,0
1432.2174072265625,2.357372522354126,31.248397827148438,0.7581787109375,39.30200000000003,-118.00000300000008,0
1757.372314453125,9.736044883728027,168.04141235351562,2.271484375,39.40200000000003,-118.00000300000008,0
1819.070068359375,24.907703399658203,57.650569915771484,0.424560546875,39.50200000000003,-118.00000300000008,0
1555.9510498046875,28.174842834472656,77.90362548828125,0.21142578125,39.60200000000003,-118.00000300000008,0
1053.8509521484375,0.5553994178771973,307.72711181640625,0.0419921875,39.702000000000034,-118.00000300000008,0
0.0,0.0,0.0,0.0,39.90200000000004,-118.00000300000008,0
2291.58447265625,18.30160903930664,295.51123046875,1.260498046875,40.00200000000004,-118.00000300000008,0
0.0,0.0,0.0,0.0,40.80200000000005,-118.00000300000008,0
1298.8973388671875,1.705905556678772,193.82618713378906,0.4677734375,40.90200000000005,-118.00000300000008,0
1503.8726806640625,12.056512832641602,98.51275634765625,0.28369140625,41.00200000000005,-118.00000300000008,0
1410.5198974609375,3.066037654876709,85.01624298095703,0.1036376953125,41.102000000000054,-118.00000300000008,0
1759.1690673828125,19.559146881103516,282.3765869140625,2.4197998046875,41.202000000000055,-118.00000300000008,0
1793.4342041015625,32.03297805786133,10.004496574401855,2.8712158203125,41.302000000000056,-118.00000300000008,0
1277.108154296875,5.174516677856445,53.502784729003906,0.438232421875,41.40200000000006,-118.00000300000008,0
1311.7608642578125,2.490469217300415,151.7259063720703,0.1064453125,41.50200000000006,-118.00000300000008,0
1748.3369140625,12.731025695800781,303.4814453125,1.8729248046875,37.402,-117.90000300000008,0
1523.7552490234375,0.25047844648361206,306.23931884765625,0.0089111328125,37.502,-117.90000300000008,0
1980.2437744140625,11.434061050415039,1.4887394905090332,0.968017578125,37.602000000000004,-117.90000300000008,0
1803.62158203125,31.176233291625977,186.23594665527344,0.174072265625,37.80200000000001,-117.90000300000008,0
1700.5789794921875,16.952993392944336,60.29733657836914,0.113037109375,37.90200000000001,-117.90000300000008,0
1478.341064453125,5.38818883895874,274.3255310058594,0.1102294921875,38.00200000000001,-117.90000300000008,0
1477.3582763671875,3.7588958740234375,8.861688613891602,0.1422119140625,38.10200000000001,-117.90000300000008,0
1654.6895751953125,4.983720779418945,100.40339660644531,0.17138671875,38.70200000000002,-117.90000300000008,0
1742.8985595703125,17.63758659362793,48.96461868286133,0.549560546875,38.80200000000002,-117.90000300000008,0
1465.0694580078125,5.883618354797363,262.2376708984375,0.0018310546875,38.90200000000002,-117.90000300000008,0
1838.5872802734375,32.969383239746094,238.65411376953125,0.4654541015625,39.002000000000024,-117.90000300000008,0
0.0,0.0,0.0,0.0,39.102000000000025,-117.90000300000008,0
2100.313232421875,24.02899742126465,202.6151885986328,0.62158203125,39.20200000000003,-117.90000300000008,0
1532.5462646484375,0.9710975885391235,313.9156799316406,0.2105712890625,39.30200000000003,-117.90000300000008,0
1655.41015625,3.3058533668518066,175.01327514648438,0.0931396484375,39.40200000000003,-117.90000300000008,0
2477.32177734375,20.92031478881836,115.09611511230469,0.764892578125,39.50200000000003,-117.90000300000008,0
2240.304931640625,21.00118637084961,281.2059326171875,0.328369140625,39.60200000000003,-117.90000300000008,0
1286.8936767578125,4.00134801864624,309.71978759765625,0.2900390625,39.702000000000034,-117.90000300000008,0
1632.873779296875,34.68074035644531,152.97576904296875,1.5052490234375,40.00200000000004,-117.90000300000008,0
2059.658203125,35.47331237792969,281.1322937011719,0.53515625,40.80200000000005,-117.90000300000008,0
1309.8057861328125,1.2181892395019531,187.61546325683594,0.2689208984375,40.90200000000005,-117.90000300000008,0
1424.58154296875,1.582340955734253,89.79328155517578,0.774658203125,41.00200000000005,-117.90000300000008,0
1271.682373046875,5.730600833892822,325.85498046875,0.1898193359375,41.102000000000054,-117.90000300000008,0
1289.3126220703125,0.8244574666023254,120.03678131103516,0.02490234375,41.202000000000055,-117.90000300000008,0
1269.4595947265625,0.8773273229598999,196.6536865234375,0.06298828125,41.302000000000056,-117.90000300000008,0
1259.9677734375,0.4239466190338135,104.55257415771484,0.0123291015625,41.40200000000006,-117.90000300000008,0
1265.79443359375,0.06210668012499809,126.36125183105469,0.0125732421875,41.50200000000006,-117.90000300000008,0
1849.3321533203125,6.654244422912598,245.344970703125,1.070068359375,37.402,-117.80000300000009,0
1838.0216064453125,8.009597778320312,151.98916625976562,0.220458984375,37.502,-117.80000300000009,0
2039.2220458984375,21.205148696899414,272.1264953613281,1.75927734375,37.602000000000004,-117.80000300000009,0
2476.47607421875,33.64847183227539,151.2488555908203,3.88330078125,37.702000000000005,-117.80000300000009,0
2121.5458984375,11.314936637878418,110.63251495361328,2.106689453125,37.80200000000001,-117.80000300000009,0
1645.244140625,3.2193028926849365,223.2397003173828,0.033203125,37.90200000000001,-117.80000300000009,0
1470.1015625,3.361523151397705,248.87777709960938,0.113525390625,38.00200000000001,-117.80000300000009,0
2224.7255859375,11.857234954833984,90.49518585205078,0.352783203125,38.10200000000001,-117.80000300000009,0
1928.9947509765625,3.6602444648742676,260.78765869140625,0.01708984375,38.20200000000001,-117.80000300000009,0
1897.941650390625,3.203141689300537,246.43228149414062,0.2039794921875,38.60200000000002,-117.80000300000009,0
1847.0164794921875,20.79246711730957,284.9985656738281,0.734375,38.70200000000002,-117.80000300000009,0
1921.7734375,5.9689621925354,164.05279541015625,4.3665771484375,39.102000000000025,-117.80000300000009,0
1858.90771484375,18.942346572875977,118.51209259033203,0.4652099609375,39.20200000000003,-117.80000300000009,0
1899.8909912109375,4.981226921081543,41.13916778564453,0.0914306640625,39.30200000000003,-117.80000300000009,0
2071.364013671875,26.98224449157715,100.15332794189453,0.081787109375,39.40200000000003,-117.80000300000009,0
1893.30224609375,16.603389739990234,243.5418701171875,2.748046875,39.702000000000034,-117.80000300000009,0
1269.17333984375,5.379545211791992,316.7804870605469,0.236572265625,39.802000000000035,-117.80000300000009,0
1890.30712890625,27.043888092041016,262.4625244140625,0.216796875,40.502000000000045,-117.80000300000009,0
0.0,0.0,0.0,0.0,40.60200000000005,-117.80000300000009,0
1322.798095703125,0.45731133222579956,176.4205780029297,0.0003662109375,40.80200000000005,-117.80000300000009,0
1312.1761474609375,0.85694819688797,261.9034118652344,0.0567626953125,40.90200000000005,-117.80000300000009,0
1556.2923583984375,7.698483467102051,5.140094757080078,0.9661865234375,41.00200000000005,-117.80000300000009,0
1345.204345703125,2.044900894165039,47.91809844970703,0.435546875,41.102000000000054,-117.80000300000009,0
1497.69189453125,6.628442287445068,3.382380485534668,0.1328125,41.202000000000055,-117.80000300000009,0
1496.7816162109375,14.282798767089844,126.3360366821289,0.6102294921875,41.302000000000056,-117.80000300000009,0
1349.7283935546875,2.6792616844177246,273.7855224609375,0.1588134765625,41.40200000000006,-117.80000300000009,0
1308.3204345703125,0.5671336054801941,6.638947486877441,0.069091796875,41.50200000000006,-117.80000300000009,0
2270.89013671875,18.21343994140625,199.8786163330078,0.967041015625,37.402,-117.7000030000001,0
2094.65234375,11.991497993469238,83.67208862304688,1.311767578125,37.502,-117.7000030000001,0
1494.291259765625,9.739686012268066,250.65956115722656,0.18505859375,37.602000000000004,-117.7000030000001,0
1969.63916015625,24.499879837036133,217.2571258544922,1.5196533203125,37.80200000000001,-117.7000030000001,0
1507.53173828125,2.126591920852661,153.86180114746094,0.354248046875,37.90200000000001,-117.7000030000001,0
0.0,0.0,0.0,0.0,38.00200000000001,-117.7000030000001,0
1788.874755859375,14.967708587646484,151.39364624023438,1.3380126953125,38.10200000000001,-117.7000030000001,0
1869.2640380859375,9.414118766784668,28.030010223388672,0.3524169921875,38.20200000000001,-117.7000030000001,0
1786.8192138671875,15.843029022216797,64.2672119140625,0.3975830078125,38.302000000000014,-117.7000030000001,0
1845.03955078125,15.006169319152832,40.23885726928711,0.9139404296875,38.402000000000015,-117.7000030000001,0
1872.5360107421875,8.887372016906738,18.971338272094727,0.119384765625,38.50200000000002,-117.7000030000001,0
1716.433837890625,0.6397976875305176,255.09130859375,0.0218505859375,38.60200000000002,-117.7000030000001,0
1948.54541015625,4.137136936187744,12.429006576538086,0.5284423828125,39.102000000000025,-117.7000030000001,0
2105.64306640625,6.513240814208984,149.98513793945312,0.029296875,39.20200000000003,-117.7000030000001,0
2411.64404296875,28.047910690307617,61.845726013183594,0.85595703125,39.30200000000003,-117.7000030000001,0
1602.22998046875,17.244609832763672,96.50018310546875,0.135498046875,39.802000000000035,-117.7000030000001,0
1693.972900390625,18.842073440551758,125.60173797607422,0.0516357421875,40.502000000000045,-117.7000030000001,0
0.0,0.0,0.0,0.0,40.60200000000005,-117.7000030000001,0
1373.2044677734375,0.7982854247093201,73.72848510742188,0.0198974609375,40.70200000000005,-117.7000030000001,0
1656.1953125,29.71014976501465,354.6463623046875,0.0753173828125,40.80200000000005,-117.7000030000001,0
1568.5869140625,24.24005126953125,259.56927490234375,0.3472900390625,40.90200000000005,-117.7000030000001,0
1318.9281005859375,3.3708627223968506,207.3649444580078,0.68994140625,41.00200000000005,-117.7000030000001,0
1340.755859375,1.1602261066436768,175.15237426757812,0.740966796875,41.102000000000054,-117.7000030000001,0
1407.4771728515625,7.7051801681518555,235.77105712890625,0.5924072265625,41.302000000000056,-117.7000030000001,0
2449.70947265625,31.359189987182617,301.3345642089844,0.732177734375,41.40200000000006,-117.7000030000001,0
2056.109130859375,23.763643264770508,85.81929779052734,0.05615234375,41.50200000000006,-117.7000030000001,0
2231.85595703125,9.372533798217773,25.636703491210938,2.1044921875,37.402,-117.6000030000001,0
2766.169677734375,11.588052749633789,144.01779174804688,1.13818359375,37.502,-117.6000030000001,0
1525.5421142578125,5.202596187591553,292.4250793457031,0.5208740234375,37.602000000000004,-117.6000030000001,0
1304.1556396484375,0.04376283660531044,317.55291748046875,0.002197265625,37.702000000000005,-117.6000030000001,0
1308.2457275390625,1.0711073875427246,122.48652648925781,0.0372314453125,37.80200000000001,-117.6000030000001,0
1720.437255859375,17.263084411621094,156.4417266845703,1.11767578125,37.90200000000001,-117.6000030000001,0
1536.4881591796875,11.777538299560547,272.25103759765625,2.025634765625,38.00200000000001,-117.6000030000001,0
1449.666259765625,0.44047942757606506,96.64848327636719,0.0029296875,38.10200000000001,-117.6000030000001,0
1623.494873046875,5.345351696014404,170.39443969726562,0.079833984375,38.20200000000001,-117.6000030000001,0
1633.0673828125,0.8999190926551819,173.80792236328125,0.050537109375,38.302000000000014,-117.6000030000001,0
1673.571044921875,1.5595122575759888,52.978214263916016,0.044921875,38.402000000000015,-117.6000030000001,0
1690.791748046875,2.9632935523986816,254.7025146484375,0.0528564453125,38.50200000000002,-117.6000030000001,0
1896.7421875,17.1686954498291,311.8216552734375,0.408203125,38.60200000000002,-117.6000030000001,0
2140.344482421875,3.4456028938293457,345.9002990722656,0.262451171875,39.102000000000025,-117.6000030000001,0
1880.518798828125,0.5630092620849609,292.0618896484375,0.0445556640625,39.20200000000003,-117.6000030000001,0
1910.8270263671875,1.8322489261627197,143.62867736816406,0.1397705078125,39.30200000000003,-117.6000030000001,0
1490.0478515625,0.8373748660087585,344.0879211425781,0.003173828125,40.502000000000045,-117.6000030000001,0
1714.43798828125,4.325235366821289,347.1780700683594,1.559814453125,40.60200000000005,-117.6000030000001,0
1955.39453125,17.70832633972168,190.52476501464844,0.9515380859375,40.80200000000005,-117.6000030000001,0
2050.740234375,19.93500328063965,203.02622985839844,0.3193359375,40.90200000000005,-117.6000030000001,0
1477.9090576171875,6.831465244293213,316.7703552246094,0.3760986328125,41.00200000000005,-117.6000030000001,0
1317.37353515625,0.4824414849281311,273.72076416015625,0.136474609375,41.102000000000054,-117.6000030000001,0
1316.959716796875,0.04314360395073891,146.1648712158203,0.0362548828125,41.202000000000055,-117.6000030000001,0
1325.6387939453125,0.3230123519897461,132.10922241210938,0.030517578125,41.302000000000056,-117.6000030000001,0
1487.4847412109375,4.32145357131958,232.11383056640625,0.2098388671875,41.40200000000006,-117.6000030000001,0
1574.0567626953125,5.466525554656982,111.30813598632812,0.3006591796875,41.50200000000006,-117.6000030000001,0
1878.3856201171875,7.671953201293945,121.2442626953125,0.393798828125,37.402,-117.5000030000001,0
2102.92626953125,14.872570037841797,286.6259765625,0.34619140625,37.502,-117.5000030000001,0
1730.8385009765625,4.010277271270752,162.786376953125,0.0087890625,37.602000000000004,-117.5000030000001,0
1567.6990966796875,7.919981479644775,276.36114501953125,1.2874755859375,37.702000000000005,-117.5000030000001,0
1302.40380859375,0.6927209496498108,312.85760498046875,0.054931640625,37.80200000000001,-117.5000030000001,0
2003.5338134765625,17.48486328125,103.52001190185547,0.5390625,37.90200000000001,-117.5000030000001,0
2277.923583984375,28.182003021240234,316.46527099609375,1.101806640625,38.00200000000001,-117.5000030000001,0
1455.5794677734375,1.2788358926773071,137.28961181640625,0.504150390625,38.10200000000001,-117.5000030000001,0
1478.564208984375,0.24252530932426453,155.07864379882812,0.0118408203125,38.20200000000001,-117.5000030000001,0
1580.4708251953125,2.8784117698669434,210.05770874023438,0.0985107421875,38.402000000000015,-117.5000030000001,0
1664.172119140625,1.5067863464355469,67.94559478759766,0.0438232421875,38.50200000000002,-117.5000030000001,0
2239.785400390625,37.476322174072266,30.440826416015625,0.42578125,38.60200000000002,-117.5000030000001,0
0.0,0.0,0.0,0.0,39.102000000000025,-117.5000030000001,0
2353.10205078125,21.816495895385742,255.19924926757812,0.41357421875,39.20200000000003,-117.5000030000001,0
1843.6087646484375,0.00788117479532957,12.99461555480957,0.001220703125,39.30200000000003,-117.5000030000001,0
2261.635986328125,38.544708251953125,240.8280029296875,2.183837890625,40.502000000000045,-117.5000030000001,0
1663.670654296875,3.253063917160034,354.5179443359375,0.0048828125,40.60200000000005,-117.5000030000001,0
1457.6256103515625,0.9934268593788147,236.71621704101562,0.0076904296875,40.70200000000005,-117.5000030000001,0
1597.2373046875,2.8760740756988525,151.2784881591797,0.00732421875,40.80200000000005,-117.5000030000001,0
1319.434326171875,2.781184196472168,22.099472045898438,0.10009765625,41.00200000000005,-117.5000030000001,0
1362.8255615234375,3.8449151515960693,69.57083129882812,0.0557861328125,41.102000000000054,-117.5000030000001,0
1347.2811279296875,0.4922524094581604,327.09814453125,0.0513916015625,41.302000000000056,-117.5000030000001,0
1344.11279296875,0.13861355185508728,46.89956283569336,0.0147705078125,41.40200000000006,-117.5000030000001,0
1382.924560546875,0.597000002861023,180.13229370117188,0.0179443359375,41.50200000000006,-117.5000030000001,0
1538.272216796875,1.8821001052856445,283.09881591796875,0.1478271484375,37.402,-117.40000300000011,0
1583.5343017578125,0.6929134130477905,201.46884155273438,0.0262451171875,37.502,-117.40000300000011,0
1956.7552490234375,16.006793975830078,47.559120178222656,0.31201171875,37.602000000000004,-117.40000300000011,0
2170.633056640625,41.591373443603516,287.1365661621094,0.265869140625,37.702000000000005,-117.40000300000011,0
1545.3389892578125,2.294074058532715,305.7530822753906,0.017333984375,37.80200000000001,-117.40000300000011,0
1555.623046875,3.69303822517395,111.62012481689453,0.044677734375,37.90200000000001,-117.40000300000011,0
1785.4080810546875,2.7315127849578857,137.9517364501953,0.3326416015625,38.00200000000001,-117.40000300000011,0
1535.705810546875,1.305154800415039,295.25079345703125,0.02099609375,38.10200000000001,-117.40000300000011,0
1564.4725341796875,0.35686540603637695,42.182247161865234,0.0489501953125,38.402000000000015,-117.40000300000011,0
1789.06103515625,4.731316089630127,137.03765869140625,1.827880859375,38.50200000000002,-117.40000300000011,0
2059.43994140625,20.061403274536133,117.58269500732422,0.77490234375,38.60200000000002,-117.40000300000011,0
2513.906982421875,28.189773559570312,285.3052062988281,0.363525390625,38.70200000000002,-117.40000300000011,0
0.0,0.0,0.0,0.0,39.102000000000025,-117.40000300000011,0
2303.846923828125,16.157588958740234,241.63168334960938,0.569091796875,39.20200000000003,-117.40000300000011,0
2064.439453125,11.050394058227539,53.774993896484375,0.095947265625,39.30200000000003,-117.40000300000011,0
1405.82275390625,0.5868078470230103,243.58111572265625,0.029296875,40.402000000000044,-117.40000300000011,0
1547.4571533203125,2.2851486206054688,135.0872344970703,0.1260986328125,40.502000000000045,-117.40000300000011,0
1833.65771484375,13.903434753417969,201.285888671875,0.066650390625,40.60200000000005,-117.40000300000011,0
1697.3590087890625,8.256937980651855,116.86724853515625,0.0240478515625,40.70200000000005,-117.40000300000011,0
1376.000732421875,0.45682698488235474,223.53298950195312,0.0501708984375,40.80200000000005,-117.40000300000011,0
1684.88671875,12.151959419250488,240.4765167236328,0.4554443359375,40.90200000000005,-117.40000300000011,0
1488.3131103515625,5.13953161239624,65.51490783691406,0.2445068359375,41.00200000000005,-117.40000300000011,0
1559.6790771484375,5.740579605102539,291.9832763671875,0.40625,41.102000000000054,-117.40000300000011,0
1497.8841552734375,2.7530276775360107,158.0731201171875,0.1107177734375,41.202000000000055,-117.40000300000011,0
1572.40771484375,8.826593399047852,157.5168914794922,0.013427734375,41.302000000000056,-117.40000300000011,0
1458.483154296875,7.412114143371582,298.3631896972656,0.2147216796875,41.40200000000006,-117.40000300000011,0
1622.2015380859375,4.001481533050537,195.49534606933594,0.1527099609375,41.50200000000006,-117.40000300000011,0
1511.7493896484375,2.1238229274749756,284.0736083984375,0.0921630859375,37.402,-117.30000300000012,0
1617.6669921875,0.6225897073745728,211.8805389404297,0.155029296875,37.502,-117.30000300000012,0
1708.4375,4.067329406738281,150.63258361816406,0.419189453125,37.602000000000004,-117.30000300000012,0
2057.2822265625,22.372201919555664,159.71214294433594,1.197998046875,37.702000000000005,-117.30000300000012,0
1621.262939453125,5.111971855163574,247.77719116210938,0.312744140625,37.80200000000001,-117.30000300000012,0
1482.0501708984375,0.23516951501369476,320.2312927246094,0.035400390625,37.90200000000001,-117.30000300000012,0
1648.390380859375,1.554008960723877,97.90735626220703,0.01220703125,38.00200000000001,-117.30000300000012,0
1662.427978515625,1.1251003742218018,342.46234130859375,0.0733642578125,38.10200000000001,-117.30000300000012,0
1655.5164794921875,4.73435115814209,315.30596923828125,0.1099853515625,38.20200000000001,-117.30000300000012,0
1712.839111328125,2.148871421813965,296.47821044921875,0.181884765625,38.402000000000015,-117.30000300000012,0
1692.967529296875,1.6072108745574951,151.2500762939453,0.0263671875,38.50200000000002,-117.30000300000012,0
1878.161376953125,1.2158719301223755,51.82557678222656,0.134521484375,38.60200000000002,-117.30000300000012,0
2631.523681640625,13.288783073425293,81.32305145263672,0.130126953125,38.70200000000002,-117.30000300000012,0
3325.39697265625,16.178319931030273,356.6058044433594,0.593017578125,38.80200000000002,-117.30000300000012,0
2765.627197265625,18.961790084838867,177.0621337890625,0.510009765625,38.90200000000002,-117.30000300000012,0
2697.880859375,22.419784545898438,321.4764404296875,0.495361328125,39.002000000000024,-117.30000300000012,0
2291.797607421875,23.297771453857422,85.41885375976562,1.06103515625,39.102000000000025,-117.30000300000012,0
1913.9222412109375,1.1546587944030762,327.06048583984375,0.2630615234375,39.20200000000003,-117.30000300000012,0
1802.3311767578125,0.3477107882499695,280.0117492675781,0.0242919921875,39.30200000000003,-117.30000300000012,0
1776.2698974609375,0.5705550312995911,181.95790100097656,0.0050048828125,39.40200000000003,-117.30000300000012,0
1831.9697265625,19.28679084777832,150.51663208007812,0.2081298828125,39.802000000000035,-117.30000300000012,0
1787.8082275390625,4.968821048736572,318.2239074707031,0.2236328125,40.20200000000004,-117.30000300000012,0
1920.14794921875,6.997091293334961,129.39370727539062,0.5504150390625,40.30200000000004,-117.30000300000012,0
1406.744140625,0.04074057564139366,7.777637481689453,0.008056640625,40.402000000000044,-117.30000300000012,0
0.0,0.0,0.0,0.0,40.502000000000045,-117.30000300000012,0
1482.3306884765625,1.808708667755127,7.598351955413818,0.047119140625,40.60200000000005,-117.30000300000012,0
1536.845947265625,2.214379072189331,123.03047943115234,0.1221923828125,40.70200000000005,-117.30000300000012,0
1574.3406982421875,8.251487731933594,197.84327697753906,0.170654296875,40.80200000000005,-117.30000300000012,0
1376.0799560546875,4.677320957183838,42.923370361328125,0.01123046875,40.90200000000005,-117.30000300000012,0
1333.356201171875,0.4659721851348877,50.38351821899414,0.015380859375,41.00200000000005,-117.30000300000012,0
1520.5731201171875,5.279232025146484,55.55162048339844,0.202392578125,41.102000000000054,-117.30000300000012,0
2109.799560546875,24.00193214416504,334.1520690917969,0.771240234375,41.202000000000055,-117.30000300000012,0
1400.088623046875,0.5337886810302734,336.8680114746094,0.0335693359375,41.302000000000056,-117.30000300000012,0
1386.6219482421875,7.152235984802246,279.6521911621094,0.3994140625,41.40200000000006,-117.30000300000012,0
1709.5950927734375,4.000406742095947,206.08908081054688,0.3306884765625,41.50200000000006,-117.30000300000012,0
1486.01220703125,3.150484323501587,161.9632568359375,0.54931640625,37.402,-117.20000300000012,0
1440.01513671875,2.1515650749206543,123.1376724243164,0.008056640625,37.502,-117.20000300000012,0
1590.21142578125,1.520248532295227,136.1595001220703,0.0465087890625,37.602000000000004,-117.20000300000012,0
1784.3353271484375,12.692254066467285,326.6639709472656,0.580810546875,37.702000000000005,-117.20000300000012,0
1622.2296142578125,0.9952991604804993,287.16607666015625,0.06103515625,37.80200000000001,-117.20000300000012,0
1684.90771484375,3.2744343280792236,5.459909915924072,0.095947265625,37.90200000000001,-117.20000300000012,0
2007.984375,42.102230072021484,265.32427978515625,0.7293701171875,38.00200000000001,-117.20000300000012,0
1942.8282470703125,5.962648391723633,324.0411071777344,0.109130859375,38.10200000000001,-117.20000300000012,0
1821.2430419921875,1.9254577159881592,20.03915023803711,0.656005859375,38.402000000000015,-117.20000300000012,0
1739.459716796875,0.08126527070999146,310.67657470703125,0.0592041015625,38.60200000000002,-117.20000300000012,0
1824.2852783203125,2.1142327785491943,185.75411987304688,0.0723876953125,38.70200000000002,-117.20000300000012,0
1841.599609375,7.1250505447387695,202.52862548828125,0.2236328125,38.80200000000002,-117.20000300000012,0
0.0,0.0,0.0,0.0,38.90200000000002,-117.20000300000012,0
1755.8548583984375,3.510518789291382,158.15567016601562,0.077392578125,39.002000000000024,-117.20000300000012,0
0.0,0.0,0.0,0.0,39.102000000000025,-117.20000300000012,0
2839.09521484375,33.22388458251953,333.5828552246094,0.035400390625,39.20200000000003,-117.20000300000012,0
2003.2603759765625,12.64726448059082,285.47723388671875,0.0797119140625,39.30200000000003,-117.20000300000012,0
1791.8807373046875,1.5094482898712158,307.8802185058594,0.0400390625,39.40200000000003,-117.20000300000012,0
1733.656494140625,0.22917485237121582,110.94207000732422,0.03466796875,39.50200000000003,-117.20000300000012,0
1739.16650390625,2.4732425212860107,194.7881317138672,0.0018310546875,39.60200000000003,-117.20000300000012,0
0.0,0.0,0.0,0.0,39.702000000000034,-117.20000300000012,0
2038.10986328125,27.47440528869629,60.40174865722656,1.09228515625,39.802000000000035,-117.20000300000012,0
1816.0115966796875,9.899360656738281,198.24441528320312,0.1090087890625,39.90200000000004,-117.20000300000012,0
1518.1356201171875,0.521240234375,226.74497985839844,0.0413818359375,40.00200000000004,-117.20000300000012,0
1480.0592041015625,0.9065830111503601,157.66249084472656,0.178955078125,40.10200000000004,-117.20000300000012,0
1632.4757080078125,8.874946594238281,79.04569244384766,0.381591796875,40.20200000000004,-117.20000300000012,0
1545.8974609375,3.2393133640289307,203.52340698242188,0.140380859375,40.30200000000004,-117.20000300000012,0
1569.198974609375,7.854354381561279,150.42312622070312,2.4798583984375,40.402000000000044,-117.20000300000012,0
1453.759033203125,1.5593976974487305,90.60757446289062,0.0140380859375,40.502000000000045,-117.20000300000012,0
2092.802734375,24.660293579101562,257.2743225097656,3.46630859375,40.60200000000005,-117.20000300000012,0
1667.9569091796875,3.146235466003418,247.491455078125,0.0035400390625,40.70200000000005,-117.20000300000012,0
1414.326171875,2.746854305267334,216.27481079101562,0.113037109375,40.80200000000005,-117.20000300000012,0
1342.9586181640625,0.13095729053020477,307.7314147949219,0.065673828125,40.90200000000005,-117.20000300000012,0
1341.1790771484375,0.3476632237434387,202.26541137695312,0.1195068359375,41.00200000000005,-117.20000300000012,0
1373.07080078125,1.8371976613998413,99.8831558227539,0.05517578125,41.102000000000054,-117.20000300000012,0
1654.09521484375,17.088228225708008,110.45033264160156,2.123046875,41.302000000000056,-117.20000300000012,0
1420.6917724609375,9.468975067138672,102.74303436279297,0.1822509765625,41.40200000000006,-117.20000300000012,0
1573.8226318359375,1.5949537754058838,102.20587921142578,0.1697998046875,41.50200000000006,-117.20000300000012,0
1879.322265625,9.421379089355469,9.711838722229004,0.2021484375,37.502,-117.10000300000013,0
1469.922119140625,1.0284831523895264,141.63824462890625,0.0101318359375,37.602000000000004,-117.10000300000013,0
1748.274169921875,32.19693374633789,71.8320541381836,0.99951171875,37.702000000000005,-117.10000300000013,0
1750.1151123046875,1.8202309608459473,33.38933181762695,0.1650390625,37.80200000000001,-117.10000300000013,0
1582.9388427734375,0.22653228044509888,134.96478271484375,0.0247802734375,37.90200000000001,-117.10000300000013,0
1623.74951171875,0.7027684450149536,165.5938720703125,0.03466796875,38.00200000000001,-117.10000300000013,0
1673.6072998046875,0.3227032721042633,143.71044921875,0.0472412109375,38.10200000000001,-117.10000300000013,0
1766.247802734375,1.774617075920105,158.00149536132812,0.0047607421875,38.20200000000001,-117.10000300000013,0
1806.0521240234375,1.0758366584777832,181.2688446044922,0.046630859375,38.302000000000014,-117.10000300000013,0
1933.7030029296875,1.5477701425552368,122.15986633300781,0.0306396484375,38.402000000000015,-117.10000300000013,0
2430.867919921875,18.04677963256836,205.8461151123047,0.734619140625,38.50200000000002,-117.10000300000013,0
2033.0955810546875,12.339568138122559,37.963951110839844,2.314697265625,38.60200000000002,-117.10000300000013,0
1846.630859375,3.344949722290039,58.96921920776367,0.0709228515625,38.70200000000002,-117.10000300000013,0
1719.770263671875,1.1459693908691406,321.1018981933594,0.01953125,38.80200000000002,-117.10000300000013,0
1687.6201171875,0.3931834399700165,330.21240234375,0.016845703125,38.90200000000002,-117.10000300000013,0
1660.593994140625,0.18017558753490448,90.50093078613281,0.02099609375,39.002000000000024,-117.10000300000013,0
1673.614990234375,0.15859417617321014,118.47419738769531,0.0196533203125,39.102000000000025,-117.10000300000013,0
1963.068115234375,10.239786148071289,231.61546325683594,1.80859375,39.20200000000003,-117.10000300000013,0
3016.31298828125,39.179443359375,307.40570068359375,0.49072265625,39.30200000000003,-117.10000300000013,0
2518.63037109375,28.152496337890625,272.3909606933594,0.416748046875,39.40200000000003,-117.10000300000013,0
1840.6976318359375,4.672388076782227,58.595787048339844,0.706787109375,39.50200000000003,-117.10000300000013,0
0.0,0.0,0.0,0.0,39.60200000000003,-117.10000300000013,0
1838.6790771484375,8.164918899536133,246.45416259765625,0.27783203125,39.702000000000034,-117.10000300000013,0
1656.92578125,10.61129093170166,316.1490478515625,0.200927734375,39.802000000000035,-117.10000300000013,0
1642.465087890625,6.699479103088379,331.0375671386719,0.619140625,39.90200000000004,-117.10000300000013,0
1946.57177734375,25.095937728881836,248.38775634765625,0.8973388671875,40.00200000000004,-117.10000300000013,0
1594.2608642578125,2.584529161453247,346.90435791015625,0.00732421875,40.10200000000004,-117.10000300000013,0
1472.23583984375,0.8819708228111267,51.75368881225586,0.0921630859375,40.20200000000004,-117.10000300000013,0
1451.235107421875,1.061007022857666,313.62408447265625,0.0096435546875,40.30200000000004,-117.10000300000013,0
1423.470703125,0.2250448763370514,310.3511657714844,0.0157470703125,40.402000000000044,-117.10000300000013,0
1444.9100341796875,2.9116523265838623,111.80355834960938,0.000244140625,40.502000000000045,-117.10000300000013,0
1930.7020263671875,32.7738151550293,252.82005310058594,0.247802734375,40.60200000000005,-117.10000300000013,0
1628.865234375,22.094104766845703,213.51356506347656,1.767822265625,40.70200000000005,-117.10000300000013,0
1357.4306640625,0.510726809501648,208.05690002441406,0.013427734375,40.80200000000005,-117.10000300000013,0
1356.5501708984375,0.11032383888959885,211.05145263671875,0.0234375,40.90200000000005,-117.10000300000013,0
1363.4107666015625,0.6242289543151855,63.289466857910156,0.02197265625,41.00200000000005,-117.10000300000013,0
1493.3729248046875,4.261685848236084,285.6437683105469,0.0556640625,41.202000000000055,-117.10000300000013,0
1516.081298828125,4.346433162689209,299.844482421875,0.0584716796875,41.40200000000006,-117.10000300000013,0
1581.3360595703125,17.98544692993164,63.56324768066406,0.026123046875,41.50200000000006,-117.10000300000013,0
0.0,0.0,0.0,0.0,37.402,-117.00000300000013,0
0.0,0.0,0.0,0.0,37.502,-117.00000300000013,0
1412.26220703125,2.2224674224853516,243.45309448242188,0.0672607421875,37.602000000000004,-117.00000300000013,0
1505.122314453125,0.9618643522262573,124.39918518066406,0.0037841796875,37.702000000000005,-117.00000300000013,0
1709.4083251953125,22.44076156616211,217.66232299804688,0.20361328125,37.80200000000001,-117.00000300000013,0
1588.1046142578125,0.1606290638446808,48.08065414428711,0.03955078125,37.90200000000001,-117.00000300000013,0
1610.5274658203125,0.08322053402662277,27.17133140563965,0.0025634765625,38.00200000000001,-117.00000300000013,0
0.0,0.0,0.0,0.0,38.10200000000001,-117.00000300000013,0
1939.8330078125,4.183075428009033,297.031005859375,0.2679443359375,38.20200000000001,-117.00000300000013,0
1828.06201171875,0.5575041174888611,24.474098205566406,0.025146484375,38.302000000000014,-117.00000300000013,0
1870.0972900390625,0.40753525495529175,108.65379333496094,0.027099609375,38.402000000000015,-117.00000300000013,0
2116.2763671875,14.036617279052734,197.60455322265625,0.902099609375,38.50200000000002,-117.00000300000013,0
2338.20947265625,18.168479919433594,245.37588500976562,0.625732421875,38.60200000000002,-117.00000300000013,0
2386.69970703125,22.29045867919922,47.41288757324219,1.03662109375,38.70200000000002,-117.00000300000013,0
1933.5072021484375,8.30232048034668,351.1685791015625,1.598388671875,38.90200000000002,-117.00000300000013,0
1765.531982421875,2.763347864151001,320.9560241699219,0.0018310546875,39.002000000000024,-117.00000300000013,0
1705.3173828125,1.8143939971923828,8.258445739746094,0.1817626953125,39.102000000000025,-117.00000300000013,0
0.0,0.0,0.0,0.0,39.20200000000003,-117.00000300000013,0
1764.6416015625,1.7500380277633667,141.09056091308594,0.0029296875,39.30200000000003,-117.00000300000013,0
2284.742919921875,25.295557022094727,127.10420989990234,1.479248046875,39.40200000000003,-117.00000300000013,0
2018.386962890625,2.2543530464172363,280.19256591796875,0.323974609375,39.50200000000003,-117.00000300000013,0
2279.011474609375,13.023550033569336,113.35396575927734,0.05615234375,39.60200000000003,-117.00000300000013,0
2320.364013671875,11.891103744506836,20.81192970275879,0.07568359375,39.702000000000034,-117.00000300000013,0
2006.05712890625,9.88170337677002,256.70562744140625,0.263671875,39.802000000000035,-117.00000300000013,0
1701.0968017578125,3.0625367164611816,160.69796752929688,0.0552978515625,39.90200000000004,-117.00000300000013,0
1580.42138671875,0.0862642377614975,212.13015747070312,0.0301513671875,40.00200000000004,-117.00000300000013,0
1986.466796875,10.699952125549316,133.01148986816406,0.18408203125,40.10200000000004,-117.00000300000013,0
1803.813720703125,4.81795597076416,37.687095642089844,0.011474609375,40.20200000000004,-117.00000300000013,0
1900.1336669921875,3.0360512733459473,93.97927856445312,0.5950927734375,40.30200000000004,-117.00000300000013,0
1528.609375,5.780088901519775,301.133544921875,0.9188232421875,40.402000000000044,-117.00000300000013,0
1397.6595458984375,0.2539096474647522,295.5913391113281,0.037841796875,40.502000000000045,-117.00000300000013,0
1463.59130859375,2.631688356399536,122.17975616455078,0.15966796875,40.60200000000005,-117.00000300000013,0
1371.1630859375,0.5048458576202393,248.5886688232422,0.1033935546875,40.70200000000005,-117.00000300000013,0
1361.7490234375,0.4026919901371002,350.6574401855469,0.0638427734375,40.80200000000005,-117.00000300000013,0
1379.1329345703125,0.47071322798728943,5.1358418464660645,0.0841064453125,40.90200000000005,-117.00000300000013,0
1410.500244140625,2.5419344902038574,76.40696716308594,0.0826416015625,41.00200000000005,-117.00000300000013,0
1397.126220703125,0.7230430245399475,319.5391845703125,0.07275390625,41.102000000000054,-117.00000300000013,0
1793.16650390625,17.553903579711914,215.3115692138672,1.1588134765625,41.202000000000055,-117.00000300000013,0
1865.26953125,39.500335693359375,105.45638275146484,1.6019287109375,41.302000000000056,-117.00000300000013,0
1479.343994140625,0.8699216842651367,322.7721862792969,0.04833984375,37.602000000000004,-116.90000300000014,0
1722.7960205078125,4.702171802520752,69.24642181396484,0.0765380859375,37.702000000000005,-116.90000300000014,0
1818.596923828125,18.877399444580078,359.3999328613281,0.3026123046875,37.80200000000001,-116.90000300000014,0
1606.7193603515625,0.17756527662277222,332.241455078125,0.013916015625,37.90200000000001,-116.90000300000014,0
1634.143310546875,1.0509947538375854,288.944091796875,0.112060546875,38.00200000000001,-116.90000300000014,0
1902.302001953125,3.7392735481262207,90.20185852050781,0.2371826171875,38.10200000000001,-116.90000300000014,0
2122.624267578125,13.46288013458252,88.90433502197266,0.46923828125,38.20200000000001,-116.90000300000014,0
2049.3056640625,14.408474922180176,257.80548095703125,1.26171875,38.302000000000014,-116.90000300000014,0
2355.70947265625,13.518872261047363,85.80467987060547,0.64013671875,38.402000000000015,-116.90000300000014,0
2100.006591796875,17.618003845214844,266.880859375,0.364013671875,38.50200000000002,-116.90000300000014,0
2247.108154296875,13.213509559631348,153.09890747070312,0.2109375,38.60200000000002,-116.90000300000014,0
2653.136474609375,21.460296630859375,289.2646484375,1.23046875,38.70200000000002,-116.90000300000014,0
2863.065185546875,25.299171447753906,199.91421508789062,0.34765625,38.80200000000002,-116.90000300000014,0
2305.569580078125,11.292960166931152,308.69677734375,1.18310546875,38.90200000000002,-116.90000300000014,0
2169.321044921875,24.66810417175293,236.6041259765625,0.267578125,39.002000000000024,-116.90000300000014,0
1746.1806640625,3.6047375202178955,8.21408748626709,0.0321044921875,39.20200000000003,-116.90000300000014,0
1717.0496826171875,0.22079913318157196,108.56420135498047,0.029296875,39.30200000000003,-116.90000300000014,0
1759.144775390625,1.0176409482955933,158.74203491210938,0.03564453125,39.40200000000003,-116.90000300000014,0
2052.69091796875,20.0423526763916,15.276185035705566,0.65673828125,39.50200000000003,-116.90000300000014,0
2082.44677734375,14.495035171508789,350.7623291015625,1.369140625,39.60200000000003,-116.90000300000014,0
2103.4228515625,5.956711292266846,163.74974060058594,0.117431640625,39.702000000000034,-116.90000300000014,0
0.0,0.0,0.0,0.0,39.802000000000035,-116.90000300000014,0
1858.296630859375,3.2176709175109863,27.711719512939453,0.2535400390625,39.90200000000004,-116.90000300000014,0
1685.2344970703125,3.642397165298462,29.4601993560791,0.2698974609375,40.00200000000004,-116.90000300000014,0
1576.1422119140625,2.763296365737915,320.3908386230469,0.1337890625,40.10200000000004,-116.90000300000014,0
1664.0814208984375,5.670671463012695,101.87384033203125,0.031494140625,40.20200000000004,-116.90000300000014,0
2121.65478515625,26.757537841796875,121.17726135253906,0.158447265625,40.30200000000004,-116.90000300000014,0
2232.983154296875,46.398414611816406,284.43231201171875,1.10693359375,40.402000000000044,-116.90000300000014,0
1428.652587890625,1.763350486755371,279.5096435546875,0.004638671875,40.502000000000045,-116.90000300000014,0
1380.4566650390625,0.3352251648902893,214.32479858398438,0.012939453125,40.60200000000005,-116.90000300000014,0
1373.2159423828125,0.1044599637389183,187.47332763671875,0.0406494140625,40.70200000000005,-116.90000300000014,0
1517.267333984375,6.126240253448486,34.77033615112305,0.1279296875,40.80200000000005,-116.90000300000014,0
1605.1224365234375,5.840321063995361,283.61651611328125,0.3948974609375,41.00200000000005,-116.90000300000014,0
1602.8114013671875,19.99045181274414,115.515625,1.592041015625,41.102000000000054,-116.90000300000014,0
1809.041259765625,26.202392578125,110.57949829101562,2.1591796875,41.202000000000055,-116.90000300000014,0
2101.6064453125,10.450953483581543,288.94805908203125,0.669189453125,41.302000000000056,-116.90000300000014,0
1664.544677734375,17.700824737548828,186.1480712890625,0.525146484375,41.40200000000006,-116.90000300000014,0
1615.7803955078125,5.084561347961426,6.337747097015381,0.752197265625,41.50200000000006,-116.90000300000014,0
1652.2352294921875,1.9894466400146484,350.5013427734375,0.0091552734375,37.402,-116.80000300000015,0
1721.355712890625,4.999186992645264,15.224320411682129,0.2708740234375,37.502,-116.80000300000015,0
1764.635498046875,6.385064125061035,265.2930603027344,1.1094970703125,37.602000000000004,-116.80000300000015,0
0.0,0.0,0.0,0.0,37.702000000000005,-116.80000300000015,0
1701.614501953125,3.242886543273926,254.3553466796875,0.0255126953125,37.80200000000001,-116.80000300000015,0
1629.1768798828125,0.22948598861694336,307.46966552734375,0.0343017578125,37.90200000000001,-116.80000300000015,0
1668.273193359375,0.4903980493545532,44.381839752197266,0.01904296875,38.00200000000001,-116.80000300000015,0
1798.9384765625,4.123133659362793,23.3836612701416,0.57666015625,38.10200000000001,-116.80000300000015,0
1901.086669921875,2.722797393798828,45.322044372558594,0.130615234375,38.20200000000001,-116.80000300000015,0
2134.146484375,3.972806692123413,94.13166809082031,0.28271484375,38.302000000000014,-116.80000300000015,0
2404.64111328125,17.840803146362305,262.06787109375,0.03369140625,38.402000000000015,-116.80000300000015,0
2394.2919921875,16.981231689453125,70.20364379882812,1.42041015625,38.50200000000002,-116.80000300000015,0
2131.105712890625,0.7273675203323364,265.7464294433594,0.13134765625,38.60200000000002,-116.80000300000015,0
2246.656005859375,14.487444877624512,353.5054626464844,0.257080078125,38.70200000000002,-116.80000300000015,0
2100.78515625,1.0132701396942139,225.45660400390625,0.033203125,38.80200000000002,-116.80000300000015,0
2289.095703125,13.197735786437988,14.729886054992676,0.08544921875,38.90200000000002,-116.80000300000015,0
2528.194091796875,38.17497253417969,289.50958251953125,0.394287109375,39.002000000000024,-116.80000300000015,0
2436.95556640625,29.477825164794922,280.6133728027344,0.13623046875,39.102000000000025,-116.80000300000015,0
2256.263671875,17.63873291015625,342.1721496582031,0.1220703125,39.20200000000003,-116.80000300000015,0
1983.237060546875,5.720157146453857,314.29248046875,2.62451171875,39.30200000000003,-116.80000300000015,0
0.0,0.0,0.0,0.0,39.40200000000003,-116.80000300000015,0
0.0,0.0,0.0,0.0,39.50200000000003,-116.80000300000015,0
2078.64599609375,9.116525650024414,321.97412109375,0.468505859375,39.60200000000003,-116.80000300000015,0
1797.5592041015625,0.5170676112174988,192.0673370361328,0.01708984375,39.702000000000034,-116.80000300000015,0
2102.299560546875,27.400802612304688,172.21327209472656,0.10546875,39.802000000000035,-116.80000300000015,0
1870.3077392578125,4.231738090515137,181.4904327392578,0.18017578125,39.90200000000004,-116.80000300000015,0
1685.72265625,4.887736797332764,242.58229064941406,0.0054931640625,40.10200000000004,-116.80000300000015,0
1597.6990966796875,10.451757431030273,101.86363983154297,1.590087890625,40.20200000000004,-116.80000300000015,0
1919.4666748046875,19.474607467651367,291.31005859375,0.517822265625,40.30200000000004,-116.80000300000015,0
2223.86767578125,18.05042266845703,28.238962173461914,0.8212890625,40.402000000000044,-116.80000300000015,0
1481.7071533203125,6.384901523590088,272.49951171875,0.24560546875,40.502000000000045,-116.80000300000015,0
1389.11474609375,0.7165842652320862,287.75787353515625,0.07666015625,40.60200000000005,-116.80000300000015,0
1664.861328125,25.51670265197754,327.8879699707031,1.163818359375,40.70200000000005,-116.80000300000015,0
1772.7791748046875,2.482245922088623,256.50799560546875,0.2152099609375,40.80200000000005,-116.80000300000015,0
1600.1749267578125,7.8111748695373535,134.81019592285156,0.18408203125,40.90200000000005,-116.80000300000015,0
1562.767333984375,2.579869270324707,148.63526916503906,0.125,41.00200000000005,-116.80000300000015,0
1842.077880859375,9.873930931091309,85.49179077148438,0.075927734375,41.102000000000054,-116.80000300000015,0
1612.3990478515625,1.5561985969543457,96.71237182617188,0.0838623046875,41.202000000000055,-116.80000300000015,0
2283.433837890625,10.5675630569458,238.29156494140625,1.14599609375,41.302000000000056,-116.80000300000015,0
1764.2750244140625,1.443129301071167,273.35498046875,0.027099609375,41.40200000000006,-116.80000300000015,0
1666.82958984375,1.6740586757659912,223.22274780273438,0.0081787109375,41.50200000000006,-116.80000300000015,0
1635.278564453125,2.666746139526367,238.54177856445312,0.1031494140625,37.402,-116.70000300000015,0
1748.645263671875,4.289250373840332,189.13819885253906,0.0845947265625,37.502,-116.70000300000015,0
1769.432861328125,2.0028252601623535,180.62503051757812,0.0169677734375,37.602000000000004,-116.70000300000015,0
1652.10791015625,0.9836331009864807,189.93557739257812,0.0550537109375,37.702000000000005,-116.70000300000015,0
1637.5906982421875,0.22888432443141937,354.47088623046875,0.0313720703125,37.80200000000001,-116.70000300000015,0
0.0,0.0,0.0,0.0,37.90200000000001,-116.70000300000015,0
1680.5419921875,2.6078128814697266,94.67424011230469,0.151123046875,38.00200000000001,-116.70000300000015,0
0.0,0.0,0.0,0.0,38.10200000000001,-116.70000300000015,0
1853.540771484375,2.4595119953155518,182.93978881835938,0.102783203125,38.20200000000001,-116.70000300000015,0
2136.40283203125,30.050580978393555,208.2853240966797,1.26416015625,38.302000000000014,-116.70000300000015,0
2240.471435546875,27.58354949951172,148.8702392578125,0.099609375,38.402000000000015,-116.70000300000015,0
2240.796875,16.473304748535156,39.64238357543945,0.2255859375,38.50200000000002,-116.70000300000015,0
2321.929931640625,13.899083137512207,175.17384338378906,0.483642578125,38.60200000000002,-116.70000300000015,0
2228.619140625,28.74567222595215,332.7526550292969,0.95654296875,38.70200000000002,-116.70000300000015,0
2306.743896484375,5.31204080581665,121.14244079589844,0.1650390625,38.80200000000002,-116.70000300000015,0
2074.97509765625,0.6427472829818726,317.5326843261719,0.15234375,38.90200000000002,-116.70000300000015,0
2084.8427734375,1.4052951335906982,125.5469970703125,0.243408203125,39.002000000000024,-116.70000300000015,0
2146.215576171875,6.924806118011475,169.7476348876953,0.177001953125,39.102000000000025,-116.70000300000015,0
2047.579345703125,2.7426557540893555,176.6810760498047,0.1224365234375,39.20200000000003,-116.70000300000015,0
1954.473388671875,0.09922447800636292,196.96063232421875,0.0517578125,39.30200000000003,-116.70000300000015,0
1929.727783203125,0.3392183482646942,248.6926727294922,0.0828857421875,39.40200000000003,-116.70000300000015,0
1929.534912109375,0.7929583787918091,134.22537231445312,0.0374755859375,39.50200000000003,-116.70000300000015,0
2561.230712890625,18.158559799194336,190.3743438720703,0.21337890625,39.60200000000003,-116.70000300000015,0
1761.17919921875,0.6034938097000122,337.7611999511719,0.0191650390625,39.702000000000034,-116.70000300000015,0
1723.281005859375,0.0862174853682518,290.17315673828125,0.001220703125,39.802000000000035,-116.70000300000015,0
1719.0911865234375,0.28179386258125305,118.0512924194336,0.0457763671875,39.90200000000004,-116.70000300000015,0
2281.502685546875,6.032317638397217,331.70806884765625,2.171630859375,40.00200000000004,-116.70000300000015,0
1861.0709228515625,7.495992183685303,10.453819274902344,0.108642578125,40.10200000000004,-116.70000300000015,0
1476.150634765625,0.19050583243370056,186.11129760742188,0.0224609375,40.20200000000004,-116.70000300000015,0
1643.7193603515625,4.976977348327637,148.72756958007812,0.3162841796875,40.30200000000004,-116.70000300000015,0
1877.9925537109375,8.839885711669922,281.1060791015625,0.6807861328125,40.402000000000044,-116.70000300000015,0
1805.9385986328125,17.882230758666992,98.49198150634766,0.085693359375,40.502000000000045,-116.70000300000015,0
2030.728759765625,9.01508903503418,95.50904083251953,0.36181640625,40.60200000000005,-116.70000300000015,0
1391.8148193359375,1.0800113677978516,79.51764678955078,0.05712890625,40.70200000000005,-116.70000300000015,0
1819.7999267578125,5.761980056762695,332.5124816894531,0.245361328125,40.80200000000005,-116.70000300000015,0
1556.5723876953125,18.000289916992188,181.25575256347656,0.3369140625,40.90200000000005,-116.70000300000015,0
1524.7188720703125,1.5824776887893677,32.9981689453125,0.0076904296875,41.00200000000005,-116.70000300000015,0
1570.7288818359375,0.38672348856925964,93.18144226074219,0.0068359375,41.202000000000055,-116.70000300000015,0
1799.469970703125,17.344194412231445,222.0906982421875,0.0025634765625,41.302000000000056,-116.70000300000015,0
1789.2147216796875,6.323434829711914,252.46133422851562,0.0535888671875,41.40200000000006,-116.70000300000015,0
1688.0299072265625,1.893653392791748,244.6895294189453,0.08935546875,41.50200000000006,-116.70000300000015,0
1629.4666748046875,1.359807014465332,275.1749267578125,0.0203857421875,37.402,-116.60000300000016,0
1681.3641357421875,0.7190158367156982,279.9343566894531,0.005126953125,37.602000000000004,-116.60000300000016,0
1661.58056640625,0.6432597041130066,45.52085494995117,0.0323486328125,37.702000000000005,-116.60000300000016,0
1855.604736328125,5.2257843017578125,1.2444751262664795,0.0579833984375,37.90200000000001,-116.60000300000016,0
1821.2362060546875,4.544662952423096,271.9103088378906,0.6580810546875,38.00200000000001,-116.60000300000016,0
1724.6678466796875,0.5771614909172058,359.2572021484375,0.0247802734375,38.10200000000001,-116.60000300000016,0
0.0,0.0,0.0,0.0,38.20200000000001,-116.60000300000016,0
1848.927490234375,1.666242241859436,353.80108642578125,0.2447509765625,38.302000000000014,-116.60000300000016,0
1855.8592529296875,2.7419044971466064,298.8070068359375,0.078857421875,38.402000000000015,-116.60000300000016,0
1929.375,5.774155139923096,187.21607971191406,0.365478515625,38.50200000000002,-116.60000300000016,0
2214.851318359375,16.601537704467773,200.01449584960938,0.399658203125,38.60200000000002,-116.60000300000016,0
2983.53125,6.3242621421813965,11.080663681030273,0.169189453125,38.70200000000002,-116.60000300000016,0
2433.483642578125,21.268625259399414,168.07395935058594,0.565673828125,38.90200000000002,-116.60000300000016,0
2148.56298828125,6.2103776931762695,46.773681640625,0.17041015625,39.002000000000024,-116.60000300000016,0
2055.69140625,1.150861144065857,293.1702880859375,0.233642578125,39.102000000000025,-116.60000300000016,0
2087.166015625,5.389370918273926,19.47916603088379,0.024658203125,39.20200000000003,-116.60000300000016,0
2058.6435546875,1.7033849954605103,318.0728454589844,0.079833984375,39.30200000000003,-116.60000300000016,0
2015.4923095703125,5.015902996063232,358.2565612792969,0.154052734375,39.40200000000003,-116.60000300000016,0
1899.4852294921875,0.3356279134750366,202.12600708007812,0.030517578125,39.50200000000003,-116.60000300000016,0
2029.4451904296875,4.016767978668213,312.369873046875,0.832275390625,39.60200000000003,-116.60000300000016,0
2209.493408203125,22.79566764831543,127.35490417480469,0.62353515625,39.702000000000034,-116.60000300000016,0
2035.8072509765625,27.66031837463379,87.51106262207031,0.1312255859375,39.802000000000035,-116.60000300000016,0
1724.6524658203125,0.027199456468224525,122.88475799560547,0.0076904296875,39.90200000000004,-116.60000300000016,0
1715.821044921875,0.9921694397926331,327.710205078125,0.03173828125,40.00200000000004,-116.60000300000016,0
1737.418212890625,0.4686160981655121,56.43011474609375,0.0181884765625,40.10200000000004,-116.60000300000016,0
1517.016357421875,3.805591344833374,22.29833984375,0.197998046875,40.20200000000004,-116.60000300000016,0
1459.208251953125,0.5590860247612,148.22988891601562,0.020263671875,40.30200000000004,-116.60000300000016,0
1501.1177978515625,1.1537927389144897,167.98443603515625,0.0076904296875,40.402000000000044,-116.60000300000016,0
1598.9052734375,2.1750242710113525,173.44281005859375,0.0457763671875,40.502000000000045,-116.60000300000016,0
1402.92578125,0.26688703894615173,172.2405242919922,0.05419921875,40.70200000000005,-116.60000300000016,0
1414.397705078125,0.3464166522026062,45.36845016479492,0.0234375,40.80200000000005,-116.60000300000016,0
1658.2003173828125,1.551971673965454,191.14602661132812,0.2547607421875,40.90200000000005,-116.60000300000016,0
1555.6451416015625,3.2858362197875977,14.575278282165527,0.8966064453125,41.00200000000005,-116.60000300000016,0
1751.3607177734375,20.938549041748047,221.79800415039062,0.774658203125,41.102000000000054,-116.60000300000016,0
1757.7159423828125,7.542269229888916,330.6304931640625,0.1044921875,41.202000000000055,-116.60000300000016,0
1648.37939453125,1.414408564567566,204.4175567626953,0.1741943359375,41.302000000000056,-116.60000300000016,0
1953.517822265625,6.29559850692749,234.98663330078125,0.525390625,41.40200000000006,-116.60000300000016,0
1673.5938720703125,0.4720432460308075,248.46487426757812,0.0037841796875,41.50200000000006,-116.60000300000016,0
