{
"type": "FeatureCollection",
"name": "units",
"crs": { "type": "name", "properties": { "name": "urn:ogc:def:crs:OGC:1.3:CRS84" } },
"xy_coordinate_resolution": 0.0001,
"features": [
{ "type": "Feature", "properties": { "tier": "A", "name": "Augusta Mountain Formation" }, "geometry": { "type": "MultiPolygon", "coordinates": [ [ [ [ -117.4922, 39.6121 ], [ -117.4857, 39.6069 ], [ -117.4891, 39.6043 ], [ -117.4995, 39.6095 ], [ -117.5042, 39.6092 ], [ -117.5125, 39.6126 ], [ -117.5154, 39.6155 ], [ -117.5125, 39.6172 ], [ -117.5132, 39.6192 ], [ -117.5154, 39.6203 ], [ -117.5125, 39.6224 ], [ -117.4996, 39.6218 ], [ -117.4931, 39.6173 ], [ -117.4922, 39.6121 ] ] ], [ [ [ -117.5018, 39.6692 ], [ -117.5013, 39.6652 ], [ -117.5053, 39.6586 ], [ -117.5038, 39.6516 ], [ -117.5062, 39.6453 ], [ -117.5096, 39.6407 ], [ -117.5082, 39.6371 ], [ -117.5091, 39.6323 ], [ -117.5113, 39.6273 ], [ -117.5144, 39.6251 ], [ -117.5179, 39.6383 ], [ -117.5242, 39.6468 ], [ -117.5222, 39.6499 ], [ -117.5177, 39.6516 ], [ -117.5142, 39.6557 ], [ -117.5135, 39.6632 ], [ -117.5186, 39.6677 ], [ -117.5188, 39.6704 ], [ -117.5147, 39.6796 ], [ -117.5085, 39.6824 ], [ -117.5038, 39.6808 ], [ -117.4997, 39.6772 ], [ -117.4992, 39.6753 ], [ -117.5018, 39.6692 ] ] ], [ [ [ -117.5285, 39.7416 ], [ -117.5268, 39.7442 ], [ -117.529, 39.7491 ], [ -117.5201, 39.7609 ], [ -117.5188, 39.7481 ], [ -117.5207, 39.7392 ], [ -117.5234, 39.741 ], [ -117.5285, 39.7416 ] ] ], [ [ [ -117.5159, 39.7818 ], [ -117.5196, 39.7803 ], [ -117.524, 39.7832 ], [ -117.5225, 39.7935 ], [ -117.5158, 39.7857 ], [ -117.5159, 39.7818 ] ] ], [ [ [ -117.574, 39.9292 ], [ -117.5728, 39.9188 ], [ -117.5863, 39.9205 ], [ -117.5848, 39.9246 ], [ -117.5774, 39.9269 ], [ -117.5756, 39.9289 ], [ -117.5755, 39.9326 ], [ -117.573, 39.9369 ], [ -117.5775, 39.9393 ], [ -117.5745, 39.9407 ], [ -117.5722, 39.9393 ], [ -117.567, 39.941 ], [ -117.565, 39.9398 ], [ -117.5724, 39.9323 ], [ -117.574, 39.9292 ] ] ], [ [ [ -117.5094, 40.031 ], [ -117.5081, 40.0197 ], [ -117.5034, 40.0177 ], [ -117.5045, 40.0158 ], [ -117.5168, 40.0111 ], [ -117.5034, 40.0112 ], [ -117.4959, 40.0098 ], [ -117.5018, 40.0061 ], [ -117.5014, 40.0049 ], [ -117.5047, 40.0015 ], [ -117.5064, 40.0014 ], [ -117.5104, 39.9872 ], [ -117.5164, 39.9812 ], [ -117.5185, 39.9774 ], [ -117.5223, 39.9759 ], [ -117.5241, 39.9729 ], [ -117.5264, 39.9751 ], [ -117.5311, 39.9739 ], [ -117.5327, 39.9701 ], [ -117.5326, 39.9637 ], [ -117.5355, 39.9582 ], [ -117.5363, 39.9462 ], [ -117.5356, 39.9444 ], [ -117.5291, 39.9432 ], [ -117.5177, 39.9385 ], [ -117.5145, 39.9384 ], [ -117.5136, 39.9395 ], [ -117.5144, 39.9444 ], [ -117.5081, 39.946 ], [ -117.5075, 39.9476 ], [ -117.5103, 39.9498 ], [ -117.5228, 39.949 ], [ -117.5238, 39.9505 ], [ -117.5129, 39.9591 ], [ -117.5106, 39.9591 ], [ -117.5049, 39.9431 ], [ -117.5057, 39.9267 ], [ -117.5163, 39.9051 ], [ -117.5128, 39.8897 ], [ -117.5143, 39.886 ], [ -117.5125, 39.8847 ], [ -117.5121, 39.8824 ], [ -117.5164, 39.8799 ], [ -117.5089, 39.8765 ], [ -117.5035, 39.8601 ], [ -117.5154, 39.8498 ], [ -117.5162, 39.8456 ], [ -117.5147, 39.8392 ], [ -117.5177, 39.8376 ], [ -117.5193, 39.8327 ], [ -117.523, 39.8355 ], [ -117.522, 39.8401 ], [ -117.523, 39.8471 ], [ -117.5322, 39.8648 ], [ -117.5306, 39.8663 ], [ -117.5313, 39.8763 ], [ -117.5292, 39.8831 ], [ -117.5314, 39.8927 ], [ -117.5294, 39.9049 ], [ -117.5311, 39.9108 ], [ -117.5364, 39.9203 ], [ -117.5342, 39.9285 ], [ -117.5361, 39.9374 ], [ -117.5392, 39.9434 ], [ -117.5467, 39.9477 ], [ -117.5498, 39.9626 ], [ -117.5613, 39.9662 ], [ -117.5466, 39.9676 ], [ -117.5478, 39.9879 ], [ -117.5457, 39.9855 ], [ -117.5463, 39.9825 ], [ -117.5401, 39.9789 ], [ -117.5369, 39.983 ], [ -117.5348, 39.9836 ], [ -117.5335, 39.9865 ], [ -117.5303, 39.9876 ], [ -117.5306, 39.9903 ], [ -117.5283, 39.9957 ], [ -117.53, 39.9981 ], [ -117.5346, 39.9995 ], [ -117.5356, 40.0009 ], [ -117.5326, 40.0039 ], [ -117.5328, 40.0085 ], [ -117.5297, 40.0113 ], [ -117.5299, 40.0146 ], [ -117.5272, 40.0162 ], [ -117.5263, 40.0183 ], [ -117.5277, 40.0205 ], [ -117.5343, 40.022 ], [ -117.522, 40.0459 ], [ -117.5194, 40.0477 ], [ -117.5169, 40.0466 ], [ -117.5174, 40.0416 ], [ -117.5202, 40.0377 ], [ -117.5094, 40.031 ] ] ], [ [ [ -117.5801, 39.9465 ], [ -117.5755, 39.9454 ], [ -117.5742, 39.942 ], [ -117.5793, 39.9407 ], [ -117.5814, 39.9416 ], [ -117.5801, 39.9465 ] ] ], [ [ [ -117.5567, 40.003 ], [ -117.5747, 39.9952 ], [ -117.5724, 40.0031 ], [ -117.5567, 40.003 ] ] ], [ [ [ -117.4448, 39.57 ], [ -117.4486, 39.5694 ], [ -117.4502, 39.5705 ], [ -117.45, 39.5759 ], [ -117.453, 39.578 ], [ -117.4505, 39.5787 ], [ -117.4486, 39.5758 ], [ -117.444, 39.5726 ], [ -117.4448, 39.57 ] ] ], [ [ [ -117.4687, 39.5916 ], [ -117.4728, 39.5936 ], [ -117.4735, 39.5905 ], [ -117.4759, 39.5899 ], [ -117.4761, 39.5961 ], [ -117.4744, 39.6009 ], [ -117.4711, 39.6006 ], [ -117.4676, 39.5934 ], [ -117.4687, 39.5916 ] ] ], [ [ [ -117.1641, 40.0814 ], [ -117.1618, 40.0811 ], [ -117.1611, 40.0791 ], [ -117.165, 40.0791 ], [ -117.1641, 40.0814 ] ] ], [ [ [ -117.1997, 40.3313 ], [ -117.1968, 40.3324 ], [ -117.196, 40.3299 ], [ -117.1985, 40.3222 ], [ -117.2025, 40.3219 ], [ -117.2007, 40.3281 ], [ -117.2048, 40.3298 ], [ -117.2107, 40.3353 ], [ -117.2203, 40.3365 ], [ -117.2269, 40.3411 ], [ -117.2324, 40.3401 ], [ -117.2347, 40.3298 ], [ -117.2437, 40.3314 ], [ -117.245, 40.3342 ], [ -117.2495, 40.3369 ], [ -117.2505, 40.3393 ], [ -117.2587, 40.3387 ], [ -117.2613, 40.3399 ], [ -117.2555, 40.344 ], [ -117.2544, 40.3488 ], [ -117.246, 40.351 ], [ -117.2338, 40.3497 ], [ -117.2309, 40.3513 ], [ -117.2287, 40.3502 ], [ -117.2274, 40.3473 ], [ -117.2204, 40.3426 ], [ -117.2133, 40.3419 ], [ -117.2075, 40.3379 ], [ -117.2028, 40.338 ], [ -117.2009, 40.3365 ], [ -117.2025, 40.3351 ], [ -117.1997, 40.3313 ] ] ], [ [ [ -117.2601, 40.3496 ], [ -117.2576, 40.3503 ], [ -117.2579, 40.3448 ], [ -117.2603, 40.3463 ], [ -117.2601, 40.3496 ] ] ], [ [ [ -117.2655, 40.3503 ], [ -117.2649, 40.3551 ], [ -117.2637, 40.355 ], [ -117.2613, 40.3512 ], [ -117.2655, 40.3503 ] ] ], [ [ [ -117.2077, 40.3567 ], [ -117.2095, 40.3554 ], [ -117.2001, 40.3584 ], [ -117.1977, 40.3568 ], [ -117.1964, 40.354 ], [ -117.1981, 40.3493 ], [ -117.2041, 40.3449 ], [ -117.2067, 40.3457 ], [ -117.2078, 40.3484 ], [ -117.2166, 40.3487 ], [ -117.2139, 40.3514 ], [ -117.2174, 40.3546 ], [ -117.2169, 40.3587 ], [ -117.2129, 40.3616 ], [ -117.2163, 40.363 ], [ -117.2166, 40.3649 ], [ -117.2204, 40.3679 ], [ -117.2167, 40.3691 ], [ -117.2102, 40.3664 ], [ -117.2068, 40.3666 ], [ -117.2068, 40.3624 ], [ -117.2033, 40.3625 ], [ -117.2065, 40.3607 ], [ -117.2077, 40.3567 ] ] ], [ [ [ -117.2042, 40.3732 ], [ -117.193, 40.3734 ], [ -117.1926, 40.3703 ], [ -117.1894, 40.3671 ], [ -117.1919, 40.3663 ], [ -117.1962, 40.3685 ], [ -117.1981, 40.3678 ], [ -117.1988, 40.3706 ], [ -117.2036, 40.3714 ], [ -117.2042, 40.3732 ] ] ] ] } },
{ "type": "Feature", "properties": { "tier": "A", "name": "Cane Sp., Augusta Mtn. Frm.; limest., dolom., shal" }, "geometry": { "type": "MultiPolygon", "coordinates": [ [ [ [ -117.5268, 40.0466 ], [ -117.522, 40.0459 ], [ -117.5343, 40.022 ], [ -117.5418, 40.003 ], [ -117.5783, 40.0032 ], [ -117.5873, 40.0008 ], [ -117.5896, 40.0014 ], [ -117.5869, 40.0055 ], [ -117.5783, 40.0067 ], [ -117.5946, 40.0106 ], [ -117.5984, 40.022 ], [ -117.5969, 40.0266 ], [ -117.5929, 40.0286 ], [ -117.5892, 40.0281 ], [ -117.5884, 40.0304 ], [ -117.5841, 40.0339 ], [ -117.5773, 40.0341 ], [ -117.5731, 40.0322 ], [ -117.5725, 40.0293 ], [ -117.5691, 40.0344 ], [ -117.5644, 40.0354 ], [ -117.5601, 40.0293 ], [ -117.5659, 40.0312 ], [ -117.5698, 40.0292 ], [ -117.5693, 40.0269 ], [ -117.5593, 40.024 ], [ -117.5583, 40.0268 ], [ -117.5557, 40.0289 ], [ -117.5583, 40.0346 ], [ -117.5565, 40.0373 ], [ -117.5543, 40.0377 ], [ -117.5524, 40.0399 ], [ -117.5483, 40.0399 ], [ -117.5549, 40.0443 ], [ -117.5507, 40.0498 ], [ -117.551, 40.0522 ], [ -117.5494, 40.0519 ], [ -117.5463, 40.0476 ], [ -117.5424, 40.0471 ], [ -117.5444, 40.0426 ], [ -117.54, 40.0393 ], [ -117.5381, 40.0415 ], [ -117.5348, 40.0359 ], [ -117.5324, 40.0362 ], [ -117.5314, 40.0381 ], [ -117.53, 40.0446 ], [ -117.5334, 40.048 ], [ -117.531, 40.0515 ], [ -117.5268, 40.0466 ] ] ], [ [ [ -117.5672, 40.0452 ], [ -117.5722, 40.0502 ], [ -117.5699, 40.051 ], [ -117.5663, 40.0603 ], [ -117.5642, 40.0603 ], [ -117.5619, 40.0571 ], [ -117.5586, 40.0569 ], [ -117.5664, 40.05 ], [ -117.5672, 40.0452 ] ] ], [ [ [ -117.7018, 40.507 ], [ -117.6997, 40.5077 ], [ -117.6983, 40.5046 ], [ -117.7031, 40.5005 ], [ -117.7018, 40.507 ] ] ], [ [ [ -117.4868, 40.5371 ], [ -117.486, 40.5389 ], [ -117.4832, 40.5373 ], [ -117.4808, 40.5377 ], [ -117.4799, 40.5344 ], [ -117.4851, 40.5353 ], [ -117.4868, 40.5371 ] ] ], [ [ [ -117.4921, 40.5425 ], [ -117.488, 40.5403 ], [ -117.49, 40.538 ], [ -117.4935, 40.5401 ], [ -117.4941, 40.5419 ], [ -117.4921, 40.5425 ] ] ], [ [ [ -117.4881, 40.5475 ], [ -117.4946, 40.5513 ], [ -117.4925, 40.5542 ], [ -117.4878, 40.5522 ], [ -117.4846, 40.5528 ], [ -117.4902, 40.5546 ], [ -117.4938, 40.5579 ], [ -117.4912, 40.5595 ], [ -117.4936, 40.5616 ], [ -117.4935, 40.5703 ], [ -117.4894, 40.563 ], [ -117.483, 40.5572 ], [ -117.483, 40.5496 ], [ -117.4881, 40.5475 ] ] ], [ [ [ -117.5985, 40.5705 ], [ -117.5885, 40.5713 ], [ -117.5857, 40.5694 ], [ -117.5983, 40.5668 ], [ -117.5985, 40.5705 ] ] ], [ [ [ -117.606, 40.5679 ], [ -117.6072, 40.5766 ], [ -117.6054, 40.5793 ], [ -117.6011, 40.5767 ], [ -117.6036, 40.5754 ], [ -117.6041, 40.57 ], [ -117.606, 40.5679 ] ] ], [ [ [ -117.6156, 40.5845 ], [ -117.6138, 40.5809 ], [ -117.6109, 40.5804 ], [ -117.611, 40.5795 ], [ -117.6168, 40.5789 ], [ -117.6156, 40.5845 ] ] ], [ [ [ -117.5177, 40.594 ], [ -117.5132, 40.5923 ], [ -117.5125, 40.5881 ], [ -117.5144, 40.5838 ], [ -117.5184, 40.5825 ], [ -117.5209, 40.5787 ], [ -117.5185, 40.5768 ], [ -117.5183, 40.5742 ], [ -117.5223, 40.5742 ], [ -117.5268, 40.5721 ], [ -117.5263, 40.5756 ], [ -117.5301, 40.5751 ], [ -117.5364, 40.5765 ], [ -117.5361, 40.5787 ], [ -117.5423, 40.577 ], [ -117.5409, 40.579 ], [ -117.542, 40.5828 ], [ -117.5396, 40.5835 ], [ -117.5364, 40.5818 ], [ -117.5298, 40.5854 ], [ -117.5283, 40.5955 ], [ -117.5271, 40.5962 ], [ -117.5266, 40.5934 ], [ -117.5193, 40.5962 ], [ -117.5177, 40.594 ] ] ], [ [ [ -117.4783, 40.5952 ], [ -117.4782, 40.5965 ], [ -117.482, 40.598 ], [ -117.4817, 40.6009 ], [ -117.4731, 40.5971 ], [ -117.4828, 40.5906 ], [ -117.4822, 40.5964 ], [ -117.481, 40.5948 ], [ -117.4783, 40.5952 ] ] ], [ [ [ -117.4089, 40.5542 ], [ -117.3945, 40.5666 ], [ -117.3904, 40.566 ], [ -117.3903, 40.559 ], [ -117.396, 40.5535 ], [ -117.4048, 40.5504 ], [ -117.4089, 40.5512 ], [ -117.4089, 40.5542 ] ] ], [ [ [ -117.3913, 40.5741 ], [ -117.3935, 40.5719 ], [ -117.3971, 40.5735 ], [ -117.3953, 40.5758 ], [ -117.3913, 40.5741 ] ] ], [ [ [ -117.386, 40.5826 ], [ -117.3831, 40.5802 ], [ -117.3838, 40.5793 ], [ -117.3947, 40.581 ], [ -117.3951, 40.5846 ], [ -117.3904, 40.5879 ], [ -117.3864, 40.5847 ], [ -117.386, 40.5826 ] ] ], [ [ [ -117.4074, 40.6308 ], [ -117.4047, 40.6278 ], [ -117.4024, 40.6275 ], [ -117.3971, 40.6233 ], [ -117.3969, 40.6159 ], [ -117.394, 40.62 ], [ -117.3918, 40.62 ], [ -117.391, 40.6183 ], [ -117.3886, 40.6193 ], [ -117.3852, 40.6122 ], [ -117.3886, 40.612 ], [ -117.3897, 40.6087 ], [ -117.3931, 40.611 ], [ -117.3991, 40.6117 ], [ -117.4014, 40.6151 ], [ -117.4024, 40.6122 ], [ -117.4037, 40.6117 ], [ -117.4097, 40.618 ], [ -117.4124, 40.6165 ], [ -117.4165, 40.6191 ], [ -117.4229, 40.629 ], [ -117.4246, 40.6241 ], [ -117.4208, 40.6199 ], [ -117.4225, 40.616 ], [ -117.4168, 40.6165 ], [ -117.4144, 40.6148 ], [ -117.4172, 40.6119 ], [ -117.4276, 40.6069 ], [ -117.4248, 40.6043 ], [ -117.4217, 40.6078 ], [ -117.4204, 40.6059 ], [ -117.4155, 40.6048 ], [ -117.4139, 40.6017 ], [ -117.4164, 40.5981 ], [ -117.4095, 40.5974 ], [ -117.4091, 40.5992 ], [ -117.407, 40.5979 ], [ -117.4041, 40.5919 ], [ -117.4016, 40.5902 ], [ -117.4029, 40.5875 ], [ -117.4062, 40.5881 ], [ -117.4077, 40.5918 ], [ -117.4097, 40.5934 ], [ -117.41, 40.5892 ], [ -117.4155, 40.5896 ], [ -117.418, 40.5821 ], [ -117.4149, 40.584 ], [ -117.4152, 40.5769 ], [ -117.4198, 40.5748 ], [ -117.4198, 40.5756 ], [ -117.4285, 40.5684 ], [ -117.4335, 40.5688 ], [ -117.4368, 40.5748 ], [ -117.44, 40.5739 ], [ -117.4474, 40.5761 ], [ -117.4417, 40.5685 ], [ -117.4412, 40.5662 ], [ -117.4415, 40.5647 ], [ -117.4478, 40.5618 ], [ -117.451, 40.558 ], [ -117.4509, 40.5554 ], [ -117.4569, 40.5583 ], [ -117.4609, 40.5568 ], [ -117.467, 40.5573 ], [ -117.4654, 40.5617 ], [ -117.4676, 40.5644 ], [ -117.4678, 40.5694 ], [ -117.4696, 40.5709 ], [ -117.4692, 40.5762 ], [ -117.4737, 40.5772 ], [ -117.4728, 40.5848 ], [ -117.4698, 40.5908 ], [ -117.4677, 40.5908 ], [ -117.4652, 40.5877 ], [ -117.4622, 40.593 ], [ -117.4627, 40.5946 ], [ -117.4609, 40.5955 ], [ -117.4653, 40.5963 ], [ -117.4667, 40.5986 ], [ -117.4594, 40.6021 ], [ -117.4622, 40.6055 ], [ -117.46, 40.6098 ], [ -117.4544, 40.6126 ], [ -117.454, 40.6113 ], [ -117.451, 40.6125 ], [ -117.4511, 40.6157 ], [ -117.4537, 40.6186 ], [ -117.4529, 40.6208 ], [ -117.4473, 40.6158 ], [ -117.4478, 40.6098 ], [ -117.4446, 40.6112 ], [ -117.4419, 40.6177 ], [ -117.4387, 40.6188 ], [ -117.4335, 40.6235 ], [ -117.4322, 40.6238 ], [ -117.4326, 40.6222 ], [ -117.4285, 40.6241 ], [ -117.4234, 40.6343 ], [ -117.4223, 40.6348 ], [ -117.4214, 40.6333 ], [ -117.4184, 40.6345 ], [ -117.4171, 40.633 ], [ -117.4162, 40.6342 ], [ -117.4124, 40.6312 ], [ -117.4074, 40.6308 ] ] ], [ [ [ -117.394, 40.6012 ], [ -117.3912, 40.5979 ], [ -117.3914, 40.595 ], [ -117.394, 40.5935 ], [ -117.3998, 40.5942 ], [ -117.4006, 40.597 ], [ -117.404, 40.6 ], [ -117.4026, 40.6013 ], [ -117.3994, 40.601 ], [ -117.3998, 40.5988 ], [ -117.3966, 40.6013 ], [ -117.394, 40.6012 ] ] ], [ [ [ -117.413, 40.6122 ], [ -117.4103, 40.6118 ], [ -117.408, 40.6095 ], [ -117.4208, 40.6087 ], [ -117.413, 40.6122 ] ] ], [ [ [ -117.4738, 40.6103 ], [ -117.4746, 40.6132 ], [ -117.4735, 40.6144 ], [ -117.4718, 40.6127 ], [ -117.4676, 40.6119 ], [ -117.4587, 40.617 ], [ -117.4555, 40.6176 ], [ -117.4649, 40.6097 ], [ -117.4697, 40.6033 ], [ -117.4718, 40.6039 ], [ -117.4752, 40.6099 ], [ -117.4738, 40.6103 ] ] ], [ [ [ -117.3182, 40.6339 ], [ -117.3167, 40.6323 ], [ -117.3205, 40.6289 ], [ -117.3212, 40.6319 ], [ -117.3182, 40.6339 ] ] ], [ [ [ -117.3958, 40.6737 ], [ -117.396, 40.6661 ], [ -117.3975, 40.664 ], [ -117.4033, 40.6648 ], [ -117.4061, 40.6609 ], [ -117.4139, 40.6579 ], [ -117.4157, 40.6559 ], [ -117.4172, 40.66 ], [ -117.4159, 40.6638 ], [ -117.4185, 40.6733 ], [ -117.4162, 40.6732 ], [ -117.4138, 40.6709 ], [ -117.4098, 40.6733 ], [ -117.3958, 40.6737 ] ] ], [ [ [ -117.3597, 40.661 ], [ -117.3635, 40.6609 ], [ -117.3635, 40.6562 ], [ -117.3693, 40.653 ], [ -117.3788, 40.664 ], [ -117.3837, 40.6571 ], [ -117.3832, 40.6511 ], [ -117.3862, 40.6495 ], [ -117.3882, 40.6508 ], [ -117.3892, 40.6578 ], [ -117.3921, 40.6592 ], [ -117.3915, 40.6635 ], [ -117.3938, 40.6641 ], [ -117.3902, 40.6701 ], [ -117.3856, 40.6699 ], [ -117.3814, 40.6658 ], [ -117.3786, 40.6652 ], [ -117.3746, 40.6687 ], [ -117.3622, 40.6721 ], [ -117.3614, 40.6732 ], [ -117.3633, 40.6793 ], [ -117.3603, 40.6814 ], [ -117.3598, 40.6779 ], [ -117.3572, 40.6762 ], [ -117.3595, 40.6735 ], [ -117.3593, 40.6693 ], [ -117.3558, 40.6708 ], [ -117.3536, 40.6656 ], [ -117.3597, 40.661 ] ] ], [ [ [ -117.3455, 40.6796 ], [ -117.3504, 40.6768 ], [ -117.3529, 40.6797 ], [ -117.3515, 40.6829 ], [ -117.3477, 40.6835 ], [ -117.3448, 40.682 ], [ -117.3455, 40.6796 ] ] ] ] } },
{ "type": "Feature", "properties": { "tier": "A", "name": "Cane Spring Formation" }, "geometry": { "type": "MultiPolygon", "coordinates": [ [ [ [ -117.5498, 39.9626 ], [ -117.5471, 39.9485 ], [ -117.5389, 39.943 ], [ -117.5368, 39.9398 ], [ -117.5343, 39.9275 ], [ -117.5365, 39.9208 ], [ -117.5311, 39.9108 ], [ -117.5294, 39.9049 ], [ -117.5314, 39.8939 ], [ -117.5296, 39.8807 ], [ -117.5313, 39.8763 ], [ -117.5333, 39.8774 ], [ -117.5359, 39.8747 ], [ -117.5407, 39.8868 ], [ -117.5437, 39.8911 ], [ -117.5426, 39.8942 ], [ -117.5482, 39.9106 ], [ -117.5457, 39.9253 ], [ -117.5463, 39.9344 ], [ -117.549, 39.9398 ], [ -117.5491, 39.9336 ], [ -117.5513, 39.9332 ], [ -117.5654, 39.9389 ], [ -117.565, 39.9398 ], [ -117.567, 39.941 ], [ -117.5691, 39.9499 ], [ -117.5694, 39.9672 ], [ -117.5799, 39.9691 ], [ -117.5747, 39.9952 ], [ -117.5708, 39.9981 ], [ -117.5567, 40.003 ], [ -117.5418, 40.003 ], [ -117.5343, 40.022 ], [ -117.5286, 40.0209 ], [ -117.5265, 40.0191 ], [ -117.5265, 40.0172 ], [ -117.5299, 40.0146 ], [ -117.5297, 40.0113 ], [ -117.5328, 40.0085 ], [ -117.5326, 40.0039 ], [ -117.5356, 40.0009 ], [ -117.5346, 39.9995 ], [ -117.53, 39.9981 ], [ -117.5283, 39.9957 ], [ -117.5306, 39.9903 ], [ -117.5303, 39.9876 ], [ -117.5335, 39.9865 ], [ -117.5348, 39.9836 ], [ -117.5369, 39.983 ], [ -117.5401, 39.9789 ], [ -117.5463, 39.9825 ], [ -117.5457, 39.9855 ], [ -117.5478, 39.9879 ], [ -117.5466, 39.9676 ], [ -117.5613, 39.9662 ], [ -117.5498, 39.9626 ] ] ], [ [ [ -117.6086, 39.9514 ], [ -117.6171, 39.9635 ], [ -117.617, 39.9658 ], [ -117.6135, 39.9688 ], [ -117.6139, 39.97 ], [ -117.6248, 39.9675 ], [ -117.6245, 39.9693 ], [ -117.6199, 39.9738 ], [ -117.6136, 39.9754 ], [ -117.6118, 39.9736 ], [ -117.6072, 39.9724 ], [ -117.6035, 39.9674 ], [ -117.5999, 39.9682 ], [ -117.5988, 39.9661 ], [ -117.6045, 39.9614 ], [ -117.6038, 39.9583 ], [ -117.6062, 39.9577 ], [ -117.6047, 39.952 ], [ -117.6086, 39.9514 ] ] ], [ [ [ -117.579, 39.9912 ], [ -117.5831, 39.9886 ], [ -117.5783, 40.0032 ], [ -117.5724, 40.0031 ], [ -117.5742, 39.9971 ], [ -117.579, 39.9912 ] ] ], [ [ [ -117.1937, 40.3072 ], [ -117.1913, 40.3086 ], [ -117.1893, 40.3079 ], [ -117.1928, 40.3059 ], [ -117.1937, 40.3072 ] ] ], [ [ [ -117.2141, 40.3088 ], [ -117.224, 40.3127 ], [ -117.2178, 40.3175 ], [ -117.2177, 40.3153 ], [ -117.2157, 40.3161 ], [ -117.2145, 40.3144 ], [ -117.2026, 40.3173 ], [ -117.2023, 40.3159 ], [ -117.206, 40.3142 ], [ -117.2045, 40.3134 ], [ -117.2083, 40.3088 ], [ -117.2067, 40.3072 ], [ -117.204, 40.311 ], [ -117.2008, 40.3125 ], [ -117.1959, 40.3177 ], [ -117.1933, 40.3166 ], [ -117.1934, 40.3134 ], [ -117.1952, 40.3127 ], [ -117.198, 40.3082 ], [ -117.2039, 40.3067 ], [ -117.2024, 40.305 ], [ -117.2037, 40.3038 ], [ -117.2085, 40.3041 ], [ -117.2112, 40.3019 ], [ -117.2141, 40.3088 ] ] ], [ [ [ -117.1954, 40.3262 ], [ -117.1955, 40.3241 ], [ -117.1985, 40.3222 ], [ -117.1969, 40.3278 ], [ -117.1954, 40.3262 ] ] ], [ [ [ -117.22, 40.3229 ], [ -117.2287, 40.3195 ], [ -117.2314, 40.3252 ], [ -117.2345, 40.3278 ], [ -117.2357, 40.3248 ], [ -117.2375, 40.3255 ], [ -117.2396, 40.3274 ], [ -117.2394, 40.3301 ], [ -117.2429, 40.33 ], [ -117.2445, 40.3272 ], [ -117.2493, 40.3252 ], [ -117.2535, 40.3263 ], [ -117.2553, 40.3295 ], [ -117.2583, 40.3298 ], [ -117.2596, 40.332 ], [ -117.2607, 40.331 ], [ -117.2608, 40.3246 ], [ -117.2639, 40.3234 ], [ -117.2719, 40.3295 ], [ -117.2718, 40.3338 ], [ -117.2737, 40.3366 ], [ -117.271, 40.3394 ], [ -117.2676, 40.3406 ], [ -117.2587, 40.3387 ], [ -117.251, 40.3395 ], [ -117.2495, 40.3369 ], [ -117.2529, 40.3359 ], [ -117.2494, 40.3313 ], [ -117.2477, 40.3316 ], [ -117.2472, 40.3349 ], [ -117.2459, 40.3348 ], [ -117.2433, 40.3312 ], [ -117.2401, 40.3315 ], [ -117.2347, 40.3298 ], [ -117.2324, 40.3401 ], [ -117.2269, 40.3411 ], [ -117.2203, 40.3365 ], [ -117.2107, 40.3353 ], [ -117.2048, 40.3298 ], [ -117.2007, 40.3281 ], [ -117.2025, 40.3219 ], [ -117.2142, 40.3212 ], [ -117.22, 40.3229 ] ], [ [ -117.2271, 40.3221 ], [ -117.2226, 40.3235 ], [ -117.2202, 40.3286 ], [ -117.2266, 40.3257 ], [ -117.2279, 40.323 ], [ -117.2271, 40.3221 ] ] ] ] } },
{ "type": "Feature", "properties": { "tier": "A", "name": "Favret Formation" }, "geometry": { "type": "MultiPolygon", "coordinates": [ [ [ [ -117.4429, 39.5724 ], [ -117.4486, 39.5758 ], [ -117.4505, 39.5787 ], [ -117.4479, 39.5784 ], [ -117.4429, 39.5724 ] ] ], [ [ [ -117.4699, 39.6005 ], [ -117.4634, 39.5904 ], [ -117.4677, 39.5925 ], [ -117.4711, 39.6006 ], [ -117.4699, 39.6005 ] ] ], [ [ [ -117.4803, 39.6061 ], [ -117.4857, 39.6069 ], [ -117.4922, 39.6121 ], [ -117.4931, 39.6173 ], [ -117.4996, 39.6218 ], [ -117.4918, 39.6221 ], [ -117.489, 39.6182 ], [ -117.4889, 39.6123 ], [ -117.4803, 39.6061 ] ] ], [ [ [ -117.5019, 39.6599 ], [ -117.5013, 39.6501 ], [ -117.5059, 39.6417 ], [ -117.5068, 39.6338 ], [ -117.5125, 39.6224 ], [ -117.5135, 39.6224 ], [ -117.5144, 39.6251 ], [ -117.5113, 39.6273 ], [ -117.5082, 39.636 ], [ -117.5093, 39.6415 ], [ -117.5062, 39.6453 ], [ -117.5038, 39.6516 ], [ -117.5054, 39.658 ], [ -117.5013, 39.6652 ], [ -117.5016, 39.671 ], [ -117.4992, 39.6753 ], [ -117.4996, 39.677 ], [ -117.4964, 39.6765 ], [ -117.5019, 39.6599 ] ] ], [ [ [ -117.5036, 39.7394 ], [ -117.4962, 39.7423 ], [ -117.492, 39.7443 ], [ -117.498, 39.7376 ], [ -117.5036, 39.7375 ], [ -117.5036, 39.7394 ] ] ], [ [ [ -117.4926, 39.8666 ], [ -117.4952, 39.8632 ], [ -117.4954, 39.8606 ], [ -117.4917, 39.8525 ], [ -117.4948, 39.855 ], [ -117.4969, 39.8596 ], [ -117.5036, 39.861 ], [ -117.508, 39.8736 ], [ -117.5031, 39.8697 ], [ -117.4962, 39.8672 ], [ -117.4946, 39.8674 ], [ -117.4939, 39.8701 ], [ -117.4926, 39.8666 ] ] ], [ [ [ -117.2058, 40.3818 ], [ -117.2043, 40.3809 ], [ -117.2076, 40.3777 ], [ -117.2097, 40.3786 ], [ -117.2058, 40.3818 ] ] ] ] } },
{ "type": "Feature", "properties": { "tier": "A", "name": "Favret Frm.; limestone, shale" }, "geometry": { "type": "MultiPolygon", "coordinates": [ [ [ [ -117.5725, 40.0293 ], [ -117.5731, 40.0322 ], [ -117.57, 40.0364 ], [ -117.5667, 40.0368 ], [ -117.5644, 40.0354 ], [ -117.5691, 40.0344 ], [ -117.5725, 40.0293 ] ] ], [ [ [ -117.5959, 40.1228 ], [ -117.596, 40.1192 ], [ -117.5973, 40.1175 ], [ -117.5996, 40.1197 ], [ -117.6003, 40.1176 ], [ -117.6052, 40.1242 ], [ -117.6082, 40.1255 ], [ -117.6, 40.1256 ], [ -117.602, 40.128 ], [ -117.6011, 40.1299 ], [ -117.5997, 40.128 ], [ -117.5954, 40.1274 ], [ -117.591, 40.125 ], [ -117.5925, 40.1225 ], [ -117.5959, 40.1228 ] ] ], [ [ [ -117.5863, 40.1534 ], [ -117.5925, 40.1526 ], [ -117.5935, 40.1559 ], [ -117.5951, 40.1527 ], [ -117.5972, 40.1572 ], [ -117.5943, 40.1633 ], [ -117.5944, 40.1679 ], [ -117.5923, 40.171 ], [ -117.5848, 40.1641 ], [ -117.5828, 40.1595 ], [ -117.5852, 40.1569 ], [ -117.5863, 40.1534 ] ] ], [ [ [ -117.624, 40.1804 ], [ -117.6215, 40.1833 ], [ -117.6177, 40.1831 ], [ -117.6179, 40.1779 ], [ -117.6219, 40.173 ], [ -117.624, 40.1804 ] ] ], [ [ [ -117.6522, 40.1892 ], [ -117.6573, 40.1851 ], [ -117.6627, 40.19 ], [ -117.6615, 40.1954 ], [ -117.6543, 40.1957 ], [ -117.6478, 40.1934 ], [ -117.6474, 40.1909 ], [ -117.6483, 40.1897 ], [ -117.6509, 40.1919 ], [ -117.6522, 40.1892 ] ], [ [ -117.6571, 40.1918 ], [ -117.656, 40.1907 ], [ -117.6551, 40.1918 ], [ -117.6555, 40.1924 ], [ -117.6571, 40.1918 ] ], [ [ -117.6597, 40.193 ], [ -117.6593, 40.1913 ], [ -117.6584, 40.1931 ], [ -117.6597, 40.193 ] ] ], [ [ [ -117.6341, 40.2041 ], [ -117.6393, 40.202 ], [ -117.6367, 40.205 ], [ -117.6389, 40.2062 ], [ -117.6371, 40.2092 ], [ -117.6318, 40.2084 ], [ -117.6353, 40.2069 ], [ -117.6341, 40.2041 ] ] ], [ [ [ -117.5713, 40.208 ], [ -117.5725, 40.2099 ], [ -117.5743, 40.2081 ], [ -117.5761, 40.2086 ], [ -117.5739, 40.2113 ], [ -117.5688, 40.2103 ], [ -117.5658, 40.2117 ], [ -117.5646, 40.2106 ], [ -117.5647, 40.2088 ], [ -117.5713, 40.208 ] ] ], [ [ [ -117.5545, 40.0435 ], [ -117.5488, 40.0409 ], [ -117.5484, 40.0395 ], [ -117.553, 40.0396 ], [ -117.5583, 40.0346 ], [ -117.5644, 40.0378 ], [ -117.5603, 40.0412 ], [ -117.5638, 40.0426 ], [ -117.5648, 40.0454 ], [ -117.5618, 40.047 ], [ -117.5599, 40.0499 ], [ -117.5538, 40.0467 ], [ -117.5545, 40.0435 ] ] ], [ [ [ -117.5451, 40.0587 ], [ -117.5432, 40.0567 ], [ -117.5463, 40.0562 ], [ -117.5449, 40.0542 ], [ -117.5355, 40.0546 ], [ -117.531, 40.0515 ], [ -117.5334, 40.048 ], [ -117.53, 40.0446 ], [ -117.5324, 40.0362 ], [ -117.5348, 40.0359 ], [ -117.5381, 40.0415 ], [ -117.54, 40.0393 ], [ -117.5444, 40.0426 ], [ -117.5424, 40.0471 ], [ -117.5463, 40.0476 ], [ -117.5494, 40.0519 ], [ -117.5532, 40.0542 ], [ -117.5556, 40.0542 ], [ -117.5578, 40.0518 ], [ -117.5626, 40.0517 ], [ -117.5618, 40.0499 ], [ -117.5669, 40.0472 ], [ -117.5664, 40.05 ], [ -117.5559, 40.0595 ], [ -117.5544, 40.0566 ], [ -117.5488, 40.055 ], [ -117.5492, 40.0587 ], [ -117.5529, 40.0585 ], [ -117.5532, 40.0597 ], [ -117.549, 40.0599 ], [ -117.5446, 40.0623 ], [ -117.5411, 40.0614 ], [ -117.5418, 40.0586 ], [ -117.5433, 40.0595 ], [ -117.5451, 40.0587 ] ], [ [ -117.5396, 40.0487 ], [ -117.5407, 40.0514 ], [ -117.5395, 40.0535 ], [ -117.5418, 40.0537 ], [ -117.5423, 40.0485 ], [ -117.5396, 40.0487 ] ] ], [ [ [ -117.5311, 40.0645 ], [ -117.5302, 40.0672 ], [ -117.5262, 40.0688 ], [ -117.5278, 40.0716 ], [ -117.5321, 40.0717 ], [ -117.5286, 40.0734 ], [ -117.5246, 40.0699 ], [ -117.524, 40.067 ], [ -117.5293, 40.0652 ], [ -117.5308, 40.0595 ], [ -117.5352, 40.0598 ], [ -117.5353, 40.0623 ], [ -117.5311, 40.0645 ] ] ], [ [ [ -117.5568, 40.0756 ], [ -117.5529, 40.0766 ], [ -117.5512, 40.0731 ], [ -117.5566, 40.0746 ], [ -117.5568, 40.0756 ] ] ], [ [ [ -117.5461, 40.0883 ], [ -117.5435, 40.0901 ], [ -117.5412, 40.0909 ], [ -117.543, 40.0854 ], [ -117.5456, 40.0854 ], [ -117.5449, 40.0867 ], [ -117.5461, 40.0883 ] ] ], [ [ [ -117.569, 40.1934 ], [ -117.568, 40.1941 ], [ -117.567, 40.1932 ], [ -117.5676, 40.1927 ], [ -117.569, 40.1934 ] ] ] ] } },
{ "type": "Feature", "properties": { "tier": "A", "name": "Gabbs and Sunrise form.; shale, limestone" }, "geometry": { "type": "MultiPolygon", "coordinates": [ [ [ [ -118.3117, 38.3849 ], [ -118.3174, 38.3823 ], [ -118.3205, 38.3833 ], [ -118.3256, 38.3879 ], [ -118.3241, 38.3828 ], [ -118.3351, 38.3833 ], [ -118.3457, 38.3922 ], [ -118.3425, 38.3945 ], [ -118.3366, 38.3961 ], [ -118.3348, 38.3988 ], [ -118.3296, 38.3979 ], [ -118.3206, 38.3985 ], [ -118.3161, 38.4016 ], [ -118.3138, 38.4 ], [ -118.3118, 38.4004 ], [ -118.3105, 38.4054 ], [ -118.3084, 38.4072 ], [ -118.3102, 38.4095 ], [ -118.3084, 38.4114 ], [ -118.2985, 38.4111 ], [ -118.2954, 38.4122 ], [ -118.2898, 38.4105 ], [ -118.2884, 38.4081 ], [ -118.2833, 38.4055 ], [ -118.2833, 38.4038 ], [ -118.2898, 38.4004 ], [ -118.2929, 38.4033 ], [ -118.2937, 38.4005 ], [ -118.2927, 38.3985 ], [ -118.2963, 38.3972 ], [ -118.2978, 38.3941 ], [ -118.3042, 38.3943 ], [ -118.3076, 38.3961 ], [ -118.3086, 38.3952 ], [ -118.3075, 38.3857 ], [ -118.309, 38.3839 ], [ -118.3117, 38.3849 ] ] ], [ [ [ -118.3367, 38.4094 ], [ -118.3437, 38.408 ], [ -118.3453, 38.4138 ], [ -118.3446, 38.4156 ], [ -118.3361, 38.4139 ], [ -118.3367, 38.4094 ] ] ], [ [ [ -118.4179, 38.4274 ], [ -118.4243, 38.4233 ], [ -118.4239, 38.4183 ], [ -118.4381, 38.4174 ], [ -118.4432, 38.421 ], [ -118.4543, 38.4226 ], [ -118.4609, 38.4259 ], [ -118.457, 38.4267 ], [ -118.4588, 38.43 ], [ -118.4588, 38.4361 ], [ -118.4506, 38.4301 ], [ -118.4468, 38.4296 ], [ -118.4454, 38.4318 ], [ -118.4428, 38.4319 ], [ -118.4346, 38.4361 ], [ -118.4244, 38.4373 ], [ -118.4173, 38.4437 ], [ -118.4127, 38.4403 ], [ -118.4158, 38.436 ], [ -118.4151, 38.4341 ], [ -118.4179, 38.4274 ] ] ], [ [ [ -118.4347, 38.4741 ], [ -118.4288, 38.4781 ], [ -118.4279, 38.4748 ], [ -118.4241, 38.4722 ], [ -118.4197, 38.4717 ], [ -118.4191, 38.4704 ], [ -118.4301, 38.4667 ], [ -118.4324, 38.4725 ], [ -118.4347, 38.4741 ] ] ], [ [ [ -118.3654, 38.4843 ], [ -118.361, 38.4775 ], [ -118.3817, 38.4822 ], [ -118.3851, 38.4855 ], [ -118.3917, 38.486 ], [ -118.3969, 38.4891 ], [ -118.3885, 38.4897 ], [ -118.3822, 38.492 ], [ -118.3765, 38.4906 ], [ -118.3744, 38.4939 ], [ -118.3622, 38.4929 ], [ -118.3656, 38.4874 ], [ -118.3654, 38.4843 ] ] ], [ [ [ -118.6454, 38.8756 ], [ -118.649, 38.8769 ], [ -118.6432, 38.881 ], [ -118.6381, 38.8795 ], [ -118.6367, 38.876 ], [ -118.6454, 38.8756 ] ] ], [ [ [ -118.0626, 38.3813 ], [ -118.0528, 38.3838 ], [ -118.0478, 38.3823 ], [ -118.0565, 38.3797 ], [ -118.0626, 38.3813 ] ] ], [ [ [ -118.0935, 38.487 ], [ -118.0913, 38.4864 ], [ -118.0914, 38.4848 ], [ -118.1005, 38.4788 ], [ -118.1037, 38.4837 ], [ -118.0935, 38.487 ] ] ], [ [ [ -118.0804, 38.473 ], [ -118.0899, 38.468 ], [ -118.0956, 38.473 ], [ -118.0893, 38.4784 ], [ -118.0847, 38.4872 ], [ -118.0886, 38.4882 ], [ -118.0893, 38.491 ], [ -118.0951, 38.4913 ], [ -118.1053, 38.4857 ], [ -118.1095, 38.4936 ], [ -118.1009, 38.4959 ], [ -118.1, 38.499 ], [ -118.1021, 38.5038 ], [ -118.0998, 38.5069 ], [ -118.0975, 38.508 ], [ -118.0957, 38.4956 ], [ -118.0905, 38.4957 ], [ -118.0855, 38.4977 ], [ -118.0863, 38.5031 ], [ -118.0891, 38.5084 ], [ -118.0844, 38.5094 ], [ -118.0812, 38.5062 ], [ -118.0756, 38.4948 ], [ -118.0712, 38.4921 ], [ -118.0679, 38.4917 ], [ -118.0694, 38.4857 ], [ -118.0726, 38.4798 ], [ -118.0804, 38.473 ] ] ], [ [ [ -118.1095, 38.4936 ], [ -118.1127, 38.494 ], [ -118.1116, 38.4976 ], [ -118.1095, 38.4936 ] ] ], [ [ [ -118.1175, 38.4995 ], [ -118.1183, 38.4978 ], [ -118.1224, 38.4988 ], [ -118.1207, 38.5008 ], [ -118.1175, 38.4995 ] ] ], [ [ [ -118.1187, 38.5065 ], [ -118.1227, 38.5086 ], [ -118.1136, 38.522 ], [ -118.1138, 38.5158 ], [ -118.1125, 38.5117 ], [ -118.1187, 38.5065 ] ] ] ] } },
{ "type": "Feature", "properties": { "tier": "A", "name": "Lower Triassic sedimentary rocks" }, "geometry": { "type": "MultiPolygon", "coordinates": [ [ [ [ -115.2524, 39.5242 ], [ -115.253, 39.5304 ], [ -115.2528, 39.5309 ], [ -115.2496, 39.5299 ], [ -115.2492, 39.5285 ], [ -115.2524, 39.5242 ] ] ], [ [ [ -115.3068, 39.9879 ], [ -115.31, 39.986 ], [ -115.3111, 39.9807 ], [ -115.3093, 39.9769 ], [ -115.3055, 39.976 ], [ -115.3042, 39.9737 ], [ -115.3084, 39.9665 ], [ -115.3127, 39.9802 ], [ -115.311, 39.9899 ], [ -115.311, 40.004 ], [ -115.3096, 39.9967 ], [ -115.3048, 39.9987 ], [ -115.302, 39.986 ], [ -115.3068, 39.9879 ] ] ], [ [ [ -115.2945, 40.0562 ], [ -115.2779, 40.0529 ], [ -115.276, 40.0532 ], [ -115.2758, 40.0542 ], [ -115.2691, 40.0546 ], [ -115.2812, 40.0484 ], [ -115.2804, 40.0519 ], [ -115.2877, 40.0471 ], [ -115.2975, 40.0281 ], [ -115.3017, 40.03 ], [ -115.3028, 40.0294 ], [ -115.3015, 40.0263 ], [ -115.3026, 40.0236 ], [ -115.2987, 40.0234 ], [ -115.2995, 40.021 ], [ -115.3052, 40.0205 ], [ -115.3084, 40.018 ], [ -115.3094, 40.0156 ], [ -115.3123, 40.0142 ], [ -115.3129, 40.0165 ], [ -115.3163, 40.0144 ], [ -115.3208, 40.0166 ], [ -115.3224, 40.0223 ], [ -115.3175, 40.0433 ], [ -115.3032, 40.0601 ], [ -115.3008, 40.0608 ], [ -115.2945, 40.0562 ] ], [ [ -115.2918, 40.0475 ], [ -115.2979, 40.0463 ], [ -115.3007, 40.0434 ], [ -115.3012, 40.0423 ], [ -115.2982, 40.0391 ], [ -115.2929, 40.0408 ], [ -115.2907, 40.0453 ], [ -115.2918, 40.0475 ] ] ], [ [ [ -115.2656, 40.0428 ], [ -115.2624, 40.0379 ], [ -115.2642, 40.0363 ], [ -115.2663, 40.0368 ], [ -115.2675, 40.0427 ], [ -115.2656, 40.0428 ] ] ], [ [ [ -115.283, 40.0455 ], [ -115.2855, 40.0409 ], [ -115.2896, 40.0368 ], [ -115.2887, 40.0412 ], [ -115.283, 40.0455 ] ] ], [ [ [ -115.3505, 40.0726 ], [ -115.3525, 40.0687 ], [ -115.3541, 40.07 ], [ -115.3533, 40.0716 ], [ -115.3505, 40.0726 ] ] ], [ [ [ -115.2359, 40.0809 ], [ -115.2379, 40.0786 ], [ -115.2408, 40.0787 ], [ -115.2474, 40.0899 ], [ -115.2518, 40.0943 ], [ -115.2577, 40.0976 ], [ -115.2535, 40.0978 ], [ -115.2434, 40.1019 ], [ -115.2431, 40.0966 ], [ -115.2413, 40.0955 ], [ -115.2359, 40.0809 ] ] ], [ [ [ -115.2611, 40.0958 ], [ -115.2702, 40.1046 ], [ -115.2609, 40.1066 ], [ -115.2604, 40.1193 ], [ -115.258, 40.1165 ], [ -115.2573, 40.1066 ], [ -115.2635, 40.1011 ], [ -115.2604, 40.0976 ], [ -115.2611, 40.0958 ] ] ], [ [ [ -115.187, 39.4235 ], [ -115.1908, 39.4219 ], [ -115.1922, 39.4217 ], [ -115.1892, 39.425 ], [ -115.1851, 39.4259 ], [ -115.187, 39.4235 ] ] ], [ [ [ -115.1911, 39.4302 ], [ -115.1876, 39.429 ], [ -115.1913, 39.4259 ], [ -115.1911, 39.4302 ] ] ], [ [ [ -115.2178, 39.4988 ], [ -115.2221, 39.4963 ], [ -115.2242, 39.4977 ], [ -115.2197, 39.5007 ], [ -115.2178, 39.4988 ] ] ], [ [ [ -115.2387, 39.5014 ], [ -115.2402, 39.4977 ], [ -115.2412, 39.4978 ], [ -115.2414, 39.5044 ], [ -115.2405, 39.5048 ], [ -115.2387, 39.5014 ] ] ], [ [ [ -115.2217, 39.5619 ], [ -115.2203, 39.5574 ], [ -115.2242, 39.5562 ], [ -115.2264, 39.553 ], [ -115.2302, 39.5513 ], [ -115.2294, 39.5478 ], [ -115.2331, 39.5479 ], [ -115.2346, 39.5703 ], [ -115.2453, 39.579 ], [ -115.2564, 39.5942 ], [ -115.2596, 39.6018 ], [ -115.2378, 39.5936 ], [ -115.2303, 39.5931 ], [ -115.2258, 39.5944 ], [ -115.2237, 39.5748 ], [ -115.2206, 39.5715 ], [ -115.2193, 39.5678 ], [ -115.22, 39.5655 ], [ -115.2185, 39.5623 ], [ -115.2206, 39.563 ], [ -115.2217, 39.5619 ] ] ], [ [ [ -114.5436, 40.0044 ], [ -114.5512, 40.0048 ], [ -114.5525, 40.0093 ], [ -114.5472, 40.0072 ], [ -114.5366, 40.0087 ], [ -114.5436, 40.0044 ] ] ], [ [ [ -115.2378, 40.1034 ], [ -115.2405, 40.104 ], [ -115.2432, 40.1067 ], [ -115.238, 40.1074 ], [ -115.233, 40.1165 ], [ -115.2322, 40.1138 ], [ -115.2338, 40.1081 ], [ -115.2325, 40.106 ], [ -115.2378, 40.1034 ] ] ], [ [ [ -115.231, 40.1218 ], [ -115.2343, 40.1202 ], [ -115.2362, 40.121 ], [ -115.2307, 40.1251 ], [ -115.2288, 40.125 ], [ -115.231, 40.1218 ] ] ] ] } },
{ "type": "Feature", "properties": { "tier": "A", "name": "Luning Formation; limestone, dolomite" }, "geometry": { "type": "MultiPolygon", "coordinates": [ [ [ [ -117.8266, 38.5919 ], [ -117.8348, 38.6005 ], [ -117.8151, 38.5928 ], [ -117.8138, 38.5892 ], [ -117.8094, 38.587 ], [ -117.809, 38.5844 ], [ -117.8102, 38.5832 ], [ -117.8156, 38.5836 ], [ -117.8266, 38.5919 ] ] ], [ [ [ -117.8499, 38.7894 ], [ -117.8523, 38.7868 ], [ -117.8551, 38.7886 ], [ -117.8592, 38.788 ], [ -117.8598, 38.7899 ], [ -117.8583, 38.7911 ], [ -117.8521, 38.7909 ], [ -117.8494, 38.7943 ], [ -117.8418, 38.7951 ], [ -117.8403, 38.7942 ], [ -117.8453, 38.7858 ], [ -117.848, 38.7892 ], [ -117.8499, 38.7894 ] ] ], [ [ [ -117.9323, 38.8128 ], [ -117.934, 38.8089 ], [ -117.9362, 38.8121 ], [ -117.9357, 38.8163 ], [ -117.9323, 38.8128 ] ] ], [ [ [ -117.8337, 38.8153 ], [ -117.8318, 38.8101 ], [ -117.8323, 38.8046 ], [ -117.8353, 38.8016 ], [ -117.8392, 38.8003 ], [ -117.8426, 38.8054 ], [ -117.8474, 38.8087 ], [ -117.8474, 38.8212 ], [ -117.8498, 38.826 ], [ -117.8528, 38.8293 ], [ -117.8594, 38.8333 ], [ -117.8551, 38.8368 ], [ -117.8502, 38.8346 ], [ -117.8478, 38.8325 ], [ -117.8485, 38.8273 ], [ -117.8448, 38.8232 ], [ -117.8443, 38.8244 ], [ -117.8403, 38.822 ], [ -117.8387, 38.8186 ], [ -117.8337, 38.8153 ] ] ], [ [ [ -117.8716, 38.8686 ], [ -117.877, 38.8647 ], [ -117.8749, 38.8623 ], [ -117.8798, 38.858 ], [ -117.8762, 38.8558 ], [ -117.8811, 38.8535 ], [ -117.8789, 38.8519 ], [ -117.8802, 38.85 ], [ -117.8847, 38.858 ], [ -117.8844, 38.8608 ], [ -117.8884, 38.8638 ], [ -117.8911, 38.863 ], [ -117.8975, 38.8724 ], [ -117.898, 38.8706 ], [ -117.896, 38.8656 ], [ -117.9035, 38.8664 ], [ -117.9091, 38.8581 ], [ -117.9093, 38.8553 ], [ -117.9059, 38.8559 ], [ -117.9053, 38.8489 ], [ -117.8995, 38.8427 ], [ -117.8979, 38.839 ], [ -117.8941, 38.8361 ], [ -117.8899, 38.8357 ], [ -117.8861, 38.8337 ], [ -117.8863, 38.8361 ], [ -117.8766, 38.835 ], [ -117.8755, 38.8362 ], [ -117.8792, 38.8408 ], [ -117.8794, 38.8437 ], [ -117.8732, 38.8432 ], [ -117.8684, 38.8394 ], [ -117.8667, 38.836 ], [ -117.8618, 38.8352 ], [ -117.8655, 38.8322 ], [ -117.8653, 38.8307 ], [ -117.8611, 38.828 ], [ -117.86, 38.83 ], [ -117.851, 38.8227 ], [ -117.8504, 38.8208 ], [ -117.8561, 38.818 ], [ -117.8813, 38.8163 ], [ -117.8875, 38.8135 ], [ -117.8962, 38.8121 ], [ -117.8903, 38.8094 ], [ -117.8861, 38.8044 ], [ -117.8838, 38.8077 ], [ -117.8868, 38.811 ], [ -117.879, 38.8095 ], [ -117.8759, 38.8074 ], [ -117.8807, 38.8032 ], [ -117.8856, 38.801 ], [ -117.8819, 38.8004 ], [ -117.8729, 38.8034 ], [ -117.8713, 38.7996 ], [ -117.8709, 38.7932 ], [ -117.8785, 38.7919 ], [ -117.8764, 38.7904 ], [ -117.8844, 38.7886 ], [ -117.8869, 38.7904 ], [ -117.8986, 38.7927 ], [ -117.9034, 38.7917 ], [ -117.9052, 38.7896 ], [ -117.9108, 38.79 ], [ -117.9144, 38.7939 ], [ -117.9126, 38.8011 ], [ -117.911, 38.8026 ], [ -117.9159, 38.8067 ], [ -117.9144, 38.811 ], [ -117.9171, 38.8119 ], [ -117.9198, 38.8151 ], [ -117.9088, 38.821 ], [ -117.9088, 38.8248 ], [ -117.9118, 38.8258 ], [ -117.9179, 38.823 ], [ -117.9259, 38.8214 ], [ -117.9282, 38.8243 ], [ -117.9207, 38.8244 ], [ -117.9143, 38.8306 ], [ -117.9013, 38.8271 ], [ -117.9054, 38.8312 ], [ -117.9092, 38.8322 ], [ -117.9169, 38.837 ], [ -117.918, 38.8395 ], [ -117.9222, 38.8392 ], [ -117.9227, 38.8576 ], [ -117.9155, 38.8637 ], [ -117.917, 38.8665 ], [ -117.9133, 38.8699 ], [ -117.9045, 38.8724 ], [ -117.9032, 38.8756 ], [ -117.9036, 38.8807 ], [ -117.8991, 38.8806 ], [ -117.8988, 38.8835 ], [ -117.892, 38.8842 ], [ -117.8904, 38.886 ], [ -117.8867, 38.8855 ], [ -117.8831, 38.8827 ], [ -117.8799, 38.8829 ], [ -117.8805, 38.8842 ], [ -117.8794, 38.8851 ], [ -117.8773, 38.8847 ], [ -117.8746, 38.8802 ], [ -117.8716, 38.8686 ] ] ], [ [ [ -117.8766, 38.8462 ], [ -117.8773, 38.8476 ], [ -117.867, 38.8519 ], [ -117.8689, 38.8458 ], [ -117.8766, 38.8462 ] ] ], [ [ [ -117.8366, 38.8858 ], [ -117.8318, 38.8858 ], [ -117.8327, 38.8849 ], [ -117.8317, 38.884 ], [ -117.8409, 38.8814 ], [ -117.8366, 38.8858 ] ] ], [ [ [ -117.8608, 38.895 ], [ -117.8541, 38.8864 ], [ -117.8502, 38.878 ], [ -117.8531, 38.8784 ], [ -117.8624, 38.8937 ], [ -117.8608, 38.895 ] ] ], [ [ [ -117.8823, 38.8855 ], [ -117.8942, 38.8876 ], [ -117.8955, 38.8888 ], [ -117.8927, 38.8902 ], [ -117.8942, 38.891 ], [ -117.8928, 38.8936 ], [ -117.8889, 38.8937 ], [ -117.8896, 38.8969 ], [ -117.8792, 38.8959 ], [ -117.8769, 38.8863 ], [ -117.8823, 38.8855 ] ] ], [ [ [ -117.8706, 38.9105 ], [ -117.8674, 38.9087 ], [ -117.8625, 38.8988 ], [ -117.8645, 38.8986 ], [ -117.8706, 38.9105 ] ] ], [ [ [ -117.887, 38.899 ], [ -117.8841, 38.9052 ], [ -117.892, 38.9043 ], [ -117.8986, 38.9065 ], [ -117.8989, 38.9095 ], [ -117.9042, 38.9154 ], [ -117.8984, 38.923 ], [ -117.8931, 38.9234 ], [ -117.8949, 38.9272 ], [ -117.8907, 38.9304 ], [ -117.8865, 38.9265 ], [ -117.8835, 38.9144 ], [ -117.8794, 38.907 ], [ -117.8804, 38.9044 ], [ -117.8793, 38.8977 ], [ -117.885, 38.8974 ], [ -117.887, 38.899 ] ] ], [ [ [ -117.8708, 38.9122 ], [ -117.872, 38.9118 ], [ -117.8747, 38.9176 ], [ -117.8777, 38.9269 ], [ -117.8772, 38.9286 ], [ -117.8761, 38.9276 ], [ -117.8752, 38.9292 ], [ -117.8729, 38.9251 ], [ -117.8699, 38.9156 ], [ -117.8708, 38.9122 ] ], [ [ -117.8761, 38.9245 ], [ -117.8741, 38.9237 ], [ -117.8757, 38.9269 ], [ -117.8761, 38.9245 ] ] ], [ [ [ -117.9099, 38.9565 ], [ -117.9079, 38.9575 ], [ -117.9066, 38.954 ], [ -117.909, 38.9545 ], [ -117.9099, 38.9565 ] ] ], [ [ [ -117.9185, 38.9677 ], [ -117.9239, 38.9706 ], [ -117.9156, 38.9711 ], [ -117.9139, 38.9704 ], [ -117.9137, 38.9689 ], [ -117.9185, 38.9677 ] ] ], [ [ [ -117.89, 38.9947 ], [ -117.8947, 38.9938 ], [ -117.9023, 38.9888 ], [ -117.9063, 38.984 ], [ -117.9074, 38.9759 ], [ -117.9135, 38.9837 ], [ -117.9133, 38.9749 ], [ -117.9173, 38.9752 ], [ -117.9184, 38.9775 ], [ -117.9218, 38.9759 ], [ -117.9245, 38.9763 ], [ -117.9223, 38.9796 ], [ -117.9184, 38.9806 ], [ -117.9176, 38.9824 ], [ -117.9226, 38.9819 ], [ -117.9259, 38.9799 ], [ -117.9254, 38.9829 ], [ -117.9286, 38.9824 ], [ -117.9234, 38.9859 ], [ -117.9243, 38.9867 ], [ -117.9299, 38.9855 ], [ -117.9299, 38.9825 ], [ -117.9313, 38.9811 ], [ -117.94, 38.9819 ], [ -117.9405, 38.9856 ], [ -117.9355, 38.9877 ], [ -117.9409, 38.9894 ], [ -117.941, 38.9911 ], [ -117.9436, 38.9931 ], [ -117.9427, 38.9954 ], [ -117.9448, 38.9986 ], [ -117.946, 39.0042 ], [ -117.9406, 39.008 ], [ -117.9297, 39.0019 ], [ -117.927, 39.0043 ], [ -117.9274, 39.0066 ], [ -117.9262, 39.0072 ], [ -117.9162, 39.0086 ], [ -117.9117, 39.0042 ], [ -117.9049, 39.005 ], [ -117.8988, 39.0034 ], [ -117.8895, 38.9992 ], [ -117.8812, 38.9981 ], [ -117.8729, 38.9937 ], [ -117.8745, 38.9897 ], [ -117.8823, 38.9936 ], [ -117.89, 38.9947 ] ] ], [ [ [ -117.8945, 39.0171 ], [ -117.8998, 39.0189 ], [ -117.8948, 39.0206 ], [ -117.893, 39.0197 ], [ -117.8928, 39.0181 ], [ -117.8945, 39.0171 ] ] ], [ [ [ -117.5693, 38.451 ], [ -117.5813, 38.443 ], [ -117.5904, 38.4411 ], [ -117.596, 38.435 ], [ -117.5999, 38.4323 ], [ -117.6017, 38.4324 ], [ -117.6036, 38.4379 ], [ -117.601, 38.4433 ], [ -117.5982, 38.444 ], [ -117.6061, 38.4458 ], [ -117.6079, 38.451 ], [ -117.6056, 38.4497 ], [ -117.6046, 38.4512 ], [ -117.6091, 38.4531 ], [ -117.6071, 38.456 ], [ -117.6008, 38.4527 ], [ -117.5877, 38.4533 ], [ -117.5771, 38.4515 ], [ -117.5707, 38.4525 ], [ -117.5693, 38.451 ] ] ], [ [ [ -117.6331, 38.4817 ], [ -117.6375, 38.4827 ], [ -117.6403, 38.4798 ], [ -117.6423, 38.482 ], [ -117.6441, 38.482 ], [ -117.6443, 38.485 ], [ -117.6466, 38.4838 ], [ -117.6483, 38.4803 ], [ -117.6509, 38.4801 ], [ -117.6551, 38.483 ], [ -117.6552, 38.485 ], [ -117.659, 38.4843 ], [ -117.6597, 38.4867 ], [ -117.6564, 38.4943 ], [ -117.6527, 38.4965 ], [ -117.6533, 38.499 ], [ -117.6524, 38.5003 ], [ -117.6504, 38.5016 ], [ -117.6468, 38.5015 ], [ -117.6493, 38.504 ], [ -117.6464, 38.5045 ], [ -117.6393, 38.5019 ], [ -117.6374, 38.4974 ], [ -117.6284, 38.5005 ], [ -117.6308, 38.5044 ], [ -117.6298, 38.5105 ], [ -117.631, 38.5119 ], [ -117.6295, 38.5138 ], [ -117.6267, 38.5143 ], [ -117.6265, 38.5125 ], [ -117.6242, 38.5108 ], [ -117.6153, 38.5108 ], [ -117.6095, 38.509 ], [ -117.6081, 38.5069 ], [ -117.6111, 38.503 ], [ -117.6149, 38.5052 ], [ -117.6183, 38.5055 ], [ -117.6212, 38.5087 ], [ -117.6239, 38.5087 ], [ -117.6255, 38.5069 ], [ -117.624, 38.5013 ], [ -117.6267, 38.4989 ], [ -117.619, 38.4979 ], [ -117.6193, 38.4959 ], [ -117.6182, 38.4945 ], [ -117.6116, 38.4938 ], [ -117.6099, 38.4911 ], [ -117.6331, 38.4817 ] ] ], [ [ [ -117.6576, 38.5005 ], [ -117.6555, 38.4996 ], [ -117.6581, 38.4978 ], [ -117.6581, 38.4994 ], [ -117.6576, 38.5005 ] ] ], [ [ [ -117.4371, 38.501 ], [ -117.4443, 38.5003 ], [ -117.4367, 38.5043 ], [ -117.4315, 38.5 ], [ -117.4371, 38.501 ] ] ], [ [ [ -117.6729, 38.5152 ], [ -117.6708, 38.5124 ], [ -117.6758, 38.5109 ], [ -117.6729, 38.5152 ] ] ], [ [ [ -117.6051, 38.5188 ], [ -117.6023, 38.5191 ], [ -117.6033, 38.5168 ], [ -117.608, 38.5148 ], [ -117.6089, 38.5176 ], [ -117.6216, 38.5197 ], [ -117.628, 38.518 ], [ -117.6321, 38.5152 ], [ -117.6347, 38.516 ], [ -117.6354, 38.5177 ], [ -117.6479, 38.5142 ], [ -117.6509, 38.5147 ], [ -117.6499, 38.5183 ], [ -117.6419, 38.5186 ], [ -117.6311, 38.5238 ], [ -117.6223, 38.5257 ], [ -117.6203, 38.5279 ], [ -117.6205, 38.5251 ], [ -117.6121, 38.5214 ], [ -117.609, 38.5216 ], [ -117.6051, 38.5188 ] ] ], [ [ [ -117.5916, 38.805 ], [ -117.5978, 38.8013 ], [ -117.6023, 38.8069 ], [ -117.6067, 38.8079 ], [ -117.6044, 38.8141 ], [ -117.5943, 38.8121 ], [ -117.5933, 38.8127 ], [ -117.5986, 38.8154 ], [ -117.595, 38.8171 ], [ -117.5893, 38.8129 ], [ -117.5926, 38.8078 ], [ -117.5916, 38.805 ] ] ], [ [ [ -115.4091, 38.8343 ], [ -115.4058, 38.8323 ], [ -115.4052, 38.8275 ], [ -115.4095, 38.8327 ], [ -115.4091, 38.8343 ] ] ], [ [ [ -117.5585, 38.8436 ], [ -117.5561, 38.8557 ], [ -117.5551, 38.8565 ], [ -117.5516, 38.8485 ], [ -117.5528, 38.8486 ], [ -117.5556, 38.8529 ], [ -117.5569, 38.8438 ], [ -117.5578, 38.8428 ], [ -117.5585, 38.8436 ] ] ], [ [ [ -117.5578, 38.8644 ], [ -117.5633, 38.8636 ], [ -117.5644, 38.8463 ], [ -117.5728, 38.8433 ], [ -117.5748, 38.8414 ], [ -117.5761, 38.8375 ], [ -117.5715, 38.8319 ], [ -117.5705, 38.8259 ], [ -117.5737, 38.8156 ], [ -117.5778, 38.8121 ], [ -117.5815, 38.8118 ], [ -117.5811, 38.8192 ], [ -117.5866, 38.8227 ], [ -117.5885, 38.82 ], [ -117.5941, 38.8323 ], [ -117.5939, 38.841 ], [ -117.5868, 38.8453 ], [ -117.586, 38.8489 ], [ -117.5806, 38.8481 ], [ -117.5722, 38.8443 ], [ -117.5716, 38.8546 ], [ -117.5755, 38.8563 ], [ -117.5765, 38.8602 ], [ -117.5731, 38.8651 ], [ -117.5767, 38.8706 ], [ -117.573, 38.8753 ], [ -117.5867, 38.8763 ], [ -117.5871, 38.8739 ], [ -117.5841, 38.8702 ], [ -117.5861, 38.8675 ], [ -117.5837, 38.8646 ], [ -117.5851, 38.8618 ], [ -117.5898, 38.8583 ], [ -117.5921, 38.8601 ], [ -117.5962, 38.8597 ], [ -117.5971, 38.8607 ], [ -117.5941, 38.8638 ], [ -117.588, 38.865 ], [ -117.588, 38.8684 ], [ -117.594, 38.8682 ], [ -117.5984, 38.8662 ], [ -117.5999, 38.8637 ], [ -117.6057, 38.8704 ], [ -117.6053, 38.8746 ], [ -117.601, 38.8745 ], [ -117.5995, 38.8772 ], [ -117.596, 38.8797 ], [ -117.5944, 38.8789 ], [ -117.592, 38.8827 ], [ -117.5896, 38.8793 ], [ -117.5866, 38.8778 ], [ -117.5864, 38.8905 ], [ -117.5841, 38.8836 ], [ -117.5813, 38.8861 ], [ -117.5717, 38.8853 ], [ -117.5717, 38.8837 ], [ -117.5765, 38.8824 ], [ -117.5775, 38.8808 ], [ -117.5715, 38.8792 ], [ -117.5697, 38.8763 ], [ -117.5635, 38.8729 ], [ -117.5645, 38.8679 ], [ -117.5578, 38.8644 ] ] ], [ [ [ -117.7392, 38.8825 ], [ -117.7443, 38.8843 ], [ -117.7432, 38.8875 ], [ -117.7397, 38.8895 ], [ -117.7369, 38.8856 ], [ -117.7365, 38.8814 ], [ -117.7389, 38.8804 ], [ -117.7392, 38.8825 ] ] ], [ [ [ -117.5838, 38.8986 ], [ -117.582, 38.9057 ], [ -117.5808, 38.9032 ], [ -117.5761, 38.9083 ], [ -117.5797, 38.8989 ], [ -117.5793, 38.896 ], [ -117.5859, 38.8915 ], [ -117.5887, 38.8927 ], [ -117.5894, 38.8933 ], [ -117.5838, 38.8986 ] ] ], [ [ [ -117.5649, 38.932 ], [ -117.5715, 38.9316 ], [ -117.5743, 38.9373 ], [ -117.576, 38.9374 ], [ -117.5785, 38.9405 ], [ -117.5693, 38.9421 ], [ -117.5666, 38.9373 ], [ -117.56, 38.9368 ], [ -117.5601, 38.9354 ], [ -117.5649, 38.932 ] ] ], [ [ [ -117.56, 38.9519 ], [ -117.556, 38.94 ], [ -117.5572, 38.9408 ], [ -117.5596, 38.9389 ], [ -117.5635, 38.9475 ], [ -117.5731, 38.9535 ], [ -117.5746, 38.9564 ], [ -117.5746, 38.9597 ], [ -117.5726, 38.9595 ], [ -117.5713, 38.9566 ], [ -117.5677, 38.9539 ], [ -117.56, 38.9519 ] ] ] ] } },
{ "type": "Feature", "properties": { "tier": "A", "name": "Luning form.; limestone, dolomite, shale" }, "geometry": { "type": "MultiPolygon", "coordinates": [ [ [ [ -118.4668, 38.4317 ], [ -118.47, 38.4322 ], [ -118.4725, 38.429 ], [ -118.4691, 38.4206 ], [ -118.4695, 38.4188 ], [ -118.4704, 38.4178 ], [ -118.4739, 38.4182 ], [ -118.4771, 38.4233 ], [ -118.4798, 38.4248 ], [ -118.4812, 38.4307 ], [ -118.4875, 38.4366 ], [ -118.4955, 38.4392 ], [ -118.4959, 38.4406 ], [ -118.4902, 38.4417 ], [ -118.4856, 38.4391 ], [ -118.4789, 38.4384 ], [ -118.472, 38.4391 ], [ -118.4709, 38.4404 ], [ -118.4588, 38.4361 ], [ -118.4588, 38.43 ], [ -118.457, 38.4267 ], [ -118.4609, 38.4259 ], [ -118.4668, 38.4317 ] ] ], [ [ [ -118.4461, 38.4745 ], [ -118.4516, 38.4711 ], [ -118.4518, 38.4614 ], [ -118.4542, 38.4584 ], [ -118.4545, 38.4556 ], [ -118.4596, 38.4527 ], [ -118.4646, 38.4587 ], [ -118.4612, 38.4577 ], [ -118.4635, 38.4618 ], [ -118.461, 38.469 ], [ -118.4625, 38.4743 ], [ -118.4695, 38.473 ], [ -118.4726, 38.4674 ], [ -118.4798, 38.4669 ], [ -118.4885, 38.4788 ], [ -118.4854, 38.4806 ], [ -118.481, 38.4793 ], [ -118.484, 38.4854 ], [ -118.4827, 38.4872 ], [ -118.4806, 38.4864 ], [ -118.4781, 38.4808 ], [ -118.4572, 38.4794 ], [ -118.4492, 38.4812 ], [ -118.4457, 38.4766 ], [ -118.4461, 38.4745 ] ] ], [ [ [ -118.4397, 38.4765 ], [ -118.443, 38.4802 ], [ -118.4492, 38.4812 ], [ -118.4468, 38.487 ], [ -118.4501, 38.4898 ], [ -118.4657, 38.4861 ], [ -118.4655, 38.4881 ], [ -118.4637, 38.4903 ], [ -118.4544, 38.4935 ], [ -118.4531, 38.4951 ], [ -118.4492, 38.4939 ], [ -118.441, 38.4873 ], [ -118.4315, 38.489 ], [ -118.4248, 38.4858 ], [ -118.4276, 38.4838 ], [ -118.4278, 38.4791 ], [ -118.4347, 38.4741 ], [ -118.4397, 38.4765 ] ] ], [ [ [ -118.5124, 38.6736 ], [ -118.5052, 38.677 ], [ -118.5044, 38.674 ], [ -118.5059, 38.6726 ], [ -118.5124, 38.6736 ] ] ], [ [ [ -118.5277, 38.6987 ], [ -118.5263, 38.7017 ], [ -118.5187, 38.7016 ], [ -118.5195, 38.698 ], [ -118.5262, 38.6975 ], [ -118.5277, 38.6987 ] ] ], [ [ [ -118.457, 38.7146 ], [ -118.4608, 38.7154 ], [ -118.462, 38.7143 ], [ -118.4648, 38.7071 ], [ -118.4685, 38.7014 ], [ -118.4737, 38.6968 ], [ -118.4742, 38.6934 ], [ -118.4729, 38.692 ], [ -118.4767, 38.6907 ], [ -118.4817, 38.6915 ], [ -118.4802, 38.7008 ], [ -118.4769, 38.7024 ], [ -118.4735, 38.7096 ], [ -118.4734, 38.7186 ], [ -118.4686, 38.7226 ], [ -118.4563, 38.7243 ], [ -118.4509, 38.7215 ], [ -118.4447, 38.7211 ], [ -118.4484, 38.7159 ], [ -118.4516, 38.7199 ], [ -118.457, 38.7146 ] ], [ [ -118.4681, 38.7056 ], [ -118.4706, 38.7059 ], [ -118.4739, 38.7032 ], [ -118.4723, 38.7023 ], [ -118.4682, 38.7042 ], [ -118.4681, 38.7056 ] ] ], [ [ [ -118.488, 38.725 ], [ -118.4862, 38.7281 ], [ -118.4876, 38.7322 ], [ -118.4836, 38.7343 ], [ -118.4772, 38.7347 ], [ -118.4731, 38.7311 ], [ -118.4734, 38.7186 ], [ -118.4778, 38.7177 ], [ -118.488, 38.725 ] ], [ [ -118.4791, 38.724 ], [ -118.4801, 38.7292 ], [ -118.4821, 38.728 ], [ -118.4826, 38.7249 ], [ -118.4811, 38.7232 ], [ -118.4791, 38.724 ] ] ], [ [ [ -118.54, 38.7322 ], [ -118.5373, 38.7302 ], [ -118.5408, 38.7294 ], [ -118.544, 38.7304 ], [ -118.5444, 38.7317 ], [ -118.54, 38.7322 ] ] ], [ [ [ -118.5258, 38.7379 ], [ -118.5224, 38.7326 ], [ -118.5303, 38.7304 ], [ -118.5344, 38.7319 ], [ -118.5332, 38.7346 ], [ -118.5258, 38.7379 ] ] ], [ [ [ -118.5982, 38.7387 ], [ -118.5996, 38.744 ], [ -118.5974, 38.7503 ], [ -118.5933, 38.7535 ], [ -118.5949, 38.7503 ], [ -118.5939, 38.7444 ], [ -118.5955, 38.7402 ], [ -118.5918, 38.7373 ], [ -118.5868, 38.7357 ], [ -118.5882, 38.7347 ], [ -118.5932, 38.7348 ], [ -118.5982, 38.7387 ] ] ], [ [ [ -118.4899, 38.7488 ], [ -118.491, 38.7467 ], [ -118.4952, 38.7496 ], [ -118.4932, 38.7518 ], [ -118.4899, 38.7488 ] ] ], [ [ [ -118.5934, 38.7574 ], [ -118.5965, 38.7645 ], [ -118.5959, 38.7668 ], [ -118.5938, 38.7681 ], [ -118.5922, 38.7637 ], [ -118.5884, 38.7649 ], [ -118.5872, 38.7624 ], [ -118.5934, 38.7574 ] ] ], [ [ [ -118.5551, 38.7675 ], [ -118.5571, 38.7655 ], [ -118.561, 38.7666 ], [ -118.555, 38.7734 ], [ -118.5551, 38.7675 ] ] ], [ [ [ -118.5225, 38.7712 ], [ -118.5229, 38.7693 ], [ -118.5269, 38.7701 ], [ -118.5263, 38.7736 ], [ -118.5225, 38.7712 ] ] ], [ [ [ -118.5328, 38.7752 ], [ -118.5303, 38.7744 ], [ -118.5305, 38.7729 ], [ -118.5349, 38.7695 ], [ -118.5373, 38.7704 ], [ -118.5355, 38.7735 ], [ -118.5328, 38.7752 ] ] ], [ [ [ -118.5945, 38.776 ], [ -118.5878, 38.7729 ], [ -118.5889, 38.7704 ], [ -118.5919, 38.7708 ], [ -118.5945, 38.776 ] ] ], [ [ [ -118.5484, 38.7762 ], [ -118.5486, 38.7774 ], [ -118.5444, 38.7791 ], [ -118.5425, 38.7782 ], [ -118.5459, 38.7762 ], [ -118.5484, 38.7762 ] ] ], [ [ [ -118.5212, 38.7821 ], [ -118.5227, 38.7814 ], [ -118.5237, 38.7843 ], [ -118.522, 38.7848 ], [ -118.5212, 38.7821 ] ] ], [ [ [ -118.5436, 38.8125 ], [ -118.542, 38.8121 ], [ -118.5415, 38.8065 ], [ -118.5436, 38.8072 ], [ -118.5436, 38.8125 ] ] ], [ [ [ -118.6026, 38.8275 ], [ -118.605, 38.8266 ], [ -118.6209, 38.8327 ], [ -118.6182, 38.8399 ], [ -118.6036, 38.8358 ], [ -118.6011, 38.8323 ], [ -118.6026, 38.8275 ] ] ], [ [ [ -118.6629, 38.8755 ], [ -118.6588, 38.8766 ], [ -118.6517, 38.8759 ], [ -118.649, 38.8769 ], [ -118.6406, 38.8751 ], [ -118.6367, 38.876 ], [ -118.6372, 38.8603 ], [ -118.6384, 38.8585 ], [ -118.6456, 38.8646 ], [ -118.6641, 38.8691 ], [ -118.6629, 38.8755 ] ] ], [ [ [ -118.5186, 38.8742 ], [ -118.5199, 38.8723 ], [ -118.5225, 38.876 ], [ -118.5222, 38.8793 ], [ -118.5201, 38.8824 ], [ -118.5186, 38.8742 ] ] ], [ [ [ -118.5331, 38.8745 ], [ -118.5482, 38.881 ], [ -118.5499, 38.8823 ], [ -118.55, 38.8874 ], [ -118.5267, 38.8751 ], [ -118.5331, 38.8745 ] ] ], [ [ [ -118.2318, 38.38 ], [ -118.225, 38.3856 ], [ -118.2219, 38.3831 ], [ -118.2106, 38.3863 ], [ -118.2094, 38.385 ], [ -118.2079, 38.3808 ], [ -118.2085, 38.3791 ], [ -118.2119, 38.3807 ], [ -118.2176, 38.38 ], [ -118.2232, 38.378 ], [ -118.2267, 38.3751 ], [ -118.2318, 38.38 ] ] ], [ [ [ -118.3321, 38.4198 ], [ -118.3323, 38.418 ], [ -118.3379, 38.4139 ], [ -118.3446, 38.4156 ], [ -118.3406, 38.4218 ], [ -118.337, 38.4202 ], [ -118.3321, 38.4198 ] ] ], [ [ [ -118.4239, 38.4183 ], [ -118.4244, 38.4225 ], [ -118.4221, 38.4256 ], [ -118.4179, 38.4274 ], [ -118.4151, 38.4341 ], [ -118.4125, 38.4319 ], [ -118.4121, 38.4279 ], [ -118.4071, 38.4208 ], [ -118.4053, 38.4159 ], [ -118.412, 38.4158 ], [ -118.4239, 38.4183 ] ] ], [ [ [ -118.4206, 38.4471 ], [ -118.4275, 38.4464 ], [ -118.43, 38.4502 ], [ -118.4446, 38.4539 ], [ -118.4485, 38.4572 ], [ -118.4493, 38.4603 ], [ -118.447, 38.4618 ], [ -118.439, 38.4596 ], [ -118.4227, 38.4524 ], [ -118.4206, 38.4471 ] ] ], [ [ [ -118.2793, 38.4773 ], [ -118.2805, 38.4708 ], [ -118.2787, 38.4699 ], [ -118.277, 38.4747 ], [ -118.2729, 38.4767 ], [ -118.2703, 38.4808 ], [ -118.2563, 38.4841 ], [ -118.2551, 38.4818 ], [ -118.2561, 38.4751 ], [ -118.2542, 38.4742 ], [ -118.2521, 38.4752 ], [ -118.2476, 38.4811 ], [ -118.2438, 38.4839 ], [ -118.2412, 38.4842 ], [ -118.2382, 38.4814 ], [ -118.238, 38.4735 ], [ -118.2361, 38.469 ], [ -118.2443, 38.4663 ], [ -118.2492, 38.4632 ], [ -118.2501, 38.4607 ], [ -118.2487, 38.4516 ], [ -118.2519, 38.4468 ], [ -118.2681, 38.4338 ], [ -118.2711, 38.4294 ], [ -118.2718, 38.4342 ], [ -118.2794, 38.4289 ], [ -118.2745, 38.4381 ], [ -118.2658, 38.4444 ], [ -118.257, 38.4541 ], [ -118.2606, 38.4604 ], [ -118.2643, 38.4578 ], [ -118.2715, 38.4455 ], [ -118.2892, 38.4283 ], [ -118.2977, 38.4291 ], [ -118.3025, 38.4312 ], [ -118.3097, 38.4428 ], [ -118.3263, 38.4365 ], [ -118.3273, 38.4373 ], [ -118.3364, 38.4514 ], [ -118.3327, 38.4514 ], [ -118.3283, 38.4547 ], [ -118.3231, 38.4467 ], [ -118.3159, 38.4519 ], [ -118.31, 38.4485 ], [ -118.308, 38.4499 ], [ -118.3088, 38.4567 ], [ -118.3099, 38.4578 ], [ -118.3175, 38.4554 ], [ -118.3264, 38.4575 ], [ -118.3387, 38.4571 ], [ -118.3369, 38.459 ], [ -118.3204, 38.4733 ], [ -118.3171, 38.4745 ], [ -118.3057, 38.4747 ], [ -118.3059, 38.4775 ], [ -118.3003, 38.4799 ], [ -118.299, 38.4855 ], [ -118.292, 38.4919 ], [ -118.2858, 38.4999 ], [ -118.2796, 38.502 ], [ -118.2717, 38.4995 ], [ -118.2717, 38.4977 ], [ -118.2765, 38.4918 ], [ -118.2814, 38.4887 ], [ -118.2822, 38.4827 ], [ -118.2793, 38.4773 ] ], [ [ -118.2856, 38.483 ], [ -118.2977, 38.4756 ], [ -118.2907, 38.4762 ], [ -118.288, 38.4731 ], [ -118.2862, 38.4734 ], [ -118.2841, 38.4771 ], [ -118.2856, 38.483 ] ] ], [ [ [ -118.2061, 38.4756 ], [ -118.2062, 38.4729 ], [ -118.2087, 38.4713 ], [ -118.218, 38.4682 ], [ -118.2248, 38.4683 ], [ -118.2246, 38.4727 ], [ -118.2301, 38.4798 ], [ -118.231, 38.4882 ], [ -118.2355, 38.4941 ], [ -118.2356, 38.4961 ], [ -118.2347, 38.4971 ], [ -118.2258, 38.4961 ], [ -118.2173, 38.4973 ], [ -118.2081, 38.493 ], [ -118.2077, 38.4815 ], [ -118.2046, 38.4796 ], [ -118.2027, 38.4804 ], [ -118.203, 38.4779 ], [ -118.2061, 38.4756 ] ] ], [ [ [ -118.301, 38.5011 ], [ -118.299, 38.5001 ], [ -118.2996, 38.497 ], [ -118.307, 38.4921 ], [ -118.3118, 38.4871 ], [ -118.3227, 38.4855 ], [ -118.332, 38.4801 ], [ -118.3273, 38.4873 ], [ -118.3087, 38.4951 ], [ -118.301, 38.5011 ] ] ], [ [ [ -118.3969, 38.4891 ], [ -118.4004, 38.4925 ], [ -118.4, 38.4961 ], [ -118.3843, 38.4972 ], [ -118.3826, 38.4956 ], [ -118.3767, 38.4954 ], [ -118.3744, 38.4939 ], [ -118.3765, 38.4906 ], [ -118.3822, 38.492 ], [ -118.3885, 38.4897 ], [ -118.3969, 38.4891 ] ] ], [ [ [ -118.3572, 38.5057 ], [ -118.3591, 38.4993 ], [ -118.3633, 38.5024 ], [ -118.3642, 38.5059 ], [ -118.3572, 38.5057 ] ] ], [ [ [ -118.432, 38.5278 ], [ -118.4291, 38.5263 ], [ -118.4296, 38.5253 ], [ -118.4355, 38.5254 ], [ -118.4384, 38.527 ], [ -118.4376, 38.5281 ], [ -118.432, 38.5278 ] ] ], [ [ [ -118.4435, 38.5251 ], [ -118.4468, 38.5263 ], [ -118.4437, 38.5288 ], [ -118.4417, 38.5278 ], [ -118.4435, 38.5251 ] ] ], [ [ [ -118.3004, 38.5768 ], [ -118.2958, 38.5693 ], [ -118.2982, 38.5696 ], [ -118.3029, 38.5752 ], [ -118.3004, 38.5768 ] ] ], [ [ [ -118.3167, 38.6168 ], [ -118.3125, 38.6132 ], [ -118.3088, 38.6048 ], [ -118.3028, 38.6048 ], [ -118.3035, 38.6016 ], [ -118.3098, 38.6001 ], [ -118.3119, 38.5975 ], [ -118.3114, 38.5944 ], [ -118.3021, 38.5789 ], [ -118.3092, 38.5782 ], [ -118.3331, 38.5926 ], [ -118.3405, 38.5992 ], [ -118.3397, 38.6014 ], [ -118.3406, 38.607 ], [ -118.346, 38.6188 ], [ -118.3449, 38.6194 ], [ -118.3388, 38.616 ], [ -118.3347, 38.6165 ], [ -118.3362, 38.6269 ], [ -118.3429, 38.629 ], [ -118.3407, 38.6327 ], [ -118.3369, 38.6343 ], [ -118.3229, 38.6289 ], [ -118.3154, 38.6278 ], [ -118.3147, 38.6191 ], [ -118.3167, 38.6168 ] ], [ [ -118.3276, 38.6126 ], [ -118.3292, 38.6119 ], [ -118.3291, 38.6094 ], [ -118.3253, 38.6083 ], [ -118.3248, 38.6101 ], [ -118.3276, 38.6126 ] ], [ [ -118.3175, 38.6009 ], [ -118.3201, 38.6017 ], [ -118.3193, 38.599 ], [ -118.3178, 38.5986 ], [ -118.3175, 38.6009 ] ] ], [ [ [ -118.2684, 38.6118 ], [ -118.2705, 38.6158 ], [ -118.27, 38.6173 ], [ -118.2688, 38.6181 ], [ -118.2659, 38.6172 ], [ -118.2543, 38.606 ], [ -118.248, 38.6022 ], [ -118.2507, 38.6008 ], [ -118.2584, 38.6052 ], [ -118.2612, 38.6096 ], [ -118.2684, 38.6118 ] ] ], [ [ [ -118.3567, 38.635 ], [ -118.3573, 38.6323 ], [ -118.3509, 38.6242 ], [ -118.3506, 38.6201 ], [ -118.3526, 38.617 ], [ -118.3443, 38.6031 ], [ -118.3449, 38.6001 ], [ -118.349, 38.5969 ], [ -118.3551, 38.5972 ], [ -118.3585, 38.5943 ], [ -118.3714, 38.6012 ], [ -118.362, 38.6077 ], [ -118.3599, 38.6134 ], [ -118.3608, 38.6226 ], [ -118.3656, 38.6245 ], [ -118.366, 38.6259 ], [ -118.3662, 38.6345 ], [ -118.3633, 38.6383 ], [ -118.367, 38.6483 ], [ -118.3591, 38.6448 ], [ -118.3558, 38.6447 ], [ -118.356, 38.642 ], [ -118.352, 38.6392 ], [ -118.352, 38.6378 ], [ -118.3567, 38.635 ] ] ], [ [ [ -118.2794, 38.6372 ], [ -118.2715, 38.6283 ], [ -118.2788, 38.6309 ], [ -118.2862, 38.6363 ], [ -118.2834, 38.6408 ], [ -118.2794, 38.6372 ] ] ], [ [ [ -118.4425, 38.6498 ], [ -118.4457, 38.6496 ], [ -118.4444, 38.6518 ], [ -118.4472, 38.6532 ], [ -118.4471, 38.6543 ], [ -118.4425, 38.6577 ], [ -118.437, 38.6588 ], [ -118.4413, 38.6546 ], [ -118.4425, 38.6498 ] ] ], [ [ [ -118.3198, 38.6581 ], [ -118.3175, 38.6573 ], [ -118.3201, 38.6555 ], [ -118.3233, 38.6579 ], [ -118.3198, 38.6581 ] ] ], [ [ [ -118.4507, 38.6708 ], [ -118.443, 38.6776 ], [ -118.4452, 38.6821 ], [ -118.437, 38.6827 ], [ -118.4356, 38.6839 ], [ -118.4369, 38.6939 ], [ -118.447, 38.688 ], [ -118.4536, 38.6886 ], [ -118.4581, 38.684 ], [ -118.4638, 38.6808 ], [ -118.4687, 38.6815 ], [ -118.4718, 38.6838 ], [ -118.4672, 38.6925 ], [ -118.4582, 38.6971 ], [ -118.4459, 38.7009 ], [ -118.4359, 38.713 ], [ -118.4333, 38.72 ], [ -118.432, 38.7159 ], [ -118.4346, 38.7067 ], [ -118.4336, 38.7055 ], [ -118.4314, 38.7057 ], [ -118.4262, 38.7181 ], [ -118.4266, 38.7201 ], [ -118.4316, 38.7219 ], [ -118.432, 38.7231 ], [ -118.4295, 38.7257 ], [ -118.4244, 38.7263 ], [ -118.4214, 38.7287 ], [ -118.42, 38.7284 ], [ -118.4184, 38.7267 ], [ -118.4184, 38.7206 ], [ -118.4306, 38.6977 ], [ -118.4297, 38.6954 ], [ -118.4263, 38.694 ], [ -118.4267, 38.6858 ], [ -118.4248, 38.6837 ], [ -118.4096, 38.6917 ], [ -118.4064, 38.693 ], [ -118.4045, 38.692 ], [ -118.4053, 38.6865 ], [ -118.4124, 38.6764 ], [ -118.4133, 38.6644 ], [ -118.4119, 38.6534 ], [ -118.4187, 38.6519 ], [ -118.4285, 38.6554 ], [ -118.4405, 38.6675 ], [ -118.4507, 38.6708 ] ], [ [ -118.4326, 38.6787 ], [ -118.4227, 38.68 ], [ -118.4256, 38.6816 ], [ -118.4304, 38.6808 ], [ -118.4326, 38.6787 ] ], [ [ -118.4324, 38.7019 ], [ -118.4347, 38.703 ], [ -118.4356, 38.6983 ], [ -118.4323, 38.7001 ], [ -118.4324, 38.7019 ] ] ], [ [ [ -118.3707, 38.7752 ], [ -118.3655, 38.7733 ], [ -118.3579, 38.7679 ], [ -118.3695, 38.7695 ], [ -118.3707, 38.7752 ] ] ], [ [ [ -118.4153, 38.8164 ], [ -118.4187, 38.8164 ], [ -118.4225, 38.8189 ], [ -118.4181, 38.8198 ], [ -118.4153, 38.8164 ] ] ], [ [ [ -118.4412, 38.8656 ], [ -118.4382, 38.8629 ], [ -118.4384, 38.8607 ], [ -118.4412, 38.8577 ], [ -118.4455, 38.8571 ], [ -118.448, 38.8594 ], [ -118.4472, 38.8641 ], [ -118.4412, 38.8656 ] ] ], [ [ [ -118.1717, 38.3937 ], [ -118.1757, 38.396 ], [ -118.1838, 38.3884 ], [ -118.1842, 38.3976 ], [ -118.1895, 38.4041 ], [ -118.1883, 38.4081 ], [ -118.1854, 38.4123 ], [ -118.1768, 38.4127 ], [ -118.1648, 38.4088 ], [ -118.1582, 38.4017 ], [ -118.1649, 38.3955 ], [ -118.1717, 38.3937 ] ] ], [ [ [ -117.89, 38.3776 ], [ -117.8881, 38.3745 ], [ -117.8756, 38.3741 ], [ -117.8691, 38.371 ], [ -117.8679, 38.3691 ], [ -117.8797, 38.3667 ], [ -117.8843, 38.3673 ], [ -117.89, 38.37 ], [ -117.904, 38.3676 ], [ -117.9136, 38.369 ], [ -117.9173, 38.3685 ], [ -117.9249, 38.3783 ], [ -117.9477, 38.376 ], [ -117.9523, 38.3729 ], [ -117.9583, 38.3656 ], [ -117.9647, 38.3651 ], [ -117.9699, 38.368 ], [ -117.9755, 38.3775 ], [ -117.9724, 38.3854 ], [ -117.9734, 38.3934 ], [ -117.9776, 38.396 ], [ -117.9798, 38.3958 ], [ -117.9851, 38.3936 ], [ -117.987, 38.3918 ], [ -117.9869, 38.3901 ], [ -117.9896, 38.3929 ], [ -117.9915, 38.4031 ], [ -117.9952, 38.4059 ], [ -117.9961, 38.4045 ], [ -117.9956, 38.3917 ], [ -117.9948, 38.3885 ], [ -117.9898, 38.3813 ], [ -118.0031, 38.3745 ], [ -118.0144, 38.3775 ], [ -118.0217, 38.3753 ], [ -118.0284, 38.3766 ], [ -118.0361, 38.3734 ], [ -118.0398, 38.3698 ], [ -118.0432, 38.3698 ], [ -118.0537, 38.3649 ], [ -118.0606, 38.3797 ], [ -118.0626, 38.3813 ], [ -118.0674, 38.3822 ], [ -118.0789, 38.3995 ], [ -118.0758, 38.4015 ], [ -118.0754, 38.4059 ], [ -118.0703, 38.4096 ], [ -118.0678, 38.4101 ], [ -118.0647, 38.4058 ], [ -118.0609, 38.4032 ], [ -118.0535, 38.4012 ], [ -118.0488, 38.4064 ], [ -118.0471, 38.4048 ], [ -118.0402, 38.4049 ], [ -118.036, 38.4067 ], [ -118.0013, 38.4115 ], [ -118.0022, 38.4152 ], [ -117.9907, 38.4144 ], [ -117.9872, 38.421 ], [ -117.9899, 38.4255 ], [ -117.9902, 38.4287 ], [ -117.9883, 38.4313 ], [ -117.9825, 38.4325 ], [ -117.9795, 38.4347 ], [ -117.9777, 38.4382 ], [ -117.978, 38.4418 ], [ -117.9558, 38.4459 ], [ -117.9428, 38.4406 ], [ -117.9393, 38.4371 ], [ -117.9345, 38.4253 ], [ -117.917, 38.4208 ], [ -117.9052, 38.414 ], [ -117.8905, 38.4127 ], [ -117.8848, 38.4024 ], [ -117.8829, 38.3883 ], [ -117.8832, 38.3855 ], [ -117.8889, 38.3818 ], [ -117.89, 38.3776 ] ], [ [ -118.0492, 38.3772 ], [ -118.0487, 38.3785 ], [ -118.0514, 38.3811 ], [ -118.0478, 38.3823 ], [ -118.0528, 38.3838 ], [ -118.0532, 38.3873 ], [ -118.0572, 38.3857 ], [ -118.0626, 38.3813 ], [ -118.0492, 38.3772 ] ], [ [ -117.8962, 38.3836 ], [ -117.8974, 38.3868 ], [ -117.9014, 38.3888 ], [ -117.9064, 38.3891 ], [ -117.9048, 38.386 ], [ -117.8999, 38.3836 ], [ -117.8962, 38.3836 ] ] ], [ [ [ -118.1599, 38.4238 ], [ -118.1485, 38.4276 ], [ -118.148, 38.4214 ], [ -118.1501, 38.4179 ], [ -118.1545, 38.4183 ], [ -118.1567, 38.416 ], [ -118.1623, 38.4174 ], [ -118.1658, 38.4268 ], [ -118.1599, 38.4238 ] ] ], [ [ [ -118.1763, 38.4285 ], [ -118.1772, 38.4297 ], [ -118.1682, 38.427 ], [ -118.1668, 38.4219 ], [ -118.1766, 38.4226 ], [ -118.1799, 38.4239 ], [ -118.1763, 38.4285 ] ] ], [ [ [ -118.2122, 38.4684 ], [ -118.2045, 38.4692 ], [ -118.203, 38.4668 ], [ -118.2109, 38.4656 ], [ -118.2244, 38.461 ], [ -118.2289, 38.4616 ], [ -118.2252, 38.4644 ], [ -118.2122, 38.4684 ] ] ], [ [ [ -118.2009, 38.4752 ], [ -118.1996, 38.4834 ], [ -118.2025, 38.4923 ], [ -118.2027, 38.4943 ], [ -118.2016, 38.4945 ], [ -118.1893, 38.4893 ], [ -118.1835, 38.4848 ], [ -118.1819, 38.4798 ], [ -118.1777, 38.478 ], [ -118.1761, 38.4755 ], [ -118.178, 38.4685 ], [ -118.1717, 38.4649 ], [ -118.1789, 38.4603 ], [ -118.19, 38.4578 ], [ -118.1977, 38.4669 ], [ -118.2009, 38.4752 ] ] ], [ [ [ -117.9299, 38.4858 ], [ -117.9257, 38.4802 ], [ -117.9269, 38.4725 ], [ -117.9263, 38.4686 ], [ -117.9181, 38.4601 ], [ -117.9138, 38.4577 ], [ -117.9185, 38.4567 ], [ -117.9234, 38.4575 ], [ -117.9359, 38.4632 ], [ -117.9452, 38.4659 ], [ -117.9557, 38.4642 ], [ -117.9618, 38.466 ], [ -117.9646, 38.4708 ], [ -117.9637, 38.4819 ], [ -117.9574, 38.4798 ], [ -117.9544, 38.4814 ], [ -117.9537, 38.4843 ], [ -117.9575, 38.4893 ], [ -117.971, 38.4957 ], [ -117.9668, 38.498 ], [ -117.9534, 38.4949 ], [ -117.9434, 38.4978 ], [ -117.9386, 38.4948 ], [ -117.9366, 38.4899 ], [ -117.9299, 38.4858 ] ] ], [ [ [ -118.0425, 38.4756 ], [ -118.0467, 38.4806 ], [ -118.0449, 38.4846 ], [ -118.0385, 38.4786 ], [ -118.0361, 38.4728 ], [ -118.0359, 38.4708 ], [ -118.0422, 38.471 ], [ -118.0425, 38.4756 ] ] ], [ [ [ -117.9773, 38.468 ], [ -117.9842, 38.4683 ], [ -117.9859, 38.4664 ], [ -117.9878, 38.4695 ], [ -117.9905, 38.4693 ], [ -117.9915, 38.466 ], [ -117.9901, 38.4615 ], [ -117.9992, 38.4666 ], [ -118.0024, 38.4704 ], [ -118.001, 38.4848 ], [ -117.9965, 38.4875 ], [ -117.996, 38.4929 ], [ -117.9944, 38.4946 ], [ -117.9909, 38.4952 ], [ -117.987, 38.4936 ], [ -117.979, 38.4866 ], [ -117.9758, 38.4796 ], [ -117.9753, 38.4744 ], [ -117.9773, 38.468 ] ] ], [ [ [ -117.7735, 38.4821 ], [ -117.7773, 38.4788 ], [ -117.7782, 38.4766 ], [ -117.7773, 38.467 ], [ -117.7803, 38.4651 ], [ -117.7852, 38.4739 ], [ -117.7881, 38.4753 ], [ -117.79, 38.4821 ], [ -117.8026, 38.4831 ], [ -117.8044, 38.485 ], [ -117.8047, 38.4888 ], [ -117.78, 38.4905 ], [ -117.7704, 38.4933 ], [ -117.7653, 38.4962 ], [ -117.7573, 38.4937 ], [ -117.7549, 38.4899 ], [ -117.7625, 38.4858 ], [ -117.7735, 38.4821 ] ] ], [ [ [ -118.0407, 38.4832 ], [ -118.0427, 38.4856 ], [ -118.0413, 38.4992 ], [ -118.0397, 38.5006 ], [ -118.0353, 38.4969 ], [ -118.0312, 38.4948 ], [ -118.0289, 38.4949 ], [ -118.0277, 38.4965 ], [ -118.0358, 38.5038 ], [ -118.0421, 38.5151 ], [ -118.0378, 38.5123 ], [ -118.033, 38.5116 ], [ -118.031, 38.5189 ], [ -118.0231, 38.5255 ], [ -118.0233, 38.5297 ], [ -118.0268, 38.5321 ], [ -118.0333, 38.5267 ], [ -118.0454, 38.5282 ], [ -118.0466, 38.5365 ], [ -118.0413, 38.5379 ], [ -118.0393, 38.5409 ], [ -118.0301, 38.5424 ], [ -118.0252, 38.5445 ], [ -118.0203, 38.5423 ], [ -118.0167, 38.5389 ], [ -118.013, 38.5319 ], [ -118.0134, 38.5284 ], [ -117.9995, 38.5266 ], [ -118.0025, 38.522 ], [ -118.0027, 38.5188 ], [ -118.0073, 38.522 ], [ -118.0085, 38.5215 ], [ -118.0089, 38.5178 ], [ -118.0073, 38.5134 ], [ -118.0031, 38.5112 ], [ -117.9983, 38.5113 ], [ -117.9985, 38.514 ], [ -117.9963, 38.5163 ], [ -117.9937, 38.5153 ], [ -117.9922, 38.5117 ], [ -117.9888, 38.5112 ], [ -117.9838, 38.5154 ], [ -117.9816, 38.5108 ], [ -117.9839, 38.504 ], [ -117.9855, 38.5033 ], [ -117.9978, 38.5054 ], [ -118.0013, 38.5047 ], [ -118.0026, 38.5089 ], [ -118.0049, 38.5097 ], [ -118.01, 38.4997 ], [ -118.0072, 38.491 ], [ -118.0125, 38.4842 ], [ -118.0212, 38.4796 ], [ -118.0232, 38.4754 ], [ -118.0267, 38.4751 ], [ -118.0293, 38.4775 ], [ -118.03, 38.4864 ], [ -118.0314, 38.4865 ], [ -118.034, 38.4911 ], [ -118.0343, 38.4926 ], [ -118.0367, 38.4878 ], [ -118.0407, 38.4832 ] ] ], [ [ [ -117.8422, 38.5226 ], [ -117.8316, 38.5197 ], [ -117.8212, 38.512 ], [ -117.8074, 38.5107 ], [ -117.7971, 38.505 ], [ -117.7918, 38.5059 ], [ -117.7893, 38.5088 ], [ -117.7808, 38.5093 ], [ -117.7791, 38.5118 ], [ -117.7784, 38.5181 ], [ -117.782, 38.5234 ], [ -117.7905, 38.5254 ], [ -117.8135, 38.5243 ], [ -117.8169, 38.5211 ], [ -117.826, 38.522 ], [ -117.8353, 38.5286 ], [ -117.8457, 38.5287 ], [ -117.8473, 38.5418 ], [ -117.8564, 38.5514 ], [ -117.864, 38.5523 ], [ -117.8756, 38.5623 ], [ -117.8645, 38.5635 ], [ -117.8619, 38.5645 ], [ -117.8594, 38.5686 ], [ -117.8588, 38.5739 ], [ -117.8694, 38.6002 ], [ -117.863, 38.5972 ], [ -117.8586, 38.5967 ], [ -117.8566, 38.5947 ], [ -117.8552, 38.5877 ], [ -117.8521, 38.5852 ], [ -117.8295, 38.5863 ], [ -117.8265, 38.5857 ], [ -117.8257, 38.5844 ], [ -117.8252, 38.5741 ], [ -117.8283, 38.5686 ], [ -117.831, 38.5672 ], [ -117.8381, 38.5684 ], [ -117.8422, 38.5642 ], [ -117.8514, 38.5608 ], [ -117.8517, 38.5575 ], [ -117.8498, 38.5523 ], [ -117.8463, 38.5482 ], [ -117.8413, 38.546 ], [ -117.8327, 38.5461 ], [ -117.8315, 38.5448 ], [ -117.8314, 38.5427 ], [ -117.833, 38.5416 ], [ -117.8407, 38.542 ], [ -117.8437, 38.5405 ], [ -117.8432, 38.5378 ], [ -117.8297, 38.5326 ], [ -117.817, 38.5348 ], [ -117.8131, 38.5369 ], [ -117.8134, 38.5411 ], [ -117.8176, 38.5422 ], [ -117.8263, 38.5413 ], [ -117.828, 38.544 ], [ -117.8246, 38.5471 ], [ -117.8169, 38.5481 ], [ -117.811, 38.5474 ], [ -117.7985, 38.5412 ], [ -117.7817, 38.5416 ], [ -117.7769, 38.5389 ], [ -117.7756, 38.535 ], [ -117.78, 38.5273 ], [ -117.7744, 38.5274 ], [ -117.7683, 38.5248 ], [ -117.768, 38.5231 ], [ -117.7722, 38.5173 ], [ -117.7623, 38.5094 ], [ -117.7616, 38.5075 ], [ -117.7698, 38.5038 ], [ -117.7701, 38.4997 ], [ -117.777, 38.4989 ], [ -117.7848, 38.4927 ], [ -117.8005, 38.4937 ], [ -117.8113, 38.4911 ], [ -117.8167, 38.4951 ], [ -117.8228, 38.4957 ], [ -117.8281, 38.4981 ], [ -117.8294, 38.5132 ], [ -117.8422, 38.5226 ] ] ], [ [ [ -117.7938, 38.5215 ], [ -117.7903, 38.52 ], [ -117.8024, 38.517 ], [ -117.8056, 38.5178 ], [ -117.8048, 38.52 ], [ -117.7938, 38.5215 ] ] ], [ [ [ -118.1235, 38.5392 ], [ -118.1239, 38.5375 ], [ -118.1268, 38.5347 ], [ -118.1314, 38.5356 ], [ -118.1342, 38.5388 ], [ -118.1252, 38.5409 ], [ -118.1235, 38.5392 ] ] ], [ [ [ -118.1085, 38.5677 ], [ -118.1023, 38.5675 ], [ -118.1038, 38.5707 ], [ -118.11, 38.5728 ], [ -118.1151, 38.5802 ], [ -118.12, 38.5809 ], [ -118.1163, 38.5874 ], [ -118.1076, 38.5841 ], [ -118.0956, 38.5829 ], [ -118.0988, 38.5765 ], [ -118.0869, 38.5749 ], [ -118.0966, 38.572 ], [ -118.0987, 38.5692 ], [ -118.0978, 38.5665 ], [ -118.0932, 38.5649 ], [ -118.0809, 38.5639 ], [ -118.0793, 38.5625 ], [ -118.0836, 38.56 ], [ -118.0902, 38.5604 ], [ -118.0931, 38.5593 ], [ -118.0946, 38.5552 ], [ -118.0936, 38.5506 ], [ -118.0971, 38.5454 ], [ -118.0975, 38.5408 ], [ -118.095, 38.5353 ], [ -118.088, 38.5343 ], [ -118.0758, 38.5397 ], [ -118.0739, 38.5417 ], [ -118.0749, 38.5377 ], [ -118.0704, 38.5326 ], [ -118.0726, 38.5314 ], [ -118.0779, 38.5343 ], [ -118.0794, 38.5339 ], [ -118.0797, 38.5315 ], [ -118.0768, 38.5283 ], [ -118.0789, 38.5261 ], [ -118.0788, 38.5245 ], [ -118.0737, 38.5235 ], [ -118.0748, 38.5216 ], [ -118.0721, 38.5187 ], [ -118.0734, 38.5148 ], [ -118.0669, 38.5104 ], [ -118.065, 38.5068 ], [ -118.0665, 38.5054 ], [ -118.0703, 38.5101 ], [ -118.074, 38.5104 ], [ -118.0695, 38.5047 ], [ -118.0699, 38.5032 ], [ -118.0729, 38.5032 ], [ -118.0737, 38.502 ], [ -118.0724, 38.4989 ], [ -118.0665, 38.494 ], [ -118.0679, 38.4917 ], [ -118.0712, 38.4921 ], [ -118.0756, 38.4948 ], [ -118.0812, 38.5062 ], [ -118.0862, 38.5097 ], [ -118.0891, 38.5084 ], [ -118.0883, 38.5071 ], [ -118.0923, 38.5072 ], [ -118.0939, 38.5058 ], [ -118.0921, 38.5033 ], [ -118.0863, 38.5031 ], [ -118.0855, 38.4977 ], [ -118.0905, 38.4957 ], [ -118.0957, 38.4956 ], [ -118.0975, 38.508 ], [ -118.1021, 38.5038 ], [ -118.1, 38.499 ], [ -118.1009, 38.4959 ], [ -118.1095, 38.4936 ], [ -118.1116, 38.4976 ], [ -118.1116, 38.5023 ], [ -118.1148, 38.5049 ], [ -118.1119, 38.5109 ], [ -118.1138, 38.5158 ], [ -118.1136, 38.522 ], [ -118.1227, 38.5086 ], [ -118.1257, 38.5092 ], [ -118.1248, 38.5164 ], [ -118.126, 38.5211 ], [ -118.1221, 38.522 ], [ -118.1187, 38.5254 ], [ -118.1152, 38.5398 ], [ -118.1157, 38.5441 ], [ -118.1108, 38.5447 ], [ -118.1111, 38.5479 ], [ -118.1137, 38.5476 ], [ -118.1158, 38.5495 ], [ -118.112, 38.5517 ], [ -118.1125, 38.5555 ], [ -118.1146, 38.5592 ], [ -118.1159, 38.5577 ], [ -118.1175, 38.5583 ], [ -118.1256, 38.5499 ], [ -118.129, 38.55 ], [ -118.1306, 38.5533 ], [ -118.1273, 38.5599 ], [ -118.1269, 38.5636 ], [ -118.1284, 38.5672 ], [ -118.1305, 38.5681 ], [ -118.1372, 38.5666 ], [ -118.1377, 38.5675 ], [ -118.1366, 38.5721 ], [ -118.1302, 38.5737 ], [ -118.1317, 38.5804 ], [ -118.1354, 38.5854 ], [ -118.1471, 38.5899 ], [ -118.1488, 38.5946 ], [ -118.1439, 38.5927 ], [ -118.1396, 38.5968 ], [ -118.1375, 38.5936 ], [ -118.1313, 38.5923 ], [ -118.1258, 38.5799 ], [ -118.1085, 38.5677 ] ], [ [ -118.1226, 38.5716 ], [ -118.1214, 38.5715 ], [ -118.1207, 38.5747 ], [ -118.1233, 38.5752 ], [ -118.1226, 38.5716 ] ], [ [ -118.1052, 38.5628 ], [ -118.1068, 38.5641 ], [ -118.1111, 38.5642 ], [ -118.1109, 38.5626 ], [ -118.1087, 38.5611 ], [ -118.1054, 38.561 ], [ -118.1052, 38.5628 ] ], [ [ -118.1048, 38.5729 ], [ -118.1017, 38.5727 ], [ -118.1005, 38.5744 ], [ -118.1016, 38.5772 ], [ -118.1083, 38.58 ], [ -118.1095, 38.5788 ], [ -118.1048, 38.5729 ] ] ], [ [ [ -118.1411, 38.5442 ], [ -118.142, 38.5468 ], [ -118.1364, 38.5456 ], [ -118.1369, 38.5441 ], [ -118.1411, 38.5442 ] ] ], [ [ [ -118.1565, 38.5674 ], [ -118.1591, 38.5665 ], [ -118.1645, 38.5744 ], [ -118.1642, 38.5809 ], [ -118.1664, 38.5866 ], [ -118.164, 38.586 ], [ -118.1552, 38.5884 ], [ -118.1485, 38.5867 ], [ -118.1517, 38.5819 ], [ -118.1497, 38.5748 ], [ -118.1565, 38.5674 ] ] ], [ [ [ -117.8352, 38.5933 ], [ -117.8337, 38.5972 ], [ -117.8348, 38.6005 ], [ -117.8266, 38.5919 ], [ -117.8332, 38.5919 ], [ -117.8352, 38.5933 ] ] ], [ [ [ -118.1963, 38.5997 ], [ -118.1958, 38.5976 ], [ -118.1977, 38.5955 ], [ -118.2001, 38.5956 ], [ -118.2046, 38.5979 ], [ -118.1963, 38.5997 ] ] ] ] } },
{ "type": "Feature", "properties": { "tier": "A", "name": "Natchez Pass Form.; limest., dolomite mafic" }, "geometry": { "type": "MultiPolygon", "coordinates": [ [ [ [ -118.0952, 40.2003 ], [ -118.0923, 40.1997 ], [ -118.0915, 40.1981 ], [ -118.0968, 40.1946 ], [ -118.0908, 40.1954 ], [ -118.0857, 40.1941 ], [ -118.0842, 40.1928 ], [ -118.0853, 40.1907 ], [ -118.0896, 40.1898 ], [ -118.0908, 40.1934 ], [ -118.0986, 40.1928 ], [ -118.1049, 40.1951 ], [ -118.1092, 40.1912 ], [ -118.1152, 40.1886 ], [ -118.1185, 40.1839 ], [ -118.1221, 40.1832 ], [ -118.1207, 40.1801 ], [ -118.1245, 40.1784 ], [ -118.1297, 40.1792 ], [ -118.1347, 40.1834 ], [ -118.1346, 40.1849 ], [ -118.1293, 40.1878 ], [ -118.1293, 40.1916 ], [ -118.1274, 40.1946 ], [ -118.128, 40.1958 ], [ -118.1299, 40.196 ], [ -118.135, 40.1932 ], [ -118.1405, 40.1962 ], [ -118.1434, 40.1958 ], [ -118.1443, 40.1932 ], [ -118.1595, 40.1946 ], [ -118.1633, 40.1974 ], [ -118.1659, 40.2057 ], [ -118.1732, 40.2045 ], [ -118.1751, 40.2081 ], [ -118.1715, 40.2125 ], [ -118.1689, 40.2112 ], [ -118.166, 40.212 ], [ -118.1582, 40.2079 ], [ -118.1514, 40.2071 ], [ -118.1493, 40.2051 ], [ -118.1314, 40.2057 ], [ -118.1227, 40.201 ], [ -118.1016, 40.2072 ], [ -118.0997, 40.2066 ], [ -118.0994, 40.2027 ], [ -118.0939, 40.2051 ], [ -118.0929, 40.2027 ], [ -118.0952, 40.2003 ] ] ], [ [ [ -118.0689, 40.2381 ], [ -118.0633, 40.2382 ], [ -118.0619, 40.2334 ], [ -118.062, 40.2309 ], [ -118.0682, 40.2327 ], [ -118.0698, 40.2309 ], [ -118.069, 40.2295 ], [ -118.0707, 40.2243 ], [ -118.0669, 40.2262 ], [ -118.0643, 40.2255 ], [ -118.066, 40.2239 ], [ -118.065, 40.2217 ], [ -118.0661, 40.2191 ], [ -118.0682, 40.2187 ], [ -118.0759, 40.2215 ], [ -118.0767, 40.2197 ], [ -118.0714, 40.2187 ], [ -118.0715, 40.2153 ], [ -118.0665, 40.214 ], [ -118.0689, 40.2112 ], [ -118.0688, 40.2093 ], [ -118.0708, 40.2084 ], [ -118.0765, 40.2088 ], [ -118.0794, 40.213 ], [ -118.0804, 40.2127 ], [ -118.0802, 40.2071 ], [ -118.0744, 40.2056 ], [ -118.072, 40.2008 ], [ -118.0817, 40.1969 ], [ -118.084, 40.1973 ], [ -118.0892, 40.2023 ], [ -118.0857, 40.2077 ], [ -118.0835, 40.2077 ], [ -118.0854, 40.213 ], [ -118.0913, 40.2047 ], [ -118.0941, 40.2076 ], [ -118.0924, 40.2108 ], [ -118.0941, 40.2146 ], [ -118.0977, 40.2112 ], [ -118.0988, 40.2131 ], [ -118.097, 40.2178 ], [ -118.0904, 40.2221 ], [ -118.0914, 40.2269 ], [ -118.099, 40.2187 ], [ -118.1008, 40.2143 ], [ -118.1023, 40.2142 ], [ -118.1023, 40.2125 ], [ -118.104, 40.2126 ], [ -118.1067, 40.2156 ], [ -118.1163, 40.2123 ], [ -118.1191, 40.2052 ], [ -118.1209, 40.2039 ], [ -118.1241, 40.2044 ], [ -118.1272, 40.2083 ], [ -118.1337, 40.2092 ], [ -118.1362, 40.2079 ], [ -118.1404, 40.2095 ], [ -118.1543, 40.2114 ], [ -118.1542, 40.2149 ], [ -118.1484, 40.2125 ], [ -118.1379, 40.2134 ], [ -118.1336, 40.217 ], [ -118.1328, 40.223 ], [ -118.1212, 40.223 ], [ -118.1129, 40.2244 ], [ -118.1092, 40.2268 ], [ -118.098, 40.2302 ], [ -118.0952, 40.2338 ], [ -118.0872, 40.2368 ], [ -118.0845, 40.2404 ], [ -118.0837, 40.2441 ], [ -118.0817, 40.2453 ], [ -118.0783, 40.2455 ], [ -118.0792, 40.2416 ], [ -118.0747, 40.2434 ], [ -118.0741, 40.2402 ], [ -118.0678, 40.2401 ], [ -118.0689, 40.2381 ] ], [ [ -118.0783, 40.2379 ], [ -118.081, 40.229 ], [ -118.0831, 40.2283 ], [ -118.0824, 40.2255 ], [ -118.0756, 40.2358 ], [ -118.0741, 40.2402 ], [ -118.0783, 40.2379 ] ], [ [ -118.0824, 40.2255 ], [ -118.085, 40.2242 ], [ -118.0861, 40.2217 ], [ -118.0828, 40.2232 ], [ -118.0824, 40.2255 ] ] ], [ [ [ -118.0963, 40.321 ], [ -118.0982, 40.3211 ], [ -118.0987, 40.3199 ], [ -118.0946, 40.3097 ], [ -118.0898, 40.31 ], [ -118.0868, 40.3129 ], [ -118.0801, 40.3116 ], [ -118.0808, 40.3098 ], [ -118.0793, 40.3083 ], [ -118.0796, 40.3048 ], [ -118.0741, 40.3041 ], [ -118.0757, 40.3006 ], [ -118.0784, 40.3028 ], [ -118.083, 40.3015 ], [ -118.0787, 40.299 ], [ -118.0798, 40.2971 ], [ -118.0818, 40.297 ], [ -118.0828, 40.2984 ], [ -118.0924, 40.2985 ], [ -118.0944, 40.3009 ], [ -118.0981, 40.301 ], [ -118.0999, 40.3028 ], [ -118.1032, 40.3033 ], [ -118.1055, 40.3152 ], [ -118.1014, 40.3162 ], [ -118.1022, 40.3214 ], [ -118.1013, 40.3239 ], [ -118.0916, 40.3281 ], [ -118.0862, 40.326 ], [ -118.0866, 40.3212 ], [ -118.0853, 40.3203 ], [ -118.0864, 40.3173 ], [ -118.0946, 40.3178 ], [ -118.0963, 40.321 ] ] ], [ [ [ -118.0902, 40.332 ], [ -118.1011, 40.3288 ], [ -118.1022, 40.3287 ], [ -118.1001, 40.3349 ], [ -118.0967, 40.3369 ], [ -118.0894, 40.335 ], [ -118.0908, 40.3339 ], [ -118.0902, 40.332 ] ], [ [ -118.098, 40.3333 ], [ -118.0962, 40.3328 ], [ -118.0959, 40.335 ], [ -118.0974, 40.3351 ], [ -118.098, 40.3333 ] ] ], [ [ [ -118.1083, 40.361 ], [ -118.1069, 40.3585 ], [ -118.0998, 40.3579 ], [ -118.095, 40.3554 ], [ -118.0974, 40.3543 ], [ -118.1074, 40.3555 ], [ -118.1093, 40.3541 ], [ -118.1054, 40.353 ], [ -118.0993, 40.3533 ], [ -118.1043, 40.351 ], [ -118.1049, 40.3488 ], [ -118.0962, 40.346 ], [ -118.0957, 40.3446 ], [ -118.0971, 40.3423 ], [ -118.1043, 40.3416 ], [ -118.1074, 40.3401 ], [ -118.1125, 40.3551 ], [ -118.119, 40.3662 ], [ -118.119, 40.3745 ], [ -118.1146, 40.3732 ], [ -118.1101, 40.3755 ], [ -118.107, 40.3733 ], [ -118.1062, 40.3683 ], [ -118.1078, 40.3674 ], [ -118.1066, 40.3633 ], [ -118.1083, 40.361 ] ] ], [ [ [ -118.0929, 40.369 ], [ -118.0948, 40.3664 ], [ -118.1002, 40.3663 ], [ -118.1004, 40.3686 ], [ -118.0989, 40.3701 ], [ -118.0944, 40.3707 ], [ -118.0929, 40.369 ] ] ], [ [ [ -118.1805, 40.4726 ], [ -118.1751, 40.4783 ], [ -118.174, 40.4869 ], [ -118.168, 40.4871 ], [ -118.1691, 40.4804 ], [ -118.1673, 40.4741 ], [ -118.1701, 40.4712 ], [ -118.1692, 40.4676 ], [ -118.1702, 40.4646 ], [ -118.1751, 40.4642 ], [ -118.1776, 40.4625 ], [ -118.1771, 40.4659 ], [ -118.1809, 40.47 ], [ -118.1805, 40.4726 ] ] ], [ [ [ -118.2209, 40.4845 ], [ -118.2212, 40.4748 ], [ -118.227, 40.4736 ], [ -118.2266, 40.4705 ], [ -118.2315, 40.4674 ], [ -118.2327, 40.4638 ], [ -118.2359, 40.4623 ], [ -118.2378, 40.4591 ], [ -118.2365, 40.4567 ], [ -118.2417, 40.4554 ], [ -118.2483, 40.4507 ], [ -118.248, 40.4546 ], [ -118.2346, 40.4831 ], [ -118.2345, 40.4926 ], [ -118.2278, 40.4947 ], [ -118.228, 40.4967 ], [ -118.232, 40.496 ], [ -118.2283, 40.4992 ], [ -118.2263, 40.5032 ], [ -118.2274, 40.5058 ], [ -118.2245, 40.5065 ], [ -118.2206, 40.5027 ], [ -118.2249, 40.4965 ], [ -118.2209, 40.4845 ] ] ], [ [ [ -118.1628, 40.5095 ], [ -118.1637, 40.5042 ], [ -118.1661, 40.5038 ], [ -118.1662, 40.5082 ], [ -118.1628, 40.5095 ] ] ], [ [ [ -118.1726, 40.5105 ], [ -118.1761, 40.5076 ], [ -118.1774, 40.5042 ], [ -118.1766, 40.5018 ], [ -118.1837, 40.5002 ], [ -118.1844, 40.5013 ], [ -118.1902, 40.4989 ], [ -118.1919, 40.4965 ], [ -118.1945, 40.4979 ], [ -118.1953, 40.5045 ], [ -118.1903, 40.5064 ], [ -118.1892, 40.5093 ], [ -118.1881, 40.5091 ], [ -118.1878, 40.5051 ], [ -118.1865, 40.5039 ], [ -118.1841, 40.5068 ], [ -118.1839, 40.5119 ], [ -118.1803, 40.5131 ], [ -118.1795, 40.5117 ], [ -118.1781, 40.5223 ], [ -118.176, 40.5257 ], [ -118.176, 40.5283 ], [ -118.1651, 40.5326 ], [ -118.1619, 40.5326 ], [ -118.162, 40.5282 ], [ -118.1606, 40.5262 ], [ -118.1637, 40.5236 ], [ -118.1628, 40.5211 ], [ -118.166, 40.5179 ], [ -118.1691, 40.5177 ], [ -118.1709, 40.5158 ], [ -118.1726, 40.5105 ] ] ], [ [ [ -118.1595, 40.5245 ], [ -118.1575, 40.5334 ], [ -118.1561, 40.5222 ], [ -118.1613, 40.513 ], [ -118.1634, 40.5144 ], [ -118.1636, 40.5164 ], [ -118.1595, 40.5245 ] ] ], [ [ [ -118.2234, 40.5245 ], [ -118.2285, 40.5228 ], [ -118.2288, 40.5197 ], [ -118.2275, 40.5169 ], [ -118.2322, 40.5142 ], [ -118.2298, 40.5114 ], [ -118.2297, 40.5075 ], [ -118.2274, 40.5058 ], [ -118.2312, 40.5038 ], [ -118.2343, 40.5068 ], [ -118.2377, 40.5036 ], [ -118.2407, 40.5042 ], [ -118.2412, 40.5071 ], [ -118.2381, 40.5142 ], [ -118.2351, 40.5144 ], [ -118.2357, 40.5177 ], [ -118.232, 40.5216 ], [ -118.235, 40.5231 ], [ -118.2309, 40.5368 ], [ -118.2288, 40.5374 ], [ -118.2272, 40.535 ], [ -118.2248, 40.536 ], [ -118.2213, 40.5404 ], [ -118.2221, 40.5432 ], [ -118.2201, 40.5461 ], [ -118.2156, 40.5466 ], [ -118.2155, 40.5389 ], [ -118.2209, 40.532 ], [ -118.221, 40.5269 ], [ -118.2234, 40.5245 ] ], [ [ -118.2296, 40.5265 ], [ -118.2268, 40.5269 ], [ -118.2248, 40.5319 ], [ -118.2289, 40.5327 ], [ -118.2296, 40.5265 ] ] ], [ [ [ -118.1624, 40.555 ], [ -118.1667, 40.5546 ], [ -118.1666, 40.5568 ], [ -118.163, 40.5583 ], [ -118.1605, 40.5625 ], [ -118.1589, 40.5626 ], [ -118.1577, 40.5608 ], [ -118.1611, 40.5535 ], [ -118.1624, 40.555 ] ] ], [ [ [ -118.2154, 40.5805 ], [ -118.2168, 40.5707 ], [ -118.2196, 40.5662 ], [ -118.2178, 40.5615 ], [ -118.2201, 40.5587 ], [ -118.2167, 40.5483 ], [ -118.219, 40.548 ], [ -118.2209, 40.5489 ], [ -118.2259, 40.5587 ], [ -118.2241, 40.5698 ], [ -118.2202, 40.5696 ], [ -118.219, 40.5712 ], [ -118.2208, 40.5777 ], [ -118.2178, 40.5799 ], [ -118.2175, 40.5851 ], [ -118.2143, 40.5853 ], [ -118.2151, 40.5873 ], [ -118.2006, 40.5922 ], [ -118.2048, 40.5876 ], [ -118.2116, 40.5853 ], [ -118.2154, 40.5805 ] ] ], [ [ [ -118.1513, 40.5752 ], [ -118.1475, 40.5802 ], [ -118.1448, 40.581 ], [ -118.1489, 40.5701 ], [ -118.1526, 40.5661 ], [ -118.1537, 40.5692 ], [ -118.1513, 40.5729 ], [ -118.1513, 40.5752 ] ] ], [ [ [ -118.1427, 40.5939 ], [ -118.1403, 40.5923 ], [ -118.1421, 40.5888 ], [ -118.1431, 40.5914 ], [ -118.1427, 40.5939 ] ] ], [ [ [ -118.0966, 40.6331 ], [ -118.0987, 40.6329 ], [ -118.0994, 40.6358 ], [ -118.0944, 40.6384 ], [ -118.0966, 40.6331 ] ] ], [ [ [ -117.8423, 40.0134 ], [ -117.8456, 40.0031 ], [ -117.8653, 40.0027 ], [ -117.8628, 40.0037 ], [ -117.8612, 40.0077 ], [ -117.8648, 40.0103 ], [ -117.8575, 40.013 ], [ -117.8546, 40.0115 ], [ -117.8507, 40.0041 ], [ -117.8474, 40.0039 ], [ -117.8466, 40.0134 ], [ -117.8439, 40.0214 ], [ -117.8443, 40.0271 ], [ -117.8498, 40.0306 ], [ -117.855, 40.0302 ], [ -117.8566, 40.0289 ], [ -117.8575, 40.0247 ], [ -117.8593, 40.0245 ], [ -117.8627, 40.0199 ], [ -117.8639, 40.0217 ], [ -117.8624, 40.0281 ], [ -117.8635, 40.0284 ], [ -117.8764, 40.0189 ], [ -117.8765, 40.0229 ], [ -117.8783, 40.0265 ], [ -117.8756, 40.0285 ], [ -117.8655, 40.0299 ], [ -117.87, 40.0294 ], [ -117.8671, 40.037 ], [ -117.8637, 40.0392 ], [ -117.8563, 40.0394 ], [ -117.8491, 40.0433 ], [ -117.8479, 40.0479 ], [ -117.849, 40.0581 ], [ -117.8443, 40.0684 ], [ -117.8423, 40.069 ], [ -117.8445, 40.0615 ], [ -117.8398, 40.0545 ], [ -117.8371, 40.0635 ], [ -117.8379, 40.0701 ], [ -117.8359, 40.0709 ], [ -117.8343, 40.0667 ], [ -117.8289, 40.0627 ], [ -117.8412, 40.0493 ], [ -117.839, 40.0448 ], [ -117.8422, 40.041 ], [ -117.8429, 40.0376 ], [ -117.8304, 40.0298 ], [ -117.827, 40.0233 ], [ -117.8322, 40.0195 ], [ -117.8349, 40.0114 ], [ -117.8371, 40.0155 ], [ -117.8423, 40.0134 ] ], [ [ -117.8371, 40.0269 ], [ -117.8373, 40.0267 ], [ -117.8304, 40.0298 ], [ -117.8371, 40.0269 ] ], [ [ -117.8384, 40.0252 ], [ -117.838, 40.026 ], [ -117.8382, 40.0258 ], [ -117.8384, 40.0252 ] ], [ [ -117.8388, 40.0343 ], [ -117.8413, 40.0314 ], [ -117.8391, 40.0319 ], [ -117.8395, 40.0292 ], [ -117.8367, 40.0293 ], [ -117.8356, 40.0303 ], [ -117.8362, 40.0318 ], [ -117.8388, 40.0343 ] ] ], [ [ [ -117.849, 40.1506 ], [ -117.8378, 40.1493 ], [ -117.8399, 40.135 ], [ -117.8432, 40.1365 ], [ -117.8445, 40.1355 ], [ -117.8421, 40.13 ], [ -117.8433, 40.1221 ], [ -117.8475, 40.1171 ], [ -117.8479, 40.1235 ], [ -117.8573, 40.1181 ], [ -117.8625, 40.117 ], [ -117.8524, 40.1366 ], [ -117.849, 40.1506 ] ] ], [ [ [ -117.854, 40.1729 ], [ -117.8563, 40.1734 ], [ -117.8563, 40.176 ], [ -117.8519, 40.1838 ], [ -117.8508, 40.1801 ], [ -117.854, 40.1729 ] ] ], [ [ [ -118.071, 40.2693 ], [ -118.0734, 40.2691 ], [ -118.0742, 40.2725 ], [ -118.0705, 40.2731 ], [ -118.071, 40.2693 ] ] ], [ [ [ -118.0824, 40.2805 ], [ -118.0834, 40.2825 ], [ -118.0807, 40.2834 ], [ -118.0785, 40.2819 ], [ -118.0755, 40.282 ], [ -118.0721, 40.2786 ], [ -118.0728, 40.2753 ], [ -118.0765, 40.2751 ], [ -118.0789, 40.2793 ], [ -118.0824, 40.2805 ] ] ], [ [ [ -118.0821, 40.2946 ], [ -118.0817, 40.2926 ], [ -118.083, 40.2901 ], [ -118.0875, 40.2907 ], [ -118.0868, 40.2953 ], [ -118.0821, 40.2946 ] ] ], [ [ [ -118.0764, 40.6456 ], [ -118.0871, 40.6394 ], [ -118.0875, 40.6397 ], [ -118.0835, 40.6496 ], [ -118.0762, 40.6578 ], [ -118.0741, 40.6573 ], [ -118.0712, 40.6545 ], [ -118.0735, 40.6531 ], [ -118.0712, 40.6513 ], [ -118.0724, 40.6482 ], [ -118.0754, 40.6473 ], [ -118.0764, 40.6456 ] ] ], [ [ [ -118.0612, 40.6509 ], [ -118.0636, 40.6513 ], [ -118.065, 40.6551 ], [ -118.0636, 40.6552 ], [ -118.0612, 40.6509 ] ] ], [ [ [ -118.055, 40.6747 ], [ -118.0547, 40.6718 ], [ -118.0526, 40.6705 ], [ -118.0449, 40.6711 ], [ -118.0479, 40.6686 ], [ -118.0459, 40.6644 ], [ -118.0486, 40.6623 ], [ -118.0497, 40.6586 ], [ -118.0533, 40.656 ], [ -118.0553, 40.6573 ], [ -118.0613, 40.655 ], [ -118.0632, 40.6589 ], [ -118.068, 40.6589 ], [ -118.0687, 40.6579 ], [ -118.0673, 40.6556 ], [ -118.0697, 40.6548 ], [ -118.0706, 40.6585 ], [ -118.073, 40.6585 ], [ -118.0739, 40.6605 ], [ -118.0607, 40.6699 ], [ -118.0583, 40.673 ], [ -118.0593, 40.6753 ], [ -118.0578, 40.6797 ], [ -118.052, 40.6826 ], [ -118.0475, 40.6798 ], [ -118.0486, 40.6772 ], [ -118.053, 40.6777 ], [ -118.0529, 40.676 ], [ -118.055, 40.6747 ] ] ], [ [ [ -118.0509, 40.6729 ], [ -118.0434, 40.6754 ], [ -118.0414, 40.6753 ], [ -118.0431, 40.6725 ], [ -118.0509, 40.6729 ] ] ], [ [ [ -118.0414, 40.6862 ], [ -118.0506, 40.6857 ], [ -118.0509, 40.6868 ], [ -118.0462, 40.6892 ], [ -118.0448, 40.6915 ], [ -118.0367, 40.6907 ], [ -118.0381, 40.6875 ], [ -118.0355, 40.6847 ], [ -118.0361, 40.6839 ], [ -118.0403, 40.6841 ], [ -118.0414, 40.6862 ] ] ], [ [ [ -117.8964, 40.7561 ], [ -117.9022, 40.7472 ], [ -117.9102, 40.7386 ], [ -117.9121, 40.7373 ], [ -117.9176, 40.7382 ], [ -117.9132, 40.7413 ], [ -117.9104, 40.7475 ], [ -117.9101, 40.7531 ], [ -117.9069, 40.7586 ], [ -117.9028, 40.7626 ], [ -117.8976, 40.7659 ], [ -117.8767, 40.7743 ], [ -117.869, 40.7751 ], [ -117.8644, 40.7741 ], [ -117.8659, 40.7656 ], [ -117.8758, 40.7643 ], [ -117.8827, 40.7669 ], [ -117.8859, 40.7668 ], [ -117.8894, 40.7641 ], [ -117.8919, 40.7575 ], [ -117.8905, 40.7512 ], [ -117.9015, 40.7392 ], [ -117.9028, 40.7408 ], [ -117.9018, 40.7455 ], [ -117.8979, 40.7472 ], [ -117.8958, 40.7514 ], [ -117.8964, 40.7561 ] ] ], [ [ [ -117.8422, 40.7656 ], [ -117.8443, 40.7622 ], [ -117.8421, 40.7603 ], [ -117.836, 40.7644 ], [ -117.8355, 40.759 ], [ -117.8312, 40.7546 ], [ -117.8315, 40.7525 ], [ -117.8334, 40.7509 ], [ -117.8348, 40.7544 ], [ -117.8382, 40.7481 ], [ -117.8426, 40.7506 ], [ -117.846, 40.7493 ], [ -117.8512, 40.7497 ], [ -117.85, 40.7474 ], [ -117.8538, 40.7464 ], [ -117.8516, 40.7424 ], [ -117.8544, 40.7349 ], [ -117.861, 40.737 ], [ -117.8676, 40.7344 ], [ -117.8698, 40.7387 ], [ -117.8735, 40.7389 ], [ -117.8716, 40.7446 ], [ -117.8662, 40.7465 ], [ -117.8626, 40.7515 ], [ -117.8621, 40.7452 ], [ -117.8588, 40.7462 ], [ -117.8593, 40.7546 ], [ -117.8567, 40.7551 ], [ -117.8554, 40.761 ], [ -117.8456, 40.7731 ], [ -117.8414, 40.7708 ], [ -117.8415, 40.7682 ], [ -117.8444, 40.7668 ], [ -117.8422, 40.7656 ] ] ], [ [ [ -117.847, 40.1538 ], [ -117.8462, 40.1693 ], [ -117.8409, 40.17 ], [ -117.8431, 40.163 ], [ -117.847, 40.1538 ] ] ], [ [ [ -117.6437, 40.1813 ], [ -117.6411, 40.1775 ], [ -117.6442, 40.1731 ], [ -117.6448, 40.1687 ], [ -117.6476, 40.1692 ], [ -117.6483, 40.1715 ], [ -117.6516, 40.1721 ], [ -117.6522, 40.1655 ], [ -117.6552, 40.1598 ], [ -117.6548, 40.1567 ], [ -117.6588, 40.1518 ], [ -117.6642, 40.1554 ], [ -117.6672, 40.1552 ], [ -117.6699, 40.1518 ], [ -117.6747, 40.1518 ], [ -117.672, 40.1564 ], [ -117.6747, 40.158 ], [ -117.6716, 40.1621 ], [ -117.6669, 40.16 ], [ -117.6661, 40.1608 ], [ -117.6702, 40.1649 ], [ -117.6679, 40.1723 ], [ -117.6594, 40.1803 ], [ -117.6645, 40.1811 ], [ -117.6682, 40.184 ], [ -117.6693, 40.1865 ], [ -117.6678, 40.1883 ], [ -117.6654, 40.1904 ], [ -117.6626, 40.1904 ], [ -117.6573, 40.1851 ], [ -117.6503, 40.1918 ], [ -117.6483, 40.1897 ], [ -117.6495, 40.1862 ], [ -117.6451, 40.1814 ], [ -117.6437, 40.1813 ] ] ], [ [ [ -117.8133, 40.2017 ], [ -117.8138, 40.1953 ], [ -117.8198, 40.1903 ], [ -117.8247, 40.1834 ], [ -117.8235, 40.1773 ], [ -117.8308, 40.1689 ], [ -117.8361, 40.1531 ], [ -117.8399, 40.1543 ], [ -117.847, 40.1537 ], [ -117.8413, 40.1592 ], [ -117.8385, 40.1675 ], [ -117.8321, 40.1754 ], [ -117.8307, 40.1868 ], [ -117.8293, 40.1891 ], [ -117.8299, 40.1919 ], [ -117.8252, 40.198 ], [ -117.8168, 40.2135 ], [ -117.8126, 40.213 ], [ -117.8132, 40.2094 ], [ -117.8111, 40.2068 ], [ -117.8133, 40.2017 ] ] ], [ [ [ -117.573, 40.2244 ], [ -117.5707, 40.2259 ], [ -117.5673, 40.2249 ], [ -117.5677, 40.222 ], [ -117.573, 40.2226 ], [ -117.573, 40.2244 ] ] ], [ [ [ -117.6073, 40.239 ], [ -117.6047, 40.2393 ], [ -117.608, 40.2341 ], [ -117.6093, 40.2338 ], [ -117.6095, 40.2366 ], [ -117.6073, 40.239 ] ] ], [ [ [ -117.6344, 40.2536 ], [ -117.6378, 40.2527 ], [ -117.6359, 40.2555 ], [ -117.6344, 40.2536 ] ] ], [ [ [ -117.5829, 40.2727 ], [ -117.5754, 40.2649 ], [ -117.5738, 40.2667 ], [ -117.5766, 40.2706 ], [ -117.5693, 40.2665 ], [ -117.5675, 40.2567 ], [ -117.5702, 40.2549 ], [ -117.5743, 40.2546 ], [ -117.5752, 40.2524 ], [ -117.5781, 40.2513 ], [ -117.5738, 40.2489 ], [ -117.572, 40.244 ], [ -117.5708, 40.2441 ], [ -117.5714, 40.249 ], [ -117.5654, 40.2449 ], [ -117.565, 40.2415 ], [ -117.5615, 40.2375 ], [ -117.5641, 40.2362 ], [ -117.5662, 40.2295 ], [ -117.5695, 40.2276 ], [ -117.5743, 40.2294 ], [ -117.5781, 40.2326 ], [ -117.5818, 40.2329 ], [ -117.5816, 40.2296 ], [ -117.5851, 40.2238 ], [ -117.5871, 40.2265 ], [ -117.5871, 40.231 ], [ -117.5885, 40.2318 ], [ -117.5866, 40.2339 ], [ -117.5852, 40.2402 ], [ -117.5883, 40.243 ], [ -117.5894, 40.2467 ], [ -117.5815, 40.2527 ], [ -117.579, 40.2533 ], [ -117.5804, 40.2589 ], [ -117.5827, 40.2593 ], [ -117.5844, 40.2543 ], [ -117.5885, 40.2514 ], [ -117.5881, 40.2557 ], [ -117.5894, 40.26 ], [ -117.5876, 40.2607 ], [ -117.5867, 40.2592 ], [ -117.5862, 40.2625 ], [ -117.588, 40.264 ], [ -117.5869, 40.2656 ], [ -117.5899, 40.2725 ], [ -117.5945, 40.2747 ], [ -117.5953, 40.2773 ], [ -117.5943, 40.2791 ], [ -117.5958, 40.2792 ], [ -117.5967, 40.2844 ], [ -117.5906, 40.279 ], [ -117.5766, 40.2795 ], [ -117.5759, 40.2783 ], [ -117.5772, 40.2727 ], [ -117.581, 40.2751 ], [ -117.583, 40.2742 ], [ -117.5829, 40.2727 ] ] ], [ [ [ -117.5993, 40.2731 ], [ -117.5963, 40.2749 ], [ -117.5945, 40.2747 ], [ -117.5953, 40.2718 ], [ -117.5983, 40.2697 ], [ -117.5993, 40.2731 ] ] ], [ [ [ -117.605, 40.2809 ], [ -117.6023, 40.2815 ], [ -117.6018, 40.285 ], [ -117.5993, 40.285 ], [ -117.5989, 40.2762 ], [ -117.6059, 40.2696 ], [ -117.6101, 40.2731 ], [ -117.6113, 40.2727 ], [ -117.611, 40.2643 ], [ -117.6064, 40.2638 ], [ -117.604, 40.2675 ], [ -117.6007, 40.2678 ], [ -117.6041, 40.257 ], [ -117.6085, 40.2623 ], [ -117.61, 40.2612 ], [ -117.61, 40.2528 ], [ -117.6043, 40.2547 ], [ -117.6077, 40.2413 ], [ -117.6112, 40.2351 ], [ -117.6128, 40.24 ], [ -117.6146, 40.2378 ], [ -117.616, 40.2394 ], [ -117.6158, 40.2453 ], [ -117.6188, 40.2458 ], [ -117.6204, 40.2478 ], [ -117.6277, 40.2472 ], [ -117.6286, 40.2555 ], [ -117.6221, 40.265 ], [ -117.6268, 40.2741 ], [ -117.6252, 40.279 ], [ -117.6339, 40.2753 ], [ -117.6334, 40.2805 ], [ -117.6321, 40.2818 ], [ -117.634, 40.2853 ], [ -117.6325, 40.2909 ], [ -117.6356, 40.2985 ], [ -117.6352, 40.3005 ], [ -117.6319, 40.3032 ], [ -117.628, 40.31 ], [ -117.6285, 40.3043 ], [ -117.6308, 40.2999 ], [ -117.6302, 40.2949 ], [ -117.6282, 40.2914 ], [ -117.6239, 40.289 ], [ -117.6197, 40.2842 ], [ -117.6162, 40.2832 ], [ -117.615, 40.2863 ], [ -117.6097, 40.2821 ], [ -117.605, 40.2809 ] ], [ [ -117.62, 40.2528 ], [ -117.6224, 40.2521 ], [ -117.6139, 40.2482 ], [ -117.6142, 40.2511 ], [ -117.62, 40.2528 ] ] ], [ [ [ -117.5275, 40.2793 ], [ -117.528, 40.2886 ], [ -117.5263, 40.2906 ], [ -117.5219, 40.2911 ], [ -117.5221, 40.2981 ], [ -117.5185, 40.2992 ], [ -117.5183, 40.2904 ], [ -117.5211, 40.2877 ], [ -117.5229, 40.2828 ], [ -117.5275, 40.2793 ] ] ], [ [ [ -117.6178, 40.3158 ], [ -117.6178, 40.3109 ], [ -117.6212, 40.3095 ], [ -117.6243, 40.3106 ], [ -117.6236, 40.3153 ], [ -117.6199, 40.3203 ], [ -117.6139, 40.3208 ], [ -117.6178, 40.3158 ] ] ], [ [ [ -117.6983, 40.3816 ], [ -117.695, 40.3879 ], [ -117.6885, 40.3914 ], [ -117.6911, 40.3882 ], [ -117.6915, 40.3776 ], [ -117.6948, 40.3753 ], [ -117.6938, 40.3731 ], [ -117.7066, 40.3662 ], [ -117.7029, 40.3745 ], [ -117.6985, 40.3765 ], [ -117.6983, 40.3816 ] ] ], [ [ [ -117.8228, 40.7094 ], [ -117.8284, 40.7068 ], [ -117.8261, 40.7044 ], [ -117.8284, 40.6978 ], [ -117.8305, 40.6988 ], [ -117.8356, 40.6973 ], [ -117.8279, 40.6943 ], [ -117.8285, 40.6885 ], [ -117.8323, 40.6844 ], [ -117.8285, 40.6754 ], [ -117.8307, 40.6712 ], [ -117.8266, 40.6703 ], [ -117.8232, 40.6713 ], [ -117.8081, 40.682 ], [ -117.8056, 40.6811 ], [ -117.8073, 40.6774 ], [ -117.8211, 40.6654 ], [ -117.8361, 40.6596 ], [ -117.8409, 40.6557 ], [ -117.8456, 40.6576 ], [ -117.85, 40.6626 ], [ -117.8495, 40.668 ], [ -117.8511, 40.6757 ], [ -117.8484, 40.6819 ], [ -117.8595, 40.6693 ], [ -117.8802, 40.6658 ], [ -117.8794, 40.6677 ], [ -117.8717, 40.6714 ], [ -117.8684, 40.6759 ], [ -117.8636, 40.6757 ], [ -117.8603, 40.6776 ], [ -117.8643, 40.6812 ], [ -117.858, 40.6848 ], [ -117.8629, 40.6856 ], [ -117.8636, 40.6917 ], [ -117.853, 40.7019 ], [ -117.8493, 40.708 ], [ -117.8401, 40.7146 ], [ -117.837, 40.7218 ], [ -117.8346, 40.7225 ], [ -117.8328, 40.7209 ], [ -117.8309, 40.7223 ], [ -117.8271, 40.7211 ], [ -117.8211, 40.7267 ], [ -117.8201, 40.7238 ], [ -117.8224, 40.7171 ], [ -117.8228, 40.7094 ] ], [ [ -117.8374, 40.6938 ], [ -117.8378, 40.692 ], [ -117.8367, 40.6911 ], [ -117.8334, 40.6915 ], [ -117.8345, 40.6949 ], [ -117.8374, 40.6938 ] ] ], [ [ [ -117.7085, 40.8328 ], [ -117.7074, 40.8415 ], [ -117.7032, 40.8431 ], [ -117.7011, 40.8426 ], [ -117.7053, 40.8374 ], [ -117.7058, 40.8325 ], [ -117.7085, 40.8328 ] ] ], [ [ [ -117.6547, 40.8437 ], [ -117.6553, 40.8408 ], [ -117.6627, 40.8367 ], [ -117.6601, 40.8333 ], [ -117.6606, 40.8284 ], [ -117.665, 40.8282 ], [ -117.6676, 40.8253 ], [ -117.6695, 40.8276 ], [ -117.6671, 40.8366 ], [ -117.6709, 40.8423 ], [ -117.6675, 40.8573 ], [ -117.66, 40.857 ], [ -117.6625, 40.85 ], [ -117.6611, 40.8479 ], [ -117.6547, 40.8437 ] ] ] ] } },
{ "type": "Feature", "properties": { "tier": "A", "name": "Natchez Pass Form.; limestone, clastic rocks" }, "geometry": { "type": "MultiPolygon", "coordinates": [ [ [ [ -117.8699, 40.021 ], [ -117.8686, 40.0246 ], [ -117.8635, 40.0284 ], [ -117.8624, 40.0281 ], [ -117.8639, 40.0217 ], [ -117.8627, 40.0199 ], [ -117.8593, 40.0245 ], [ -117.8575, 40.0247 ], [ -117.8566, 40.0289 ], [ -117.855, 40.0302 ], [ -117.8498, 40.0306 ], [ -117.8458, 40.0288 ], [ -117.8436, 40.0254 ], [ -117.8443, 40.0192 ], [ -117.8466, 40.0134 ], [ -117.8474, 40.0039 ], [ -117.8507, 40.0041 ], [ -117.856, 40.0125 ], [ -117.8604, 40.0124 ], [ -117.8648, 40.0103 ], [ -117.8664, 40.0119 ], [ -117.8671, 40.017 ], [ -117.8699, 40.021 ] ] ], [ [ [ -117.8409, 40.17 ], [ -117.8356, 40.1761 ], [ -117.8378, 40.179 ], [ -117.8299, 40.1919 ], [ -117.8293, 40.1891 ], [ -117.8307, 40.1868 ], [ -117.8321, 40.1754 ], [ -117.8385, 40.1675 ], [ -117.8413, 40.1592 ], [ -117.847, 40.1537 ], [ -117.8409, 40.17 ] ] ], [ [ [ -118.0913, 40.2047 ], [ -118.0865, 40.212 ], [ -118.0854, 40.213 ], [ -118.0835, 40.2077 ], [ -118.0857, 40.2077 ], [ -118.089, 40.2034 ], [ -118.0913, 40.2047 ] ] ], [ [ [ -118.1543, 40.2114 ], [ -118.1362, 40.2079 ], [ -118.1337, 40.2092 ], [ -118.1272, 40.2083 ], [ -118.1241, 40.2044 ], [ -118.1209, 40.2039 ], [ -118.1191, 40.2052 ], [ -118.1172, 40.2118 ], [ -118.1067, 40.2156 ], [ -118.104, 40.2126 ], [ -118.0994, 40.2111 ], [ -118.0939, 40.2051 ], [ -118.0994, 40.2027 ], [ -118.1001, 40.207 ], [ -118.1054, 40.2067 ], [ -118.1086, 40.2046 ], [ -118.1227, 40.201 ], [ -118.1314, 40.2057 ], [ -118.1493, 40.2051 ], [ -118.1514, 40.2071 ], [ -118.1582, 40.2079 ], [ -118.1656, 40.2119 ], [ -118.1689, 40.2112 ], [ -118.1715, 40.2125 ], [ -118.1678, 40.2171 ], [ -118.1605, 40.215 ], [ -118.1542, 40.2149 ], [ -118.1543, 40.2114 ] ] ], [ [ [ -118.0977, 40.2112 ], [ -118.0941, 40.2146 ], [ -118.0924, 40.2108 ], [ -118.0941, 40.2076 ], [ -118.0977, 40.2112 ] ] ], [ [ [ -118.0996, 40.2179 ], [ -118.0938, 40.2249 ], [ -118.0914, 40.2269 ], [ -118.0904, 40.2221 ], [ -118.0977, 40.2171 ], [ -118.0988, 40.2131 ], [ -118.1008, 40.2135 ], [ -118.0996, 40.2179 ] ] ], [ [ [ -118.0861, 40.2217 ], [ -118.085, 40.2242 ], [ -118.0824, 40.2255 ], [ -118.0833, 40.2226 ], [ -118.0861, 40.2217 ] ] ], [ [ [ -118.081, 40.229 ], [ -118.0783, 40.2379 ], [ -118.0741, 40.2402 ], [ -118.0796, 40.2285 ], [ -118.0824, 40.2255 ], [ -118.0831, 40.2283 ], [ -118.081, 40.229 ] ] ] ] } },
{ "type": "Feature", "properties": { "tier": "A", "name": "Natchez Pass formation" }, "geometry": { "type": "MultiPolygon", "coordinates": [ [ [ [ -117.6693, 40.8582 ], [ -117.6695, 40.8607 ], [ -117.6665, 40.8645 ], [ -117.6612, 40.8659 ], [ -117.6547, 40.8582 ], [ -117.6554, 40.857 ], [ -117.66, 40.857 ], [ -117.6693, 40.8582 ] ] ], [ [ [ -117.6994, 40.8635 ], [ -117.6974, 40.8653 ], [ -117.6966, 40.8579 ], [ -117.6997, 40.861 ], [ -117.6994, 40.8635 ] ] ], [ [ [ -117.6972, 40.8736 ], [ -117.6935, 40.8752 ], [ -117.7018, 40.8774 ], [ -117.7073, 40.8831 ], [ -117.7113, 40.885 ], [ -117.6948, 40.8867 ], [ -117.6922, 40.8838 ], [ -117.6888, 40.8791 ], [ -117.6889, 40.8769 ], [ -117.6915, 40.8734 ], [ -117.6985, 40.8699 ], [ -117.6972, 40.8736 ] ], [ [ -117.6926, 40.8831 ], [ -117.6925, 40.8825 ], [ -117.6922, 40.8838 ], [ -117.6926, 40.8831 ] ], [ [ -117.6924, 40.8806 ], [ -117.6921, 40.877 ], [ -117.6921, 40.8788 ], [ -117.6924, 40.8806 ] ] ] ] } },
{ "type": "Feature", "properties": { "tier": "A", "name": "Prida Form.; limest., dolomite, chert" }, "geometry": { "type": "MultiPolygon", "coordinates": [ [ [ [ -118.1006, 40.3676 ], [ -118.1002, 40.3663 ], [ -118.1062, 40.3683 ], [ -118.107, 40.3733 ], [ -118.1016, 40.3753 ], [ -118.1005, 40.3718 ], [ -118.0978, 40.3705 ], [ -118.1006, 40.3676 ] ] ], [ [ [ -118.1603, 40.4283 ], [ -118.1569, 40.4264 ], [ -118.1588, 40.4248 ], [ -118.159, 40.4216 ], [ -118.1606, 40.4203 ], [ -118.1631, 40.4213 ], [ -118.1633, 40.425 ], [ -118.1603, 40.4283 ] ] ], [ [ [ -118.2428, 40.4282 ], [ -118.2384, 40.4257 ], [ -118.2461, 40.4234 ], [ -118.2481, 40.4197 ], [ -118.2524, 40.4186 ], [ -118.2543, 40.4202 ], [ -118.2532, 40.4215 ], [ -118.2597, 40.4218 ], [ -118.26, 40.4302 ], [ -118.2445, 40.4315 ], [ -118.2412, 40.4306 ], [ -118.2429, 40.4299 ], [ -118.2428, 40.4282 ] ] ], [ [ [ -118.1504, 40.4318 ], [ -118.1508, 40.4288 ], [ -118.1546, 40.4304 ], [ -118.155, 40.435 ], [ -118.1519, 40.4359 ], [ -118.1482, 40.4346 ], [ -118.146, 40.4308 ], [ -118.1504, 40.4318 ] ] ], [ [ [ -118.1498, 40.4444 ], [ -118.1465, 40.4455 ], [ -118.1475, 40.4403 ], [ -118.1498, 40.4444 ] ] ], [ [ [ -118.209, 40.5289 ], [ -118.2005, 40.5255 ], [ -118.1996, 40.5272 ], [ -118.2065, 40.5288 ], [ -118.2105, 40.5341 ], [ -118.2097, 40.5349 ], [ -118.2066, 40.5334 ], [ -118.2063, 40.5353 ], [ -118.2049, 40.5356 ], [ -118.204, 40.5333 ], [ -118.2015, 40.533 ], [ -118.1986, 40.5291 ], [ -118.1895, 40.5224 ], [ -118.1916, 40.5172 ], [ -118.1951, 40.5183 ], [ -118.2039, 40.5177 ], [ -118.2034, 40.5195 ], [ -118.2055, 40.5198 ], [ -118.2118, 40.5185 ], [ -118.219, 40.5187 ], [ -118.2199, 40.5151 ], [ -118.2138, 40.5122 ], [ -118.213, 40.5105 ], [ -118.2164, 40.5098 ], [ -118.221, 40.5112 ], [ -118.2212, 40.5037 ], [ -118.2245, 40.5065 ], [ -118.2285, 40.5064 ], [ -118.232, 40.5146 ], [ -118.2275, 40.5169 ], [ -118.229, 40.5218 ], [ -118.2216, 40.5262 ], [ -118.2209, 40.532 ], [ -118.215, 40.5402 ], [ -118.2098, 40.5393 ], [ -118.2109, 40.5372 ], [ -118.21, 40.5362 ], [ -118.2117, 40.5336 ], [ -118.209, 40.5289 ] ] ], [ [ [ -118.1101, 40.6232 ], [ -118.116, 40.6109 ], [ -118.1254, 40.6013 ], [ -118.1268, 40.5954 ], [ -118.135, 40.5804 ], [ -118.1388, 40.5784 ], [ -118.1359, 40.5766 ], [ -118.1354, 40.5747 ], [ -118.1386, 40.5681 ], [ -118.1423, 40.5662 ], [ -118.1421, 40.564 ], [ -118.144, 40.561 ], [ -118.1396, 40.5595 ], [ -118.1395, 40.5577 ], [ -118.1466, 40.5521 ], [ -118.1513, 40.5505 ], [ -118.1523, 40.5467 ], [ -118.1592, 40.546 ], [ -118.1533, 40.5388 ], [ -118.1538, 40.5317 ], [ -118.1524, 40.5287 ], [ -118.1481, 40.5289 ], [ -118.1446, 40.532 ], [ -118.1409, 40.5318 ], [ -118.139, 40.5354 ], [ -118.1379, 40.5336 ], [ -118.1344, 40.5341 ], [ -118.1341, 40.5333 ], [ -118.1357, 40.5301 ], [ -118.1399, 40.5302 ], [ -118.1412, 40.528 ], [ -118.1453, 40.5265 ], [ -118.1461, 40.5231 ], [ -118.148, 40.5226 ], [ -118.1477, 40.518 ], [ -118.1436, 40.5179 ], [ -118.1413, 40.5148 ], [ -118.1437, 40.5128 ], [ -118.1441, 40.5101 ], [ -118.1569, 40.511 ], [ -118.159, 40.5082 ], [ -118.157, 40.5056 ], [ -118.1574, 40.5029 ], [ -118.1605, 40.5015 ], [ -118.1597, 40.5001 ], [ -118.1631, 40.4962 ], [ -118.1679, 40.4935 ], [ -118.1679, 40.4924 ], [ -118.1638, 40.4917 ], [ -118.1615, 40.4889 ], [ -118.1578, 40.4871 ], [ -118.1576, 40.4852 ], [ -118.1607, 40.4832 ], [ -118.1614, 40.4813 ], [ -118.1571, 40.4793 ], [ -118.156, 40.4742 ], [ -118.1603, 40.4693 ], [ -118.1604, 40.4633 ], [ -118.167, 40.4606 ], [ -118.1682, 40.4589 ], [ -118.1727, 40.458 ], [ -118.1734, 40.4539 ], [ -118.1786, 40.4497 ], [ -118.1776, 40.4625 ], [ -118.1751, 40.4642 ], [ -118.1702, 40.4646 ], [ -118.1692, 40.4676 ], [ -118.1701, 40.4712 ], [ -118.1673, 40.4741 ], [ -118.1691, 40.4804 ], [ -118.1677, 40.4866 ], [ -118.1702, 40.4876 ], [ -118.174, 40.4869 ], [ -118.1726, 40.4928 ], [ -118.1642, 40.5024 ], [ -118.1622, 40.5114 ], [ -118.1561, 40.5222 ], [ -118.1565, 40.5291 ], [ -118.1575, 40.5334 ], [ -118.1595, 40.5245 ], [ -118.1638, 40.515 ], [ -118.166, 40.5179 ], [ -118.1628, 40.5211 ], [ -118.1637, 40.5236 ], [ -118.1606, 40.5262 ], [ -118.162, 40.5282 ], [ -118.1619, 40.5326 ], [ -118.1651, 40.5326 ], [ -118.1759, 40.5284 ], [ -118.1762, 40.5252 ], [ -118.1823, 40.5169 ], [ -118.184, 40.5196 ], [ -118.1804, 40.533 ], [ -118.1743, 40.5375 ], [ -118.1705, 40.544 ], [ -118.1756, 40.5492 ], [ -118.173, 40.5529 ], [ -118.173, 40.5556 ], [ -118.1805, 40.5534 ], [ -118.1819, 40.5469 ], [ -118.1933, 40.5461 ], [ -118.1886, 40.5518 ], [ -118.1879, 40.5562 ], [ -118.1853, 40.5603 ], [ -118.1884, 40.5634 ], [ -118.1877, 40.5664 ], [ -118.1905, 40.5679 ], [ -118.1822, 40.5729 ], [ -118.1766, 40.5797 ], [ -118.17, 40.5824 ], [ -118.1626, 40.5876 ], [ -118.1647, 40.5835 ], [ -118.1592, 40.586 ], [ -118.1666, 40.5778 ], [ -118.1669, 40.5754 ], [ -118.1653, 40.5727 ], [ -118.1691, 40.5671 ], [ -118.1682, 40.5639 ], [ -118.1591, 40.575 ], [ -118.1557, 40.5854 ], [ -118.1467, 40.5949 ], [ -118.1455, 40.5995 ], [ -118.1597, 40.5907 ], [ -118.1716, 40.5875 ], [ -118.1878, 40.5899 ], [ -118.1938, 40.5864 ], [ -118.1927, 40.589 ], [ -118.1939, 40.5908 ], [ -118.188, 40.5952 ], [ -118.179, 40.5965 ], [ -118.1779, 40.5976 ], [ -118.1797, 40.6015 ], [ -118.1778, 40.6021 ], [ -118.1724, 40.6009 ], [ -118.1703, 40.6019 ], [ -118.1604, 40.6019 ], [ -118.153, 40.6106 ], [ -118.146, 40.6076 ], [ -118.1439, 40.6049 ], [ -118.1412, 40.6075 ], [ -118.1378, 40.6083 ], [ -118.1299, 40.6134 ], [ -118.1268, 40.6131 ], [ -118.1251, 40.6187 ], [ -118.1221, 40.6221 ], [ -118.1149, 40.6248 ], [ -118.1126, 40.6275 ], [ -118.1088, 40.6287 ], [ -118.1046, 40.6337 ], [ -118.1006, 40.6338 ], [ -118.1007, 40.6281 ], [ -118.1052, 40.6278 ], [ -118.1067, 40.6252 ], [ -118.1101, 40.6232 ] ], [ [ -118.1423, 40.594 ], [ -118.1433, 40.5932 ], [ -118.1421, 40.5888 ], [ -118.1403, 40.5923 ], [ -118.1423, 40.594 ] ], [ [ -118.1448, 40.581 ], [ -118.1475, 40.5802 ], [ -118.1512, 40.5757 ], [ -118.1513, 40.5729 ], [ -118.1537, 40.5692 ], [ -118.1526, 40.5661 ], [ -118.1489, 40.5701 ], [ -118.1448, 40.581 ] ], [ [ -118.1589, 40.5626 ], [ -118.161, 40.562 ], [ -118.163, 40.5583 ], [ -118.1663, 40.557 ], [ -118.1664, 40.5543 ], [ -118.1628, 40.555 ], [ -118.1611, 40.5535 ], [ -118.1577, 40.5608 ], [ -118.1589, 40.5626 ] ], [ [ -118.1843, 40.5612 ], [ -118.1789, 40.5556 ], [ -118.1736, 40.5573 ], [ -118.1758, 40.5643 ], [ -118.1776, 40.5653 ], [ -118.1808, 40.564 ], [ -118.1821, 40.5616 ], [ -118.1843, 40.5612 ] ] ], [ [ [ -118.1318, 40.5617 ], [ -118.1312, 40.5593 ], [ -118.1364, 40.5559 ], [ -118.1324, 40.5517 ], [ -118.134, 40.5508 ], [ -118.1393, 40.555 ], [ -118.1352, 40.5613 ], [ -118.1318, 40.5617 ] ] ], [ [ [ -118.2006, 40.5875 ], [ -118.1983, 40.5857 ], [ -118.1997, 40.5841 ], [ -118.2105, 40.5808 ], [ -118.2135, 40.5708 ], [ -118.2193, 40.5652 ], [ -118.2137, 40.5836 ], [ -118.2048, 40.5876 ], [ -118.2006, 40.5922 ], [ -118.1981, 40.5894 ], [ -118.2006, 40.5875 ] ] ] ] } },
{ "type": "Feature", "properties": { "tier": "A", "name": "Prida Form.; shale, siltst., limest., sandst., dol" }, "geometry": { "type": "MultiPolygon", "coordinates": [ [ [ [ -118.1549, 40.4222 ], [ -118.1548, 40.4203 ], [ -118.1594, 40.4174 ], [ -118.1643, 40.4172 ], [ -118.1672, 40.4137 ], [ -118.1678, 40.4208 ], [ -118.1659, 40.4221 ], [ -118.1657, 40.425 ], [ -118.1628, 40.4272 ], [ -118.1616, 40.4311 ], [ -118.1586, 40.432 ], [ -118.1546, 40.4304 ], [ -118.1535, 40.4231 ], [ -118.1549, 40.4222 ] ], [ [ -118.1606, 40.4203 ], [ -118.159, 40.4216 ], [ -118.1588, 40.4248 ], [ -118.1569, 40.4264 ], [ -118.1603, 40.4283 ], [ -118.1633, 40.425 ], [ -118.1631, 40.4213 ], [ -118.1606, 40.4203 ] ] ], [ [ [ -118.1556, 40.4365 ], [ -118.1535, 40.4382 ], [ -118.1478, 40.4388 ], [ -118.1482, 40.4346 ], [ -118.1519, 40.4359 ], [ -118.155, 40.435 ], [ -118.1556, 40.4365 ] ] ], [ [ [ -118.1916, 40.5172 ], [ -118.2011, 40.5148 ], [ -118.2008, 40.5109 ], [ -118.2035, 40.512 ], [ -118.21, 40.5106 ], [ -118.2043, 40.5074 ], [ -118.2041, 40.5053 ], [ -118.2058, 40.5044 ], [ -118.2148, 40.5055 ], [ -118.2209, 40.5033 ], [ -118.2214, 40.5041 ], [ -118.221, 40.5112 ], [ -118.2164, 40.5098 ], [ -118.2128, 40.5109 ], [ -118.2199, 40.5151 ], [ -118.219, 40.5187 ], [ -118.2118, 40.5185 ], [ -118.2055, 40.5198 ], [ -118.2034, 40.5195 ], [ -118.2039, 40.5177 ], [ -118.1951, 40.5183 ], [ -118.1916, 40.5172 ] ], [ [ -118.2043, 40.5154 ], [ -118.2128, 40.5177 ], [ -118.2182, 40.5165 ], [ -118.2156, 40.5143 ], [ -118.2088, 40.5123 ], [ -118.2044, 40.5143 ], [ -118.2043, 40.5154 ] ] ], [ [ [ -118.2097, 40.5349 ], [ -118.2105, 40.5341 ], [ -118.208, 40.5302 ], [ -118.1996, 40.5272 ], [ -118.2005, 40.5255 ], [ -118.2079, 40.5277 ], [ -118.2117, 40.5336 ], [ -118.2092, 40.5368 ], [ -118.2063, 40.5353 ], [ -118.2066, 40.5334 ], [ -118.2097, 40.5349 ] ] ], [ [ [ -118.1897, 40.5504 ], [ -118.1935, 40.547 ], [ -118.193, 40.5459 ], [ -118.1819, 40.5469 ], [ -118.1805, 40.5534 ], [ -118.173, 40.5556 ], [ -118.1732, 40.5541 ], [ -118.1774, 40.553 ], [ -118.1814, 40.5449 ], [ -118.1892, 40.5453 ], [ -118.1953, 40.5438 ], [ -118.1961, 40.5458 ], [ -118.1947, 40.5489 ], [ -118.1911, 40.5504 ], [ -118.1897, 40.5528 ], [ -118.1924, 40.5532 ], [ -118.1923, 40.5584 ], [ -118.1958, 40.5592 ], [ -118.1939, 40.5626 ], [ -118.1911, 40.559 ], [ -118.1866, 40.5579 ], [ -118.1897, 40.5504 ] ] ], [ [ [ -118.1961, 40.5801 ], [ -118.1999, 40.5787 ], [ -118.2054, 40.5802 ], [ -118.2079, 40.5788 ], [ -118.2097, 40.5755 ], [ -118.2085, 40.5712 ], [ -118.209, 40.5683 ], [ -118.2121, 40.5674 ], [ -118.2161, 40.5609 ], [ -118.2201, 40.5581 ], [ -118.2178, 40.5615 ], [ -118.2193, 40.5652 ], [ -118.2135, 40.5708 ], [ -118.2105, 40.5808 ], [ -118.1997, 40.5841 ], [ -118.1982, 40.5812 ], [ -118.1945, 40.5826 ], [ -118.1928, 40.578 ], [ -118.1947, 40.5782 ], [ -118.1961, 40.5801 ] ] ], [ [ [ -118.1653, 40.5727 ], [ -118.1669, 40.5754 ], [ -118.1666, 40.5778 ], [ -118.1592, 40.586 ], [ -118.1647, 40.5835 ], [ -118.1626, 40.5876 ], [ -118.17, 40.5824 ], [ -118.1766, 40.5797 ], [ -118.1719, 40.5834 ], [ -118.1715, 40.5863 ], [ -118.1747, 40.5845 ], [ -118.1799, 40.5868 ], [ -118.1844, 40.587 ], [ -118.1824, 40.5891 ], [ -118.1716, 40.5875 ], [ -118.1597, 40.5907 ], [ -118.1455, 40.5995 ], [ -118.1467, 40.5949 ], [ -118.1557, 40.5854 ], [ -118.1591, 40.575 ], [ -118.1681, 40.5638 ], [ -118.1691, 40.5671 ], [ -118.1653, 40.5727 ] ] ], [ [ [ -118.1384, 40.4303 ], [ -118.1379, 40.432 ], [ -118.1322, 40.4337 ], [ -118.1249, 40.4404 ], [ -118.1206, 40.438 ], [ -118.1159, 40.4375 ], [ -118.1176, 40.4353 ], [ -118.1174, 40.4314 ], [ -118.1186, 40.4308 ], [ -118.1204, 40.4312 ], [ -118.1222, 40.4352 ], [ -118.1265, 40.4332 ], [ -118.125, 40.4311 ], [ -118.1263, 40.4285 ], [ -118.1315, 40.4278 ], [ -118.1338, 40.4287 ], [ -118.1349, 40.4258 ], [ -118.1381, 40.4255 ], [ -118.1405, 40.4298 ], [ -118.1384, 40.4303 ] ] ], [ [ [ -118.135, 40.4392 ], [ -118.1345, 40.4376 ], [ -118.1381, 40.4401 ], [ -118.1384, 40.442 ], [ -118.1364, 40.4443 ], [ -118.1332, 40.4417 ], [ -118.135, 40.4392 ] ] ], [ [ [ -118.1268, 40.5173 ], [ -118.1251, 40.5125 ], [ -118.1256, 40.5095 ], [ -118.1276, 40.5077 ], [ -118.1255, 40.5061 ], [ -118.1252, 40.5041 ], [ -118.1268, 40.5009 ], [ -118.1317, 40.5011 ], [ -118.1333, 40.5077 ], [ -118.131, 40.5094 ], [ -118.1337, 40.5126 ], [ -118.133, 40.5155 ], [ -118.1268, 40.5173 ] ] ], [ [ [ -118.1082, 40.6069 ], [ -118.1172, 40.5977 ], [ -118.1184, 40.6 ], [ -118.1199, 40.5985 ], [ -118.1223, 40.588 ], [ -118.1223, 40.5809 ], [ -118.1248, 40.5731 ], [ -118.1239, 40.5686 ], [ -118.125, 40.5586 ], [ -118.129, 40.5472 ], [ -118.1275, 40.5426 ], [ -118.1295, 40.5333 ], [ -118.1333, 40.5289 ], [ -118.142, 40.5238 ], [ -118.1421, 40.5222 ], [ -118.1385, 40.5226 ], [ -118.1387, 40.5191 ], [ -118.1365, 40.5152 ], [ -118.1393, 40.5116 ], [ -118.1379, 40.509 ], [ -118.1413, 40.5048 ], [ -118.1401, 40.4998 ], [ -118.146, 40.4997 ], [ -118.1454, 40.497 ], [ -118.1479, 40.4971 ], [ -118.1502, 40.4993 ], [ -118.1509, 40.505 ], [ -118.154, 40.5063 ], [ -118.1535, 40.5007 ], [ -118.1569, 40.4991 ], [ -118.1601, 40.4943 ], [ -118.1596, 40.4927 ], [ -118.1545, 40.4916 ], [ -118.1531, 40.4888 ], [ -118.1478, 40.4921 ], [ -118.1462, 40.4893 ], [ -118.1419, 40.4899 ], [ -118.1341, 40.4885 ], [ -118.1298, 40.4928 ], [ -118.1261, 40.4898 ], [ -118.1287, 40.4856 ], [ -118.1286, 40.4825 ], [ -118.1252, 40.482 ], [ -118.1232, 40.4772 ], [ -118.1237, 40.4752 ], [ -118.119, 40.4699 ], [ -118.1243, 40.4639 ], [ -118.1202, 40.4583 ], [ -118.1227, 40.4492 ], [ -118.1301, 40.4515 ], [ -118.1296, 40.4548 ], [ -118.1358, 40.4539 ], [ -118.1369, 40.4565 ], [ -118.1409, 40.4544 ], [ -118.1428, 40.4611 ], [ -118.1471, 40.4618 ], [ -118.1483, 40.4645 ], [ -118.1506, 40.4643 ], [ -118.1528, 40.4636 ], [ -118.154, 40.4582 ], [ -118.1608, 40.4565 ], [ -118.1602, 40.4538 ], [ -118.1642, 40.4536 ], [ -118.1655, 40.4547 ], [ -118.1671, 40.4527 ], [ -118.1722, 40.4518 ], [ -118.174, 40.4487 ], [ -118.1727, 40.4439 ], [ -118.1784, 40.4406 ], [ -118.1786, 40.4497 ], [ -118.1734, 40.4539 ], [ -118.1727, 40.458 ], [ -118.1682, 40.4589 ], [ -118.167, 40.4606 ], [ -118.1604, 40.4633 ], [ -118.1603, 40.4693 ], [ -118.156, 40.4742 ], [ -118.1571, 40.4793 ], [ -118.1614, 40.4813 ], [ -118.1607, 40.4832 ], [ -118.1576, 40.4852 ], [ -118.1578, 40.4871 ], [ -118.1615, 40.4889 ], [ -118.1638, 40.4917 ], [ -118.1679, 40.4924 ], [ -118.1679, 40.4935 ], [ -118.1631, 40.4962 ], [ -118.1597, 40.5001 ], [ -118.1605, 40.5015 ], [ -118.1574, 40.5029 ], [ -118.157, 40.5056 ], [ -118.159, 40.5082 ], [ -118.1569, 40.511 ], [ -118.1441, 40.5101 ], [ -118.1437, 40.5128 ], [ -118.1413, 40.5148 ], [ -118.1436, 40.5179 ], [ -118.1477, 40.518 ], [ -118.148, 40.5226 ], [ -118.1461, 40.5231 ], [ -118.1453, 40.5265 ], [ -118.1412, 40.528 ], [ -118.1399, 40.5302 ], [ -118.1357, 40.5301 ], [ -118.1341, 40.5333 ], [ -118.1344, 40.5341 ], [ -118.1379, 40.5336 ], [ -118.139, 40.5354 ], [ -118.1409, 40.5318 ], [ -118.1446, 40.532 ], [ -118.1481, 40.5289 ], [ -118.1524, 40.5287 ], [ -118.1538, 40.5317 ], [ -118.1533, 40.5388 ], [ -118.1592, 40.546 ], [ -118.1523, 40.5467 ], [ -118.1513, 40.5505 ], [ -118.1466, 40.5521 ], [ -118.14, 40.557 ], [ -118.1396, 40.5595 ], [ -118.144, 40.561 ], [ -118.1421, 40.564 ], [ -118.1423, 40.5662 ], [ -118.1386, 40.5681 ], [ -118.1354, 40.5747 ], [ -118.1359, 40.5766 ], [ -118.1388, 40.5784 ], [ -118.135, 40.5804 ], [ -118.1314, 40.5858 ], [ -118.1262, 40.5969 ], [ -118.1254, 40.6013 ], [ -118.1154, 40.6118 ], [ -118.1101, 40.6232 ], [ -118.1067, 40.6252 ], [ -118.1077, 40.6227 ], [ -118.1034, 40.6261 ], [ -118.1028, 40.623 ], [ -118.1065, 40.615 ], [ -118.1082, 40.6069 ] ], [ [ -118.1209, 40.5987 ], [ -118.1116, 40.6075 ], [ -118.1089, 40.6165 ], [ -118.1238, 40.6011 ], [ -118.1243, 40.5958 ], [ -118.1275, 40.5922 ], [ -118.1297, 40.5857 ], [ -118.1327, 40.5827 ], [ -118.1332, 40.5772 ], [ -118.1363, 40.5687 ], [ -118.1406, 40.5641 ], [ -118.1404, 40.5625 ], [ -118.1334, 40.5641 ], [ -118.1284, 40.5742 ], [ -118.1209, 40.5987 ] ], [ [ -118.1324, 40.5513 ], [ -118.1364, 40.5559 ], [ -118.1311, 40.5596 ], [ -118.1324, 40.562 ], [ -118.1352, 40.5613 ], [ -118.1393, 40.555 ], [ -118.1348, 40.5512 ], [ -118.1324, 40.5513 ] ], [ [ -118.1487, 40.5486 ], [ -118.1516, 40.5442 ], [ -118.1499, 40.5396 ], [ -118.1522, 40.5354 ], [ -118.151, 40.5311 ], [ -118.1472, 40.5367 ], [ -118.1423, 40.5509 ], [ -118.1504, 40.549 ], [ -118.1487, 40.5486 ] ], [ [ -118.1586, 40.4679 ], [ -118.1503, 40.4722 ], [ -118.1548, 40.4799 ], [ -118.156, 40.4791 ], [ -118.1554, 40.4728 ], [ -118.1588, 40.4689 ], [ -118.1586, 40.4679 ] ], [ [ -118.1487, 40.4723 ], [ -118.1432, 40.473 ], [ -118.1443, 40.4774 ], [ -118.1492, 40.4734 ], [ -118.1487, 40.4723 ] ], [ [ -118.1383, 40.4683 ], [ -118.1416, 40.4673 ], [ -118.144, 40.4681 ], [ -118.145, 40.4662 ], [ -118.1416, 40.4653 ], [ -118.1379, 40.4665 ], [ -118.1383, 40.4683 ] ] ], [ [ [ -118.0782, 40.64 ], [ -118.0974, 40.6261 ], [ -118.0969, 40.6309 ], [ -118.0936, 40.6348 ], [ -118.0864, 40.6367 ], [ -118.0871, 40.6394 ], [ -118.0795, 40.6438 ], [ -118.0811, 40.6425 ], [ -118.0782, 40.64 ] ] ], [ [ [ -118.0757, 40.6472 ], [ -118.0724, 40.6482 ], [ -118.072, 40.647 ], [ -118.0723, 40.645 ], [ -118.0765, 40.6422 ], [ -118.0757, 40.6472 ] ] ], [ [ [ -118.0674, 40.6523 ], [ -118.067, 40.6536 ], [ -118.065, 40.6541 ], [ -118.0636, 40.6513 ], [ -118.0674, 40.6523 ] ] ] ] } },
{ "type": "Feature", "properties": { "tier": "A", "name": "Prida Frm; lmest, dolom, chert, shale, sltst" }, "geometry": { "type": "MultiPolygon", "coordinates": [ [ [ [ -118.1678, 40.2171 ], [ -118.1664, 40.2188 ], [ -118.1467, 40.2154 ], [ -118.1381, 40.216 ], [ -118.1353, 40.2202 ], [ -118.1373, 40.2276 ], [ -118.1272, 40.2253 ], [ -118.1134, 40.227 ], [ -118.1096, 40.2302 ], [ -118.0956, 40.2363 ], [ -118.0927, 40.2393 ], [ -118.0888, 40.2403 ], [ -118.0837, 40.2441 ], [ -118.0845, 40.2404 ], [ -118.0872, 40.2368 ], [ -118.0952, 40.2338 ], [ -118.098, 40.2302 ], [ -118.1092, 40.2268 ], [ -118.1129, 40.2244 ], [ -118.1212, 40.223 ], [ -118.1328, 40.223 ], [ -118.1336, 40.217 ], [ -118.1379, 40.2134 ], [ -118.1484, 40.2125 ], [ -118.1531, 40.215 ], [ -118.1605, 40.215 ], [ -118.1678, 40.2171 ] ] ], [ [ [ -118.0799, 40.2619 ], [ -118.0817, 40.2624 ], [ -118.0848, 40.2687 ], [ -118.087, 40.2689 ], [ -118.0895, 40.2711 ], [ -118.0918, 40.2695 ], [ -118.091, 40.2654 ], [ -118.0948, 40.2677 ], [ -118.0934, 40.2779 ], [ -118.0906, 40.2799 ], [ -118.0895, 40.2834 ], [ -118.0834, 40.2825 ], [ -118.0824, 40.2805 ], [ -118.0789, 40.2793 ], [ -118.0765, 40.2751 ], [ -118.0804, 40.2747 ], [ -118.0801, 40.2722 ], [ -118.0742, 40.2725 ], [ -118.0734, 40.2691 ], [ -118.075, 40.2673 ], [ -118.0744, 40.265 ], [ -118.0763, 40.2638 ], [ -118.0799, 40.2682 ], [ -118.0816, 40.2729 ], [ -118.0858, 40.2728 ], [ -118.0803, 40.2659 ], [ -118.0799, 40.2619 ] ] ], [ [ [ -118.1948, 40.2662 ], [ -118.1997, 40.2664 ], [ -118.1973, 40.2688 ], [ -118.1948, 40.2662 ] ] ], [ [ [ -118.0698, 40.2791 ], [ -118.0693, 40.2764 ], [ -118.0728, 40.2753 ], [ -118.0721, 40.2786 ], [ -118.0698, 40.2791 ] ] ], [ [ [ -118.2073, 40.2773 ], [ -118.2029, 40.2726 ], [ -118.2141, 40.2703 ], [ -118.2161, 40.2709 ], [ -118.2179, 40.2742 ], [ -118.2206, 40.275 ], [ -118.2223, 40.2777 ], [ -118.2248, 40.2785 ], [ -118.2255, 40.2812 ], [ -118.2286, 40.2817 ], [ -118.229, 40.2828 ], [ -118.2231, 40.2848 ], [ -118.2169, 40.2829 ], [ -118.2118, 40.2832 ], [ -118.2108, 40.2816 ], [ -118.2084, 40.2815 ], [ -118.2073, 40.2773 ] ] ], [ [ [ -118.0875, 40.2907 ], [ -118.0944, 40.2889 ], [ -118.0965, 40.2915 ], [ -118.0967, 40.296 ], [ -118.0868, 40.2953 ], [ -118.0875, 40.2907 ] ] ], [ [ [ -118.2261, 40.3053 ], [ -118.218, 40.2904 ], [ -118.2147, 40.2885 ], [ -118.2144, 40.2862 ], [ -118.2218, 40.2875 ], [ -118.2301, 40.2923 ], [ -118.2322, 40.2955 ], [ -118.2338, 40.2959 ], [ -118.2367, 40.3051 ], [ -118.2357, 40.313 ], [ -118.2411, 40.3257 ], [ -118.2417, 40.3332 ], [ -118.2441, 40.3406 ], [ -118.2443, 40.3523 ], [ -118.2352, 40.3548 ], [ -118.2344, 40.357 ], [ -118.2377, 40.3572 ], [ -118.2375, 40.3591 ], [ -118.2364, 40.3657 ], [ -118.2336, 40.3673 ], [ -118.2332, 40.3622 ], [ -118.2317, 40.3599 ], [ -118.2345, 40.3529 ], [ -118.2338, 40.3406 ], [ -118.2316, 40.3345 ], [ -118.2326, 40.3306 ], [ -118.2305, 40.3202 ], [ -118.227, 40.3145 ], [ -118.2261, 40.3053 ] ], [ [ -118.2321, 40.3187 ], [ -118.2334, 40.3193 ], [ -118.2329, 40.3226 ], [ -118.2351, 40.3253 ], [ -118.2362, 40.322 ], [ -118.233, 40.3135 ], [ -118.2317, 40.3147 ], [ -118.2321, 40.3187 ] ], [ [ -118.2297, 40.3009 ], [ -118.2305, 40.3066 ], [ -118.2317, 40.3079 ], [ -118.2335, 40.3026 ], [ -118.2316, 40.2972 ], [ -118.2297, 40.3009 ] ] ], [ [ [ -118.2411, 40.3658 ], [ -118.241, 40.3571 ], [ -118.2456, 40.3562 ], [ -118.2473, 40.3604 ], [ -118.2411, 40.3658 ] ] ], [ [ [ -118.2455, 40.3685 ], [ -118.2501, 40.3651 ], [ -118.2546, 40.3739 ], [ -118.2511, 40.3799 ], [ -118.2473, 40.3836 ], [ -118.2453, 40.3788 ], [ -118.2383, 40.3734 ], [ -118.2357, 40.3681 ], [ -118.2455, 40.3685 ] ] ], [ [ [ -118.241, 40.3812 ], [ -118.2428, 40.3796 ], [ -118.2473, 40.3836 ], [ -118.2469, 40.3846 ], [ -118.2439, 40.3868 ], [ -118.241, 40.3812 ] ] ], [ [ [ -118.2478, 40.4016 ], [ -118.2519, 40.4079 ], [ -118.2438, 40.4068 ], [ -118.2466, 40.4024 ], [ -118.2448, 40.4005 ], [ -118.2435, 40.3962 ], [ -118.2406, 40.3943 ], [ -118.2412, 40.3907 ], [ -118.2436, 40.3874 ], [ -118.2456, 40.3884 ], [ -118.2516, 40.3879 ], [ -118.2615, 40.4016 ], [ -118.2612, 40.4082 ], [ -118.2558, 40.3999 ], [ -118.2547, 40.4005 ], [ -118.2584, 40.4075 ], [ -118.2554, 40.4087 ], [ -118.2534, 40.4079 ], [ -118.2489, 40.4006 ], [ -118.2481, 40.4001 ], [ -118.2478, 40.4016 ] ], [ [ -118.2555, 40.4053 ], [ -118.2529, 40.4015 ], [ -118.2508, 40.3983 ], [ -118.2504, 40.4001 ], [ -118.2536, 40.405 ], [ -118.2555, 40.4053 ] ] ], [ [ [ -118.1443, 40.4143 ], [ -118.1464, 40.4173 ], [ -118.1506, 40.4165 ], [ -118.1529, 40.4215 ], [ -118.1495, 40.4241 ], [ -118.1544, 40.4261 ], [ -118.1546, 40.4304 ], [ -118.1517, 40.4288 ], [ -118.1502, 40.4297 ], [ -118.1504, 40.4318 ], [ -118.146, 40.4308 ], [ -118.1412, 40.4168 ], [ -118.1419, 40.4143 ], [ -118.1443, 40.4143 ] ] ], [ [ [ -118.1823, 40.5169 ], [ -118.1879, 40.5126 ], [ -118.1881, 40.5091 ], [ -118.1898, 40.5089 ], [ -118.1903, 40.5064 ], [ -118.1957, 40.5041 ], [ -118.195, 40.4989 ], [ -118.1926, 40.4964 ], [ -118.1902, 40.4989 ], [ -118.1844, 40.5013 ], [ -118.1837, 40.5002 ], [ -118.1766, 40.5018 ], [ -118.1774, 40.5042 ], [ -118.1761, 40.5076 ], [ -118.1726, 40.5105 ], [ -118.1709, 40.5158 ], [ -118.1691, 40.5177 ], [ -118.1651, 40.5176 ], [ -118.1613, 40.513 ], [ -118.1628, 40.5095 ], [ -118.1665, 40.5077 ], [ -118.1665, 40.5043 ], [ -118.1637, 40.5042 ], [ -118.1642, 40.5024 ], [ -118.1726, 40.4928 ], [ -118.1751, 40.4783 ], [ -118.181, 40.4715 ], [ -118.1809, 40.47 ], [ -118.1771, 40.4659 ], [ -118.1788, 40.4553 ], [ -118.1785, 40.4484 ], [ -118.1847, 40.4538 ], [ -118.1868, 40.454 ], [ -118.1885, 40.4524 ], [ -118.1859, 40.4477 ], [ -118.1825, 40.4453 ], [ -118.182, 40.4471 ], [ -118.1784, 40.4473 ], [ -118.1787, 40.4387 ], [ -118.1844, 40.4249 ], [ -118.1803, 40.4226 ], [ -118.1809, 40.4177 ], [ -118.1788, 40.4134 ], [ -118.1808, 40.4113 ], [ -118.1839, 40.4168 ], [ -118.1934, 40.4182 ], [ -118.1902, 40.4358 ], [ -118.1954, 40.4398 ], [ -118.1954, 40.4412 ], [ -118.1914, 40.4442 ], [ -118.1908, 40.4478 ], [ -118.1994, 40.4541 ], [ -118.206, 40.456 ], [ -118.2117, 40.456 ], [ -118.218, 40.4542 ], [ -118.2264, 40.4494 ], [ -118.2271, 40.4444 ], [ -118.2261, 40.4406 ], [ -118.2284, 40.4294 ], [ -118.2271, 40.4256 ], [ -118.2282, 40.4233 ], [ -118.2334, 40.4205 ], [ -118.2382, 40.4209 ], [ -118.2432, 40.4193 ], [ -118.2446, 40.4207 ], [ -118.2481, 40.4197 ], [ -118.2461, 40.4234 ], [ -118.2384, 40.4257 ], [ -118.2421, 40.4275 ], [ -118.243, 40.4294 ], [ -118.2412, 40.4306 ], [ -118.2374, 40.43 ], [ -118.2375, 40.4321 ], [ -118.2363, 40.4331 ], [ -118.2447, 40.4351 ], [ -118.2494, 40.4377 ], [ -118.2442, 40.4427 ], [ -118.2372, 40.4415 ], [ -118.2359, 40.4457 ], [ -118.244, 40.4462 ], [ -118.246, 40.4489 ], [ -118.2481, 40.4492 ], [ -118.2483, 40.4507 ], [ -118.2417, 40.4554 ], [ -118.2365, 40.4567 ], [ -118.2378, 40.4591 ], [ -118.2359, 40.4623 ], [ -118.2327, 40.4638 ], [ -118.2315, 40.4674 ], [ -118.2266, 40.4705 ], [ -118.227, 40.4736 ], [ -118.2212, 40.4748 ], [ -118.2207, 40.4838 ], [ -118.2246, 40.4951 ], [ -118.2244, 40.4985 ], [ -118.2205, 40.502 ], [ -118.2209, 40.5033 ], [ -118.2175, 40.505 ], [ -118.2132, 40.5055 ], [ -118.2067, 40.5043 ], [ -118.2041, 40.5053 ], [ -118.2043, 40.5074 ], [ -118.21, 40.5106 ], [ -118.2029, 40.512 ], [ -118.1999, 40.5099 ], [ -118.1919, 40.5166 ], [ -118.1895, 40.5224 ], [ -118.184, 40.5196 ], [ -118.1823, 40.5169 ] ], [ [ -118.2025, 40.4851 ], [ -118.198, 40.4856 ], [ -118.1961, 40.4877 ], [ -118.2002, 40.4905 ], [ -118.2023, 40.4875 ], [ -118.208, 40.4865 ], [ -118.2042, 40.4825 ], [ -118.2025, 40.4851 ] ], [ [ -118.2039, 40.4642 ], [ -118.2023, 40.4675 ], [ -118.1991, 40.4671 ], [ -118.197, 40.465 ], [ -118.195, 40.4669 ], [ -118.1969, 40.4713 ], [ -118.2094, 40.4714 ], [ -118.21, 40.4677 ], [ -118.206, 40.4637 ], [ -118.2039, 40.4642 ] ], [ [ -118.2135, 40.4611 ], [ -118.214, 40.46 ], [ -118.2105, 40.4572 ], [ -118.2081, 40.4568 ], [ -118.2046, 40.4587 ], [ -118.2083, 40.4627 ], [ -118.2135, 40.4611 ] ], [ [ -118.2319, 40.4404 ], [ -118.2374, 40.4405 ], [ -118.2377, 40.4384 ], [ -118.2336, 40.4388 ], [ -118.2319, 40.4404 ] ] ], [ [ [ -117.39, 40.5706 ], [ -117.4003, 40.5703 ], [ -117.3971, 40.5735 ], [ -117.3944, 40.5719 ], [ -117.3916, 40.5728 ], [ -117.3917, 40.5746 ], [ -117.3953, 40.5758 ], [ -117.3946, 40.5776 ], [ -117.3913, 40.5758 ], [ -117.387, 40.5755 ], [ -117.3875, 40.573 ], [ -117.39, 40.5706 ] ] ], [ [ [ -117.4652, 40.5877 ], [ -117.4677, 40.5908 ], [ -117.4704, 40.5904 ], [ -117.4733, 40.5826 ], [ -117.4746, 40.5865 ], [ -117.4709, 40.5929 ], [ -117.4679, 40.5936 ], [ -117.4654, 40.5908 ], [ -117.4648, 40.5947 ], [ -117.4627, 40.5946 ], [ -117.4622, 40.593 ], [ -117.4652, 40.5877 ] ] ], [ [ [ -117.4033, 40.5987 ], [ -117.4006, 40.597 ], [ -117.3998, 40.5942 ], [ -117.394, 40.5935 ], [ -117.3914, 40.595 ], [ -117.3915, 40.5988 ], [ -117.3929, 40.6008 ], [ -117.3966, 40.6013 ], [ -117.3902, 40.6035 ], [ -117.3842, 40.6004 ], [ -117.3838, 40.5985 ], [ -117.3866, 40.5935 ], [ -117.3897, 40.5921 ], [ -117.3844, 40.5892 ], [ -117.3833, 40.5824 ], [ -117.3813, 40.5819 ], [ -117.3799, 40.5854 ], [ -117.3796, 40.5821 ], [ -117.3822, 40.5771 ], [ -117.3902, 40.5775 ], [ -117.3958, 40.5793 ], [ -117.3947, 40.581 ], [ -117.399, 40.5842 ], [ -117.3981, 40.5862 ], [ -117.4008, 40.5898 ], [ -117.4021, 40.589 ], [ -117.4016, 40.5902 ], [ -117.4041, 40.5919 ], [ -117.407, 40.5979 ], [ -117.4091, 40.5992 ], [ -117.4095, 40.5974 ], [ -117.4124, 40.5985 ], [ -117.4161, 40.5979 ], [ -117.4142, 40.6 ], [ -117.4143, 40.6035 ], [ -117.4155, 40.6048 ], [ -117.4204, 40.6059 ], [ -117.4217, 40.6078 ], [ -117.408, 40.6095 ], [ -117.4062, 40.6067 ], [ -117.4031, 40.6079 ], [ -117.3995, 40.6063 ], [ -117.3935, 40.6059 ], [ -117.3951, 40.6044 ], [ -117.4028, 40.6041 ], [ -117.3992, 40.6014 ], [ -117.4039, 40.6009 ], [ -117.4033, 40.5987 ] ], [ [ -117.3947, 40.581 ], [ -117.3847, 40.5792 ], [ -117.3831, 40.5802 ], [ -117.3904, 40.5879 ], [ -117.3951, 40.5846 ], [ -117.3947, 40.581 ] ] ], [ [ [ -117.4905, 40.595 ], [ -117.4871, 40.5953 ], [ -117.4877, 40.5917 ], [ -117.4904, 40.592 ], [ -117.4905, 40.595 ] ] ], [ [ [ -117.4615, 40.604 ], [ -117.4594, 40.6021 ], [ -117.4665, 40.599 ], [ -117.4653, 40.5963 ], [ -117.4682, 40.5966 ], [ -117.469, 40.5987 ], [ -117.4643, 40.6031 ], [ -117.4636, 40.6083 ], [ -117.4601, 40.6122 ], [ -117.4546, 40.6152 ], [ -117.4544, 40.6126 ], [ -117.4592, 40.6106 ], [ -117.4621, 40.6068 ], [ -117.4615, 40.604 ] ] ], [ [ [ -117.4513, 40.6123 ], [ -117.454, 40.6113 ], [ -117.4537, 40.6186 ], [ -117.4514, 40.6162 ], [ -117.4513, 40.6123 ] ] ], [ [ [ -117.4743, 40.6141 ], [ -117.4735, 40.6106 ], [ -117.477, 40.6103 ], [ -117.4828, 40.6173 ], [ -117.4815, 40.6226 ], [ -117.4797, 40.6244 ], [ -117.4729, 40.624 ], [ -117.4705, 40.6265 ], [ -117.466, 40.6272 ], [ -117.4683, 40.624 ], [ -117.47, 40.6125 ], [ -117.4743, 40.6141 ] ] ], [ [ [ -117.4131, 40.6383 ], [ -117.4112, 40.6352 ], [ -117.4054, 40.633 ], [ -117.4024, 40.6275 ], [ -117.4047, 40.6278 ], [ -117.4074, 40.6308 ], [ -117.4124, 40.6312 ], [ -117.4162, 40.6342 ], [ -117.4171, 40.633 ], [ -117.4184, 40.6345 ], [ -117.4214, 40.6333 ], [ -117.4229, 40.6346 ], [ -117.4285, 40.6241 ], [ -117.4326, 40.6222 ], [ -117.4322, 40.6238 ], [ -117.4335, 40.6235 ], [ -117.4387, 40.6188 ], [ -117.4419, 40.6177 ], [ -117.445, 40.6107 ], [ -117.4478, 40.6098 ], [ -117.4472, 40.6148 ], [ -117.4456, 40.6153 ], [ -117.4443, 40.6186 ], [ -117.4416, 40.6198 ], [ -117.4414, 40.6242 ], [ -117.4381, 40.6249 ], [ -117.4345, 40.6313 ], [ -117.4327, 40.6306 ], [ -117.4281, 40.6357 ], [ -117.4224, 40.6386 ], [ -117.4208, 40.6383 ], [ -117.4155, 40.6442 ], [ -117.4147, 40.6402 ], [ -117.4113, 40.6412 ], [ -117.4131, 40.6383 ] ] ], [ [ [ -117.4013, 40.656 ], [ -117.4023, 40.6573 ], [ -117.4017, 40.6592 ], [ -117.396, 40.6656 ], [ -117.3958, 40.6737 ], [ -117.3939, 40.6723 ], [ -117.3925, 40.6675 ], [ -117.3993, 40.6569 ], [ -117.4013, 40.656 ] ] ], [ [ [ -117.8286, 40.66 ], [ -117.8388, 40.6535 ], [ -117.8445, 40.6523 ], [ -117.8434, 40.6531 ], [ -117.8441, 40.6539 ], [ -117.8533, 40.6612 ], [ -117.8546, 40.6698 ], [ -117.854, 40.6752 ], [ -117.8484, 40.6819 ], [ -117.8511, 40.6757 ], [ -117.8495, 40.668 ], [ -117.85, 40.6626 ], [ -117.8456, 40.6576 ], [ -117.8409, 40.6557 ], [ -117.8361, 40.6596 ], [ -117.8211, 40.6654 ], [ -117.8209, 40.6639 ], [ -117.824, 40.6606 ], [ -117.8286, 40.66 ] ] ], [ [ [ -117.8755, 40.6709 ], [ -117.8698, 40.6771 ], [ -117.8684, 40.6759 ], [ -117.8717, 40.6714 ], [ -117.8794, 40.6677 ], [ -117.8782, 40.6698 ], [ -117.8755, 40.6709 ] ] ], [ [ [ -117.8426, 40.7131 ], [ -117.8398, 40.7212 ], [ -117.8371, 40.7232 ], [ -117.8339, 40.7291 ], [ -117.8315, 40.7278 ], [ -117.8312, 40.7269 ], [ -117.8345, 40.7244 ], [ -117.8346, 40.7225 ], [ -117.8377, 40.721 ], [ -117.8398, 40.715 ], [ -117.8426, 40.7131 ] ] ], [ [ [ -117.8311, 40.7456 ], [ -117.8373, 40.7446 ], [ -117.8337, 40.7429 ], [ -117.8357, 40.7405 ], [ -117.8473, 40.7424 ], [ -117.8499, 40.7391 ], [ -117.8491, 40.7331 ], [ -117.8513, 40.7291 ], [ -117.8604, 40.7281 ], [ -117.8592, 40.7354 ], [ -117.8704, 40.7305 ], [ -117.8717, 40.7309 ], [ -117.8727, 40.7353 ], [ -117.8777, 40.7313 ], [ -117.8735, 40.7389 ], [ -117.8698, 40.7387 ], [ -117.8676, 40.7344 ], [ -117.861, 40.737 ], [ -117.8544, 40.7349 ], [ -117.8516, 40.7424 ], [ -117.8538, 40.7464 ], [ -117.85, 40.7474 ], [ -117.8512, 40.7497 ], [ -117.846, 40.7493 ], [ -117.8426, 40.7506 ], [ -117.8382, 40.7481 ], [ -117.8348, 40.7544 ], [ -117.8341, 40.7508 ], [ -117.8315, 40.7525 ], [ -117.8314, 40.7496 ], [ -117.8294, 40.7487 ], [ -117.8311, 40.7456 ] ] ] ] } },
{ "type": "Feature", "properties": { "tier": "A", "name": "Sunrise, Gabbs Formations; limestone, siltstone" }, "geometry": { "type": "MultiPolygon", "coordinates": [ [ [ [ -117.2641, 38.2858 ], [ -117.2663, 38.2862 ], [ -117.2665, 38.2873 ], [ -117.2646, 38.2892 ], [ -117.2622, 38.2888 ], [ -117.2604, 38.2931 ], [ -117.2558, 38.2982 ], [ -117.2551, 38.2948 ], [ -117.2594, 38.2891 ], [ -117.2641, 38.2858 ] ] ], [ [ [ -117.607, 38.7948 ], [ -117.61, 38.7921 ], [ -117.6109, 38.7966 ], [ -117.607, 38.7948 ] ] ], [ [ [ -117.5978, 38.7972 ], [ -117.5953, 38.7927 ], [ -117.6, 38.7921 ], [ -117.6033, 38.789 ], [ -117.6057, 38.7944 ], [ -117.6024, 38.7934 ], [ -117.6038, 38.7994 ], [ -117.6072, 38.7998 ], [ -117.6092, 38.8034 ], [ -117.6067, 38.8079 ], [ -117.6034, 38.8074 ], [ -117.5995, 38.8047 ], [ -117.5971, 38.7995 ], [ -117.5978, 38.7972 ] ] ], [ [ [ -117.5872, 38.8138 ], [ -117.5893, 38.8129 ], [ -117.595, 38.8171 ], [ -117.5958, 38.82 ], [ -117.5977, 38.8186 ], [ -117.6002, 38.8196 ], [ -117.5973, 38.8233 ], [ -117.5903, 38.8243 ], [ -117.5885, 38.82 ], [ -117.5866, 38.8227 ], [ -117.5811, 38.8192 ], [ -117.5805, 38.8172 ], [ -117.5818, 38.816 ], [ -117.5815, 38.8118 ], [ -117.5872, 38.8138 ] ] ], [ [ [ -117.8426, 38.8548 ], [ -117.8442, 38.8471 ], [ -117.8424, 38.8428 ], [ -117.8415, 38.8329 ], [ -117.8448, 38.8232 ], [ -117.849, 38.8282 ], [ -117.8478, 38.8325 ], [ -117.8502, 38.8346 ], [ -117.8559, 38.8368 ], [ -117.8595, 38.8327 ], [ -117.8528, 38.8293 ], [ -117.849, 38.8248 ], [ -117.8474, 38.8212 ], [ -117.8474, 38.8087 ], [ -117.8426, 38.8054 ], [ -117.8392, 38.8003 ], [ -117.8428, 38.801 ], [ -117.8467, 38.8053 ], [ -117.8492, 38.8059 ], [ -117.8463, 38.8003 ], [ -117.8504, 38.797 ], [ -117.8485, 38.7957 ], [ -117.8521, 38.7909 ], [ -117.8589, 38.791 ], [ -117.8597, 38.7884 ], [ -117.8626, 38.7881 ], [ -117.8776, 38.7908 ], [ -117.8779, 38.7925 ], [ -117.8709, 38.7932 ], [ -117.8713, 38.7996 ], [ -117.8729, 38.8034 ], [ -117.8819, 38.8004 ], [ -117.8856, 38.801 ], [ -117.8807, 38.8032 ], [ -117.8759, 38.8074 ], [ -117.879, 38.8095 ], [ -117.8868, 38.811 ], [ -117.8838, 38.8077 ], [ -117.8861, 38.8044 ], [ -117.8903, 38.8094 ], [ -117.8958, 38.8125 ], [ -117.8875, 38.8135 ], [ -117.8813, 38.8163 ], [ -117.8561, 38.818 ], [ -117.8504, 38.8208 ], [ -117.851, 38.8227 ], [ -117.86, 38.83 ], [ -117.8611, 38.828 ], [ -117.8653, 38.8307 ], [ -117.8655, 38.8322 ], [ -117.8619, 38.8345 ], [ -117.8625, 38.8358 ], [ -117.8667, 38.836 ], [ -117.8684, 38.8394 ], [ -117.8732, 38.8432 ], [ -117.8794, 38.8437 ], [ -117.8802, 38.85 ], [ -117.8789, 38.8519 ], [ -117.8811, 38.8535 ], [ -117.8761, 38.8565 ], [ -117.8797, 38.8586 ], [ -117.8749, 38.8623 ], [ -117.877, 38.8653 ], [ -117.8716, 38.8686 ], [ -117.8746, 38.8802 ], [ -117.8773, 38.8847 ], [ -117.8731, 38.8839 ], [ -117.8685, 38.881 ], [ -117.8637, 38.881 ], [ -117.8597, 38.876 ], [ -117.8583, 38.8787 ], [ -117.8495, 38.8708 ], [ -117.8471, 38.8709 ], [ -117.8441, 38.8659 ], [ -117.8426, 38.8548 ] ], [ [ -117.867, 38.8519 ], [ -117.8748, 38.849 ], [ -117.8776, 38.8465 ], [ -117.8689, 38.8458 ], [ -117.867, 38.8519 ] ] ], [ [ [ -117.8531, 38.8784 ], [ -117.8574, 38.8824 ], [ -117.8616, 38.882 ], [ -117.8648, 38.8841 ], [ -117.8769, 38.8863 ], [ -117.8792, 38.8959 ], [ -117.8751, 38.8953 ], [ -117.8732, 38.8934 ], [ -117.8715, 38.895 ], [ -117.8674, 38.8927 ], [ -117.8666, 38.8942 ], [ -117.8624, 38.8937 ], [ -117.8531, 38.8784 ] ] ], [ [ [ -117.8785, 38.9324 ], [ -117.8772, 38.9252 ], [ -117.872, 38.9118 ], [ -117.874, 38.9115 ], [ -117.8706, 38.9105 ], [ -117.8645, 38.8986 ], [ -117.8793, 38.8977 ], [ -117.8804, 38.9044 ], [ -117.8796, 38.9084 ], [ -117.8835, 38.9144 ], [ -117.8865, 38.9265 ], [ -117.8907, 38.9304 ], [ -117.8892, 38.9312 ], [ -117.8899, 38.9357 ], [ -117.8887, 38.9367 ], [ -117.8849, 38.9366 ], [ -117.8785, 38.9324 ] ] ], [ [ [ -117.8359, 38.9285 ], [ -117.841, 38.9234 ], [ -117.8411, 38.9195 ], [ -117.851, 38.9188 ], [ -117.8513, 38.9201 ], [ -117.8498, 38.9211 ], [ -117.8503, 38.9232 ], [ -117.8576, 38.9186 ], [ -117.8642, 38.9122 ], [ -117.8661, 38.9128 ], [ -117.8688, 38.9163 ], [ -117.8752, 38.9292 ], [ -117.8741, 38.9308 ], [ -117.8683, 38.9328 ], [ -117.8472, 38.9326 ], [ -117.8488, 38.9287 ], [ -117.8477, 38.9285 ], [ -117.8375, 38.9359 ], [ -117.8354, 38.9396 ], [ -117.8347, 38.9354 ], [ -117.8321, 38.9362 ], [ -117.8314, 38.9323 ], [ -117.8349, 38.9348 ], [ -117.8367, 38.9329 ], [ -117.8359, 38.9285 ] ] ], [ [ [ -117.8575, 38.9361 ], [ -117.865, 38.9337 ], [ -117.8732, 38.9349 ], [ -117.8719, 38.9365 ], [ -117.8681, 38.9353 ], [ -117.8566, 38.9388 ], [ -117.8568, 38.9423 ], [ -117.8558, 38.9429 ], [ -117.8528, 38.9364 ], [ -117.8556, 38.935 ], [ -117.8575, 38.9361 ] ] ] ] } },
{ "type": "Feature", "properties": { "tier": "A", "name": "Sunrise, Gabbs, Luning Formations; undivided" }, "geometry": { "type": "MultiPolygon", "coordinates": [ [ [ [ -117.8214, 38.8493 ], [ -117.8148, 38.8503 ], [ -117.8117, 38.8475 ], [ -117.8117, 38.8447 ], [ -117.8063, 38.8421 ], [ -117.8057, 38.8378 ], [ -117.8034, 38.8385 ], [ -117.8024, 38.8346 ], [ -117.8065, 38.833 ], [ -117.8071, 38.8348 ], [ -117.8109, 38.835 ], [ -117.8171, 38.8392 ], [ -117.8139, 38.8396 ], [ -117.8132, 38.8467 ], [ -117.8181, 38.8469 ], [ -117.8206, 38.8482 ], [ -117.8224, 38.8466 ], [ -117.8213, 38.8377 ], [ -117.8114, 38.8326 ], [ -117.8085, 38.8327 ], [ -117.8119, 38.8266 ], [ -117.8054, 38.8272 ], [ -117.7974, 38.8251 ], [ -117.8002, 38.8227 ], [ -117.7996, 38.8197 ], [ -117.7979, 38.8186 ], [ -117.7943, 38.8214 ], [ -117.7939, 38.818 ], [ -117.7899, 38.8175 ], [ -117.79, 38.8123 ], [ -117.784, 38.8086 ], [ -117.785, 38.8069 ], [ -117.7821, 38.8038 ], [ -117.784, 38.7986 ], [ -117.7797, 38.7931 ], [ -117.7834, 38.7893 ], [ -117.7813, 38.7831 ], [ -117.784, 38.7778 ], [ -117.7915, 38.7827 ], [ -117.807, 38.7847 ], [ -117.8062, 38.7866 ], [ -117.8087, 38.7868 ], [ -117.8088, 38.7833 ], [ -117.8116, 38.7801 ], [ -117.803, 38.7718 ], [ -117.8041, 38.7702 ], [ -117.8065, 38.7703 ], [ -117.8106, 38.7682 ], [ -117.8129, 38.7695 ], [ -117.8156, 38.7683 ], [ -117.8172, 38.7705 ], [ -117.8221, 38.7705 ], [ -117.8238, 38.7677 ], [ -117.8267, 38.7713 ], [ -117.8299, 38.7718 ], [ -117.8418, 38.7824 ], [ -117.8381, 38.7948 ], [ -117.8387, 38.7988 ], [ -117.8379, 38.8006 ], [ -117.8329, 38.8037 ], [ -117.8317, 38.8086 ], [ -117.8337, 38.8153 ], [ -117.8443, 38.8244 ], [ -117.8413, 38.8345 ], [ -117.8442, 38.8471 ], [ -117.8426, 38.8548 ], [ -117.8429, 38.8616 ], [ -117.841, 38.863 ], [ -117.8365, 38.8569 ], [ -117.8371, 38.852 ], [ -117.8344, 38.8481 ], [ -117.8321, 38.8496 ], [ -117.8276, 38.8497 ], [ -117.8267, 38.8526 ], [ -117.8237, 38.8521 ], [ -117.8214, 38.8493 ] ], [ [ -117.8202, 38.7914 ], [ -117.8251, 38.7929 ], [ -117.8279, 38.7885 ], [ -117.8327, 38.7875 ], [ -117.836, 38.7846 ], [ -117.8337, 38.7811 ], [ -117.8246, 38.7826 ], [ -117.8191, 38.7864 ], [ -117.8202, 38.7914 ] ] ], [ [ [ -117.9248, 38.8175 ], [ -117.9259, 38.8214 ], [ -117.9179, 38.823 ], [ -117.9118, 38.8258 ], [ -117.9088, 38.8248 ], [ -117.9088, 38.821 ], [ -117.9142, 38.8176 ], [ -117.9198, 38.8151 ], [ -117.9248, 38.8175 ] ] ], [ [ [ -117.9169, 38.837 ], [ -117.9193, 38.8342 ], [ -117.9143, 38.8306 ], [ -117.9207, 38.8244 ], [ -117.9282, 38.8243 ], [ -117.9319, 38.8269 ], [ -117.9318, 38.8279 ], [ -117.9261, 38.8282 ], [ -117.9305, 38.8314 ], [ -117.9232, 38.8353 ], [ -117.9222, 38.8392 ], [ -117.918, 38.8395 ], [ -117.9169, 38.837 ] ], [ [ -117.9181, 38.8314 ], [ -117.9219, 38.8327 ], [ -117.9189, 38.8287 ], [ -117.9181, 38.8314 ] ] ], [ [ [ -117.8256, 38.8849 ], [ -117.8303, 38.8865 ], [ -117.8289, 38.8888 ], [ -117.8253, 38.886 ], [ -117.8256, 38.8849 ] ] ] ] } },
{ "type": "Feature", "properties": { "tier": "B", "name": "Auld Lang Syne Group; limestone" }, "geometry": { "type": "MultiPolygon", "coordinates": [ [ [ [ -118.8148, 40.0031 ], [ -118.8034, 40.0014 ], [ -118.8009, 40.0 ], [ -118.8349, 40.0 ], [ -118.8305, 40.0028 ], [ -118.8324, 40.0062 ], [ -118.8284, 40.0077 ], [ -118.8319, 40.0094 ], [ -118.8262, 40.0116 ], [ -118.8252, 40.0096 ], [ -118.822, 40.0091 ], [ -118.824, 40.007 ], [ -118.8148, 40.0031 ] ] ], [ [ [ -118.8186, 40.0271 ], [ -118.8372, 40.0165 ], [ -118.8324, 40.0162 ], [ -118.8255, 40.0179 ], [ -118.8255, 40.0161 ], [ -118.8314, 40.0129 ], [ -118.8426, 40.013 ], [ -118.8434, 40.019 ], [ -118.8366, 40.0234 ], [ -118.8324, 40.0301 ], [ -118.83, 40.0284 ], [ -118.8253, 40.0281 ], [ -118.8142, 40.0317 ], [ -118.8142, 40.0271 ], [ -118.8186, 40.0271 ] ] ], [ [ [ -118.819, 40.0336 ], [ -118.8236, 40.0326 ], [ -118.826, 40.0329 ], [ -118.8271, 40.0343 ], [ -118.8242, 40.0381 ], [ -118.8219, 40.0381 ], [ -118.8175, 40.0374 ], [ -118.819, 40.0336 ] ] ], [ [ [ -118.8087, 40.0532 ], [ -118.8069, 40.0542 ], [ -118.804, 40.0526 ], [ -118.8062, 40.0513 ], [ -118.8087, 40.0532 ] ] ], [ [ [ -118.7761, 40.0616 ], [ -118.7808, 40.0608 ], [ -118.7873, 40.0569 ], [ -118.7946, 40.0565 ], [ -118.804, 40.0526 ], [ -118.808, 40.0591 ], [ -118.8034, 40.0603 ], [ -118.8017, 40.0585 ], [ -118.7998, 40.0588 ], [ -118.8007, 40.0636 ], [ -118.8026, 40.066 ], [ -118.7999, 40.068 ], [ -118.798, 40.0601 ], [ -118.7916, 40.064 ], [ -118.7883, 40.0601 ], [ -118.7805, 40.0653 ], [ -118.7758, 40.0642 ], [ -118.7761, 40.0616 ] ] ] ] } },
{ "type": "Feature", "properties": { "tier": "B", "name": "Auld Lang Syne Group; shale, siltstone" }, "geometry": { "type": "MultiPolygon", "coordinates": [ [ [ [ -118.3932, 40.019 ], [ -118.3996, 40.025 ], [ -118.3978, 40.0303 ], [ -118.3999, 40.0355 ], [ -118.3982, 40.0375 ], [ -118.3948, 40.037 ], [ -118.3971, 40.0402 ], [ -118.391, 40.0496 ], [ -118.3892, 40.0562 ], [ -118.3873, 40.0556 ], [ -118.3877, 40.0517 ], [ -118.3857, 40.0519 ], [ -118.3815, 40.0596 ], [ -118.3769, 40.0621 ], [ -118.377, 40.0577 ], [ -118.38, 40.0544 ], [ -118.381, 40.0483 ], [ -118.3807, 40.0453 ], [ -118.3788, 40.0442 ], [ -118.3789, 40.0429 ], [ -118.3808, 40.0413 ], [ -118.3846, 40.0451 ], [ -118.3898, 40.0395 ], [ -118.3895, 40.0346 ], [ -118.3925, 40.0276 ], [ -118.392, 40.0248 ], [ -118.3933, 40.0236 ], [ -118.389, 40.0232 ], [ -118.3815, 40.018 ], [ -118.3849, 40.0169 ], [ -118.3932, 40.019 ] ] ], [ [ [ -118.4048, 40.0426 ], [ -118.41, 40.0417 ], [ -118.4129, 40.0487 ], [ -118.4106, 40.0503 ], [ -118.4034, 40.0517 ], [ -118.3989, 40.0505 ], [ -118.3962, 40.0532 ], [ -118.3969, 40.0579 ], [ -118.3951, 40.0588 ], [ -118.3926, 40.0551 ], [ -118.3985, 40.0447 ], [ -118.3995, 40.04 ], [ -118.4033, 40.0381 ], [ -118.4068, 40.0397 ], [ -118.4048, 40.0426 ] ], [ [ -118.4091, 40.0452 ], [ -118.4039, 40.0441 ], [ -118.4037, 40.0476 ], [ -118.4063, 40.0482 ], [ -118.4094, 40.0466 ], [ -118.4091, 40.0452 ] ] ], [ [ [ -118.4142, 40.0615 ], [ -118.4104, 40.0602 ], [ -118.4132, 40.0537 ], [ -118.4134, 40.0597 ], [ -118.4142, 40.0615 ] ] ], [ [ [ -118.3704, 40.0723 ], [ -118.3669, 40.0732 ], [ -118.3682, 40.0699 ], [ -118.3726, 40.068 ], [ -118.3704, 40.0723 ] ] ], [ [ [ -118.3582, 40.0852 ], [ -118.3574, 40.0955 ], [ -118.3584, 40.101 ], [ -118.3553, 40.1087 ], [ -118.3574, 40.1082 ], [ -118.3578, 40.1099 ], [ -118.3595, 40.11 ], [ -118.361, 40.1077 ], [ -118.3599, 40.1047 ], [ -118.3669, 40.1005 ], [ -118.3718, 40.1004 ], [ -118.3758, 40.1032 ], [ -118.3747, 40.1119 ], [ -118.3729, 40.1133 ], [ -118.3726, 40.1166 ], [ -118.3683, 40.1201 ], [ -118.3694, 40.1237 ], [ -118.3677, 40.1282 ], [ -118.3695, 40.1328 ], [ -118.3674, 40.1358 ], [ -118.3644, 40.1365 ], [ -118.3637, 40.1318 ], [ -118.361, 40.1298 ], [ -118.3625, 40.1283 ], [ -118.3657, 40.1281 ], [ -118.3629, 40.1248 ], [ -118.3637, 40.1226 ], [ -118.3623, 40.1194 ], [ -118.3602, 40.1188 ], [ -118.3565, 40.1209 ], [ -118.3537, 40.117 ], [ -118.3563, 40.1119 ], [ -118.3538, 40.1144 ], [ -118.354, 40.109 ], [ -118.3516, 40.1092 ], [ -118.3484, 40.1064 ], [ -118.3504, 40.0989 ], [ -118.3474, 40.0967 ], [ -118.3541, 40.0853 ], [ -118.3515, 40.0795 ], [ -118.3473, 40.0787 ], [ -118.3474, 40.0778 ], [ -118.3533, 40.0764 ], [ -118.3535, 40.0688 ], [ -118.3568, 40.0661 ], [ -118.3623, 40.0674 ], [ -118.3614, 40.0697 ], [ -118.3623, 40.0713 ], [ -118.3609, 40.0782 ], [ -118.3591, 40.0793 ], [ -118.3561, 40.0784 ], [ -118.3567, 40.0837 ], [ -118.3681, 40.0792 ], [ -118.3726, 40.0736 ], [ -118.3735, 40.0702 ], [ -118.3765, 40.0695 ], [ -118.3772, 40.0676 ], [ -118.3803, 40.0667 ], [ -118.3804, 40.0709 ], [ -118.3782, 40.0741 ], [ -118.3796, 40.0784 ], [ -118.3884, 40.0702 ], [ -118.3934, 40.0686 ], [ -118.3904, 40.0719 ], [ -118.3938, 40.0717 ], [ -118.3954, 40.0732 ], [ -118.4001, 40.0672 ], [ -118.403, 40.067 ], [ -118.4029, 40.0691 ], [ -118.3958, 40.0752 ], [ -118.3912, 40.0749 ], [ -118.3853, 40.0766 ], [ -118.384, 40.0791 ], [ -118.3809, 40.0807 ], [ -118.3849, 40.0818 ], [ -118.3843, 40.0837 ], [ -118.3774, 40.0831 ], [ -118.3781, 40.085 ], [ -118.3806, 40.0849 ], [ -118.3838, 40.0874 ], [ -118.3818, 40.09 ], [ -118.375, 40.0849 ], [ -118.375, 40.0802 ], [ -118.3722, 40.0838 ], [ -118.3687, 40.085 ], [ -118.369, 40.088 ], [ -118.371, 40.0883 ], [ -118.3718, 40.0898 ], [ -118.3678, 40.0896 ], [ -118.3675, 40.0909 ], [ -118.3651, 40.0914 ], [ -118.3662, 40.0982 ], [ -118.3618, 40.1012 ], [ -118.3618, 40.0955 ], [ -118.359, 40.0926 ], [ -118.3614, 40.0865 ], [ -118.3582, 40.0852 ] ] ], [ [ [ -118.3659, 40.1429 ], [ -118.3672, 40.1417 ], [ -118.3705, 40.1465 ], [ -118.3683, 40.1469 ], [ -118.3659, 40.1429 ] ] ], [ [ [ -118.3753, 40.1562 ], [ -118.3703, 40.1545 ], [ -118.37, 40.1524 ], [ -118.3718, 40.15 ], [ -118.373, 40.1531 ], [ -118.3754, 40.1546 ], [ -118.3753, 40.1562 ] ] ], [ [ [ -118.3642, 40.1522 ], [ -118.3583, 40.1551 ], [ -118.3568, 40.1573 ], [ -118.3559, 40.1619 ], [ -118.3588, 40.1667 ], [ -118.3584, 40.1697 ], [ -118.354, 40.1695 ], [ -118.3464, 40.1734 ], [ -118.3426, 40.1723 ], [ -118.3439, 40.1663 ], [ -118.3472, 40.1653 ], [ -118.348, 40.1603 ], [ -118.3553, 40.1554 ], [ -118.3579, 40.1442 ], [ -118.3598, 40.1445 ], [ -118.3642, 40.1522 ] ] ], [ [ [ -118.3712, 40.1667 ], [ -118.3738, 40.1681 ], [ -118.3742, 40.1699 ], [ -118.3697, 40.1751 ], [ -118.3678, 40.1804 ], [ -118.3701, 40.1838 ], [ -118.3714, 40.1908 ], [ -118.3689, 40.1973 ], [ -118.3661, 40.2003 ], [ -118.3633, 40.2009 ], [ -118.3557, 40.1997 ], [ -118.3469, 40.1933 ], [ -118.3502, 40.1846 ], [ -118.3498, 40.1799 ], [ -118.3522, 40.1786 ], [ -118.3536, 40.1755 ], [ -118.3578, 40.1768 ], [ -118.3607, 40.1795 ], [ -118.3619, 40.1734 ], [ -118.3687, 40.1722 ], [ -118.3692, 40.1685 ], [ -118.3677, 40.1672 ], [ -118.3681, 40.1653 ], [ -118.3744, 40.1614 ], [ -118.3783, 40.1599 ], [ -118.3789, 40.1607 ], [ -118.379, 40.1625 ], [ -118.3712, 40.1667 ] ] ], [ [ [ -118.3861, 40.1885 ], [ -118.39, 40.1861 ], [ -118.3937, 40.1908 ], [ -118.3933, 40.1926 ], [ -118.3922, 40.1937 ], [ -118.3876, 40.1927 ], [ -118.3859, 40.1912 ], [ -118.3861, 40.1885 ] ] ], [ [ [ -118.3639, 40.2158 ], [ -118.3595, 40.2161 ], [ -118.3576, 40.215 ], [ -118.3576, 40.2123 ], [ -118.3557, 40.2104 ], [ -118.3566, 40.2069 ], [ -118.3535, 40.2016 ], [ -118.3618, 40.2047 ], [ -118.3628, 40.2071 ], [ -118.3603, 40.2091 ], [ -118.361, 40.2109 ], [ -118.3593, 40.211 ], [ -118.359, 40.2124 ], [ -118.3606, 40.2145 ], [ -118.3639, 40.2158 ] ] ], [ [ [ -118.3332, 40.1427 ], [ -118.3381, 40.1383 ], [ -118.3381, 40.141 ], [ -118.3351, 40.1435 ], [ -118.3343, 40.1487 ], [ -118.331, 40.1505 ], [ -118.3296, 40.15 ], [ -118.3289, 40.1485 ], [ -118.3327, 40.1471 ], [ -118.3336, 40.1456 ], [ -118.3332, 40.1427 ] ] ], [ [ [ -118.3465, 40.1251 ], [ -118.3478, 40.1239 ], [ -118.3482, 40.1208 ], [ -118.3519, 40.1198 ], [ -118.3531, 40.1233 ], [ -118.3471, 40.1288 ], [ -118.3455, 40.1329 ], [ -118.3463, 40.1344 ], [ -118.3519, 40.1344 ], [ -118.3529, 40.1354 ], [ -118.3518, 40.1414 ], [ -118.3538, 40.1469 ], [ -118.352, 40.1499 ], [ -118.3515, 40.1554 ], [ -118.3442, 40.1618 ], [ -118.3412, 40.1604 ], [ -118.3352, 40.1691 ], [ -118.3293, 40.1691 ], [ -118.3266, 40.1663 ], [ -118.3309, 40.1647 ], [ -118.3306, 40.1631 ], [ -118.3328, 40.1618 ], [ -118.3301, 40.1575 ], [ -118.3304, 40.1551 ], [ -118.3348, 40.1555 ], [ -118.3369, 40.1527 ], [ -118.3414, 40.1534 ], [ -118.3435, 40.1511 ], [ -118.3433, 40.1503 ], [ -118.3411, 40.151 ], [ -118.3407, 40.1477 ], [ -118.3378, 40.1476 ], [ -118.3393, 40.1456 ], [ -118.3383, 40.144 ], [ -118.3401, 40.1406 ], [ -118.3444, 40.138 ], [ -118.3444, 40.1353 ], [ -118.3425, 40.1346 ], [ -118.3448, 40.1222 ], [ -118.3465, 40.1251 ] ] ], [ [ [ -118.3215, 40.1849 ], [ -118.3176, 40.1856 ], [ -118.3199, 40.1797 ], [ -118.32, 40.1735 ], [ -118.3236, 40.1785 ], [ -118.3215, 40.1849 ] ] ], [ [ [ -118.3373, 40.1836 ], [ -118.338, 40.1872 ], [ -118.3415, 40.1932 ], [ -118.3366, 40.1903 ], [ -118.3251, 40.1902 ], [ -118.3272, 40.1869 ], [ -118.334, 40.1818 ], [ -118.3373, 40.1836 ] ] ], [ [ [ -118.3234, 40.1869 ], [ -118.3236, 40.1962 ], [ -118.319, 40.1999 ], [ -118.3165, 40.2001 ], [ -118.3187, 40.1906 ], [ -118.3215, 40.1873 ], [ -118.3234, 40.1869 ] ] ], [ [ [ -118.3345, 40.1997 ], [ -118.3318, 40.2035 ], [ -118.3306, 40.2034 ], [ -118.329, 40.2005 ], [ -118.3304, 40.1978 ], [ -118.3341, 40.1976 ], [ -118.3345, 40.1997 ] ] ], [ [ [ -118.3242, 40.1993 ], [ -118.3288, 40.2032 ], [ -118.3294, 40.2055 ], [ -118.3238, 40.203 ], [ -118.3242, 40.1993 ] ] ], [ [ [ -118.331, 40.2111 ], [ -118.3327, 40.2055 ], [ -118.3378, 40.2018 ], [ -118.3329, 40.2107 ], [ -118.331, 40.2111 ] ] ], [ [ [ -118.317, 40.2032 ], [ -118.3252, 40.2059 ], [ -118.326, 40.2067 ], [ -118.3235, 40.2083 ], [ -118.319, 40.207 ], [ -118.3184, 40.2098 ], [ -118.3165, 40.2095 ], [ -118.3151, 40.2044 ], [ -118.317, 40.2032 ] ] ], [ [ [ -118.2501, 40.2228 ], [ -118.2482, 40.2215 ], [ -118.2472, 40.2187 ], [ -118.2421, 40.2167 ], [ -118.2361, 40.2166 ], [ -118.2504, 40.207 ], [ -118.2504, 40.2032 ], [ -118.247, 40.2034 ], [ -118.2461, 40.1993 ], [ -118.2475, 40.2009 ], [ -118.2499, 40.1979 ], [ -118.2516, 40.1979 ], [ -118.2534, 40.2008 ], [ -118.2587, 40.2048 ], [ -118.2637, 40.206 ], [ -118.2641, 40.2029 ], [ -118.2622, 40.2011 ], [ -118.2624, 40.1984 ], [ -118.2594, 40.1946 ], [ -118.2593, 40.1906 ], [ -118.258, 40.1894 ], [ -118.2588, 40.1878 ], [ -118.2614, 40.1877 ], [ -118.2636, 40.1952 ], [ -118.2652, 40.1946 ], [ -118.268, 40.1894 ], [ -118.2696, 40.1909 ], [ -118.2699, 40.194 ], [ -118.2772, 40.1948 ], [ -118.2775, 40.1976 ], [ -118.2744, 40.1977 ], [ -118.2739, 40.1993 ], [ -118.2781, 40.2016 ], [ -118.2792, 40.2049 ], [ -118.2829, 40.1996 ], [ -118.2851, 40.1993 ], [ -118.2838, 40.207 ], [ -118.2781, 40.2064 ], [ -118.2759, 40.2093 ], [ -118.271, 40.2114 ], [ -118.2684, 40.2093 ], [ -118.2659, 40.2105 ], [ -118.2622, 40.2154 ], [ -118.2616, 40.2202 ], [ -118.2661, 40.2231 ], [ -118.2613, 40.2254 ], [ -118.2562, 40.2305 ], [ -118.2548, 40.2339 ], [ -118.2515, 40.2301 ], [ -118.2523, 40.2284 ], [ -118.2501, 40.2228 ] ] ], [ [ [ -118.293, 40.2378 ], [ -118.2922, 40.2401 ], [ -118.2882, 40.2393 ], [ -118.2874, 40.237 ], [ -118.2838, 40.2362 ], [ -118.2848, 40.2348 ], [ -118.2895, 40.2339 ], [ -118.291, 40.2309 ], [ -118.2963, 40.2296 ], [ -118.2988, 40.2277 ], [ -118.2979, 40.2239 ], [ -118.2942, 40.2218 ], [ -118.295, 40.2076 ], [ -118.294, 40.2013 ], [ -118.2981, 40.2002 ], [ -118.3016, 40.196 ], [ -118.3049, 40.1991 ], [ -118.3076, 40.1984 ], [ -118.3065, 40.2003 ], [ -118.3083, 40.2092 ], [ -118.3111, 40.2101 ], [ -118.3124, 40.2144 ], [ -118.3152, 40.2154 ], [ -118.3159, 40.2211 ], [ -118.3211, 40.2196 ], [ -118.3229, 40.2227 ], [ -118.3259, 40.2239 ], [ -118.3279, 40.2283 ], [ -118.3215, 40.2328 ], [ -118.3224, 40.237 ], [ -118.3186, 40.2433 ], [ -118.3149, 40.2414 ], [ -118.3132, 40.2381 ], [ -118.3076, 40.2381 ], [ -118.3039, 40.2371 ], [ -118.3023, 40.2351 ], [ -118.2992, 40.2347 ], [ -118.3058, 40.2488 ], [ -118.3037, 40.2487 ], [ -118.3002, 40.2404 ], [ -118.2976, 40.2381 ], [ -118.293, 40.2378 ] ], [ [ -118.3118, 40.2274 ], [ -118.3107, 40.225 ], [ -118.311, 40.2216 ], [ -118.308, 40.2203 ], [ -118.3058, 40.224 ], [ -118.3073, 40.2299 ], [ -118.3084, 40.2312 ], [ -118.3143, 40.2319 ], [ -118.3145, 40.2289 ], [ -118.3118, 40.2274 ] ] ], [ [ [ -118.307, 40.2501 ], [ -118.3055, 40.2479 ], [ -118.3098, 40.246 ], [ -118.3146, 40.2454 ], [ -118.3186, 40.2433 ], [ -118.3244, 40.2437 ], [ -118.3273, 40.2451 ], [ -118.3317, 40.2452 ], [ -118.3341, 40.2483 ], [ -118.334, 40.2515 ], [ -118.3323, 40.2535 ], [ -118.328, 40.2544 ], [ -118.3236, 40.2577 ], [ -118.3165, 40.2603 ], [ -118.3139, 40.2593 ], [ -118.312, 40.2615 ], [ -118.3114, 40.2595 ], [ -118.309, 40.26 ], [ -118.3083, 40.256 ], [ -118.3044, 40.2579 ], [ -118.3066, 40.2543 ], [ -118.307, 40.2501 ] ] ] ] } },
{ "type": "Feature", "properties": { "tier": "B", "name": "Auld Lang Syne Group; slate, phyll., hornf., qtzit" }, "geometry": { "type": "MultiPolygon", "coordinates": [ [ [ [ -119.2762, 40.0 ], [ -119.2937, 40.0001 ], [ -119.3031, 40.0232 ], [ -119.2944, 40.0239 ], [ -119.293, 40.0273 ], [ -119.2906, 40.0362 ], [ -119.2923, 40.0508 ], [ -119.2912, 40.0531 ], [ -119.2821, 40.0475 ], [ -119.2756, 40.0365 ], [ -119.2677, 40.0347 ], [ -119.2564, 40.0288 ], [ -119.2498, 40.0293 ], [ -119.2447, 40.0341 ], [ -119.2413, 40.0351 ], [ -119.2381, 40.0304 ], [ -119.2359, 40.0295 ], [ -119.2296, 40.0289 ], [ -119.2258, 40.0298 ], [ -119.2292, 40.0245 ], [ -119.2294, 40.0202 ], [ -119.2268, 40.0151 ], [ -119.2254, 40.0067 ], [ -119.2213, 39.9998 ], [ -119.2272, 39.9999 ], [ -119.2327, 40.0107 ], [ -119.236, 40.014 ], [ -119.2394, 40.0151 ], [ -119.2412, 40.0143 ], [ -119.2426, 40.0107 ], [ -119.2445, 40.0108 ], [ -119.2482, 40.014 ], [ -119.2537, 40.0135 ], [ -119.2737, 40.0027 ], [ -119.2717, 40.0037 ], [ -119.2762, 40.0 ] ], [ [ -119.2757, 40.0024 ], [ -119.2748, 40.0025 ], [ -119.2737, 40.0027 ], [ -119.2757, 40.0024 ] ], [ [ -119.2841, 40.0023 ], [ -119.2857, 40.0026 ], [ -119.2848, 40.0023 ], [ -119.2841, 40.0023 ] ], [ [ -119.2802, 40.0022 ], [ -119.2814, 40.0022 ], [ -119.2808, 40.0021 ], [ -119.2802, 40.0022 ] ], [ [ -119.2531, 40.0253 ], [ -119.2559, 40.0265 ], [ -119.2587, 40.0269 ], [ -119.2575, 40.0245 ], [ -119.254, 40.0221 ], [ -119.25, 40.0218 ], [ -119.2531, 40.0253 ] ] ], [ [ [ -119.0776, 40.002 ], [ -119.079, 40.0116 ], [ -119.0897, 40.0145 ], [ -119.0913, 40.0162 ], [ -119.091, 40.0182 ], [ -119.0856, 40.0202 ], [ -119.0787, 40.0205 ], [ -119.073, 40.0182 ], [ -119.0617, 40.0108 ], [ -119.0645, 40.0026 ], [ -119.0776, 40.002 ] ] ], [ [ [ -119.1226, 40.0132 ], [ -119.1226, 40.0149 ], [ -119.1135, 40.0156 ], [ -119.1127, 40.0147 ], [ -119.1141, 40.0134 ], [ -119.1226, 40.0132 ] ] ], [ [ [ -119.2287, 40.0352 ], [ -119.2314, 40.0361 ], [ -119.2313, 40.0379 ], [ -119.2288, 40.0374 ], [ -119.2287, 40.0352 ] ] ], [ [ [ -119.1376, 40.0395 ], [ -119.1383, 40.0418 ], [ -119.1399, 40.0432 ], [ -119.1336, 40.0455 ], [ -119.1335, 40.0491 ], [ -119.1318, 40.0492 ], [ -119.131, 40.0473 ], [ -119.1273, 40.0452 ], [ -119.1284, 40.0429 ], [ -119.1328, 40.0399 ], [ -119.1322, 40.0375 ], [ -119.1337, 40.0339 ], [ -119.1364, 40.0316 ], [ -119.1405, 40.0324 ], [ -119.1389, 40.0366 ], [ -119.1396, 40.0386 ], [ -119.1376, 40.0395 ] ] ], [ [ [ -119.2342, 40.0409 ], [ -119.2312, 40.0435 ], [ -119.2286, 40.0429 ], [ -119.2289, 40.0413 ], [ -119.2342, 40.0409 ] ] ], [ [ [ -119.1165, 40.0453 ], [ -119.1165, 40.0437 ], [ -119.1207, 40.0436 ], [ -119.1217, 40.0448 ], [ -119.1198, 40.0467 ], [ -119.1165, 40.0453 ] ] ], [ [ [ -119.2034, 40.0607 ], [ -119.2031, 40.0629 ], [ -119.2006, 40.0643 ], [ -119.1957, 40.0654 ], [ -119.1896, 40.0649 ], [ -119.1855, 40.0612 ], [ -119.1816, 40.0602 ], [ -119.1813, 40.0576 ], [ -119.1764, 40.0533 ], [ -119.1755, 40.0507 ], [ -119.1765, 40.0493 ], [ -119.179, 40.0494 ], [ -119.183, 40.0518 ], [ -119.196, 40.0543 ], [ -119.1983, 40.0558 ], [ -119.1979, 40.0577 ], [ -119.2034, 40.0607 ] ] ], [ [ [ -119.2362, 40.0643 ], [ -119.2339, 40.0643 ], [ -119.2323, 40.0622 ], [ -119.2273, 40.0599 ], [ -119.223, 40.0616 ], [ -119.2208, 40.0611 ], [ -119.2259, 40.0556 ], [ -119.231, 40.0573 ], [ -119.2362, 40.0643 ] ] ], [ [ [ -119.2814, 40.1421 ], [ -119.2794, 40.1356 ], [ -119.2845, 40.136 ], [ -119.2855, 40.139 ], [ -119.2873, 40.1369 ], [ -119.2862, 40.1333 ], [ -119.2886, 40.1321 ], [ -119.2938, 40.1337 ], [ -119.2997, 40.1395 ], [ -119.297, 40.1415 ], [ -119.2913, 40.1425 ], [ -119.2994, 40.1483 ], [ -119.2958, 40.1503 ], [ -119.2933, 40.1541 ], [ -119.2889, 40.1541 ], [ -119.2814, 40.1421 ] ] ], [ [ [ -119.2372, 40.1283 ], [ -119.2421, 40.1397 ], [ -119.2511, 40.1531 ], [ -119.2549, 40.1617 ], [ -119.2487, 40.1584 ], [ -119.2472, 40.1588 ], [ -119.245, 40.1624 ], [ -119.2397, 40.1634 ], [ -119.2393, 40.1618 ], [ -119.2432, 40.1589 ], [ -119.2439, 40.1529 ], [ -119.2409, 40.1461 ], [ -119.2405, 40.1418 ], [ -119.2351, 40.1315 ], [ -119.2354, 40.1291 ], [ -119.2372, 40.1283 ] ] ], [ [ [ -119.2772, 40.1718 ], [ -119.2757, 40.1744 ], [ -119.2772, 40.1783 ], [ -119.2735, 40.1765 ], [ -119.2709, 40.168 ], [ -119.2644, 40.1633 ], [ -119.2649, 40.161 ], [ -119.2804, 40.1573 ], [ -119.2874, 40.1602 ], [ -119.2881, 40.1616 ], [ -119.285, 40.17 ], [ -119.2772, 40.1718 ] ] ], [ [ [ -118.9995, 40.4033 ], [ -118.9679, 40.4093 ], [ -118.9685, 40.4071 ], [ -118.9661, 40.4044 ], [ -118.9678, 40.3991 ], [ -118.9671, 40.3965 ], [ -118.9652, 40.3953 ], [ -118.9618, 40.4002 ], [ -118.9581, 40.4025 ], [ -118.9589, 40.3998 ], [ -118.9551, 40.4004 ], [ -118.9572, 40.395 ], [ -118.9501, 40.4018 ], [ -118.9486, 40.4058 ], [ -118.9368, 40.4081 ], [ -118.9243, 40.4073 ], [ -118.9192, 40.4109 ], [ -118.9154, 40.4079 ], [ -118.9137, 40.4038 ], [ -118.9106, 40.405 ], [ -118.9078, 40.4018 ], [ -118.9081, 40.3992 ], [ -118.9118, 40.3984 ], [ -118.9089, 40.3971 ], [ -118.9081, 40.3945 ], [ -118.9132, 40.3931 ], [ -118.9146, 40.3905 ], [ -118.9153, 40.3841 ], [ -118.9262, 40.3773 ], [ -118.9288, 40.3728 ], [ -118.9419, 40.3739 ], [ -118.9381, 40.3691 ], [ -118.932, 40.3665 ], [ -118.9303, 40.3628 ], [ -118.9345, 40.3625 ], [ -118.9367, 40.3659 ], [ -118.9408, 40.3654 ], [ -118.9385, 40.3627 ], [ -118.9415, 40.36 ], [ -118.9378, 40.3565 ], [ -118.9381, 40.3536 ], [ -118.9427, 40.3461 ], [ -118.9497, 40.3384 ], [ -118.9586, 40.3379 ], [ -118.9558, 40.334 ], [ -118.9588, 40.3321 ], [ -118.9602, 40.3294 ], [ -118.9666, 40.3289 ], [ -118.9688, 40.3299 ], [ -118.9693, 40.3358 ], [ -118.9726, 40.3379 ], [ -118.9748, 40.3429 ], [ -118.9776, 40.3438 ], [ -118.9778, 40.3464 ], [ -118.9807, 40.3473 ], [ -118.9835, 40.3523 ], [ -118.9855, 40.3529 ], [ -118.9903, 40.3511 ], [ -118.9966, 40.3425 ], [ -118.9906, 40.335 ], [ -118.994, 40.331 ], [ -118.9979, 40.3295 ], [ -118.999, 40.327 ], [ -119.0111, 40.334 ], [ -119.0216, 40.3341 ], [ -119.0102, 40.3437 ], [ -119.0017, 40.3561 ], [ -118.9982, 40.364 ], [ -118.9944, 40.3783 ], [ -118.9982, 40.3793 ], [ -119.0024, 40.3686 ], [ -119.0026, 40.3615 ], [ -119.0078, 40.3549 ], [ -119.0133, 40.3505 ], [ -119.0169, 40.3497 ], [ -119.0197, 40.3521 ], [ -119.0266, 40.3483 ], [ -119.0288, 40.3491 ], [ -119.0307, 40.3467 ], [ -119.0344, 40.3481 ], [ -119.0375, 40.3449 ], [ -119.0423, 40.3425 ], [ -119.0452, 40.3438 ], [ -119.0534, 40.344 ], [ -119.0602, 40.3404 ], [ -119.0569, 40.3393 ], [ -119.057, 40.3381 ], [ -119.0594, 40.3369 ], [ -119.0551, 40.3354 ], [ -119.0541, 40.3312 ], [ -119.0561, 40.3306 ], [ -119.0578, 40.3278 ], [ -119.0618, 40.3288 ], [ -119.0618, 40.327 ], [ -119.064, 40.3254 ], [ -119.0585, 40.3254 ], [ -119.0527, 40.3205 ], [ -119.0618, 40.3202 ], [ -119.0686, 40.3224 ], [ -119.0753, 40.3293 ], [ -119.0804, 40.3301 ], [ -119.0851, 40.3283 ], [ -119.0854, 40.3268 ], [ -119.0868, 40.3276 ], [ -119.0873, 40.3303 ], [ -119.0857, 40.3325 ], [ -119.0894, 40.3346 ], [ -119.0882, 40.3358 ], [ -119.0846, 40.3351 ], [ -119.0856, 40.3395 ], [ -119.0872, 40.3401 ], [ -119.0857, 40.3425 ], [ -119.0813, 40.3435 ], [ -119.0831, 40.3463 ], [ -119.0819, 40.3481 ], [ -119.0767, 40.3458 ], [ -119.0645, 40.3461 ], [ -119.0717, 40.35 ], [ -119.0698, 40.3519 ], [ -119.0729, 40.3547 ], [ -119.0724, 40.3558 ], [ -119.0708, 40.356 ], [ -119.0694, 40.3541 ], [ -119.0664, 40.3546 ], [ -119.0692, 40.3571 ], [ -119.0694, 40.3589 ], [ -119.0665, 40.3608 ], [ -119.0612, 40.3609 ], [ -119.0572, 40.3646 ], [ -119.0489, 40.3655 ], [ -119.0515, 40.376 ], [ -119.0465, 40.381 ], [ -119.0354, 40.3886 ], [ -119.0252, 40.3923 ], [ -119.0204, 40.3914 ], [ -119.0207, 40.3976 ], [ -119.0228, 40.4 ], [ -119.0225, 40.4023 ], [ -119.0152, 40.4052 ], [ -119.013, 40.399 ], [ -119.0097, 40.3963 ], [ -119.0005, 40.3986 ], [ -118.9995, 40.4033 ] ], [ [ -118.9942, 40.3793 ], [ -118.9936, 40.3816 ], [ -118.9903, 40.3978 ], [ -118.9942, 40.3793 ] ], [ [ -119.0216, 40.3578 ], [ -119.0217, 40.3594 ], [ -119.0264, 40.3603 ], [ -119.0312, 40.3545 ], [ -119.0332, 40.3565 ], [ -119.0347, 40.3549 ], [ -119.0323, 40.3516 ], [ -119.0297, 40.3508 ], [ -119.0201, 40.3543 ], [ -119.0196, 40.3565 ], [ -119.0216, 40.3578 ] ], [ [ -119.0624, 40.3478 ], [ -119.0616, 40.3457 ], [ -119.06, 40.3496 ], [ -119.0632, 40.3513 ], [ -119.066, 40.3501 ], [ -119.0624, 40.3478 ] ] ], [ [ [ -119.0194, 40.4102 ], [ -119.02, 40.412 ], [ -119.0179, 40.4147 ], [ -119.0144, 40.4162 ], [ -119.0131, 40.415 ], [ -119.0147, 40.4118 ], [ -119.0194, 40.4102 ] ] ], [ [ [ -119.0204, 40.4206 ], [ -119.0198, 40.4191 ], [ -119.0222, 40.4169 ], [ -119.024, 40.4169 ], [ -119.0229, 40.42 ], [ -119.0204, 40.4206 ] ] ], [ [ [ -119.3048, 40.4537 ], [ -119.3055, 40.4637 ], [ -119.3027, 40.4657 ], [ -119.3016, 40.4632 ], [ -119.3021, 40.4575 ], [ -119.2977, 40.4563 ], [ -119.2927, 40.4513 ], [ -119.2923, 40.4493 ], [ -119.2945, 40.4445 ], [ -119.3048, 40.4537 ] ] ], [ [ [ -119.0271, 40.4795 ], [ -119.0238, 40.475 ], [ -119.0246, 40.4718 ], [ -119.032, 40.4697 ], [ -119.0325, 40.4716 ], [ -119.0289, 40.4749 ], [ -119.0298, 40.4789 ], [ -119.0271, 40.4795 ] ] ], [ [ [ -119.306, 40.4794 ], [ -119.302, 40.4836 ], [ -119.2981, 40.4839 ], [ -119.3017, 40.471 ], [ -119.3056, 40.4704 ], [ -119.3099, 40.4775 ], [ -119.306, 40.4794 ] ] ], [ [ [ -119.0381, 40.4813 ], [ -119.0351, 40.484 ], [ -119.0325, 40.4823 ], [ -119.036, 40.4795 ], [ -119.0379, 40.4799 ], [ -119.0381, 40.4813 ] ] ], [ [ [ -119.0235, 40.4961 ], [ -119.0159, 40.4923 ], [ -119.0131, 40.5001 ], [ -119.009, 40.5003 ], [ -119.0053, 40.5027 ], [ -119.0021, 40.503 ], [ -119.0023, 40.507 ], [ -118.9993, 40.5109 ], [ -119.0011, 40.5174 ], [ -119.006, 40.5228 ], [ -119.0158, 40.5234 ], [ -119.0186, 40.5254 ], [ -119.0254, 40.5211 ], [ -119.0343, 40.5197 ], [ -119.0357, 40.5226 ], [ -119.0385, 40.5241 ], [ -119.0387, 40.5284 ], [ -119.0426, 40.5302 ], [ -119.0449, 40.536 ], [ -119.0418, 40.5371 ], [ -119.0396, 40.536 ], [ -119.0364, 40.5304 ], [ -119.0316, 40.5296 ], [ -119.0302, 40.5249 ], [ -119.0278, 40.5226 ], [ -119.0221, 40.5266 ], [ -119.016, 40.5287 ], [ -119.0163, 40.5303 ], [ -119.0227, 40.5316 ], [ -119.0243, 40.5349 ], [ -119.0223, 40.5354 ], [ -119.0179, 40.5327 ], [ -119.0141, 40.5355 ], [ -119.0146, 40.5389 ], [ -119.0083, 40.5451 ], [ -119.0028, 40.5466 ], [ -118.9935, 40.5468 ], [ -118.9825, 40.5414 ], [ -118.9792, 40.5374 ], [ -118.9761, 40.5273 ], [ -118.9689, 40.5243 ], [ -118.9606, 40.5116 ], [ -118.974, 40.494 ], [ -118.9756, 40.479 ], [ -118.9807, 40.4676 ], [ -118.9812, 40.4543 ], [ -118.9856, 40.4509 ], [ -118.9967, 40.4577 ], [ -119.0048, 40.4569 ], [ -119.0102, 40.4588 ], [ -119.016, 40.4832 ], [ -119.0161, 40.4903 ], [ -119.0204, 40.4904 ], [ -119.0235, 40.4961 ] ] ], [ [ [ -119.0265, 40.493 ], [ -119.0296, 40.4914 ], [ -119.0329, 40.4916 ], [ -119.0344, 40.4936 ], [ -119.0307, 40.4955 ], [ -119.0265, 40.493 ] ] ], [ [ [ -119.1308, 40.4921 ], [ -119.133, 40.493 ], [ -119.1326, 40.5037 ], [ -119.1344, 40.5071 ], [ -119.1323, 40.5109 ], [ -119.1336, 40.5156 ], [ -119.1312, 40.5174 ], [ -119.1294, 40.5168 ], [ -119.1284, 40.5113 ], [ -119.1307, 40.5075 ], [ -119.1295, 40.5048 ], [ -119.1297, 40.4991 ], [ -119.1283, 40.4982 ], [ -119.1308, 40.4921 ] ] ], [ [ [ -119.027, 40.5048 ], [ -119.0181, 40.5111 ], [ -119.0146, 40.5096 ], [ -119.0141, 40.5058 ], [ -119.0185, 40.5038 ], [ -119.0225, 40.5051 ], [ -119.027, 40.5048 ] ] ], [ [ [ -119.3055, 40.5141 ], [ -119.3079, 40.5103 ], [ -119.3073, 40.5073 ], [ -119.3061, 40.5058 ], [ -119.2985, 40.5045 ], [ -119.302, 40.5001 ], [ -119.3015, 40.4981 ], [ -119.2991, 40.4966 ], [ -119.3038, 40.4933 ], [ -119.3056, 40.4904 ], [ -119.3109, 40.4891 ], [ -119.3217, 40.4919 ], [ -119.3262, 40.4984 ], [ -119.3262, 40.5019 ], [ -119.3301, 40.5047 ], [ -119.3298, 40.5075 ], [ -119.3262, 40.5104 ], [ -119.332, 40.511 ], [ -119.3344, 40.5169 ], [ -119.3256, 40.5225 ], [ -119.3138, 40.5226 ], [ -119.3136, 40.5323 ], [ -119.2926, 40.5306 ], [ -119.2919, 40.5331 ], [ -119.296, 40.5343 ], [ -119.2955, 40.5354 ], [ -119.2793, 40.5396 ], [ -119.2777, 40.5389 ], [ -119.276, 40.5316 ], [ -119.2847, 40.5149 ], [ -119.295, 40.5187 ], [ -119.3055, 40.5141 ] ] ], [ [ [ -119.1357, 40.5297 ], [ -119.1407, 40.5249 ], [ -119.1452, 40.5288 ], [ -119.1491, 40.5299 ], [ -119.1504, 40.5344 ], [ -119.1465, 40.5396 ], [ -119.1435, 40.54 ], [ -119.142, 40.5377 ], [ -119.1393, 40.5367 ], [ -119.1376, 40.5338 ], [ -119.1387, 40.5313 ], [ -119.1357, 40.5297 ] ] ], [ [ [ -119.0918, 40.5403 ], [ -119.0915, 40.5362 ], [ -119.094, 40.5333 ], [ -119.0957, 40.5276 ], [ -119.0955, 40.5225 ], [ -119.097, 40.523 ], [ -119.0992, 40.5271 ], [ -119.1033, 40.5248 ], [ -119.1047, 40.5304 ], [ -119.1015, 40.5374 ], [ -119.1028, 40.5443 ], [ -119.1026, 40.5549 ], [ -119.0981, 40.5625 ], [ -119.095, 40.564 ], [ -119.0954, 40.5712 ], [ -119.0913, 40.5752 ], [ -119.0886, 40.5691 ], [ -119.0871, 40.5692 ], [ -119.0864, 40.5658 ], [ -119.0876, 40.5589 ], [ -119.0872, 40.5473 ], [ -119.0918, 40.5403 ] ] ], [ [ [ -119.171, 40.5828 ], [ -119.1711, 40.5811 ], [ -119.1749, 40.5798 ], [ -119.1771, 40.5722 ], [ -119.1802, 40.5721 ], [ -119.181, 40.5757 ], [ -119.1797, 40.5788 ], [ -119.1816, 40.5806 ], [ -119.1819, 40.5872 ], [ -119.1798, 40.5879 ], [ -119.1756, 40.5868 ], [ -119.1771, 40.5858 ], [ -119.1762, 40.5832 ], [ -119.171, 40.5828 ] ] ], [ [ [ -118.9863, 40.6336 ], [ -118.9907, 40.6314 ], [ -118.9969, 40.6354 ], [ -119.0028, 40.6352 ], [ -119.0052, 40.6366 ], [ -119.003, 40.6387 ], [ -118.9992, 40.638 ], [ -118.9954, 40.639 ], [ -118.9927, 40.6366 ], [ -118.9865, 40.6358 ], [ -118.9863, 40.6336 ] ] ], [ [ [ -118.9369, 40.6435 ], [ -118.9366, 40.6399 ], [ -118.9395, 40.6391 ], [ -118.9381, 40.6377 ], [ -118.9404, 40.6356 ], [ -118.9389, 40.6303 ], [ -118.9438, 40.6318 ], [ -118.9449, 40.626 ], [ -118.9566, 40.627 ], [ -118.9572, 40.6261 ], [ -118.9549, 40.623 ], [ -118.9557, 40.6211 ], [ -118.9618, 40.6206 ], [ -118.9635, 40.622 ], [ -118.9673, 40.6197 ], [ -118.9694, 40.6216 ], [ -118.9682, 40.6336 ], [ -118.97, 40.6336 ], [ -118.9738, 40.6308 ], [ -118.9832, 40.6294 ], [ -118.9847, 40.631 ], [ -118.9835, 40.6344 ], [ -118.9842, 40.6365 ], [ -118.9903, 40.6391 ], [ -118.9908, 40.6426 ], [ -118.9926, 40.6451 ], [ -118.9916, 40.6481 ], [ -118.9948, 40.6505 ], [ -118.9934, 40.6523 ], [ -118.9803, 40.6551 ], [ -118.9788, 40.657 ], [ -118.9649, 40.6595 ], [ -118.9626, 40.6575 ], [ -118.9601, 40.66 ], [ -118.9531, 40.6573 ], [ -118.9528, 40.6515 ], [ -118.9502, 40.6504 ], [ -118.9452, 40.6413 ], [ -118.9369, 40.6435 ] ] ], [ [ [ -118.7373, 40.0036 ], [ -118.7301, 40.0001 ], [ -118.7452, 40.0006 ], [ -118.7373, 40.0036 ] ] ], [ [ [ -118.7669, 40.0021 ], [ -118.7651, 40.0058 ], [ -118.762, 40.0061 ], [ -118.7598, 40.0088 ], [ -118.7554, 40.0047 ], [ -118.7467, 40.0005 ], [ -118.771, 40.0001 ], [ -118.7669, 40.0021 ] ] ], [ [ [ -118.8191, 40.0052 ], [ -118.8192, 40.0129 ], [ -118.8167, 40.0102 ], [ -118.811, 40.0138 ], [ -118.8106, 40.0098 ], [ -118.8067, 40.0099 ], [ -118.813, 40.0067 ], [ -118.8148, 40.0031 ], [ -118.8191, 40.0052 ] ] ], [ [ [ -118.8146, 40.0175 ], [ -118.815, 40.0146 ], [ -118.8214, 40.014 ], [ -118.84, 40.0064 ], [ -118.841, 40.0074 ], [ -118.8401, 40.0103 ], [ -118.8463, 40.0112 ], [ -118.8426, 40.013 ], [ -118.8378, 40.0124 ], [ -118.8296, 40.0137 ], [ -118.8255, 40.0161 ], [ -118.8251, 40.0175 ], [ -118.8362, 40.0159 ], [ -118.8369, 40.0171 ], [ -118.8163, 40.0276 ], [ -118.8136, 40.0264 ], [ -118.8138, 40.0234 ], [ -118.8163, 40.0191 ], [ -118.8146, 40.0175 ] ] ], [ [ [ -118.6962, 40.016 ], [ -118.6846, 40.0 ], [ -118.6891, 40.0 ], [ -118.6914, 40.0013 ], [ -118.6876, 40.002 ], [ -118.6908, 40.0047 ], [ -118.6924, 40.0036 ], [ -118.7039, 40.0177 ], [ -118.7151, 40.0185 ], [ -118.7189, 40.0212 ], [ -118.7354, 40.0194 ], [ -118.74, 40.0167 ], [ -118.7434, 40.0175 ], [ -118.746, 40.0153 ], [ -118.7496, 40.0161 ], [ -118.7548, 40.0149 ], [ -118.7531, 40.0188 ], [ -118.7414, 40.023 ], [ -118.7396, 40.0305 ], [ -118.7318, 40.0348 ], [ -118.7301, 40.0331 ], [ -118.7222, 40.034 ], [ -118.722, 40.0305 ], [ -118.7148, 40.0321 ], [ -118.7144, 40.0307 ], [ -118.7171, 40.0281 ], [ -118.7151, 40.0238 ], [ -118.7094, 40.0216 ], [ -118.7048, 40.0241 ], [ -118.7021, 40.0199 ], [ -118.6962, 40.0193 ], [ -118.6962, 40.016 ] ] ], [ [ [ -118.7397, 40.0316 ], [ -118.7412, 40.0308 ], [ -118.743, 40.0321 ], [ -118.7431, 40.0348 ], [ -118.7384, 40.0381 ], [ -118.7337, 40.0367 ], [ -118.7356, 40.0348 ], [ -118.7405, 40.0341 ], [ -118.7397, 40.0316 ] ] ], [ [ [ -118.8283, 40.0316 ], [ -118.8338, 40.0334 ], [ -118.8318, 40.0373 ], [ -118.8266, 40.0393 ], [ -118.8241, 40.0419 ], [ -118.8236, 40.0393 ], [ -118.8267, 40.0357 ], [ -118.8271, 40.0334 ], [ -118.82, 40.0329 ], [ -118.8175, 40.0374 ], [ -118.8138, 40.04 ], [ -118.8128, 40.0439 ], [ -118.8115, 40.0433 ], [ -118.8106, 40.0412 ], [ -118.8113, 40.0381 ], [ -118.8162, 40.0343 ], [ -118.8142, 40.0317 ], [ -118.826, 40.028 ], [ -118.8293, 40.0285 ], [ -118.8283, 40.0316 ] ] ], [ [ [ -118.7283, 40.0438 ], [ -118.7304, 40.0444 ], [ -118.7291, 40.0471 ], [ -118.7248, 40.0479 ], [ -118.7243, 40.0454 ], [ -118.7283, 40.0438 ] ] ], [ [ [ -118.7682, 40.0743 ], [ -118.769, 40.073 ], [ -118.7709, 40.0738 ], [ -118.772, 40.0775 ], [ -118.7698, 40.0783 ], [ -118.7682, 40.0743 ] ] ], [ [ [ -118.7835, 40.0774 ], [ -118.7832, 40.081 ], [ -118.7857, 40.0828 ], [ -118.7787, 40.0819 ], [ -118.7775, 40.079 ], [ -118.7782, 40.0773 ], [ -118.7835, 40.0774 ] ] ], [ [ [ -118.7383, 40.0906 ], [ -118.7401, 40.0932 ], [ -118.7454, 40.0893 ], [ -118.7493, 40.0924 ], [ -118.7466, 40.0954 ], [ -118.746, 40.0989 ], [ -118.7429, 40.0986 ], [ -118.7418, 40.1002 ], [ -118.7383, 40.1012 ], [ -118.7371, 40.1037 ], [ -118.7393, 40.1043 ], [ -118.7391, 40.1058 ], [ -118.7356, 40.1064 ], [ -118.7343, 40.104 ], [ -118.7313, 40.104 ], [ -118.7281, 40.0966 ], [ -118.7313, 40.0926 ], [ -118.7383, 40.0906 ] ] ], [ [ [ -118.7668, 40.1422 ], [ -118.7745, 40.1437 ], [ -118.7738, 40.1486 ], [ -118.7679, 40.1524 ], [ -118.7662, 40.148 ], [ -118.7704, 40.1469 ], [ -118.7663, 40.144 ], [ -118.7668, 40.1422 ] ] ], [ [ [ -118.8005, 40.158 ], [ -118.8025, 40.1627 ], [ -118.7974, 40.1628 ], [ -118.7979, 40.1584 ], [ -118.8005, 40.158 ] ] ], [ [ [ -118.7894, 40.1763 ], [ -118.7826, 40.1783 ], [ -118.7801, 40.1776 ], [ -118.7792, 40.1749 ], [ -118.7814, 40.1739 ], [ -118.7827, 40.1754 ], [ -118.7877, 40.1752 ], [ -118.7894, 40.1763 ] ] ], [ [ [ -118.8298, 40.2718 ], [ -118.8322, 40.2727 ], [ -118.8304, 40.2741 ], [ -118.8259, 40.2729 ], [ -118.8212, 40.2744 ], [ -118.8191, 40.2727 ], [ -118.8169, 40.2756 ], [ -118.8128, 40.2757 ], [ -118.8093, 40.2785 ], [ -118.8082, 40.2778 ], [ -118.8092, 40.2742 ], [ -118.8152, 40.2692 ], [ -118.8196, 40.2693 ], [ -118.8254, 40.2669 ], [ -118.8261, 40.2694 ], [ -118.8302, 40.2693 ], [ -118.8298, 40.2718 ] ] ], [ [ [ -118.8108, 40.2841 ], [ -118.8105, 40.279 ], [ -118.821, 40.2796 ], [ -118.8294, 40.2766 ], [ -118.8344, 40.2768 ], [ -118.8348, 40.2791 ], [ -118.8227, 40.2824 ], [ -118.8252, 40.2865 ], [ -118.8249, 40.2888 ], [ -118.8318, 40.2872 ], [ -118.837, 40.2892 ], [ -118.8445, 40.2858 ], [ -118.8455, 40.2871 ], [ -118.8445, 40.2888 ], [ -118.8462, 40.2906 ], [ -118.8446, 40.2947 ], [ -118.8387, 40.2966 ], [ -118.8395, 40.2975 ], [ -118.8435, 40.2973 ], [ -118.8469, 40.3013 ], [ -118.8424, 40.3025 ], [ -118.8425, 40.305 ], [ -118.8402, 40.3066 ], [ -118.8266, 40.3108 ], [ -118.8246, 40.3098 ], [ -118.8219, 40.3114 ], [ -118.82, 40.311 ], [ -118.819, 40.3129 ], [ -118.8175, 40.3131 ], [ -118.8154, 40.3109 ], [ -118.8129, 40.3036 ], [ -118.8076, 40.3011 ], [ -118.8076, 40.298 ], [ -118.8141, 40.2945 ], [ -118.8108, 40.2841 ] ] ], [ [ [ -118.8532, 40.3005 ], [ -118.8523, 40.2989 ], [ -118.8533, 40.2976 ], [ -118.8588, 40.2952 ], [ -118.8677, 40.2986 ], [ -118.865, 40.301 ], [ -118.8532, 40.3005 ] ] ], [ [ [ -118.8355, 40.4086 ], [ -118.8453, 40.4072 ], [ -118.8463, 40.406 ], [ -118.8478, 40.4001 ], [ -118.8475, 40.3901 ], [ -118.8489, 40.3872 ], [ -118.8483, 40.3801 ], [ -118.8436, 40.3802 ], [ -118.8397, 40.3819 ], [ -118.8354, 40.3876 ], [ -118.835, 40.391 ], [ -118.8315, 40.3922 ], [ -118.8301, 40.3964 ], [ -118.8258, 40.3996 ], [ -118.8174, 40.4108 ], [ -118.8098, 40.4148 ], [ -118.8241, 40.3882 ], [ -118.8278, 40.3764 ], [ -118.8276, 40.3646 ], [ -118.8266, 40.3601 ], [ -118.8234, 40.3578 ], [ -118.823, 40.3455 ], [ -118.8311, 40.3386 ], [ -118.8302, 40.3318 ], [ -118.8311, 40.3247 ], [ -118.8364, 40.3145 ], [ -118.848, 40.3061 ], [ -118.8547, 40.3051 ], [ -118.861, 40.3066 ], [ -118.8651, 40.3092 ], [ -118.8684, 40.3131 ], [ -118.8689, 40.3158 ], [ -118.8679, 40.3207 ], [ -118.8631, 40.3305 ], [ -118.8584, 40.3322 ], [ -118.8572, 40.3355 ], [ -118.8577, 40.339 ], [ -118.8542, 40.3425 ], [ -118.8641, 40.3427 ], [ -118.861, 40.3459 ], [ -118.8642, 40.3481 ], [ -118.8597, 40.356 ], [ -118.8637, 40.3621 ], [ -118.8617, 40.3666 ], [ -118.8633, 40.3875 ], [ -118.8623, 40.3975 ], [ -118.8594, 40.3988 ], [ -118.8602, 40.403 ], [ -118.8531, 40.4067 ], [ -118.8448, 40.4092 ], [ -118.838, 40.4146 ], [ -118.8308, 40.4161 ], [ -118.8247, 40.4212 ], [ -118.8145, 40.4256 ], [ -118.8084, 40.4235 ], [ -118.8119, 40.4197 ], [ -118.8297, 40.413 ], [ -118.8355, 40.4086 ] ] ], [ [ [ -118.9348, 40.4146 ], [ -118.9331, 40.4168 ], [ -118.9301, 40.4168 ], [ -118.9296, 40.4148 ], [ -118.9348, 40.4146 ] ] ], [ [ [ -118.9646, 40.4651 ], [ -118.9633, 40.4625 ], [ -118.9524, 40.4556 ], [ -118.9623, 40.4538 ], [ -118.9719, 40.4545 ], [ -118.9711, 40.4593 ], [ -118.9723, 40.4644 ], [ -118.9646, 40.4651 ] ] ], [ [ [ -118.9143, 40.4716 ], [ -118.9106, 40.4724 ], [ -118.9092, 40.4714 ], [ -118.9159, 40.4669 ], [ -118.9171, 40.4683 ], [ -118.9144, 40.4701 ], [ -118.9143, 40.4716 ] ] ], [ [ [ -118.8018, 40.4735 ], [ -118.8136, 40.4749 ], [ -118.8169, 40.4764 ], [ -118.8185, 40.4795 ], [ -118.8254, 40.4799 ], [ -118.8373, 40.4669 ], [ -118.85, 40.4594 ], [ -118.8587, 40.4564 ], [ -118.8678, 40.4556 ], [ -118.8794, 40.4499 ], [ -118.8827, 40.4505 ], [ -118.8845, 40.4552 ], [ -118.8897, 40.4534 ], [ -118.8919, 40.4539 ], [ -118.8971, 40.4666 ], [ -118.8961, 40.4708 ], [ -118.9053, 40.4732 ], [ -118.9042, 40.4775 ], [ -118.9074, 40.4792 ], [ -118.9084, 40.4815 ], [ -118.901, 40.4867 ], [ -118.9003, 40.4956 ], [ -118.9019, 40.5 ], [ -118.8978, 40.5052 ], [ -118.8919, 40.508 ], [ -118.8805, 40.5075 ], [ -118.8773, 40.5029 ], [ -118.8725, 40.5036 ], [ -118.8644, 40.4944 ], [ -118.8562, 40.4939 ], [ -118.8524, 40.4906 ], [ -118.8494, 40.4924 ], [ -118.8471, 40.4901 ], [ -118.8458, 40.491 ], [ -118.8474, 40.4958 ], [ -118.846, 40.499 ], [ -118.8468, 40.5019 ], [ -118.8414, 40.5006 ], [ -118.8424, 40.4944 ], [ -118.8405, 40.4933 ], [ -118.8356, 40.5008 ], [ -118.8321, 40.5027 ], [ -118.8273, 40.5031 ], [ -118.8235, 40.4986 ], [ -118.8237, 40.494 ], [ -118.8077, 40.4917 ], [ -118.8033, 40.4896 ], [ -118.806, 40.4819 ], [ -118.8017, 40.476 ], [ -118.8018, 40.4735 ] ] ], [ [ [ -118.7877, 40.499 ], [ -118.79, 40.5011 ], [ -118.79, 40.5075 ], [ -118.7877, 40.5114 ], [ -118.7833, 40.5135 ], [ -118.7791, 40.5108 ], [ -118.7795, 40.5091 ], [ -118.7825, 40.5058 ], [ -118.7831, 40.5031 ], [ -118.7852, 40.5024 ], [ -118.7877, 40.499 ] ] ], [ [ [ -118.7433, 40.5162 ], [ -118.7437, 40.5144 ], [ -118.7482, 40.516 ], [ -118.752, 40.5147 ], [ -118.7525, 40.5107 ], [ -118.7502, 40.506 ], [ -118.753, 40.4989 ], [ -118.7593, 40.4998 ], [ -118.7625, 40.5073 ], [ -118.7659, 40.5066 ], [ -118.7697, 40.501 ], [ -118.7717, 40.5004 ], [ -118.7706, 40.5069 ], [ -118.7657, 40.5097 ], [ -118.7624, 40.5134 ], [ -118.7572, 40.5136 ], [ -118.7549, 40.5191 ], [ -118.7563, 40.5257 ], [ -118.7581, 40.5263 ], [ -118.7613, 40.5249 ], [ -118.7605, 40.5225 ], [ -118.7642, 40.5192 ], [ -118.7623, 40.5238 ], [ -118.7677, 40.5259 ], [ -118.7682, 40.5279 ], [ -118.7649, 40.5288 ], [ -118.7597, 40.5343 ], [ -118.7586, 40.534 ], [ -118.7582, 40.5307 ], [ -118.7566, 40.5302 ], [ -118.7523, 40.5299 ], [ -118.7452, 40.5325 ], [ -118.7445, 40.5343 ], [ -118.7478, 40.5366 ], [ -118.7462, 40.5384 ], [ -118.7507, 40.5397 ], [ -118.7501, 40.5426 ], [ -118.7491, 40.5438 ], [ -118.7421, 40.5441 ], [ -118.7323, 40.5512 ], [ -118.7333, 40.5474 ], [ -118.7359, 40.5447 ], [ -118.7346, 40.5429 ], [ -118.7381, 40.5397 ], [ -118.7334, 40.5392 ], [ -118.7349, 40.5361 ], [ -118.7336, 40.5311 ], [ -118.7366, 40.528 ], [ -118.7321, 40.526 ], [ -118.7388, 40.5205 ], [ -118.7453, 40.52 ], [ -118.7456, 40.5184 ], [ -118.7433, 40.5162 ] ], [ [ -118.7396, 40.5262 ], [ -118.7383, 40.5284 ], [ -118.741, 40.5313 ], [ -118.743, 40.5315 ], [ -118.7434, 40.5293 ], [ -118.7396, 40.5262 ] ], [ [ -118.7509, 40.5264 ], [ -118.7492, 40.5275 ], [ -118.7505, 40.5291 ], [ -118.7548, 40.5271 ], [ -118.7535, 40.5246 ], [ -118.7507, 40.5241 ], [ -118.7509, 40.5264 ] ], [ [ -118.7445, 40.5391 ], [ -118.7439, 40.542 ], [ -118.7466, 40.5422 ], [ -118.7457, 40.5393 ], [ -118.7445, 40.5391 ] ], [ [ -118.7528, 40.5067 ], [ -118.7539, 40.5086 ], [ -118.7568, 40.5078 ], [ -118.7589, 40.5055 ], [ -118.7579, 40.5046 ], [ -118.7528, 40.5067 ] ] ], [ [ [ -118.8593, 40.5507 ], [ -118.8549, 40.551 ], [ -118.852, 40.5493 ], [ -118.8451, 40.549 ], [ -118.8408, 40.5442 ], [ -118.8319, 40.5433 ], [ -118.827, 40.5384 ], [ -118.8117, 40.5315 ], [ -118.8018, 40.5158 ], [ -118.7931, 40.5123 ], [ -118.7951, 40.5113 ], [ -118.8024, 40.5121 ], [ -118.8088, 40.5101 ], [ -118.814, 40.5124 ], [ -118.8304, 40.5121 ], [ -118.8327, 40.5143 ], [ -118.8342, 40.5232 ], [ -118.8377, 40.529 ], [ -118.8357, 40.5327 ], [ -118.8363, 40.5345 ], [ -118.8436, 40.5372 ], [ -118.8445, 40.5364 ], [ -118.8483, 40.5376 ], [ -118.8497, 40.5397 ], [ -118.8532, 40.5395 ], [ -118.8591, 40.5436 ], [ -118.8582, 40.5465 ], [ -118.8606, 40.5493 ], [ -118.8593, 40.5507 ] ] ], [ [ [ -118.9305, 40.6556 ], [ -118.9344, 40.6566 ], [ -118.9309, 40.6659 ], [ -118.9209, 40.6695 ], [ -118.9186, 40.6688 ], [ -118.9199, 40.6653 ], [ -118.9117, 40.6681 ], [ -118.9107, 40.6675 ], [ -118.9123, 40.6651 ], [ -118.9218, 40.6591 ], [ -118.9305, 40.6556 ] ] ], [ [ [ -118.7784, 40.6872 ], [ -118.7826, 40.6854 ], [ -118.7838, 40.6875 ], [ -118.7876, 40.6891 ], [ -118.7879, 40.6965 ], [ -118.7829, 40.6982 ], [ -118.7795, 40.6959 ], [ -118.7771, 40.6968 ], [ -118.7748, 40.6933 ], [ -118.778, 40.6909 ], [ -118.7784, 40.6872 ] ] ], [ [ [ -118.7547, 40.74 ], [ -118.7391, 40.7414 ], [ -118.7344, 40.7365 ], [ -118.7352, 40.7314 ], [ -118.7481, 40.7253 ], [ -118.7565, 40.718 ], [ -118.7653, 40.7161 ], [ -118.7796, 40.7108 ], [ -118.7832, 40.7123 ], [ -118.7885, 40.7103 ], [ -118.7901, 40.7142 ], [ -118.7938, 40.7148 ], [ -118.7949, 40.7161 ], [ -118.7986, 40.7144 ], [ -118.8024, 40.7152 ], [ -118.8061, 40.7121 ], [ -118.8119, 40.7098 ], [ -118.8141, 40.7053 ], [ -118.8173, 40.7031 ], [ -118.8207, 40.7076 ], [ -118.818, 40.7183 ], [ -118.8133, 40.7258 ], [ -118.8196, 40.728 ], [ -118.8231, 40.7276 ], [ -118.825, 40.7301 ], [ -118.817, 40.731 ], [ -118.8111, 40.7294 ], [ -118.809, 40.7333 ], [ -118.8116, 40.7362 ], [ -118.811, 40.7379 ], [ -118.8063, 40.7381 ], [ -118.8052, 40.7399 ], [ -118.8024, 40.7406 ], [ -118.7862, 40.7367 ], [ -118.7711, 40.7356 ], [ -118.7634, 40.7377 ], [ -118.7586, 40.7372 ], [ -118.7547, 40.74 ] ] ], [ [ [ -118.8956, 40.7166 ], [ -118.8941, 40.726 ], [ -118.8977, 40.7296 ], [ -118.8975, 40.7315 ], [ -118.9001, 40.732 ], [ -118.9025, 40.7364 ], [ -118.9007, 40.738 ], [ -118.9003, 40.7417 ], [ -118.8944, 40.744 ], [ -118.8903, 40.7425 ], [ -118.8875, 40.747 ], [ -118.8837, 40.7463 ], [ -118.8793, 40.7506 ], [ -118.8769, 40.7491 ], [ -118.8742, 40.7496 ], [ -118.8747, 40.7478 ], [ -118.8735, 40.7458 ], [ -118.8808, 40.7369 ], [ -118.8782, 40.7335 ], [ -118.8789, 40.7291 ], [ -118.8774, 40.7223 ], [ -118.8784, 40.7188 ], [ -118.8835, 40.7122 ], [ -118.8901, 40.7126 ], [ -118.8956, 40.7166 ] ] ], [ [ [ -118.7336, 40.7419 ], [ -118.7357, 40.7453 ], [ -118.7332, 40.7461 ], [ -118.7324, 40.7431 ], [ -118.728, 40.7397 ], [ -118.7244, 40.744 ], [ -118.7249, 40.7464 ], [ -118.7228, 40.7466 ], [ -118.7225, 40.7376 ], [ -118.7279, 40.7326 ], [ -118.7313, 40.7336 ], [ -118.7336, 40.7419 ] ] ], [ [ [ -118.6296, 40.7367 ], [ -118.6332, 40.7361 ], [ -118.6322, 40.7409 ], [ -118.6338, 40.7456 ], [ -118.6327, 40.747 ], [ -118.6304, 40.7472 ], [ -118.6282, 40.7395 ], [ -118.6296, 40.7367 ] ] ], [ [ [ -118.6876, 40.7441 ], [ -118.6924, 40.7451 ], [ -118.692, 40.7492 ], [ -118.688, 40.7472 ], [ -118.6869, 40.7455 ], [ -118.6876, 40.7441 ] ] ], [ [ [ -118.4046, 40.0033 ], [ -118.4164, 40.0038 ], [ -118.4231, 40.0 ], [ -118.4425, 40.0003 ], [ -118.4344, 40.0082 ], [ -118.4283, 40.0092 ], [ -118.425, 40.0119 ], [ -118.4132, 40.0128 ], [ -118.4084, 40.0103 ], [ -118.4039, 40.0112 ], [ -118.4012, 40.0063 ], [ -118.4055, 40.0068 ], [ -118.4046, 40.0033 ] ] ], [ [ [ -118.4928, 40.0092 ], [ -118.4953, 40.0117 ], [ -118.4831, 40.0109 ], [ -118.4866, 40.0049 ], [ -118.4895, 40.0065 ], [ -118.4934, 40.0064 ], [ -118.4928, 40.0092 ] ] ], [ [ [ -118.4023, 40.0128 ], [ -118.4045, 40.0161 ], [ -118.4032, 40.0171 ], [ -118.3894, 40.0172 ], [ -118.3904, 40.0157 ], [ -118.3973, 40.014 ], [ -118.391, 40.011 ], [ -118.3854, 40.0101 ], [ -118.3827, 40.0068 ], [ -118.3793, 40.0055 ], [ -118.379, 40.0039 ], [ -118.383, 40.0029 ], [ -118.3878, 40.0084 ], [ -118.3916, 40.0085 ], [ -118.3981, 40.0121 ], [ -118.4023, 40.0128 ] ] ], [ [ [ -118.3997, 40.0348 ], [ -118.3978, 40.0303 ], [ -118.3996, 40.025 ], [ -118.3947, 40.0197 ], [ -118.3909, 40.0186 ], [ -118.3921, 40.0178 ], [ -118.3946, 40.0174 ], [ -118.4035, 40.02 ], [ -118.4086, 40.0176 ], [ -118.4152, 40.0198 ], [ -118.4224, 40.0186 ], [ -118.4274, 40.0153 ], [ -118.4367, 40.0142 ], [ -118.4448, 40.0079 ], [ -118.4449, 40.0068 ], [ -118.4415, 40.0053 ], [ -118.4455, 40.0003 ], [ -118.4616, 39.9997 ], [ -118.4642, 40.0009 ], [ -118.4665, 40.0041 ], [ -118.4665, 40.0054 ], [ -118.463, 40.0053 ], [ -118.4615, 40.0074 ], [ -118.4627, 40.0088 ], [ -118.4667, 40.0071 ], [ -118.4673, 40.0095 ], [ -118.4661, 40.0114 ], [ -118.4579, 40.016 ], [ -118.4618, 40.0169 ], [ -118.458, 40.0218 ], [ -118.458, 40.025 ], [ -118.4558, 40.0267 ], [ -118.4556, 40.0323 ], [ -118.4538, 40.0357 ], [ -118.4511, 40.0375 ], [ -118.4517, 40.0385 ], [ -118.4417, 40.0395 ], [ -118.4429, 40.0364 ], [ -118.4359, 40.0345 ], [ -118.4293, 40.0377 ], [ -118.4175, 40.0388 ], [ -118.4183, 40.042 ], [ -118.4123, 40.0453 ], [ -118.41, 40.0417 ], [ -118.4048, 40.0426 ], [ -118.407, 40.0402 ], [ -118.4038, 40.0382 ], [ -118.3963, 40.0402 ], [ -118.3948, 40.037 ], [ -118.399, 40.0371 ], [ -118.3997, 40.0348 ] ] ], [ [ [ -118.4039, 40.0441 ], [ -118.4091, 40.0452 ], [ -118.4094, 40.0466 ], [ -118.4063, 40.0482 ], [ -118.4037, 40.0476 ], [ -118.4039, 40.0441 ] ] ], [ [ [ -118.4261, 40.05 ], [ -118.4311, 40.0465 ], [ -118.4313, 40.0481 ], [ -118.4271, 40.0528 ], [ -118.4255, 40.0529 ], [ -118.4201, 40.0484 ], [ -118.4188, 40.0435 ], [ -118.4275, 40.0447 ], [ -118.427, 40.046 ], [ -118.4223, 40.0477 ], [ -118.4228, 40.0494 ], [ -118.4261, 40.05 ] ] ], [ [ [ -118.4382, 40.0505 ], [ -118.4372, 40.0513 ], [ -118.4347, 40.0479 ], [ -118.4366, 40.0478 ], [ -118.4382, 40.0505 ] ] ], [ [ [ -118.3962, 40.0727 ], [ -118.3945, 40.0732 ], [ -118.3938, 40.0717 ], [ -118.3907, 40.0723 ], [ -118.3936, 40.0692 ], [ -118.3919, 40.0687 ], [ -118.3871, 40.0711 ], [ -118.3804, 40.0782 ], [ -118.3786, 40.0778 ], [ -118.3782, 40.0741 ], [ -118.3804, 40.0709 ], [ -118.3803, 40.0667 ], [ -118.3847, 40.0663 ], [ -118.3934, 40.0622 ], [ -118.3951, 40.0588 ], [ -118.3969, 40.0579 ], [ -118.3959, 40.0538 ], [ -118.3968, 40.0523 ], [ -118.3992, 40.0542 ], [ -118.3994, 40.0567 ], [ -118.4023, 40.0572 ], [ -118.4026, 40.059 ], [ -118.3989, 40.0633 ], [ -118.4001, 40.0672 ], [ -118.3962, 40.0727 ] ] ], [ [ [ -118.4151, 40.0709 ], [ -118.4158, 40.0728 ], [ -118.4134, 40.0737 ], [ -118.4138, 40.072 ], [ -118.4151, 40.0709 ] ] ], [ [ [ -118.4052, 40.0721 ], [ -118.4013, 40.0735 ], [ -118.4005, 40.0755 ], [ -118.4016, 40.0775 ], [ -118.3986, 40.0799 ], [ -118.3956, 40.0788 ], [ -118.3948, 40.0756 ], [ -118.4029, 40.0691 ], [ -118.4049, 40.07 ], [ -118.4052, 40.0721 ] ] ], [ [ [ -118.3838, 40.0874 ], [ -118.3808, 40.085 ], [ -118.3786, 40.0851 ], [ -118.3774, 40.0831 ], [ -118.3843, 40.0837 ], [ -118.3849, 40.0818 ], [ -118.3809, 40.0807 ], [ -118.384, 40.0791 ], [ -118.3853, 40.0766 ], [ -118.3912, 40.0749 ], [ -118.3933, 40.0758 ], [ -118.3879, 40.0814 ], [ -118.3877, 40.0835 ], [ -118.3892, 40.0846 ], [ -118.3838, 40.0874 ] ] ], [ [ [ -118.5915, 40.2003 ], [ -118.5976, 40.2048 ], [ -118.6003, 40.2047 ], [ -118.6052, 40.2019 ], [ -118.6074, 40.2021 ], [ -118.6078, 40.2041 ], [ -118.6094, 40.2038 ], [ -118.6225, 40.1938 ], [ -118.622, 40.1913 ], [ -118.6159, 40.1921 ], [ -118.6164, 40.1887 ], [ -118.6152, 40.188 ], [ -118.6096, 40.19 ], [ -118.6041, 40.1886 ], [ -118.606, 40.1824 ], [ -118.6055, 40.1748 ], [ -118.609, 40.1748 ], [ -118.6125, 40.1779 ], [ -118.6145, 40.1763 ], [ -118.6158, 40.1772 ], [ -118.6197, 40.1758 ], [ -118.6226, 40.1762 ], [ -118.6254, 40.1742 ], [ -118.6264, 40.1769 ], [ -118.6292, 40.1748 ], [ -118.6323, 40.1769 ], [ -118.6353, 40.176 ], [ -118.6373, 40.1724 ], [ -118.6337, 40.1669 ], [ -118.6293, 40.1688 ], [ -118.6265, 40.1682 ], [ -118.6279, 40.1636 ], [ -118.6259, 40.161 ], [ -118.6315, 40.1559 ], [ -118.6307, 40.1542 ], [ -118.6286, 40.1538 ], [ -118.628, 40.1514 ], [ -118.6206, 40.1541 ], [ -118.6192, 40.1578 ], [ -118.6204, 40.1598 ], [ -118.6178, 40.1603 ], [ -118.6183, 40.1627 ], [ -118.6154, 40.1616 ], [ -118.6165, 40.1581 ], [ -118.6157, 40.155 ], [ -118.6125, 40.1556 ], [ -118.6094, 40.1542 ], [ -118.6069, 40.1553 ], [ -118.6055, 40.1517 ], [ -118.6041, 40.1527 ], [ -118.6036, 40.1556 ], [ -118.5892, 40.1562 ], [ -118.5789, 40.152 ], [ -118.5773, 40.1522 ], [ -118.5766, 40.154 ], [ -118.5717, 40.1528 ], [ -118.5611, 40.1464 ], [ -118.5619, 40.1398 ], [ -118.5667, 40.1361 ], [ -118.5695, 40.1377 ], [ -118.5705, 40.1348 ], [ -118.577, 40.1327 ], [ -118.5771, 40.1309 ], [ -118.5734, 40.1276 ], [ -118.5697, 40.1277 ], [ -118.572, 40.1254 ], [ -118.5692, 40.1253 ], [ -118.5639, 40.1212 ], [ -118.5605, 40.121 ], [ -118.5533, 40.1238 ], [ -118.5436, 40.1228 ], [ -118.5433, 40.1212 ], [ -118.5526, 40.1158 ], [ -118.5563, 40.1158 ], [ -118.561, 40.1133 ], [ -118.5671, 40.1123 ], [ -118.569, 40.109 ], [ -118.5689, 40.1067 ], [ -118.5731, 40.1066 ], [ -118.5738, 40.1093 ], [ -118.5754, 40.1095 ], [ -118.5757, 40.1067 ], [ -118.5783, 40.1045 ], [ -118.5771, 40.1033 ], [ -118.5804, 40.102 ], [ -118.5821, 40.1045 ], [ -118.5791, 40.1074 ], [ -118.5795, 40.1087 ], [ -118.5928, 40.1087 ], [ -118.5928, 40.1132 ], [ -118.595, 40.1179 ], [ -118.6, 40.1212 ], [ -118.598, 40.1257 ], [ -118.6081, 40.127 ], [ -118.6096, 40.1283 ], [ -118.6123, 40.1278 ], [ -118.6159, 40.1294 ], [ -118.6237, 40.1286 ], [ -118.6248, 40.1305 ], [ -118.6239, 40.1325 ], [ -118.6272, 40.1324 ], [ -118.6331, 40.137 ], [ -118.6349, 40.141 ], [ -118.6294, 40.1426 ], [ -118.6287, 40.1441 ], [ -118.6353, 40.144 ], [ -118.6353, 40.1459 ], [ -118.6319, 40.1496 ], [ -118.6327, 40.1513 ], [ -118.6374, 40.1481 ], [ -118.6387, 40.1485 ], [ -118.6396, 40.1549 ], [ -118.6435, 40.158 ], [ -118.6412, 40.1655 ], [ -118.6425, 40.1743 ], [ -118.6444, 40.1748 ], [ -118.6468, 40.1712 ], [ -118.6483, 40.1711 ], [ -118.6508, 40.1781 ], [ -118.6531, 40.1809 ], [ -118.6496, 40.1825 ], [ -118.6504, 40.1898 ], [ -118.631, 40.1959 ], [ -118.6281, 40.1987 ], [ -118.6218, 40.1997 ], [ -118.606, 40.21 ], [ -118.6005, 40.2111 ], [ -118.5938, 40.2088 ], [ -118.5746, 40.2085 ], [ -118.5733, 40.2074 ], [ -118.5741, 40.2035 ], [ -118.5755, 40.2024 ], [ -118.5871, 40.1996 ], [ -118.5915, 40.2003 ] ], [ [ -118.6137, 40.151 ], [ -118.6143, 40.1457 ], [ -118.6081, 40.1472 ], [ -118.6081, 40.1495 ], [ -118.6096, 40.151 ], [ -118.6155, 40.1542 ], [ -118.6178, 40.1531 ], [ -118.6168, 40.1513 ], [ -118.6137, 40.151 ] ], [ [ -118.5983, 40.154 ], [ -118.5991, 40.153 ], [ -118.5982, 40.149 ], [ -118.5962, 40.1504 ], [ -118.5962, 40.1526 ], [ -118.5983, 40.154 ] ], [ [ -118.5775, 40.1419 ], [ -118.5737, 40.1368 ], [ -118.5711, 40.1377 ], [ -118.5706, 40.1388 ], [ -118.5728, 40.1424 ], [ -118.5772, 40.1434 ], [ -118.5775, 40.1419 ] ], [ [ -118.6196, 40.1339 ], [ -118.6177, 40.1323 ], [ -118.6137, 40.134 ], [ -118.6155, 40.1356 ], [ -118.6196, 40.1339 ] ], [ [ -118.6081, 40.1302 ], [ -118.5978, 40.1309 ], [ -118.5965, 40.1333 ], [ -118.5981, 40.1347 ], [ -118.6093, 40.1328 ], [ -118.6081, 40.1302 ] ], [ [ -118.5828, 40.1283 ], [ -118.5843, 40.1251 ], [ -118.58, 40.1259 ], [ -118.5814, 40.1311 ], [ -118.5854, 40.1299 ], [ -118.585, 40.1286 ], [ -118.5828, 40.1283 ] ], [ [ -118.5573, 40.1202 ], [ -118.5564, 40.1187 ], [ -118.5518, 40.1195 ], [ -118.551, 40.1209 ], [ -118.5536, 40.1215 ], [ -118.5573, 40.1202 ] ] ], [ [ [ -118.5358, 40.1941 ], [ -118.5381, 40.1962 ], [ -118.5412, 40.1966 ], [ -118.54, 40.1985 ], [ -118.5348, 40.2003 ], [ -118.534, 40.1984 ], [ -118.5321, 40.1989 ], [ -118.5318, 40.1975 ], [ -118.5344, 40.1961 ], [ -118.5338, 40.1943 ], [ -118.5358, 40.1941 ] ] ], [ [ [ -118.6094, 40.2908 ], [ -118.6099, 40.2892 ], [ -118.6125, 40.2885 ], [ -118.6144, 40.2859 ], [ -118.6146, 40.2832 ], [ -118.6118, 40.2758 ], [ -118.6079, 40.2748 ], [ -118.6058, 40.2702 ], [ -118.6026, 40.277 ], [ -118.601, 40.2733 ], [ -118.5993, 40.2724 ], [ -118.5913, 40.2723 ], [ -118.5882, 40.2685 ], [ -118.5827, 40.2675 ], [ -118.5788, 40.2684 ], [ -118.5751, 40.2666 ], [ -118.5732, 40.2684 ], [ -118.577, 40.2724 ], [ -118.5764, 40.2751 ], [ -118.5735, 40.2733 ], [ -118.5667, 40.2734 ], [ -118.5635, 40.2702 ], [ -118.5608, 40.2725 ], [ -118.5593, 40.2722 ], [ -118.5581, 40.2695 ], [ -118.5547, 40.2685 ], [ -118.5562, 40.2671 ], [ -118.5568, 40.2631 ], [ -118.5506, 40.2637 ], [ -118.5467, 40.2707 ], [ -118.5441, 40.2688 ], [ -118.5427, 40.2623 ], [ -118.5466, 40.2613 ], [ -118.5437, 40.2598 ], [ -118.5442, 40.2565 ], [ -118.548, 40.2564 ], [ -118.5572, 40.251 ], [ -118.562, 40.2519 ], [ -118.5701, 40.2476 ], [ -118.5786, 40.2463 ], [ -118.5798, 40.2431 ], [ -118.5748, 40.2383 ], [ -118.5762, 40.2352 ], [ -118.5798, 40.2335 ], [ -118.5903, 40.233 ], [ -118.588, 40.2286 ], [ -118.5839, 40.2283 ], [ -118.5742, 40.2221 ], [ -118.5677, 40.2211 ], [ -118.5642, 40.2162 ], [ -118.5644, 40.2142 ], [ -118.5709, 40.2136 ], [ -118.574, 40.2173 ], [ -118.5787, 40.2148 ], [ -118.5806, 40.2156 ], [ -118.5829, 40.2142 ], [ -118.5846, 40.2151 ], [ -118.5897, 40.2117 ], [ -118.5937, 40.2118 ], [ -118.5984, 40.2142 ], [ -118.5992, 40.2176 ], [ -118.5953, 40.2274 ], [ -118.5963, 40.2337 ], [ -118.5905, 40.2368 ], [ -118.5913, 40.239 ], [ -118.5963, 40.2405 ], [ -118.594, 40.2433 ], [ -118.5848, 40.2475 ], [ -118.5845, 40.2563 ], [ -118.5785, 40.2579 ], [ -118.5765, 40.2621 ], [ -118.5907, 40.2574 ], [ -118.5992, 40.2574 ], [ -118.6044, 40.2589 ], [ -118.6083, 40.2614 ], [ -118.6096, 40.2638 ], [ -118.6145, 40.265 ], [ -118.6149, 40.2679 ], [ -118.6203, 40.2668 ], [ -118.622, 40.2699 ], [ -118.6187, 40.2757 ], [ -118.62, 40.2798 ], [ -118.6175, 40.2814 ], [ -118.6176, 40.2842 ], [ -118.6199, 40.2855 ], [ -118.6165, 40.2863 ], [ -118.6159, 40.2887 ], [ -118.614, 40.2899 ], [ -118.6257, 40.2947 ], [ -118.6344, 40.2955 ], [ -118.6357, 40.2974 ], [ -118.6358, 40.3022 ], [ -118.6396, 40.303 ], [ -118.6401, 40.3048 ], [ -118.6332, 40.307 ], [ -118.6342, 40.3043 ], [ -118.6329, 40.3008 ], [ -118.6242, 40.3014 ], [ -118.6248, 40.2994 ], [ -118.6212, 40.2972 ], [ -118.6201, 40.2947 ], [ -118.6157, 40.2916 ], [ -118.6094, 40.2908 ] ] ], [ [ [ -118.5276, 40.264 ], [ -118.5292, 40.2654 ], [ -118.534, 40.2649 ], [ -118.5373, 40.2695 ], [ -118.5251, 40.2766 ], [ -118.5236, 40.2745 ], [ -118.5246, 40.2686 ], [ -118.522, 40.2638 ], [ -118.5276, 40.264 ] ] ], [ [ [ -118.4567, 40.3643 ], [ -118.4556, 40.3636 ], [ -118.4516, 40.365 ], [ -118.4511, 40.3534 ], [ -118.453, 40.3524 ], [ -118.4554, 40.3455 ], [ -118.4586, 40.3424 ], [ -118.4561, 40.3318 ], [ -118.4597, 40.3247 ], [ -118.4765, 40.3118 ], [ -118.49, 40.3066 ], [ -118.4934, 40.3036 ], [ -118.5021, 40.3018 ], [ -118.5098, 40.2972 ], [ -118.5125, 40.2982 ], [ -118.515, 40.2949 ], [ -118.5183, 40.2964 ], [ -118.5197, 40.3005 ], [ -118.5249, 40.3 ], [ -118.5247, 40.2972 ], [ -118.5274, 40.2966 ], [ -118.5248, 40.2933 ], [ -118.5245, 40.2907 ], [ -118.5271, 40.2874 ], [ -118.5306, 40.294 ], [ -118.5377, 40.2992 ], [ -118.5405, 40.3036 ], [ -118.5436, 40.3033 ], [ -118.5449, 40.3015 ], [ -118.5432, 40.2984 ], [ -118.5393, 40.2972 ], [ -118.5397, 40.2944 ], [ -118.5486, 40.2917 ], [ -118.5546, 40.295 ], [ -118.5567, 40.2928 ], [ -118.5598, 40.2949 ], [ -118.5636, 40.2943 ], [ -118.564, 40.3023 ], [ -118.5651, 40.3035 ], [ -118.5682, 40.3033 ], [ -118.57, 40.2999 ], [ -118.5864, 40.3014 ], [ -118.5878, 40.304 ], [ -118.5873, 40.307 ], [ -118.5887, 40.3083 ], [ -118.5969, 40.3089 ], [ -118.6009, 40.311 ], [ -118.5985, 40.3142 ], [ -118.5942, 40.3158 ], [ -118.5899, 40.3217 ], [ -118.5821, 40.3277 ], [ -118.5733, 40.3303 ], [ -118.5781, 40.3314 ], [ -118.5819, 40.3346 ], [ -118.5817, 40.3363 ], [ -118.5762, 40.336 ], [ -118.5753, 40.3347 ], [ -118.5706, 40.335 ], [ -118.5655, 40.3365 ], [ -118.5643, 40.3387 ], [ -118.5772, 40.3393 ], [ -118.5766, 40.3449 ], [ -118.574, 40.347 ], [ -118.5748, 40.3494 ], [ -118.586, 40.3545 ], [ -118.5895, 40.3509 ], [ -118.595, 40.3548 ], [ -118.597, 40.3587 ], [ -118.603, 40.359 ], [ -118.6035, 40.3609 ], [ -118.6022, 40.3631 ], [ -118.6052, 40.3625 ], [ -118.607, 40.3639 ], [ -118.6075, 40.368 ], [ -118.611, 40.3695 ], [ -118.6105, 40.3729 ], [ -118.6169, 40.3665 ], [ -118.6258, 40.3711 ], [ -118.6278, 40.3737 ], [ -118.6246, 40.3741 ], [ -118.6251, 40.3759 ], [ -118.6361, 40.3847 ], [ -118.6309, 40.3864 ], [ -118.6242, 40.3845 ], [ -118.6235, 40.3867 ], [ -118.6196, 40.3878 ], [ -118.6137, 40.3871 ], [ -118.6131, 40.3858 ], [ -118.6154, 40.3804 ], [ -118.614, 40.3793 ], [ -118.6128, 40.3819 ], [ -118.6119, 40.3816 ], [ -118.6104, 40.3776 ], [ -118.6111, 40.375 ], [ -118.6075, 40.3743 ], [ -118.6058, 40.3759 ], [ -118.6034, 40.376 ], [ -118.6051, 40.379 ], [ -118.6052, 40.3829 ], [ -118.6066, 40.3826 ], [ -118.6081, 40.3787 ], [ -118.6093, 40.3849 ], [ -118.611, 40.3869 ], [ -118.6038, 40.3891 ], [ -118.6019, 40.3911 ], [ -118.599, 40.3918 ], [ -118.5986, 40.3935 ], [ -118.5996, 40.3945 ], [ -118.6039, 40.3926 ], [ -118.6019, 40.3958 ], [ -118.6061, 40.3965 ], [ -118.6091, 40.4013 ], [ -118.6093, 40.4041 ], [ -118.6058, 40.4091 ], [ -118.6004, 40.4102 ], [ -118.5939, 40.4141 ], [ -118.5914, 40.4189 ], [ -118.5943, 40.4228 ], [ -118.5944, 40.4259 ], [ -118.5896, 40.4328 ], [ -118.5867, 40.4279 ], [ -118.5833, 40.4286 ], [ -118.586, 40.4322 ], [ -118.5844, 40.4332 ], [ -118.5819, 40.4308 ], [ -118.5753, 40.4285 ], [ -118.573, 40.425 ], [ -118.5744, 40.4246 ], [ -118.577, 40.4272 ], [ -118.5801, 40.4251 ], [ -118.5715, 40.4216 ], [ -118.5723, 40.4233 ], [ -118.5687, 40.4225 ], [ -118.5663, 40.4199 ], [ -118.5652, 40.4162 ], [ -118.5625, 40.4156 ], [ -118.5624, 40.4134 ], [ -118.5596, 40.4103 ], [ -118.5328, 40.386 ], [ -118.5329, 40.3832 ], [ -118.5382, 40.3812 ], [ -118.5412, 40.3779 ], [ -118.5411, 40.3704 ], [ -118.5396, 40.3648 ], [ -118.535, 40.3643 ], [ -118.5281, 40.3598 ], [ -118.519, 40.3614 ], [ -118.5134, 40.3601 ], [ -118.5061, 40.3604 ], [ -118.5012, 40.3581 ], [ -118.4942, 40.36 ], [ -118.4892, 40.3641 ], [ -118.4839, 40.3622 ], [ -118.4788, 40.3699 ], [ -118.4681, 40.3744 ], [ -118.4609, 40.3753 ], [ -118.4586, 40.3784 ], [ -118.454, 40.3763 ], [ -118.453, 40.3738 ], [ -118.454, 40.3677 ], [ -118.4567, 40.3643 ] ], [ [ -118.5889, 40.3562 ], [ -118.5882, 40.3548 ], [ -118.5861, 40.3577 ], [ -118.5868, 40.3578 ], [ -118.5889, 40.3562 ] ], [ [ -118.6044, 40.3704 ], [ -118.6048, 40.3683 ], [ -118.6011, 40.3657 ], [ -118.598, 40.3611 ], [ -118.5947, 40.3601 ], [ -118.5914, 40.3558 ], [ -118.5901, 40.3567 ], [ -118.5886, 40.3609 ], [ -118.589, 40.3619 ], [ -118.5911, 40.3616 ], [ -118.5901, 40.364 ], [ -118.5908, 40.3674 ], [ -118.5944, 40.3706 ], [ -118.5974, 40.3714 ], [ -118.6019, 40.3723 ], [ -118.6044, 40.3704 ] ], [ [ -118.5829, 40.387 ], [ -118.5854, 40.3843 ], [ -118.5852, 40.3815 ], [ -118.5845, 40.3846 ], [ -118.5829, 40.387 ] ], [ [ -118.5683, 40.388 ], [ -118.5697, 40.3866 ], [ -118.5688, 40.3858 ], [ -118.5614, 40.3855 ], [ -118.5631, 40.3877 ], [ -118.5683, 40.388 ] ], [ [ -118.6269, 40.3793 ], [ -118.6247, 40.3797 ], [ -118.6254, 40.3829 ], [ -118.6292, 40.3822 ], [ -118.6269, 40.3793 ] ], [ [ -118.5463, 40.3339 ], [ -118.5432, 40.3167 ], [ -118.5399, 40.316 ], [ -118.5399, 40.3137 ], [ -118.5366, 40.3131 ], [ -118.5362, 40.31 ], [ -118.5302, 40.3113 ], [ -118.5302, 40.3141 ], [ -118.5232, 40.3142 ], [ -118.5234, 40.3122 ], [ -118.5181, 40.3115 ], [ -118.5113, 40.3141 ], [ -118.5011, 40.3152 ], [ -118.4919, 40.3181 ], [ -118.4874, 40.3246 ], [ -118.4837, 40.3275 ], [ -118.4817, 40.3385 ], [ -118.4877, 40.344 ], [ -118.4977, 40.3451 ], [ -118.5041, 40.3485 ], [ -118.5145, 40.3436 ], [ -118.5202, 40.3466 ], [ -118.5237, 40.3451 ], [ -118.5379, 40.3449 ], [ -118.5434, 40.3416 ], [ -118.5463, 40.3339 ] ], [ [ -118.5481, 40.3043 ], [ -118.5386, 40.3089 ], [ -118.5377, 40.3101 ], [ -118.5481, 40.3043 ] ], [ [ -118.5561, 40.3075 ], [ -118.5549, 40.3057 ], [ -118.5523, 40.305 ], [ -118.5522, 40.3088 ], [ -118.5502, 40.3108 ], [ -118.5552, 40.3114 ], [ -118.5561, 40.3075 ] ], [ [ -118.5661, 40.3166 ], [ -118.5744, 40.3175 ], [ -118.5754, 40.3163 ], [ -118.5704, 40.3081 ], [ -118.5666, 40.3141 ], [ -118.5661, 40.3166 ] ], [ [ -118.5492, 40.3229 ], [ -118.5496, 40.3178 ], [ -118.5492, 40.317 ], [ -118.5478, 40.3233 ], [ -118.5492, 40.3229 ] ], [ [ -118.5478, 40.2939 ], [ -118.5427, 40.2942 ], [ -118.5418, 40.2962 ], [ -118.549, 40.2986 ], [ -118.5496, 40.2977 ], [ -118.5478, 40.2939 ] ] ], [ [ [ -118.4425, 40.3745 ], [ -118.4362, 40.3768 ], [ -118.4352, 40.3751 ], [ -118.4325, 40.3755 ], [ -118.4294, 40.3735 ], [ -118.4333, 40.3715 ], [ -118.4357, 40.3735 ], [ -118.4425, 40.3745 ] ] ], [ [ [ -118.3822, 40.3969 ], [ -118.3788, 40.3987 ], [ -118.3807, 40.3939 ], [ -118.3859, 40.3904 ], [ -118.3911, 40.3912 ], [ -118.3953, 40.3858 ], [ -118.3928, 40.385 ], [ -118.3909, 40.3809 ], [ -118.3892, 40.3802 ], [ -118.3901, 40.3761 ], [ -118.3934, 40.3749 ], [ -118.3892, 40.3702 ], [ -118.3903, 40.3681 ], [ -118.3881, 40.3657 ], [ -118.388, 40.3625 ], [ -118.3915, 40.3675 ], [ -118.3968, 40.3675 ], [ -118.4007, 40.3716 ], [ -118.4037, 40.3701 ], [ -118.4085, 40.3709 ], [ -118.4101, 40.3697 ], [ -118.4132, 40.3803 ], [ -118.4107, 40.3963 ], [ -118.4085, 40.3997 ], [ -118.4047, 40.4022 ], [ -118.4033, 40.4076 ], [ -118.3981, 40.4074 ], [ -118.3963, 40.409 ], [ -118.3846, 40.4076 ], [ -118.3887, 40.404 ], [ -118.3893, 40.4004 ], [ -118.3822, 40.3969 ] ], [ [ -118.3967, 40.3975 ], [ -118.4066, 40.394 ], [ -118.4042, 40.3925 ], [ -118.4083, 40.39 ], [ -118.4069, 40.3832 ], [ -118.396, 40.3886 ], [ -118.395, 40.3906 ], [ -118.3967, 40.3975 ] ] ], [ [ [ -118.4365, 40.3821 ], [ -118.44, 40.3852 ], [ -118.4385, 40.3914 ], [ -118.4402, 40.3911 ], [ -118.4425, 40.388 ], [ -118.4431, 40.3933 ], [ -118.4422, 40.3974 ], [ -118.4372, 40.3988 ], [ -118.433, 40.4029 ], [ -118.4313, 40.3998 ], [ -118.4319, 40.3973 ], [ -118.429, 40.3937 ], [ -118.4318, 40.3902 ], [ -118.4341, 40.3896 ], [ -118.4348, 40.3837 ], [ -118.4365, 40.3821 ] ] ], [ [ [ -118.4177, 40.4075 ], [ -118.4268, 40.4068 ], [ -118.4296, 40.4091 ], [ -118.4292, 40.4116 ], [ -118.4258, 40.4156 ], [ -118.4226, 40.4277 ], [ -118.4202, 40.4295 ], [ -118.4183, 40.4296 ], [ -118.4173, 40.4268 ], [ -118.4152, 40.4263 ], [ -118.4139, 40.4224 ], [ -118.4145, 40.4179 ], [ -118.4122, 40.4149 ], [ -118.4177, 40.4075 ] ] ], [ [ [ -118.4838, 40.4357 ], [ -118.4915, 40.4388 ], [ -118.4854, 40.443 ], [ -118.4837, 40.4474 ], [ -118.4679, 40.4517 ], [ -118.4628, 40.4504 ], [ -118.4548, 40.4527 ], [ -118.4593, 40.446 ], [ -118.4704, 40.4438 ], [ -118.4701, 40.4415 ], [ -118.4641, 40.4429 ], [ -118.4626, 40.4422 ], [ -118.4648, 40.4397 ], [ -118.47, 40.4376 ], [ -118.4718, 40.4332 ], [ -118.4737, 40.4316 ], [ -118.4799, 40.4293 ], [ -118.4786, 40.4324 ], [ -118.4793, 40.4344 ], [ -118.4829, 40.4336 ], [ -118.4838, 40.4357 ] ] ], [ [ [ -118.4974, 40.4768 ], [ -118.4959, 40.4723 ], [ -118.4995, 40.4735 ], [ -118.5002, 40.4776 ], [ -118.4989, 40.4805 ], [ -118.495, 40.4828 ], [ -118.4946, 40.485 ], [ -118.4964, 40.4865 ], [ -118.5023, 40.487 ], [ -118.5033, 40.4935 ], [ -118.5004, 40.494 ], [ -118.4979, 40.4922 ], [ -118.4933, 40.4941 ], [ -118.4901, 40.4925 ], [ -118.4844, 40.4923 ], [ -118.4794, 40.4942 ], [ -118.478, 40.4883 ], [ -118.4825, 40.4774 ], [ -118.4888, 40.4737 ], [ -118.4887, 40.4782 ], [ -118.4974, 40.4768 ] ], [ [ -118.4851, 40.4899 ], [ -118.4868, 40.4885 ], [ -118.4862, 40.4868 ], [ -118.4803, 40.4867 ], [ -118.4808, 40.4895 ], [ -118.4851, 40.4899 ] ] ], [ [ [ -118.3655, 40.5036 ], [ -118.3682, 40.5037 ], [ -118.3702, 40.5056 ], [ -118.3825, 40.4969 ], [ -118.3836, 40.4931 ], [ -118.3827, 40.4899 ], [ -118.3762, 40.4903 ], [ -118.3756, 40.4883 ], [ -118.3738, 40.4881 ], [ -118.3787, 40.484 ], [ -118.377, 40.4791 ], [ -118.3727, 40.4796 ], [ -118.371, 40.4786 ], [ -118.3705, 40.4741 ], [ -118.3781, 40.4655 ], [ -118.38, 40.4588 ], [ -118.3836, 40.4551 ], [ -118.3866, 40.4552 ], [ -118.3904, 40.4493 ], [ -118.3945, 40.4474 ], [ -118.3975, 40.4476 ], [ -118.4021, 40.4523 ], [ -118.4151, 40.4524 ], [ -118.4204, 40.4561 ], [ -118.4285, 40.4569 ], [ -118.4303, 40.4608 ], [ -118.4288, 40.4649 ], [ -118.4293, 40.4686 ], [ -118.4274, 40.4701 ], [ -118.4305, 40.4732 ], [ -118.4445, 40.4794 ], [ -118.4473, 40.4839 ], [ -118.4535, 40.4874 ], [ -118.4553, 40.4846 ], [ -118.4524, 40.4744 ], [ -118.4556, 40.4708 ], [ -118.4562, 40.467 ], [ -118.4596, 40.4651 ], [ -118.4647, 40.4663 ], [ -118.4718, 40.4636 ], [ -118.4787, 40.4659 ], [ -118.4782, 40.4752 ], [ -118.4731, 40.4805 ], [ -118.4704, 40.4858 ], [ -118.4604, 40.4915 ], [ -118.4562, 40.4917 ], [ -118.4538, 40.4959 ], [ -118.4497, 40.4982 ], [ -118.4492, 40.5025 ], [ -118.4535, 40.5074 ], [ -118.4527, 40.5093 ], [ -118.4388, 40.518 ], [ -118.438, 40.5175 ], [ -118.4385, 40.5122 ], [ -118.4353, 40.5099 ], [ -118.432, 40.5155 ], [ -118.4338, 40.5189 ], [ -118.43, 40.5233 ], [ -118.4276, 40.5222 ], [ -118.4254, 40.5228 ], [ -118.4221, 40.5192 ], [ -118.4229, 40.5161 ], [ -118.4195, 40.5148 ], [ -118.4181, 40.5123 ], [ -118.4175, 40.5153 ], [ -118.4201, 40.5235 ], [ -118.4155, 40.5276 ], [ -118.4104, 40.5279 ], [ -118.4134, 40.5235 ], [ -118.4103, 40.5176 ], [ -118.4084, 40.5244 ], [ -118.4059, 40.5273 ], [ -118.4033, 40.5282 ], [ -118.4022, 40.5275 ], [ -118.4022, 40.5252 ], [ -118.3993, 40.5255 ], [ -118.401, 40.523 ], [ -118.4058, 40.5215 ], [ -118.4034, 40.5154 ], [ -118.4016, 40.5156 ], [ -118.3981, 40.5217 ], [ -118.3957, 40.5226 ], [ -118.3955, 40.5212 ], [ -118.392, 40.5237 ], [ -118.392, 40.5219 ], [ -118.39, 40.5219 ], [ -118.389, 40.5201 ], [ -118.3855, 40.5218 ], [ -118.3774, 40.5178 ], [ -118.3715, 40.5193 ], [ -118.3628, 40.5071 ], [ -118.3623, 40.5038 ], [ -118.3644, 40.5022 ], [ -118.3655, 40.5036 ] ], [ [ -118.3796, 40.5084 ], [ -118.3815, 40.5067 ], [ -118.3812, 40.5048 ], [ -118.3746, 40.5054 ], [ -118.3766, 40.5085 ], [ -118.3796, 40.5084 ] ], [ [ -118.4062, 40.4933 ], [ -118.4074, 40.4908 ], [ -118.4052, 40.49 ], [ -118.4002, 40.4932 ], [ -118.4062, 40.4933 ] ] ], [ [ [ -118.4808, 40.5468 ], [ -118.4804, 40.5484 ], [ -118.4765, 40.5491 ], [ -118.475, 40.5508 ], [ -118.4719, 40.5499 ], [ -118.4727, 40.5446 ], [ -118.4751, 40.5469 ], [ -118.4808, 40.5468 ] ] ], [ [ [ -118.4266, 40.5351 ], [ -118.4326, 40.5322 ], [ -118.4348, 40.536 ], [ -118.4373, 40.5357 ], [ -118.4405, 40.5415 ], [ -118.4421, 40.5393 ], [ -118.4469, 40.5427 ], [ -118.45, 40.5429 ], [ -118.4505, 40.5462 ], [ -118.4478, 40.5477 ], [ -118.4533, 40.5525 ], [ -118.4578, 40.5531 ], [ -118.4587, 40.5567 ], [ -118.456, 40.5587 ], [ -118.4451, 40.5603 ], [ -118.4408, 40.5593 ], [ -118.4372, 40.5614 ], [ -118.4335, 40.5609 ], [ -118.4265, 40.563 ], [ -118.4217, 40.5635 ], [ -118.4164, 40.5612 ], [ -118.4153, 40.5596 ], [ -118.415, 40.5512 ], [ -118.4186, 40.5468 ], [ -118.4158, 40.5448 ], [ -118.4161, 40.5399 ], [ -118.4229, 40.5389 ], [ -118.4234, 40.5352 ], [ -118.4266, 40.5351 ] ] ], [ [ [ -118.4786, 40.6638 ], [ -118.4722, 40.6672 ], [ -118.4754, 40.6624 ], [ -118.4777, 40.6621 ], [ -118.4786, 40.6638 ] ] ], [ [ [ -118.453, 40.6778 ], [ -118.4528, 40.6747 ], [ -118.449, 40.6755 ], [ -118.4505, 40.6726 ], [ -118.4589, 40.6718 ], [ -118.4578, 40.6769 ], [ -118.4559, 40.6781 ], [ -118.453, 40.6778 ] ] ], [ [ [ -118.4516, 40.6803 ], [ -118.45, 40.6847 ], [ -118.4433, 40.6866 ], [ -118.4452, 40.6838 ], [ -118.4516, 40.6803 ] ] ], [ [ [ -118.5472, 40.8579 ], [ -118.4425, 40.8571 ], [ -118.4454, 40.854 ], [ -118.4431, 40.851 ], [ -118.4437, 40.8495 ], [ -118.454, 40.8521 ], [ -118.4572, 40.851 ], [ -118.4562, 40.849 ], [ -118.4513, 40.8497 ], [ -118.4505, 40.8488 ], [ -118.451, 40.8475 ], [ -118.4547, 40.8477 ], [ -118.4561, 40.8442 ], [ -118.461, 40.8398 ], [ -118.4591, 40.835 ], [ -118.451, 40.8306 ], [ -118.4508, 40.8282 ], [ -118.4541, 40.8256 ], [ -118.446, 40.8159 ], [ -118.4263, 40.8071 ], [ -118.4095, 40.8057 ], [ -118.4069, 40.801 ], [ -118.4082, 40.7985 ], [ -118.4177, 40.7959 ], [ -118.4345, 40.7959 ], [ -118.4382, 40.8007 ], [ -118.4504, 40.8053 ], [ -118.4539, 40.8052 ], [ -118.4661, 40.7977 ], [ -118.4661, 40.7937 ], [ -118.4699, 40.7906 ], [ -118.4746, 40.7812 ], [ -118.4756, 40.7777 ], [ -118.4749, 40.7712 ], [ -118.4782, 40.7641 ], [ -118.473, 40.7628 ], [ -118.4712, 40.7554 ], [ -118.4685, 40.754 ], [ -118.4678, 40.7494 ], [ -118.465, 40.7485 ], [ -118.4646, 40.7456 ], [ -118.4622, 40.7454 ], [ -118.4614, 40.7423 ], [ -118.4568, 40.7418 ], [ -118.4518, 40.7456 ], [ -118.4471, 40.744 ], [ -118.4427, 40.745 ], [ -118.4393, 40.7433 ], [ -118.4308, 40.7454 ], [ -118.4281, 40.7447 ], [ -118.4256, 40.7461 ], [ -118.4214, 40.7455 ], [ -118.4183, 40.7405 ], [ -118.4129, 40.7382 ], [ -118.4141, 40.7292 ], [ -118.4147, 40.7282 ], [ -118.4174, 40.7292 ], [ -118.4261, 40.7277 ], [ -118.4303, 40.7293 ], [ -118.4353, 40.7287 ], [ -118.4371, 40.7318 ], [ -118.4415, 40.7353 ], [ -118.4433, 40.7403 ], [ -118.4451, 40.7381 ], [ -118.4432, 40.7277 ], [ -118.4444, 40.7224 ], [ -118.4476, 40.7203 ], [ -118.448, 40.7178 ], [ -118.4601, 40.719 ], [ -118.467, 40.7153 ], [ -118.4692, 40.7168 ], [ -118.4734, 40.7162 ], [ -118.4747, 40.7183 ], [ -118.4766, 40.7178 ], [ -118.4775, 40.7194 ], [ -118.4793, 40.7192 ], [ -118.4786, 40.7249 ], [ -118.481, 40.7307 ], [ -118.4841, 40.7314 ], [ -118.4848, 40.733 ], [ -118.4883, 40.7329 ], [ -118.4926, 40.7382 ], [ -118.4999, 40.7353 ], [ -118.497, 40.7325 ], [ -118.493, 40.7243 ], [ -118.4924, 40.7203 ], [ -118.4935, 40.7182 ], [ -118.4955, 40.7178 ], [ -118.4966, 40.7213 ], [ -118.4997, 40.7228 ], [ -118.5011, 40.7257 ], [ -118.505, 40.7239 ], [ -118.5077, 40.7243 ], [ -118.5113, 40.7187 ], [ -118.5095, 40.7155 ], [ -118.5122, 40.7133 ], [ -118.5201, 40.7164 ], [ -118.5246, 40.7159 ], [ -118.5244, 40.7143 ], [ -118.5219, 40.7137 ], [ -118.5197, 40.7108 ], [ -118.5232, 40.6995 ], [ -118.526, 40.6993 ], [ -118.5269, 40.7022 ], [ -118.5293, 40.7034 ], [ -118.5348, 40.7028 ], [ -118.5404, 40.7003 ], [ -118.5391, 40.6983 ], [ -118.5356, 40.697 ], [ -118.5388, 40.6946 ], [ -118.5327, 40.6942 ], [ -118.5348, 40.6903 ], [ -118.5377, 40.6882 ], [ -118.5371, 40.6861 ], [ -118.5338, 40.6858 ], [ -118.5304, 40.6877 ], [ -118.5286, 40.6863 ], [ -118.5266, 40.6879 ], [ -118.5232, 40.6874 ], [ -118.5193, 40.6937 ], [ -118.5117, 40.6945 ], [ -118.5103, 40.6958 ], [ -118.5101, 40.6989 ], [ -118.5056, 40.701 ], [ -118.504, 40.6983 ], [ -118.4999, 40.6976 ], [ -118.4988, 40.6993 ], [ -118.4951, 40.6964 ], [ -118.495, 40.6905 ], [ -118.4865, 40.695 ], [ -118.4867, 40.6986 ], [ -118.4845, 40.7012 ], [ -118.4841, 40.7036 ], [ -118.4802, 40.7055 ], [ -118.4719, 40.7074 ], [ -118.468, 40.7062 ], [ -118.465, 40.707 ], [ -118.463, 40.7095 ], [ -118.4614, 40.7084 ], [ -118.4569, 40.7106 ], [ -118.4559, 40.7083 ], [ -118.4516, 40.7115 ], [ -118.4484, 40.711 ], [ -118.4453, 40.7096 ], [ -118.4448, 40.7075 ], [ -118.4424, 40.7085 ], [ -118.4423, 40.7072 ], [ -118.4405, 40.7071 ], [ -118.4424, 40.7041 ], [ -118.4396, 40.705 ], [ -118.4389, 40.7021 ], [ -118.4353, 40.7028 ], [ -118.4355, 40.7014 ], [ -118.4426, 40.6966 ], [ -118.4375, 40.6982 ], [ -118.4371, 40.6973 ], [ -118.4503, 40.6909 ], [ -118.4602, 40.6909 ], [ -118.457, 40.6868 ], [ -118.4666, 40.6842 ], [ -118.4742, 40.6796 ], [ -118.4777, 40.6723 ], [ -118.4774, 40.669 ], [ -118.4791, 40.6675 ], [ -118.4782, 40.6658 ], [ -118.4849, 40.6611 ], [ -118.4713, 40.657 ], [ -118.4586, 40.6585 ], [ -118.4538, 40.662 ], [ -118.4487, 40.6638 ], [ -118.4456, 40.6705 ], [ -118.4416, 40.667 ], [ -118.4368, 40.6679 ], [ -118.4356, 40.6705 ], [ -118.4418, 40.6746 ], [ -118.4409, 40.6766 ], [ -118.4379, 40.6795 ], [ -118.4283, 40.6819 ], [ -118.4173, 40.6755 ], [ -118.416, 40.6731 ], [ -118.4166, 40.67 ], [ -118.4113, 40.6686 ], [ -118.4119, 40.6658 ], [ -118.4075, 40.6666 ], [ -118.403, 40.6627 ], [ -118.4025, 40.66 ], [ -118.4041, 40.6576 ], [ -118.4047, 40.6501 ], [ -118.4074, 40.649 ], [ -118.409, 40.6458 ], [ -118.4034, 40.644 ], [ -118.3978, 40.6446 ], [ -118.3977, 40.642 ], [ -118.3958, 40.6416 ], [ -118.3989, 40.6399 ], [ -118.4026, 40.6399 ], [ -118.4043, 40.6354 ], [ -118.4071, 40.6329 ], [ -118.42, 40.6277 ], [ -118.4172, 40.6251 ], [ -118.4131, 40.6247 ], [ -118.4105, 40.6224 ], [ -118.4008, 40.6261 ], [ -118.3971, 40.6256 ], [ -118.3969, 40.6233 ], [ -118.4032, 40.6186 ], [ -118.4062, 40.6178 ], [ -118.4039, 40.6171 ], [ -118.4056, 40.6149 ], [ -118.4025, 40.6144 ], [ -118.4036, 40.6133 ], [ -118.4093, 40.6122 ], [ -118.4137, 40.6134 ], [ -118.4221, 40.6111 ], [ -118.4102, 40.6089 ], [ -118.4099, 40.6071 ], [ -118.4121, 40.6052 ], [ -118.4128, 40.6028 ], [ -118.4161, 40.6009 ], [ -118.4135, 40.5978 ], [ -118.4137, 40.5961 ], [ -118.4045, 40.5938 ], [ -118.4056, 40.5883 ], [ -118.4109, 40.5861 ], [ -118.4148, 40.5888 ], [ -118.4185, 40.589 ], [ -118.4336, 40.5838 ], [ -118.4408, 40.5829 ], [ -118.445, 40.5852 ], [ -118.4532, 40.5825 ], [ -118.4621, 40.5817 ], [ -118.4642, 40.5796 ], [ -118.4648, 40.576 ], [ -118.4605, 40.5748 ], [ -118.4602, 40.5725 ], [ -118.4572, 40.5707 ], [ -118.4551, 40.5649 ], [ -118.4597, 40.5618 ], [ -118.4611, 40.5564 ], [ -118.4638, 40.556 ], [ -118.469, 40.5592 ], [ -118.4703, 40.562 ], [ -118.4737, 40.5608 ], [ -118.4794, 40.5618 ], [ -118.4776, 40.5678 ], [ -118.4786, 40.5695 ], [ -118.4773, 40.5716 ], [ -118.4791, 40.5748 ], [ -118.4733, 40.5772 ], [ -118.4747, 40.5789 ], [ -118.4774, 40.5783 ], [ -118.4774, 40.5822 ], [ -118.4835, 40.5839 ], [ -118.484, 40.5863 ], [ -118.4783, 40.5903 ], [ -118.4752, 40.5956 ], [ -118.4795, 40.5947 ], [ -118.4838, 40.5964 ], [ -118.4893, 40.5929 ], [ -118.4922, 40.5927 ], [ -118.4923, 40.5959 ], [ -118.494, 40.5982 ], [ -118.5, 40.5978 ], [ -118.5038, 40.5993 ], [ -118.5095, 40.6063 ], [ -118.509, 40.6103 ], [ -118.5153, 40.6082 ], [ -118.5123, 40.6124 ], [ -118.5087, 40.6144 ], [ -118.5083, 40.6166 ], [ -118.5158, 40.614 ], [ -118.5186, 40.6117 ], [ -118.5257, 40.6118 ], [ -118.5261, 40.6133 ], [ -118.523, 40.6156 ], [ -118.527, 40.6144 ], [ -118.5288, 40.616 ], [ -118.5305, 40.6157 ], [ -118.5269, 40.6188 ], [ -118.5358, 40.6209 ], [ -118.5425, 40.624 ], [ -118.5337, 40.6316 ], [ -118.5319, 40.6352 ], [ -118.5317, 40.6374 ], [ -118.5383, 40.6346 ], [ -118.5474, 40.6341 ], [ -118.5453, 40.6434 ], [ -118.5361, 40.6497 ], [ -118.537, 40.6507 ], [ -118.5447, 40.6492 ], [ -118.5484, 40.652 ], [ -118.552, 40.6501 ], [ -118.5545, 40.6508 ], [ -118.5596, 40.6475 ], [ -118.5596, 40.6454 ], [ -118.5637, 40.6442 ], [ -118.5645, 40.6497 ], [ -118.5674, 40.6488 ], [ -118.5671, 40.6528 ], [ -118.5739, 40.6513 ], [ -118.574, 40.6542 ], [ -118.5767, 40.6534 ], [ -118.5805, 40.6546 ], [ -118.5813, 40.6576 ], [ -118.5868, 40.6606 ], [ -118.5863, 40.6674 ], [ -118.5926, 40.6699 ], [ -118.588, 40.6723 ], [ -118.5928, 40.6723 ], [ -118.5934, 40.674 ], [ -118.5892, 40.6776 ], [ -118.5932, 40.6817 ], [ -118.5908, 40.6831 ], [ -118.5885, 40.6822 ], [ -118.5854, 40.683 ], [ -118.5847, 40.6867 ], [ -118.5817, 40.6897 ], [ -118.5707, 40.6923 ], [ -118.5683, 40.6906 ], [ -118.567, 40.6942 ], [ -118.5706, 40.6947 ], [ -118.5705, 40.6964 ], [ -118.5778, 40.6951 ], [ -118.574, 40.6994 ], [ -118.5772, 40.7018 ], [ -118.5738, 40.705 ], [ -118.5735, 40.7074 ], [ -118.5797, 40.7042 ], [ -118.5943, 40.7022 ], [ -118.597, 40.703 ], [ -118.5964, 40.7059 ], [ -118.5947, 40.7074 ], [ -118.5802, 40.7107 ], [ -118.5828, 40.7136 ], [ -118.5882, 40.7118 ], [ -118.5956, 40.7113 ], [ -118.5962, 40.7125 ], [ -118.5816, 40.7164 ], [ -118.5803, 40.7173 ], [ -118.5806, 40.7188 ], [ -118.591, 40.7175 ], [ -118.5967, 40.7206 ], [ -118.6024, 40.7195 ], [ -118.603, 40.7211 ], [ -118.5975, 40.7232 ], [ -118.5965, 40.726 ], [ -118.5938, 40.7286 ], [ -118.5982, 40.7295 ], [ -118.6012, 40.7274 ], [ -118.6054, 40.7271 ], [ -118.6069, 40.7285 ], [ -118.6098, 40.7282 ], [ -118.6067, 40.7325 ], [ -118.6095, 40.7333 ], [ -118.6054, 40.7365 ], [ -118.6119, 40.7404 ], [ -118.6129, 40.7352 ], [ -118.6202, 40.7325 ], [ -118.6216, 40.7382 ], [ -118.6171, 40.7386 ], [ -118.6167, 40.7439 ], [ -118.6178, 40.745 ], [ -118.6242, 40.7457 ], [ -118.625, 40.7501 ], [ -118.6268, 40.7521 ], [ -118.6237, 40.7516 ], [ -118.6217, 40.753 ], [ -118.6233, 40.7595 ], [ -118.6184, 40.7641 ], [ -118.6218, 40.7673 ], [ -118.6209, 40.7693 ], [ -118.6188, 40.7701 ], [ -118.6161, 40.7683 ], [ -118.6129, 40.7683 ], [ -118.6127, 40.7668 ], [ -118.6096, 40.7647 ], [ -118.6091, 40.7614 ], [ -118.6105, 40.7591 ], [ -118.6082, 40.7586 ], [ -118.6034, 40.7543 ], [ -118.6088, 40.7507 ], [ -118.6056, 40.7494 ], [ -118.6048, 40.7459 ], [ -118.6029, 40.7492 ], [ -118.5979, 40.7526 ], [ -118.5977, 40.7503 ], [ -118.5956, 40.7504 ], [ -118.5978, 40.746 ], [ -118.5956, 40.7464 ], [ -118.5931, 40.744 ], [ -118.5911, 40.7473 ], [ -118.5863, 40.7482 ], [ -118.5777, 40.7477 ], [ -118.5736, 40.7434 ], [ -118.5674, 40.7452 ], [ -118.5652, 40.7428 ], [ -118.5664, 40.7393 ], [ -118.5642, 40.7373 ], [ -118.5635, 40.7335 ], [ -118.5648, 40.7288 ], [ -118.5605, 40.7275 ], [ -118.556, 40.7295 ], [ -118.5547, 40.7282 ], [ -118.5548, 40.724 ], [ -118.5527, 40.7238 ], [ -118.5514, 40.7215 ], [ -118.5456, 40.7215 ], [ -118.5407, 40.7183 ], [ -118.5419, 40.721 ], [ -118.5407, 40.725 ], [ -118.5389, 40.7272 ], [ -118.5353, 40.7273 ], [ -118.5357, 40.7308 ], [ -118.5378, 40.7321 ], [ -118.5371, 40.7338 ], [ -118.5403, 40.7374 ], [ -118.5375, 40.7374 ], [ -118.5362, 40.7399 ], [ -118.5328, 40.74 ], [ -118.5311, 40.7324 ], [ -118.5282, 40.7332 ], [ -118.5271, 40.7317 ], [ -118.5243, 40.7312 ], [ -118.5235, 40.7295 ], [ -118.5218, 40.7303 ], [ -118.5213, 40.7339 ], [ -118.5203, 40.7329 ], [ -118.5183, 40.7351 ], [ -118.5169, 40.7333 ], [ -118.5131, 40.7346 ], [ -118.5133, 40.737 ], [ -118.511, 40.7395 ], [ -118.5127, 40.7419 ], [ -118.5123, 40.7469 ], [ -118.5192, 40.747 ], [ -118.5205, 40.7504 ], [ -118.5193, 40.7525 ], [ -118.5197, 40.7551 ], [ -118.5169, 40.7577 ], [ -118.5156, 40.7582 ], [ -118.5146, 40.7565 ], [ -118.5111, 40.7563 ], [ -118.5096, 40.7549 ], [ -118.5058, 40.7559 ], [ -118.5048, 40.7533 ], [ -118.4974, 40.7525 ], [ -118.4933, 40.7555 ], [ -118.495, 40.7578 ], [ -118.494, 40.7596 ], [ -118.498, 40.7596 ], [ -118.4998, 40.7633 ], [ -118.5037, 40.7643 ], [ -118.4996, 40.7687 ], [ -118.4995, 40.7706 ], [ -118.5041, 40.7707 ], [ -118.507, 40.7739 ], [ -118.5101, 40.7742 ], [ -118.5113, 40.7758 ], [ -118.5142, 40.775 ], [ -118.5182, 40.78 ], [ -118.52, 40.7802 ], [ -118.5252, 40.7771 ], [ -118.5294, 40.7795 ], [ -118.5376, 40.78 ], [ -118.5423, 40.7788 ], [ -118.548, 40.7746 ], [ -118.5501, 40.775 ], [ -118.551, 40.7773 ], [ -118.5541, 40.776 ], [ -118.5514, 40.7855 ], [ -118.5444, 40.7912 ], [ -118.5421, 40.7951 ], [ -118.548, 40.7926 ], [ -118.5494, 40.7907 ], [ -118.5518, 40.791 ], [ -118.5531, 40.7889 ], [ -118.5559, 40.7887 ], [ -118.5551, 40.785 ], [ -118.5563, 40.7832 ], [ -118.5545, 40.7801 ], [ -118.5631, 40.7764 ], [ -118.5657, 40.771 ], [ -118.567, 40.7703 ], [ -118.5696, 40.7714 ], [ -118.5718, 40.7689 ], [ -118.5767, 40.7677 ], [ -118.5794, 40.7692 ], [ -118.5828, 40.7672 ], [ -118.5852, 40.7682 ], [ -118.5758, 40.7788 ], [ -118.5759, 40.7833 ], [ -118.5771, 40.7838 ], [ -118.5795, 40.783 ], [ -118.5801, 40.778 ], [ -118.5835, 40.7763 ], [ -118.5844, 40.7744 ], [ -118.5888, 40.7773 ], [ -118.5911, 40.7765 ], [ -118.5912, 40.7748 ], [ -118.5894, 40.774 ], [ -118.5897, 40.7724 ], [ -118.5866, 40.7711 ], [ -118.5875, 40.7681 ], [ -118.5912, 40.7681 ], [ -118.5924, 40.7708 ], [ -118.6016, 40.7745 ], [ -118.6021, 40.7766 ], [ -118.6006, 40.778 ], [ -118.5943, 40.7794 ], [ -118.5928, 40.781 ], [ -118.5938, 40.7842 ], [ -118.5914, 40.7894 ], [ -118.5918, 40.7919 ], [ -118.595, 40.7897 ], [ -118.5968, 40.7903 ], [ -118.5991, 40.7853 ], [ -118.6071, 40.7779 ], [ -118.6123, 40.7791 ], [ -118.617, 40.7825 ], [ -118.6246, 40.7831 ], [ -118.6266, 40.7844 ], [ -118.6304, 40.7839 ], [ -118.6323, 40.7852 ], [ -118.6282, 40.796 ], [ -118.6176, 40.8166 ], [ -118.6101, 40.8153 ], [ -118.615, 40.819 ], [ -118.6162, 40.8219 ], [ -118.6042, 40.8446 ], [ -118.6044, 40.8516 ], [ -118.607, 40.8576 ], [ -118.5494, 40.8579 ], [ -118.5468, 40.8567 ], [ -118.5472, 40.8579 ] ], [ [ -118.5074, 40.8469 ], [ -118.505, 40.849 ], [ -118.5113, 40.8501 ], [ -118.5237, 40.8467 ], [ -118.5317, 40.8469 ], [ -118.5347, 40.8454 ], [ -118.5279, 40.8397 ], [ -118.5213, 40.8421 ], [ -118.5131, 40.843 ], [ -118.5098, 40.8414 ], [ -118.5074, 40.8469 ] ], [ [ -118.5431, 40.8061 ], [ -118.5411, 40.8023 ], [ -118.5343, 40.8012 ], [ -118.5267, 40.8019 ], [ -118.5148, 40.7994 ], [ -118.5081, 40.8021 ], [ -118.5066, 40.8102 ], [ -118.5183, 40.812 ], [ -118.5325, 40.8118 ], [ -118.5404, 40.8102 ], [ -118.5428, 40.8081 ], [ -118.5431, 40.8061 ] ], [ [ -118.5249, 40.7859 ], [ -118.5204, 40.7855 ], [ -118.5171, 40.7826 ], [ -118.5128, 40.784 ], [ -118.5107, 40.7865 ], [ -118.518, 40.7902 ], [ -118.525, 40.7893 ], [ -118.5249, 40.7859 ] ], [ [ -118.4856, 40.7501 ], [ -118.4888, 40.7461 ], [ -118.4923, 40.7462 ], [ -118.4925, 40.7447 ], [ -118.4897, 40.7404 ], [ -118.4857, 40.7402 ], [ -118.4842, 40.7375 ], [ -118.4808, 40.7363 ], [ -118.4787, 40.7327 ], [ -118.4734, 40.7307 ], [ -118.4759, 40.7358 ], [ -118.479, 40.7369 ], [ -118.4801, 40.7423 ], [ -118.4816, 40.742 ], [ -118.4836, 40.749 ], [ -118.4856, 40.7501 ] ], [ [ -118.4698, 40.6893 ], [ -118.478, 40.6824 ], [ -118.476, 40.6832 ], [ -118.4698, 40.6893 ] ], [ [ -118.4988, 40.6753 ], [ -118.4996, 40.6749 ], [ -118.4986, 40.6601 ], [ -118.4975, 40.6715 ], [ -118.4988, 40.6753 ] ], [ [ -118.4789, 40.6562 ], [ -118.4851, 40.6524 ], [ -118.4782, 40.656 ], [ -118.4789, 40.6562 ] ], [ [ -118.474, 40.651 ], [ -118.473, 40.6557 ], [ -118.4732, 40.6562 ], [ -118.4753, 40.6542 ], [ -118.4754, 40.6509 ], [ -118.474, 40.651 ] ], [ [ -118.4617, 40.65 ], [ -118.4607, 40.6493 ], [ -118.4549, 40.6559 ], [ -118.4595, 40.6534 ], [ -118.4617, 40.65 ] ], [ [ -118.4674, 40.6494 ], [ -118.4724, 40.6468 ], [ -118.4744, 40.6445 ], [ -118.4673, 40.6485 ], [ -118.4674, 40.6494 ] ], [ [ -118.4872, 40.6449 ], [ -118.4784, 40.6488 ], [ -118.4892, 40.6449 ], [ -118.4941, 40.64 ], [ -118.4872, 40.6449 ] ], [ [ -118.5208, 40.64 ], [ -118.517, 40.6439 ], [ -118.5168, 40.6452 ], [ -118.5211, 40.641 ], [ -118.5208, 40.64 ] ], [ [ -118.4978, 40.636 ], [ -118.5046, 40.6334 ], [ -118.5051, 40.6326 ], [ -118.4991, 40.6342 ], [ -118.4978, 40.636 ] ], [ [ -118.4641, 40.6328 ], [ -118.4654, 40.6324 ], [ -118.4668, 40.6254 ], [ -118.4653, 40.6259 ], [ -118.4641, 40.6328 ] ], [ [ -118.5062, 40.6261 ], [ -118.5069, 40.622 ], [ -118.5079, 40.6179 ], [ -118.5053, 40.6221 ], [ -118.5052, 40.6261 ], [ -118.5062, 40.6261 ] ], [ [ -118.5296, 40.6243 ], [ -118.5298, 40.6317 ], [ -118.5305, 40.6319 ], [ -118.5316, 40.6225 ], [ -118.5296, 40.6243 ] ], [ [ -118.5061, 40.6279 ], [ -118.506, 40.6319 ], [ -118.5071, 40.6323 ], [ -118.5077, 40.6279 ], [ -118.5061, 40.6279 ] ], [ [ -118.5101, 40.6272 ], [ -118.5088, 40.628 ], [ -118.5091, 40.6303 ], [ -118.5097, 40.63 ], [ -118.5101, 40.6272 ] ], [ [ -118.4689, 40.614 ], [ -118.4665, 40.6176 ], [ -118.467, 40.6234 ], [ -118.4678, 40.6228 ], [ -118.4689, 40.614 ] ], [ [ -118.4776, 40.6003 ], [ -118.471, 40.6067 ], [ -118.4712, 40.6077 ], [ -118.4736, 40.6062 ], [ -118.4776, 40.6003 ] ], [ [ -118.4289, 40.5958 ], [ -118.4231, 40.5983 ], [ -118.4201, 40.6012 ], [ -118.4265, 40.5985 ], [ -118.4289, 40.5958 ] ], [ [ -118.4404, 40.5915 ], [ -118.4412, 40.5887 ], [ -118.4365, 40.594 ], [ -118.4404, 40.5915 ] ], [ [ -118.4592, 40.5857 ], [ -118.4454, 40.5896 ], [ -118.444, 40.5913 ], [ -118.4592, 40.5857 ] ], [ [ -118.4599, 40.585 ], [ -118.4663, 40.5799 ], [ -118.4667, 40.5784 ], [ -118.4599, 40.585 ] ], [ [ -118.4523, 40.6977 ], [ -118.4541, 40.6975 ], [ -118.4595, 40.6932 ], [ -118.4573, 40.6932 ], [ -118.4523, 40.6977 ] ], [ [ -118.4524, 40.7034 ], [ -118.4546, 40.7025 ], [ -118.4607, 40.6974 ], [ -118.4524, 40.7023 ], [ -118.4524, 40.7034 ] ], [ [ -118.4174, 40.8023 ], [ -118.423, 40.8009 ], [ -118.4233, 40.7994 ], [ -118.4174, 40.7985 ], [ -118.4138, 40.7995 ], [ -118.4115, 40.8017 ], [ -118.4174, 40.8023 ] ] ], [ [ [ -118.4368, 40.7095 ], [ -118.4336, 40.7087 ], [ -118.4297, 40.7104 ], [ -118.429, 40.7092 ], [ -118.4318, 40.7058 ], [ -118.4386, 40.7058 ], [ -118.4368, 40.7095 ] ] ], [ [ [ -118.56, 40.7551 ], [ -118.562, 40.7522 ], [ -118.5674, 40.7506 ], [ -118.5694, 40.7525 ], [ -118.574, 40.7504 ], [ -118.5761, 40.752 ], [ -118.5798, 40.752 ], [ -118.5834, 40.7504 ], [ -118.5886, 40.7508 ], [ -118.5901, 40.7528 ], [ -118.5842, 40.7617 ], [ -118.579, 40.7651 ], [ -118.5728, 40.7646 ], [ -118.5694, 40.7622 ], [ -118.5687, 40.7596 ], [ -118.5657, 40.7599 ], [ -118.5658, 40.7577 ], [ -118.5642, 40.7556 ], [ -118.56, 40.7551 ] ] ], [ [ [ -117.983, 40.0279 ], [ -117.9865, 40.0217 ], [ -117.9914, 40.0218 ], [ -117.9946, 40.0159 ], [ -118.0011, 40.0146 ], [ -118.001, 40.0124 ], [ -117.9991, 40.0113 ], [ -118.0041, 40.0101 ], [ -118.0091, 40.0108 ], [ -118.0128, 40.0051 ], [ -118.0124, 40.0029 ], [ -118.0149, 40.0009 ], [ -118.0254, 40.0009 ], [ -118.0343, 40.0028 ], [ -118.0382, 40.0008 ], [ -118.0536, 40.0008 ], [ -118.0537, 40.0051 ], [ -118.0465, 40.0029 ], [ -118.0432, 40.0073 ], [ -118.0403, 40.0053 ], [ -118.0369, 40.0061 ], [ -118.0365, 40.0076 ], [ -118.0383, 40.0094 ], [ -118.0373, 40.0131 ], [ -118.0391, 40.014 ], [ -118.0405, 40.0131 ], [ -118.038, 40.0166 ], [ -118.0314, 40.0203 ], [ -118.0361, 40.0232 ], [ -118.034, 40.0251 ], [ -118.0348, 40.0264 ], [ -118.0306, 40.028 ], [ -118.0286, 40.0246 ], [ -118.027, 40.0246 ], [ -118.0267, 40.0264 ], [ -118.0301, 40.0306 ], [ -118.0246, 40.0296 ], [ -118.0275, 40.0325 ], [ -118.0308, 40.0334 ], [ -118.0302, 40.0358 ], [ -118.022, 40.0324 ], [ -118.0187, 40.034 ], [ -118.0176, 40.0363 ], [ -118.0101, 40.0396 ], [ -118.0078, 40.0362 ], [ -118.0125, 40.0307 ], [ -118.0045, 40.0315 ], [ -118.0005, 40.0356 ], [ -117.9968, 40.0365 ], [ -118.0019, 40.0442 ], [ -118.0005, 40.0453 ], [ -118.0013, 40.0496 ], [ -118.0033, 40.0503 ], [ -118.0105, 40.048 ], [ -118.0085, 40.0546 ], [ -118.0066, 40.0552 ], [ -118.0024, 40.0531 ], [ -118.0014, 40.0579 ], [ -117.9953, 40.0585 ], [ -117.995, 40.0639 ], [ -117.9929, 40.0634 ], [ -117.9906, 40.0594 ], [ -117.9843, 40.0582 ], [ -117.9762, 40.0412 ], [ -117.9751, 40.0345 ], [ -117.9784, 40.03 ], [ -117.983, 40.0279 ] ] ], [ [ [ -118.0144, 40.0509 ], [ -118.0141, 40.0475 ], [ -118.019, 40.0479 ], [ -118.0164, 40.0509 ], [ -118.0144, 40.0509 ] ] ], [ [ [ -118.3669, 40.0732 ], [ -118.3692, 40.0732 ], [ -118.372, 40.0699 ], [ -118.3741, 40.0602 ], [ -118.3759, 40.0625 ], [ -118.381, 40.0601 ], [ -118.3853, 40.0523 ], [ -118.3877, 40.0517 ], [ -118.3873, 40.0556 ], [ -118.3909, 40.0587 ], [ -118.3901, 40.0605 ], [ -118.3772, 40.0676 ], [ -118.3765, 40.0695 ], [ -118.3738, 40.0698 ], [ -118.372, 40.0744 ], [ -118.3609, 40.0782 ], [ -118.3623, 40.0674 ], [ -118.3682, 40.0699 ], [ -118.3669, 40.0732 ] ] ], [ [ [ -117.9307, 40.0973 ], [ -117.9301, 40.0987 ], [ -117.9281, 40.0984 ], [ -117.9257, 40.0951 ], [ -117.9276, 40.0947 ], [ -117.9307, 40.0973 ] ] ], [ [ [ -118.3574, 40.0884 ], [ -118.3587, 40.085 ], [ -118.3612, 40.0866 ], [ -118.3608, 40.0898 ], [ -118.359, 40.0926 ], [ -118.3618, 40.0955 ], [ -118.3612, 40.1005 ], [ -118.3624, 40.101 ], [ -118.3662, 40.0982 ], [ -118.3651, 40.0914 ], [ -118.3675, 40.0909 ], [ -118.3678, 40.0896 ], [ -118.3718, 40.0898 ], [ -118.371, 40.0883 ], [ -118.369, 40.088 ], [ -118.3687, 40.085 ], [ -118.3722, 40.0838 ], [ -118.375, 40.0802 ], [ -118.375, 40.0849 ], [ -118.3818, 40.09 ], [ -118.376, 40.0993 ], [ -118.3803, 40.1014 ], [ -118.3817, 40.1046 ], [ -118.3815, 40.1131 ], [ -118.3803, 40.1149 ], [ -118.3726, 40.1166 ], [ -118.3755, 40.1074 ], [ -118.3758, 40.1032 ], [ -118.3747, 40.1016 ], [ -118.3677, 40.1003 ], [ -118.3599, 40.1047 ], [ -118.3573, 40.1044 ], [ -118.3584, 40.1002 ], [ -118.3574, 40.0884 ] ] ], [ [ [ -118.1703, 40.1132 ], [ -118.1715, 40.1125 ], [ -118.1767, 40.114 ], [ -118.1767, 40.1153 ], [ -118.1723, 40.1152 ], [ -118.1703, 40.1132 ] ] ], [ [ [ -118.1516, 40.1178 ], [ -118.1478, 40.1151 ], [ -118.1537, 40.1142 ], [ -118.1558, 40.115 ], [ -118.1574, 40.1135 ], [ -118.1607, 40.1194 ], [ -118.1535, 40.1172 ], [ -118.1516, 40.1178 ] ] ], [ [ [ -118.1639, 40.1159 ], [ -118.165, 40.1195 ], [ -118.164, 40.1197 ], [ -118.1617, 40.1167 ], [ -118.1639, 40.1159 ] ] ], [ [ [ -118.147, 40.1212 ], [ -118.1496, 40.1244 ], [ -118.1468, 40.125 ], [ -118.1447, 40.1215 ], [ -118.147, 40.1212 ] ] ], [ [ [ -118.1376, 40.1298 ], [ -118.1364, 40.1306 ], [ -118.1316, 40.1284 ], [ -118.1288, 40.1263 ], [ -118.128, 40.1239 ], [ -118.1346, 40.1269 ], [ -118.1376, 40.1298 ] ] ], [ [ [ -118.1205, 40.1293 ], [ -118.1238, 40.1322 ], [ -118.1195, 40.1313 ], [ -118.1193, 40.1296 ], [ -118.1205, 40.1293 ] ] ], [ [ [ -118.1975, 40.1334 ], [ -118.1949, 40.1328 ], [ -118.1939, 40.1305 ], [ -118.1969, 40.1318 ], [ -118.1975, 40.1334 ] ] ], [ [ [ -118.161, 40.1384 ], [ -118.1494, 40.1339 ], [ -118.1446, 40.1282 ], [ -118.1406, 40.1271 ], [ -118.1434, 40.1256 ], [ -118.1466, 40.1261 ], [ -118.1495, 40.1289 ], [ -118.1597, 40.1312 ], [ -118.1645, 40.1348 ], [ -118.1663, 40.1331 ], [ -118.1581, 40.1266 ], [ -118.1585, 40.1249 ], [ -118.1547, 40.1233 ], [ -118.1537, 40.1209 ], [ -118.1587, 40.1213 ], [ -118.1651, 40.1279 ], [ -118.1717, 40.1294 ], [ -118.1687, 40.1261 ], [ -118.1689, 40.1248 ], [ -118.1757, 40.1293 ], [ -118.1765, 40.1256 ], [ -118.167, 40.1217 ], [ -118.167, 40.1198 ], [ -118.1692, 40.1179 ], [ -118.1692, 40.1153 ], [ -118.1748, 40.1187 ], [ -118.1786, 40.116 ], [ -118.1825, 40.1158 ], [ -118.184, 40.1185 ], [ -118.1868, 40.1201 ], [ -118.1866, 40.1232 ], [ -118.1914, 40.126 ], [ -118.1918, 40.1298 ], [ -118.1826, 40.1266 ], [ -118.1815, 40.1269 ], [ -118.1813, 40.1295 ], [ -118.1777, 40.1314 ], [ -118.1868, 40.1332 ], [ -118.1888, 40.1374 ], [ -118.1922, 40.1379 ], [ -118.1911, 40.141 ], [ -118.1872, 40.1455 ], [ -118.1796, 40.1459 ], [ -118.1745, 40.1502 ], [ -118.1725, 40.1478 ], [ -118.1606, 40.1422 ], [ -118.1515, 40.1397 ], [ -118.1484, 40.1366 ], [ -118.1537, 40.1374 ], [ -118.1644, 40.1425 ], [ -118.161, 40.1384 ] ], [ [ -118.1796, 40.1459 ], [ -118.1733, 40.1404 ], [ -118.1726, 40.1413 ], [ -118.1733, 40.147 ], [ -118.1796, 40.1459 ] ] ], [ [ [ -118.1011, 40.1397 ], [ -118.1018, 40.1388 ], [ -118.1062, 40.1377 ], [ -118.1028, 40.1412 ], [ -118.1011, 40.1397 ] ] ], [ [ [ -118.1123, 40.1393 ], [ -118.1279, 40.1397 ], [ -118.1298, 40.1411 ], [ -118.1302, 40.1439 ], [ -118.1193, 40.1407 ], [ -118.1084, 40.1407 ], [ -118.108, 40.1393 ], [ -118.1095, 40.1373 ], [ -118.1123, 40.1393 ] ] ], [ [ [ -118.1965, 40.1457 ], [ -118.1957, 40.1493 ], [ -118.199, 40.1521 ], [ -118.2044, 40.1529 ], [ -118.2014, 40.1557 ], [ -118.197, 40.1546 ], [ -118.1983, 40.1564 ], [ -118.2032, 40.1579 ], [ -118.2025, 40.1592 ], [ -118.1993, 40.1592 ], [ -118.1885, 40.148 ], [ -118.1896, 40.1456 ], [ -118.1951, 40.1447 ], [ -118.1965, 40.1457 ] ] ], [ [ [ -118.2113, 40.162 ], [ -118.211, 40.1648 ], [ -118.214, 40.1648 ], [ -118.2167, 40.1672 ], [ -118.2127, 40.1679 ], [ -118.2083, 40.1634 ], [ -118.2065, 40.1585 ], [ -118.2087, 40.1581 ], [ -118.2113, 40.162 ] ] ], [ [ [ -118.1717, 40.166 ], [ -118.1748, 40.1669 ], [ -118.1753, 40.1703 ], [ -118.1716, 40.17 ], [ -118.1717, 40.166 ] ] ], [ [ [ -118.1864, 40.1759 ], [ -118.1792, 40.1681 ], [ -118.1779, 40.1652 ], [ -118.183, 40.1678 ], [ -118.1864, 40.1759 ] ] ], [ [ [ -118.165, 40.1837 ], [ -118.1656, 40.1874 ], [ -118.1562, 40.1817 ], [ -118.1597, 40.1814 ], [ -118.1626, 40.1789 ], [ -118.1694, 40.1813 ], [ -118.165, 40.1837 ] ] ], [ [ [ -118.1895, 40.1972 ], [ -118.1896, 40.1983 ], [ -118.1866, 40.1985 ], [ -118.1765, 40.1912 ], [ -118.178, 40.1899 ], [ -118.1821, 40.1896 ], [ -118.1911, 40.1959 ], [ -118.1915, 40.1967 ], [ -118.1895, 40.1972 ] ] ], [ [ [ -118.2786, 40.2853 ], [ -118.2784, 40.2831 ], [ -118.2833, 40.2821 ], [ -118.2823, 40.2806 ], [ -118.2825, 40.2736 ], [ -118.279, 40.2737 ], [ -118.2789, 40.2722 ], [ -118.2814, 40.2713 ], [ -118.2818, 40.2651 ], [ -118.2845, 40.2653 ], [ -118.289, 40.2615 ], [ -118.2878, 40.26 ], [ -118.2931, 40.2575 ], [ -118.2902, 40.2572 ], [ -118.2903, 40.2563 ], [ -118.2923, 40.2543 ], [ -118.2946, 40.2551 ], [ -118.294, 40.2519 ], [ -118.2949, 40.25 ], [ -118.3014, 40.2501 ], [ -118.3037, 40.2487 ], [ -118.3069, 40.2498 ], [ -118.3064, 40.2549 ], [ -118.3029, 40.2595 ], [ -118.3064, 40.261 ], [ -118.3052, 40.2639 ], [ -118.3074, 40.2675 ], [ -118.3038, 40.2687 ], [ -118.3029, 40.2702 ], [ -118.3058, 40.2742 ], [ -118.3097, 40.2744 ], [ -118.3087, 40.2702 ], [ -118.3109, 40.2659 ], [ -118.3131, 40.2644 ], [ -118.3131, 40.2627 ], [ -118.3189, 40.2588 ], [ -118.3236, 40.2577 ], [ -118.3253, 40.2608 ], [ -118.3282, 40.2615 ], [ -118.3328, 40.2601 ], [ -118.3354, 40.2576 ], [ -118.3353, 40.2536 ], [ -118.3323, 40.2535 ], [ -118.334, 40.2515 ], [ -118.3341, 40.249 ], [ -118.3324, 40.2458 ], [ -118.3186, 40.2433 ], [ -118.3224, 40.237 ], [ -118.3215, 40.2328 ], [ -118.3278, 40.2278 ], [ -118.3259, 40.2239 ], [ -118.3229, 40.2227 ], [ -118.3211, 40.2196 ], [ -118.3159, 40.2211 ], [ -118.3152, 40.2154 ], [ -118.3124, 40.2144 ], [ -118.3111, 40.2101 ], [ -118.3083, 40.2092 ], [ -118.3065, 40.2003 ], [ -118.3132, 40.1919 ], [ -118.3142, 40.1933 ], [ -118.3163, 40.1923 ], [ -118.316, 40.1884 ], [ -118.3176, 40.1856 ], [ -118.3221, 40.1841 ], [ -118.3236, 40.1785 ], [ -118.32, 40.1735 ], [ -118.3199, 40.1703 ], [ -118.3278, 40.1574 ], [ -118.3284, 40.1509 ], [ -118.326, 40.1489 ], [ -118.3267, 40.1478 ], [ -118.3289, 40.1485 ], [ -118.331, 40.1505 ], [ -118.3343, 40.1487 ], [ -118.3351, 40.1435 ], [ -118.3384, 40.1405 ], [ -118.3375, 40.1378 ], [ -118.3402, 40.1335 ], [ -118.3408, 40.1287 ], [ -118.3439, 40.1246 ], [ -118.3425, 40.1346 ], [ -118.3444, 40.1353 ], [ -118.3444, 40.138 ], [ -118.3401, 40.1406 ], [ -118.3383, 40.144 ], [ -118.3393, 40.1456 ], [ -118.3378, 40.1476 ], [ -118.3407, 40.1477 ], [ -118.3411, 40.151 ], [ -118.3433, 40.1503 ], [ -118.3435, 40.1511 ], [ -118.3414, 40.1534 ], [ -118.3369, 40.1527 ], [ -118.3348, 40.1555 ], [ -118.3304, 40.1551 ], [ -118.3301, 40.1575 ], [ -118.3328, 40.1618 ], [ -118.3306, 40.1631 ], [ -118.3309, 40.1647 ], [ -118.3268, 40.1657 ], [ -118.327, 40.1675 ], [ -118.3293, 40.1691 ], [ -118.3352, 40.1691 ], [ -118.3412, 40.1604 ], [ -118.3442, 40.1618 ], [ -118.3515, 40.1554 ], [ -118.352, 40.1499 ], [ -118.3538, 40.1469 ], [ -118.3518, 40.1414 ], [ -118.3529, 40.1354 ], [ -118.3519, 40.1344 ], [ -118.3463, 40.1344 ], [ -118.3456, 40.1319 ], [ -118.3471, 40.1288 ], [ -118.3531, 40.1233 ], [ -118.3561, 40.124 ], [ -118.3576, 40.1255 ], [ -118.357, 40.1278 ], [ -118.3598, 40.1283 ], [ -118.364, 40.1324 ], [ -118.3637, 40.1353 ], [ -118.3658, 40.1389 ], [ -118.3659, 40.1429 ], [ -118.3718, 40.15 ], [ -118.37, 40.1524 ], [ -118.3703, 40.1545 ], [ -118.3746, 40.1555 ], [ -118.3754, 40.1583 ], [ -118.3783, 40.1599 ], [ -118.3681, 40.1653 ], [ -118.3677, 40.1672 ], [ -118.3692, 40.1685 ], [ -118.3687, 40.1722 ], [ -118.3619, 40.1734 ], [ -118.3607, 40.1795 ], [ -118.3578, 40.1768 ], [ -118.3533, 40.1758 ], [ -118.3522, 40.1786 ], [ -118.3498, 40.1799 ], [ -118.3502, 40.1846 ], [ -118.3469, 40.1933 ], [ -118.358, 40.2007 ], [ -118.3633, 40.2009 ], [ -118.368, 40.1988 ], [ -118.3714, 40.1908 ], [ -118.3701, 40.1838 ], [ -118.3678, 40.1804 ], [ -118.3697, 40.1751 ], [ -118.3742, 40.1699 ], [ -118.3738, 40.1681 ], [ -118.3712, 40.1667 ], [ -118.379, 40.1625 ], [ -118.3822, 40.1703 ], [ -118.3864, 40.1749 ], [ -118.39, 40.1861 ], [ -118.3861, 40.1885 ], [ -118.3859, 40.1912 ], [ -118.382, 40.1915 ], [ -118.3841, 40.1982 ], [ -118.3766, 40.2076 ], [ -118.3769, 40.2118 ], [ -118.3725, 40.2173 ], [ -118.3658, 40.2208 ], [ -118.362, 40.2253 ], [ -118.3598, 40.2248 ], [ -118.3594, 40.2224 ], [ -118.3611, 40.2205 ], [ -118.3579, 40.2202 ], [ -118.3592, 40.2181 ], [ -118.3461, 40.2209 ], [ -118.3477, 40.2306 ], [ -118.3504, 40.2365 ], [ -118.3492, 40.2382 ], [ -118.3514, 40.2397 ], [ -118.3514, 40.2415 ], [ -118.3469, 40.2425 ], [ -118.3454, 40.2444 ], [ -118.3502, 40.2456 ], [ -118.3461, 40.2509 ], [ -118.346, 40.2541 ], [ -118.3486, 40.2567 ], [ -118.3473, 40.2598 ], [ -118.3513, 40.2612 ], [ -118.3509, 40.2639 ], [ -118.3471, 40.2672 ], [ -118.3466, 40.2694 ], [ -118.3479, 40.271 ], [ -118.3505, 40.2709 ], [ -118.3555, 40.2665 ], [ -118.3559, 40.2703 ], [ -118.3454, 40.2774 ], [ -118.3424, 40.2824 ], [ -118.3292, 40.2862 ], [ -118.315, 40.2928 ], [ -118.312, 40.2974 ], [ -118.3083, 40.2988 ], [ -118.3067, 40.2987 ], [ -118.3096, 40.2936 ], [ -118.308, 40.2915 ], [ -118.3089, 40.2884 ], [ -118.3082, 40.2865 ], [ -118.3051, 40.2865 ], [ -118.3042, 40.2881 ], [ -118.3052, 40.2913 ], [ -118.3014, 40.2926 ], [ -118.2995, 40.2882 ], [ -118.2963, 40.2858 ], [ -118.3069, 40.2828 ], [ -118.3047, 40.2757 ], [ -118.3018, 40.2767 ], [ -118.2977, 40.2744 ], [ -118.2969, 40.2777 ], [ -118.2926, 40.2774 ], [ -118.2927, 40.2787 ], [ -118.296, 40.28 ], [ -118.2917, 40.2825 ], [ -118.2949, 40.2846 ], [ -118.2936, 40.2887 ], [ -118.2917, 40.2864 ], [ -118.2892, 40.287 ], [ -118.29, 40.2903 ], [ -118.2925, 40.2922 ], [ -118.291, 40.3011 ], [ -118.29, 40.3005 ], [ -118.2896, 40.297 ], [ -118.2863, 40.2959 ], [ -118.2872, 40.2928 ], [ -118.2809, 40.2899 ], [ -118.2817, 40.2866 ], [ -118.2786, 40.2853 ] ], [ [ -118.2886, 40.2843 ], [ -118.29, 40.2829 ], [ -118.2897, 40.2806 ], [ -118.2873, 40.2801 ], [ -118.2858, 40.2809 ], [ -118.2857, 40.2827 ], [ -118.2886, 40.2843 ] ], [ [ -118.3106, 40.2752 ], [ -118.3116, 40.28 ], [ -118.3158, 40.2831 ], [ -118.3166, 40.279 ], [ -118.3144, 40.2787 ], [ -118.3114, 40.2751 ], [ -118.3106, 40.2752 ] ], [ [ -118.3191, 40.2726 ], [ -118.3163, 40.266 ], [ -118.3177, 40.2644 ], [ -118.3198, 40.2652 ], [ -118.3194, 40.261 ], [ -118.313, 40.2654 ], [ -118.3145, 40.2704 ], [ -118.3131, 40.2731 ], [ -118.3161, 40.2739 ], [ -118.3191, 40.2726 ] ], [ [ -118.3627, 40.2063 ], [ -118.3558, 40.2016 ], [ -118.3535, 40.2016 ], [ -118.3566, 40.2069 ], [ -118.3557, 40.2104 ], [ -118.3576, 40.2123 ], [ -118.3576, 40.215 ], [ -118.3595, 40.2161 ], [ -118.3639, 40.2158 ], [ -118.3601, 40.2099 ], [ -118.3627, 40.2063 ] ], [ [ -118.3327, 40.2055 ], [ -118.331, 40.2111 ], [ -118.3329, 40.2107 ], [ -118.3378, 40.2018 ], [ -118.3327, 40.2055 ] ], [ [ -118.319, 40.207 ], [ -118.3235, 40.2083 ], [ -118.326, 40.2067 ], [ -118.317, 40.2032 ], [ -118.3151, 40.2044 ], [ -118.3165, 40.2095 ], [ -118.3184, 40.2098 ], [ -118.319, 40.207 ] ], [ [ -118.3235, 40.2 ], [ -118.3238, 40.203 ], [ -118.3294, 40.2055 ], [ -118.3254, 40.1995 ], [ -118.3235, 40.2 ] ], [ [ -118.3231, 40.1968 ], [ -118.3238, 40.1884 ], [ -118.3229, 40.1867 ], [ -118.3187, 40.1906 ], [ -118.3162, 40.1994 ], [ -118.319, 40.1999 ], [ -118.3231, 40.1968 ] ], [ [ -118.3319, 40.173 ], [ -118.3294, 40.1736 ], [ -118.3276, 40.1827 ], [ -118.3259, 40.1845 ], [ -118.3317, 40.1837 ], [ -118.3272, 40.1869 ], [ -118.3251, 40.1902 ], [ -118.3366, 40.1903 ], [ -118.3415, 40.1932 ], [ -118.3367, 40.1826 ], [ -118.334, 40.1818 ], [ -118.3322, 40.1833 ], [ -118.3311, 40.1821 ], [ -118.3331, 40.1756 ], [ -118.3319, 40.173 ] ], [ [ -118.3453, 40.1942 ], [ -118.3463, 40.193 ], [ -118.343, 40.1888 ], [ -118.3453, 40.1942 ] ], [ [ -118.3315, 40.1915 ], [ -118.3296, 40.1924 ], [ -118.3425, 40.1956 ], [ -118.3385, 40.1927 ], [ -118.3315, 40.1915 ] ], [ [ -118.3348, 40.199 ], [ -118.3341, 40.1976 ], [ -118.337, 40.1983 ], [ -118.339, 40.1964 ], [ -118.3317, 40.1957 ], [ -118.3279, 40.1933 ], [ -118.3267, 40.1952 ], [ -118.327, 40.1985 ], [ -118.3293, 40.1984 ], [ -118.329, 40.2005 ], [ -118.3306, 40.2034 ], [ -118.3324, 40.2032 ], [ -118.3348, 40.199 ] ], [ [ -118.3598, 40.1445 ], [ -118.3579, 40.1442 ], [ -118.3569, 40.1456 ], [ -118.3572, 40.1497 ], [ -118.3553, 40.1554 ], [ -118.348, 40.1603 ], [ -118.3472, 40.1653 ], [ -118.3439, 40.1663 ], [ -118.343, 40.1727 ], [ -118.3464, 40.1734 ], [ -118.354, 40.1695 ], [ -118.3584, 40.1697 ], [ -118.3588, 40.1667 ], [ -118.3559, 40.1619 ], [ -118.3568, 40.1573 ], [ -118.3583, 40.1551 ], [ -118.3642, 40.1522 ], [ -118.3598, 40.1445 ] ] ], [ [ [ -118.2419, 40.2262 ], [ -118.2329, 40.219 ], [ -118.2345, 40.2186 ], [ -118.2373, 40.2206 ], [ -118.2458, 40.2228 ], [ -118.2548, 40.2339 ], [ -118.2548, 40.2361 ], [ -118.2493, 40.2327 ], [ -118.2458, 40.2273 ], [ -118.2419, 40.2262 ] ] ], [ [ [ -118.1674, 40.7426 ], [ -118.1738, 40.7399 ], [ -118.1757, 40.7408 ], [ -118.1789, 40.7392 ], [ -118.1805, 40.7449 ], [ -118.1802, 40.7486 ], [ -118.1764, 40.7485 ], [ -118.1742, 40.7461 ], [ -118.1731, 40.7475 ], [ -118.1722, 40.7451 ], [ -118.1677, 40.7434 ], [ -118.1674, 40.7426 ] ] ], [ [ [ -118.1915, 40.7441 ], [ -118.1921, 40.751 ], [ -118.1848, 40.7504 ], [ -118.186, 40.7474 ], [ -118.1854, 40.7451 ], [ -118.1915, 40.7441 ] ] ], [ [ [ -118.1069, 40.8517 ], [ -118.101, 40.8546 ], [ -118.0989, 40.8543 ], [ -118.0988, 40.8498 ], [ -118.1028, 40.8465 ], [ -118.0988, 40.8451 ], [ -118.0917, 40.8469 ], [ -118.0922, 40.8428 ], [ -118.0944, 40.8396 ], [ -118.0915, 40.8382 ], [ -118.0916, 40.8369 ], [ -118.0949, 40.8352 ], [ -118.1049, 40.8356 ], [ -118.1109, 40.8345 ], [ -118.1123, 40.8294 ], [ -118.1082, 40.8273 ], [ -118.1136, 40.8249 ], [ -118.1157, 40.8194 ], [ -118.1106, 40.8179 ], [ -118.1089, 40.8154 ], [ -118.1006, 40.8167 ], [ -118.0941, 40.8137 ], [ -118.1046, 40.8103 ], [ -118.1154, 40.8116 ], [ -118.1195, 40.8105 ], [ -118.1139, 40.8081 ], [ -118.1127, 40.8062 ], [ -118.1128, 40.8029 ], [ -118.1149, 40.8002 ], [ -118.1142, 40.7985 ], [ -118.1156, 40.7974 ], [ -118.1195, 40.798 ], [ -118.1183, 40.7993 ], [ -118.1189, 40.8009 ], [ -118.1249, 40.7982 ], [ -118.1267, 40.8006 ], [ -118.1303, 40.8017 ], [ -118.1419, 40.8002 ], [ -118.1465, 40.7971 ], [ -118.1459, 40.7942 ], [ -118.1437, 40.7939 ], [ -118.1416, 40.7905 ], [ -118.1357, 40.7916 ], [ -118.1326, 40.7951 ], [ -118.1266, 40.7948 ], [ -118.1242, 40.7965 ], [ -118.1143, 40.7946 ], [ -118.1146, 40.7925 ], [ -118.1162, 40.7916 ], [ -118.1205, 40.7924 ], [ -118.1204, 40.7862 ], [ -118.1212, 40.7855 ], [ -118.1235, 40.7868 ], [ -118.1234, 40.7823 ], [ -118.1289, 40.7823 ], [ -118.1302, 40.7842 ], [ -118.1348, 40.7849 ], [ -118.1377, 40.784 ], [ -118.1399, 40.7813 ], [ -118.135, 40.7787 ], [ -118.131, 40.7804 ], [ -118.1277, 40.778 ], [ -118.1285, 40.772 ], [ -118.1353, 40.7622 ], [ -118.1345, 40.7613 ], [ -118.1276, 40.7622 ], [ -118.1276, 40.7569 ], [ -118.1352, 40.7553 ], [ -118.1396, 40.7512 ], [ -118.1419, 40.753 ], [ -118.1408, 40.7571 ], [ -118.1441, 40.7574 ], [ -118.1444, 40.7602 ], [ -118.1468, 40.761 ], [ -118.1481, 40.7589 ], [ -118.1528, 40.7598 ], [ -118.1568, 40.7591 ], [ -118.1636, 40.7559 ], [ -118.1652, 40.7508 ], [ -118.1679, 40.7504 ], [ -118.1668, 40.748 ], [ -118.1689, 40.7473 ], [ -118.1715, 40.7501 ], [ -118.1738, 40.7505 ], [ -118.1758, 40.7562 ], [ -118.1835, 40.758 ], [ -118.1862, 40.7661 ], [ -118.1938, 40.7663 ], [ -118.1968, 40.7642 ], [ -118.1979, 40.7617 ], [ -118.198, 40.7591 ], [ -118.1959, 40.7574 ], [ -118.2, 40.7511 ], [ -118.1997, 40.7485 ], [ -118.2077, 40.739 ], [ -118.2092, 40.7345 ], [ -118.2085, 40.7312 ], [ -118.2115, 40.7294 ], [ -118.2122, 40.7272 ], [ -118.2164, 40.7251 ], [ -118.2193, 40.7253 ], [ -118.2161, 40.7208 ], [ -118.2162, 40.7168 ], [ -118.2197, 40.7099 ], [ -118.2232, 40.7076 ], [ -118.2255, 40.7038 ], [ -118.2279, 40.7029 ], [ -118.2299, 40.7049 ], [ -118.2316, 40.7044 ], [ -118.2325, 40.7068 ], [ -118.2395, 40.7116 ], [ -118.2425, 40.7173 ], [ -118.2494, 40.7184 ], [ -118.2513, 40.7212 ], [ -118.2508, 40.7249 ], [ -118.2534, 40.7305 ], [ -118.2527, 40.7346 ], [ -118.2551, 40.7397 ], [ -118.2535, 40.7468 ], [ -118.2461, 40.7487 ], [ -118.2355, 40.7551 ], [ -118.2292, 40.753 ], [ -118.2266, 40.7536 ], [ -118.2257, 40.7513 ], [ -118.2163, 40.7522 ], [ -118.213, 40.7575 ], [ -118.2132, 40.77 ], [ -118.2277, 40.7758 ], [ -118.2318, 40.7799 ], [ -118.2404, 40.7759 ], [ -118.244, 40.7759 ], [ -118.2464, 40.7777 ], [ -118.2478, 40.7821 ], [ -118.2465, 40.7861 ], [ -118.2478, 40.7875 ], [ -118.2444, 40.7946 ], [ -118.2451, 40.7996 ], [ -118.2441, 40.8063 ], [ -118.2508, 40.8088 ], [ -118.2494, 40.8127 ], [ -118.246, 40.8129 ], [ -118.248, 40.8179 ], [ -118.2448, 40.8189 ], [ -118.244, 40.8178 ], [ -118.2382, 40.8177 ], [ -118.2354, 40.8158 ], [ -118.2289, 40.8158 ], [ -118.2268, 40.814 ], [ -118.2249, 40.8155 ], [ -118.2234, 40.8146 ], [ -118.2177, 40.8153 ], [ -118.2233, 40.8306 ], [ -118.2361, 40.8287 ], [ -118.2368, 40.8293 ], [ -118.2356, 40.8305 ], [ -118.2367, 40.831 ], [ -118.2406, 40.8296 ], [ -118.2368, 40.8365 ], [ -118.2369, 40.8423 ], [ -118.2334, 40.8451 ], [ -118.2333, 40.8491 ], [ -118.2358, 40.8518 ], [ -118.2349, 40.8577 ], [ -118.1044, 40.8571 ], [ -118.1126, 40.8558 ], [ -118.112, 40.8545 ], [ -118.1093, 40.8545 ], [ -118.1069, 40.8517 ] ], [ [ -118.1828, 40.7678 ], [ -118.1767, 40.768 ], [ -118.1736, 40.7629 ], [ -118.1694, 40.7627 ], [ -118.1633, 40.7662 ], [ -118.1619, 40.7652 ], [ -118.1611, 40.7603 ], [ -118.1572, 40.7626 ], [ -118.1562, 40.7611 ], [ -118.1522, 40.7615 ], [ -118.1496, 40.7645 ], [ -118.1539, 40.772 ], [ -118.1561, 40.7721 ], [ -118.1587, 40.7692 ], [ -118.1601, 40.7707 ], [ -118.1623, 40.7701 ], [ -118.168, 40.7732 ], [ -118.1718, 40.7734 ], [ -118.1736, 40.7715 ], [ -118.177, 40.7711 ], [ -118.1794, 40.7745 ], [ -118.1812, 40.7744 ], [ -118.1867, 40.7712 ], [ -118.1862, 40.7661 ], [ -118.1828, 40.7678 ] ], [ [ -118.199, 40.8421 ], [ -118.1982, 40.8446 ], [ -118.2007, 40.8443 ], [ -118.2036, 40.8419 ], [ -118.2017, 40.8409 ], [ -118.199, 40.8421 ] ], [ [ -118.1505, 40.842 ], [ -118.1547, 40.8429 ], [ -118.1552, 40.8423 ], [ -118.1533, 40.84 ], [ -118.1513, 40.8401 ], [ -118.1505, 40.842 ] ], [ [ -118.2093, 40.8428 ], [ -118.2119, 40.8423 ], [ -118.2129, 40.8404 ], [ -118.2097, 40.8405 ], [ -118.2086, 40.8417 ], [ -118.2093, 40.8428 ] ], [ [ -118.1673, 40.8191 ], [ -118.1717, 40.8184 ], [ -118.1723, 40.8165 ], [ -118.1685, 40.8174 ], [ -118.1673, 40.8191 ] ], [ [ -118.1881, 40.813 ], [ -118.1879, 40.8156 ], [ -118.1911, 40.8144 ], [ -118.1902, 40.8125 ], [ -118.1881, 40.813 ] ], [ [ -118.1809, 40.811 ], [ -118.1801, 40.8135 ], [ -118.1857, 40.8142 ], [ -118.1869, 40.8138 ], [ -118.1875, 40.8098 ], [ -118.1809, 40.811 ] ], [ [ -118.2226, 40.8004 ], [ -118.2246, 40.8 ], [ -118.2234, 40.7964 ], [ -118.2247, 40.7931 ], [ -118.2277, 40.7907 ], [ -118.2368, 40.7874 ], [ -118.2355, 40.7843 ], [ -118.223, 40.7877 ], [ -118.2207, 40.7957 ], [ -118.218, 40.7984 ], [ -118.221, 40.8061 ], [ -118.224, 40.8049 ], [ -118.2226, 40.8004 ] ], [ [ -118.1313, 40.7914 ], [ -118.1366, 40.7899 ], [ -118.1367, 40.7887 ], [ -118.1325, 40.7889 ], [ -118.1313, 40.7914 ] ], [ [ -118.2029, 40.7627 ], [ -118.2033, 40.7637 ], [ -118.2082, 40.7635 ], [ -118.208, 40.7622 ], [ -118.2054, 40.7612 ], [ -118.2029, 40.7627 ] ], [ [ -118.2284, 40.7354 ], [ -118.2121, 40.7328 ], [ -118.2111, 40.7348 ], [ -118.2222, 40.7369 ], [ -118.2209, 40.7425 ], [ -118.226, 40.7436 ], [ -118.2273, 40.7429 ], [ -118.2284, 40.7354 ] ] ], [ [ [ -118.3071, 40.825 ], [ -118.3021, 40.8225 ], [ -118.3006, 40.8195 ], [ -118.2986, 40.8186 ], [ -118.2962, 40.8084 ], [ -118.2932, 40.8065 ], [ -118.2943, 40.7962 ], [ -118.2966, 40.7924 ], [ -118.3082, 40.7895 ], [ -118.3129, 40.7868 ], [ -118.3174, 40.7875 ], [ -118.3202, 40.7899 ], [ -118.3249, 40.79 ], [ -118.3295, 40.7925 ], [ -118.331, 40.7962 ], [ -118.3338, 40.7966 ], [ -118.3347, 40.7944 ], [ -118.339, 40.7946 ], [ -118.3437, 40.7983 ], [ -118.3455, 40.8023 ], [ -118.3495, 40.8047 ], [ -118.3496, 40.8079 ], [ -118.3513, 40.8094 ], [ -118.35, 40.8117 ], [ -118.3468, 40.8128 ], [ -118.3475, 40.817 ], [ -118.3383, 40.8197 ], [ -118.3387, 40.8208 ], [ -118.3448, 40.8205 ], [ -118.3479, 40.8217 ], [ -118.3482, 40.8252 ], [ -118.3446, 40.8286 ], [ -118.3467, 40.8347 ], [ -118.3423, 40.8359 ], [ -118.3402, 40.8383 ], [ -118.3374, 40.8385 ], [ -118.3345, 40.8412 ], [ -118.3231, 40.8418 ], [ -118.3231, 40.839 ], [ -118.3259, 40.8358 ], [ -118.3241, 40.8342 ], [ -118.3201, 40.8369 ], [ -118.3158, 40.8375 ], [ -118.3123, 40.8396 ], [ -118.3097, 40.8328 ], [ -118.3095, 40.8285 ], [ -118.3076, 40.829 ], [ -118.3071, 40.825 ] ] ], [ [ [ -118.1036, 40.8265 ], [ -118.1057, 40.8239 ], [ -118.1079, 40.8237 ], [ -118.1081, 40.8257 ], [ -118.1036, 40.8265 ] ] ], [ [ [ -118.3078, 40.8326 ], [ -118.3082, 40.8348 ], [ -118.3062, 40.8349 ], [ -118.3058, 40.8337 ], [ -118.3078, 40.8326 ] ] ], [ [ [ -118.3003, 40.8347 ], [ -118.303, 40.8366 ], [ -118.3016, 40.8397 ], [ -118.2986, 40.8381 ], [ -118.2987, 40.8353 ], [ -118.3003, 40.8347 ] ] ] ] } },
{ "type": "Feature", "properties": { "tier": "B", "name": "Candelaria Formation; shale, sandstone" }, "geometry": { "type": "MultiPolygon", "coordinates": [ [ [ [ -117.9854, 38.1458 ], [ -117.981, 38.1407 ], [ -117.9827, 38.1383 ], [ -117.9873, 38.1373 ], [ -117.9907, 38.1342 ], [ -117.9932, 38.1348 ], [ -117.9946, 38.1412 ], [ -117.9935, 38.146 ], [ -117.9854, 38.1458 ] ] ], [ [ [ -118.034, 38.1476 ], [ -118.0349, 38.145 ], [ -118.0316, 38.1441 ], [ -118.0222, 38.1441 ], [ -118.0101, 38.1478 ], [ -118.0083, 38.1472 ], [ -118.0053, 38.142 ], [ -117.9997, 38.1394 ], [ -117.9956, 38.1314 ], [ -117.9984, 38.1308 ], [ -118.0096, 38.1339 ], [ -118.049, 38.1295 ], [ -118.0457, 38.1319 ], [ -118.053, 38.1325 ], [ -118.0508, 38.1352 ], [ -118.0544, 38.1341 ], [ -118.0549, 38.1362 ], [ -118.0564, 38.1366 ], [ -118.0551, 38.1379 ], [ -118.0608, 38.1395 ], [ -118.0601, 38.141 ], [ -118.0667, 38.1404 ], [ -118.0648, 38.1433 ], [ -118.0547, 38.1465 ], [ -118.0542, 38.1476 ], [ -118.0581, 38.1473 ], [ -118.0429, 38.1552 ], [ -118.0297, 38.1677 ], [ -118.0243, 38.1691 ], [ -118.0225, 38.1602 ], [ -118.0248, 38.1521 ], [ -118.034, 38.1476 ] ], [ [ -118.0412, 38.1464 ], [ -118.0388, 38.1473 ], [ -118.0365, 38.15 ], [ -118.0402, 38.1488 ], [ -118.0412, 38.1464 ] ], [ [ -118.0528, 38.144 ], [ -118.0495, 38.146 ], [ -118.0484, 38.1474 ], [ -118.0541, 38.1448 ], [ -118.0528, 38.144 ] ], [ [ -118.0266, 38.1406 ], [ -118.0209, 38.1416 ], [ -118.0204, 38.1429 ], [ -118.0266, 38.1406 ] ] ], [ [ [ -118.0009, 38.1492 ], [ -118.0067, 38.1538 ], [ -118.0116, 38.1539 ], [ -118.0146, 38.1502 ], [ -118.0142, 38.1493 ], [ -118.0183, 38.1483 ], [ -118.0214, 38.1488 ], [ -118.0227, 38.1519 ], [ -118.0149, 38.1622 ], [ -118.0089, 38.1604 ], [ -118.0049, 38.163 ], [ -118.0013, 38.1634 ], [ -118.0026, 38.1582 ], [ -117.9998, 38.1517 ], [ -117.9979, 38.1501 ], [ -118.0009, 38.1492 ] ] ], [ [ [ -118.01, 38.181 ], [ -118.0093, 38.1855 ], [ -118.0083, 38.1846 ], [ -118.004, 38.1855 ], [ -118.003, 38.1797 ], [ -118.0043, 38.1737 ], [ -118.0073, 38.1689 ], [ -118.01, 38.1676 ], [ -118.0135, 38.1694 ], [ -118.0147, 38.1743 ], [ -118.01, 38.181 ] ] ], [ [ [ -117.1974, 38.4817 ], [ -117.1944, 38.4623 ], [ -117.1979, 38.4686 ], [ -117.1995, 38.484 ], [ -117.2056, 38.5017 ], [ -117.2037, 38.5021 ], [ -117.1994, 38.4984 ], [ -117.1977, 38.4916 ], [ -117.1974, 38.4817 ] ] ] ] } },
{ "type": "Feature", "properties": { "tier": "B", "name": "Candelaria form.; shale, sandstone" }, "geometry": { "type": "MultiPolygon", "coordinates": [ [ [ [ -118.1386, 38.1431 ], [ -118.1348, 38.1497 ], [ -118.1325, 38.1498 ], [ -118.1289, 38.1438 ], [ -118.1386, 38.1431 ] ] ], [ [ [ -118.0812, 38.1517 ], [ -118.0878, 38.1462 ], [ -118.085, 38.1461 ], [ -118.0837, 38.144 ], [ -118.0648, 38.1433 ], [ -118.0667, 38.1404 ], [ -118.0703, 38.1381 ], [ -118.0745, 38.1373 ], [ -118.0757, 38.1378 ], [ -118.0732, 38.1396 ], [ -118.0745, 38.1402 ], [ -118.0832, 38.1407 ], [ -118.0877, 38.1442 ], [ -118.0975, 38.1468 ], [ -118.0907, 38.1493 ], [ -118.0879, 38.149 ], [ -118.0876, 38.1556 ], [ -118.0849, 38.1569 ], [ -118.0812, 38.1517 ] ] ], [ [ [ -118.1743, 38.1463 ], [ -118.1735, 38.1501 ], [ -118.1697, 38.1484 ], [ -118.1713, 38.1447 ], [ -118.1743, 38.1463 ] ] ], [ [ [ -118.3868, 38.1477 ], [ -118.3835, 38.1504 ], [ -118.3814, 38.1506 ], [ -118.3734, 38.1502 ], [ -118.3711, 38.1488 ], [ -118.3728, 38.1448 ], [ -118.3868, 38.1477 ] ] ], [ [ [ -118.1988, 38.1471 ], [ -118.2194, 38.1452 ], [ -118.2252, 38.1451 ], [ -118.2221, 38.1474 ], [ -118.2155, 38.1481 ], [ -118.2137, 38.1498 ], [ -118.2053, 38.1529 ], [ -118.1999, 38.1519 ], [ -118.1988, 38.1471 ] ] ], [ [ [ -118.1769, 38.1481 ], [ -118.1796, 38.1483 ], [ -118.1813, 38.1497 ], [ -118.1788, 38.1505 ], [ -118.1769, 38.1494 ], [ -118.1769, 38.1481 ] ] ], [ [ [ -118.1185, 38.1452 ], [ -118.1249, 38.1446 ], [ -118.1264, 38.1478 ], [ -118.1259, 38.1508 ], [ -118.1072, 38.1515 ], [ -118.0922, 38.155 ], [ -118.0915, 38.1534 ], [ -118.0915, 38.1506 ], [ -118.1001, 38.1505 ], [ -118.1185, 38.1452 ] ] ] ] } },
{ "type": "Feature", "properties": { "tier": "B", "name": "Dixie Valley Frm.; conglom., shale, siltst., dolom" }, "geometry": { "type": "MultiPolygon", "coordinates": [ [ [ [ -117.5648, 40.0454 ], [ -117.5638, 40.0426 ], [ -117.561, 40.0422 ], [ -117.5604, 40.0408 ], [ -117.5653, 40.0371 ], [ -117.57, 40.0364 ], [ -117.5669, 40.0472 ], [ -117.5599, 40.0499 ], [ -117.5618, 40.047 ], [ -117.5648, 40.0454 ] ] ], [ [ [ -117.5407, 40.0514 ], [ -117.5396, 40.0487 ], [ -117.5405, 40.048 ], [ -117.5423, 40.0485 ], [ -117.5418, 40.0537 ], [ -117.5394, 40.0532 ], [ -117.5407, 40.0514 ] ] ], [ [ [ -117.5529, 40.0585 ], [ -117.5492, 40.0587 ], [ -117.5488, 40.055 ], [ -117.5544, 40.0566 ], [ -117.5559, 40.0595 ], [ -117.5537, 40.064 ], [ -117.5488, 40.0604 ], [ -117.5529, 40.0599 ], [ -117.5529, 40.0585 ] ] ], [ [ [ -117.5488, 40.0604 ], [ -117.5476, 40.0655 ], [ -117.5407, 40.0627 ], [ -117.5411, 40.0614 ], [ -117.5446, 40.0623 ], [ -117.5488, 40.0604 ] ] ], [ [ [ -117.5493, 40.079 ], [ -117.5487, 40.086 ], [ -117.5461, 40.0883 ], [ -117.5449, 40.0867 ], [ -117.5456, 40.0854 ], [ -117.543, 40.0854 ], [ -117.5435, 40.0836 ], [ -117.5493, 40.079 ] ] ], [ [ [ -117.5848, 40.1439 ], [ -117.5885, 40.1339 ], [ -117.5886, 40.1292 ], [ -117.591, 40.125 ], [ -117.5954, 40.1274 ], [ -117.5997, 40.128 ], [ -117.6011, 40.1299 ], [ -117.604, 40.1265 ], [ -117.6086, 40.1335 ], [ -117.6086, 40.1416 ], [ -117.6003, 40.1338 ], [ -117.5992, 40.1368 ], [ -117.5936, 40.1391 ], [ -117.5914, 40.1424 ], [ -117.5925, 40.1452 ], [ -117.5944, 40.1406 ], [ -117.597, 40.1415 ], [ -117.5963, 40.1517 ], [ -117.6012, 40.1501 ], [ -117.6017, 40.1487 ], [ -117.6027, 40.1505 ], [ -117.6019, 40.1595 ], [ -117.5944, 40.1679 ], [ -117.5943, 40.1633 ], [ -117.5972, 40.1572 ], [ -117.596, 40.154 ], [ -117.5951, 40.1527 ], [ -117.5935, 40.1559 ], [ -117.5925, 40.1526 ], [ -117.5863, 40.1534 ], [ -117.5885, 40.1482 ], [ -117.5848, 40.1439 ] ] ], [ [ [ -117.6083, 40.1663 ], [ -117.6132, 40.151 ], [ -117.6155, 40.1545 ], [ -117.6151, 40.1599 ], [ -117.6129, 40.1619 ], [ -117.6149, 40.1642 ], [ -117.6147, 40.1656 ], [ -117.6062, 40.172 ], [ -117.6048, 40.1712 ], [ -117.6083, 40.1663 ] ] ], [ [ [ -117.6215, 40.1833 ], [ -117.624, 40.1804 ], [ -117.6246, 40.183 ], [ -117.6223, 40.1847 ], [ -117.6176, 40.1842 ], [ -117.6177, 40.1831 ], [ -117.6215, 40.1833 ] ] ], [ [ [ -117.5286, 40.0719 ], [ -117.5264, 40.0682 ], [ -117.5296, 40.0676 ], [ -117.5318, 40.0633 ], [ -117.5353, 40.0623 ], [ -117.5336, 40.0703 ], [ -117.5343, 40.0746 ], [ -117.5283, 40.0747 ], [ -117.5279, 40.0759 ], [ -117.5304, 40.0776 ], [ -117.5294, 40.0788 ], [ -117.5268, 40.0775 ], [ -117.5267, 40.0747 ], [ -117.5321, 40.0717 ], [ -117.5286, 40.0719 ] ] ], [ [ [ -117.5257, 40.0867 ], [ -117.5221, 40.0879 ], [ -117.5212, 40.0853 ], [ -117.5275, 40.084 ], [ -117.5257, 40.0867 ] ] ], [ [ [ -117.5293, 40.0916 ], [ -117.5252, 40.0919 ], [ -117.5245, 40.0904 ], [ -117.529, 40.0905 ], [ -117.5293, 40.0916 ] ] ], [ [ [ -117.5192, 40.0983 ], [ -117.5159, 40.098 ], [ -117.5144, 40.0948 ], [ -117.5173, 40.0947 ], [ -117.5192, 40.0983 ] ] ], [ [ [ -117.5069, 40.0985 ], [ -117.5096, 40.0984 ], [ -117.5099, 40.097 ], [ -117.5124, 40.0959 ], [ -117.5132, 40.0974 ], [ -117.5106, 40.1002 ], [ -117.5099, 40.105 ], [ -117.5061, 40.1034 ], [ -117.5069, 40.0985 ] ] ], [ [ [ -117.5037, 40.1113 ], [ -117.5028, 40.1101 ], [ -117.5038, 40.1087 ], [ -117.5061, 40.1093 ], [ -117.5061, 40.1104 ], [ -117.5037, 40.1113 ] ] ], [ [ [ -117.506, 40.117 ], [ -117.5041, 40.1124 ], [ -117.5069, 40.1128 ], [ -117.5082, 40.1143 ], [ -117.506, 40.117 ] ] ], [ [ [ -117.4998, 40.1149 ], [ -117.502, 40.1145 ], [ -117.5015, 40.1168 ], [ -117.4994, 40.1168 ], [ -117.4998, 40.1149 ] ] ] ] } },
{ "type": "Feature", "properties": { "tier": "B", "name": "Dun Glen Frm; limestone, dolomite, sandst, argill" }, "geometry": { "type": "MultiPolygon", "coordinates": [ [ [ [ -118.1181, 40.1377 ], [ -118.1143, 40.1331 ], [ -118.1174, 40.1336 ], [ -118.124, 40.1368 ], [ -118.1241, 40.138 ], [ -118.1181, 40.1377 ] ] ], [ [ [ -118.1353, 40.1401 ], [ -118.1392, 40.1396 ], [ -118.1398, 40.1412 ], [ -118.1358, 40.1421 ], [ -118.1353, 40.1401 ] ] ], [ [ [ -118.1424, 40.1349 ], [ -118.1455, 40.1347 ], [ -118.1515, 40.1397 ], [ -118.1606, 40.1422 ], [ -118.1725, 40.1478 ], [ -118.1745, 40.1502 ], [ -118.1485, 40.14 ], [ -118.1424, 40.1349 ] ] ], [ [ [ -118.1356, 40.1483 ], [ -118.1073, 40.1411 ], [ -118.1193, 40.1407 ], [ -118.1302, 40.1439 ], [ -118.1345, 40.1428 ], [ -118.1378, 40.1468 ], [ -118.1356, 40.1483 ] ] ], [ [ [ -118.143, 40.1457 ], [ -118.142, 40.1383 ], [ -118.1673, 40.1544 ], [ -118.1675, 40.156 ], [ -118.165, 40.1579 ], [ -118.1604, 40.1524 ], [ -118.1485, 40.15 ], [ -118.143, 40.1457 ] ] ], [ [ [ -118.2054, 40.1605 ], [ -118.2083, 40.1634 ], [ -118.2127, 40.1679 ], [ -118.208, 40.1693 ], [ -118.2033, 40.1627 ], [ -118.2054, 40.1605 ] ] ], [ [ [ -118.1786, 40.1731 ], [ -118.175, 40.1725 ], [ -118.1741, 40.1736 ], [ -118.1714, 40.1719 ], [ -118.1672, 40.1651 ], [ -118.1693, 40.1595 ], [ -118.1756, 40.1585 ], [ -118.1762, 40.1542 ], [ -118.1777, 40.1526 ], [ -118.1879, 40.1628 ], [ -118.1808, 40.1596 ], [ -118.1845, 40.1656 ], [ -118.201, 40.1828 ], [ -118.1971, 40.187 ], [ -118.1799, 40.1721 ], [ -118.1786, 40.1731 ] ], [ [ -118.183, 40.1678 ], [ -118.1779, 40.1652 ], [ -118.1792, 40.1681 ], [ -118.1864, 40.1759 ], [ -118.183, 40.1678 ] ], [ [ -118.1713, 40.1665 ], [ -118.1716, 40.17 ], [ -118.1753, 40.1703 ], [ -118.1748, 40.1669 ], [ -118.1725, 40.1658 ], [ -118.1713, 40.1665 ] ] ], [ [ [ -118.21, 40.1704 ], [ -118.2188, 40.1691 ], [ -118.2188, 40.1739 ], [ -118.2153, 40.1739 ], [ -118.2124, 40.1756 ], [ -118.2095, 40.1731 ], [ -118.21, 40.1704 ] ] ], [ [ [ -118.201, 40.1828 ], [ -118.2147, 40.1785 ], [ -118.2163, 40.1825 ], [ -118.2151, 40.1855 ], [ -118.2105, 40.1899 ], [ -118.2014, 40.1874 ], [ -118.2002, 40.1845 ], [ -118.201, 40.1828 ] ] ], [ [ [ -118.2343, 40.2286 ], [ -118.2403, 40.2304 ], [ -118.2431, 40.2326 ], [ -118.2435, 40.2304 ], [ -118.2455, 40.2295 ], [ -118.2383, 40.2275 ], [ -118.2367, 40.2249 ], [ -118.234, 40.2243 ], [ -118.2321, 40.22 ], [ -118.2329, 40.219 ], [ -118.2419, 40.2262 ], [ -118.2458, 40.2273 ], [ -118.2493, 40.2327 ], [ -118.2536, 40.236 ], [ -118.25, 40.2388 ], [ -118.2465, 40.2383 ], [ -118.2441, 40.2347 ], [ -118.2335, 40.2311 ], [ -118.2343, 40.2286 ] ] ], [ [ [ -117.9725, 40.7955 ], [ -117.9669, 40.7955 ], [ -117.9531, 40.801 ], [ -117.9535, 40.798 ], [ -117.9516, 40.7984 ], [ -117.9522, 40.7957 ], [ -117.9512, 40.7952 ], [ -117.9429, 40.8033 ], [ -117.9483, 40.7948 ], [ -117.9546, 40.7909 ], [ -117.9539, 40.7957 ], [ -117.9749, 40.79 ], [ -117.9762, 40.7942 ], [ -117.9753, 40.7985 ], [ -117.9725, 40.7955 ] ] ], [ [ [ -117.8753, 40.8205 ], [ -117.8792, 40.8085 ], [ -117.8772, 40.8036 ], [ -117.8771, 40.8011 ], [ -117.8785, 40.7995 ], [ -117.8832, 40.7994 ], [ -117.8863, 40.8013 ], [ -117.8865, 40.7978 ], [ -117.8889, 40.7963 ], [ -117.8951, 40.7953 ], [ -117.9028, 40.7962 ], [ -117.9084, 40.7954 ], [ -117.9103, 40.7963 ], [ -117.9002, 40.8091 ], [ -117.8945, 40.8204 ], [ -117.8934, 40.8265 ], [ -117.8952, 40.8444 ], [ -117.8931, 40.8504 ], [ -117.8891, 40.8498 ], [ -117.8847, 40.8449 ], [ -117.8753, 40.8205 ] ], [ [ -117.8925, 40.7992 ], [ -117.8903, 40.8 ], [ -117.8881, 40.8052 ], [ -117.8883, 40.8062 ], [ -117.8909, 40.8065 ], [ -117.89, 40.8095 ], [ -117.8948, 40.8056 ], [ -117.8954, 40.8004 ], [ -117.8925, 40.7992 ] ] ], [ [ [ -117.8732, 40.1021 ], [ -117.8601, 40.1113 ], [ -117.8553, 40.1101 ], [ -117.8529, 40.1124 ], [ -117.8476, 40.1144 ], [ -117.848, 40.1056 ], [ -117.8561, 40.1025 ], [ -117.863, 40.0983 ], [ -117.8693, 40.0993 ], [ -117.8732, 40.1021 ] ] ], [ [ [ -117.8154, 40.1642 ], [ -117.8126, 40.1594 ], [ -117.812, 40.1619 ], [ -117.8065, 40.1655 ], [ -117.8059, 40.1616 ], [ -117.8087, 40.1579 ], [ -117.8098, 40.1479 ], [ -117.8172, 40.1362 ], [ -117.8185, 40.122 ], [ -117.8177, 40.1174 ], [ -117.8134, 40.1233 ], [ -117.81, 40.1344 ], [ -117.8032, 40.1458 ], [ -117.7969, 40.1647 ], [ -117.7924, 40.1584 ], [ -117.7997, 40.1339 ], [ -117.8029, 40.1275 ], [ -117.8093, 40.1248 ], [ -117.808, 40.1219 ], [ -117.8056, 40.1209 ], [ -117.8091, 40.1127 ], [ -117.812, 40.0988 ], [ -117.815, 40.0907 ], [ -117.8195, 40.0847 ], [ -117.8282, 40.08 ], [ -117.8352, 40.073 ], [ -117.8377, 40.0765 ], [ -117.8409, 40.0777 ], [ -117.8411, 40.0892 ], [ -117.8377, 40.0987 ], [ -117.8403, 40.1113 ], [ -117.8379, 40.1177 ], [ -117.8385, 40.1237 ], [ -117.8299, 40.1367 ], [ -117.8271, 40.1365 ], [ -117.8262, 40.1346 ], [ -117.8237, 40.1398 ], [ -117.8208, 40.1417 ], [ -117.8185, 40.1478 ], [ -117.8216, 40.1496 ], [ -117.8216, 40.1514 ], [ -117.8156, 40.1545 ], [ -117.8184, 40.1635 ], [ -117.822, 40.1671 ], [ -117.8208, 40.1705 ], [ -117.8216, 40.1769 ], [ -117.8186, 40.1805 ], [ -117.8115, 40.1817 ], [ -117.8087, 40.1769 ], [ -117.8096, 40.1729 ], [ -117.8123, 40.172 ], [ -117.8154, 40.1642 ] ] ], [ [ [ -117.7956, 40.1709 ], [ -117.7955, 40.1746 ], [ -117.7929, 40.1777 ], [ -117.8018, 40.1808 ], [ -117.8019, 40.1847 ], [ -117.8049, 40.1873 ], [ -117.8073, 40.1841 ], [ -117.8075, 40.207 ], [ -117.8043, 40.2101 ], [ -117.8035, 40.2168 ], [ -117.7961, 40.2199 ], [ -117.7966, 40.2169 ], [ -117.8008, 40.2118 ], [ -117.8008, 40.2065 ], [ -117.8028, 40.2016 ], [ -117.8011, 40.1995 ], [ -117.7977, 40.1984 ], [ -117.7991, 40.1964 ], [ -117.7971, 40.1944 ], [ -117.7946, 40.1864 ], [ -117.7895, 40.1823 ], [ -117.7874, 40.1846 ], [ -117.7869, 40.1804 ], [ -117.7874, 40.1766 ], [ -117.7956, 40.1709 ] ] ], [ [ [ -117.5867, 40.2968 ], [ -117.5842, 40.2914 ], [ -117.5848, 40.2899 ], [ -117.5829, 40.2872 ], [ -117.5833, 40.2859 ], [ -117.587, 40.2874 ], [ -117.5887, 40.2923 ], [ -117.5877, 40.2949 ], [ -117.5917, 40.2971 ], [ -117.59, 40.3047 ], [ -117.5921, 40.3029 ], [ -117.5924, 40.3056 ], [ -117.5905, 40.3076 ], [ -117.589, 40.3076 ], [ -117.5889, 40.3055 ], [ -117.5858, 40.3074 ], [ -117.5847, 40.3059 ], [ -117.5876, 40.3041 ], [ -117.5867, 40.2968 ] ] ], [ [ [ -117.6185, 40.2982 ], [ -117.6106, 40.2929 ], [ -117.6139, 40.289 ], [ -117.6187, 40.2914 ], [ -117.6241, 40.2979 ], [ -117.6225, 40.3076 ], [ -117.6194, 40.3088 ], [ -117.6144, 40.3066 ], [ -117.6187, 40.306 ], [ -117.6195, 40.3008 ], [ -117.6185, 40.2982 ] ] ], [ [ [ -117.6066, 40.307 ], [ -117.6083, 40.3057 ], [ -117.6085, 40.3038 ], [ -117.6126, 40.3057 ], [ -117.6109, 40.3089 ], [ -117.6123, 40.3124 ], [ -117.608, 40.3166 ], [ -117.6012, 40.319 ], [ -117.6016, 40.3135 ], [ -117.6025, 40.3117 ], [ -117.606, 40.3109 ], [ -117.6066, 40.307 ] ] ], [ [ [ -117.8166, 40.6815 ], [ -117.8206, 40.6785 ], [ -117.8251, 40.6785 ], [ -117.8274, 40.6828 ], [ -117.8237, 40.6861 ], [ -117.8251, 40.6875 ], [ -117.8244, 40.6932 ], [ -117.8186, 40.6942 ], [ -117.8166, 40.6959 ], [ -117.8165, 40.7058 ], [ -117.8133, 40.7089 ], [ -117.8116, 40.6996 ], [ -117.814, 40.6923 ], [ -117.8201, 40.6902 ], [ -117.8202, 40.682 ], [ -117.8175, 40.6841 ], [ -117.814, 40.6841 ], [ -117.8064, 40.689 ], [ -117.8055, 40.6876 ], [ -117.8122, 40.6822 ], [ -117.8166, 40.6815 ] ] ], [ [ [ -117.7186, 40.8028 ], [ -117.7161, 40.8076 ], [ -117.7119, 40.8097 ], [ -117.7111, 40.8129 ], [ -117.7085, 40.8135 ], [ -117.7093, 40.8082 ], [ -117.713, 40.8007 ], [ -117.7145, 40.8025 ], [ -117.7179, 40.8006 ], [ -117.7186, 40.8028 ] ] ], [ [ [ -117.7169, 40.8343 ], [ -117.7171, 40.8262 ], [ -117.7205, 40.8216 ], [ -117.7211, 40.8275 ], [ -117.7189, 40.8379 ], [ -117.7169, 40.8343 ] ] ], [ [ [ -117.7081, 40.8326 ], [ -117.7058, 40.8325 ], [ -117.7058, 40.8313 ], [ -117.709, 40.8291 ], [ -117.71, 40.8254 ], [ -117.7077, 40.8175 ], [ -117.7087, 40.8148 ], [ -117.7128, 40.8216 ], [ -117.7118, 40.8312 ], [ -117.7129, 40.8356 ], [ -117.7056, 40.8529 ], [ -117.7054, 40.8564 ], [ -117.7066, 40.8571 ], [ -117.7026, 40.8572 ], [ -117.6999, 40.8528 ], [ -117.7018, 40.8482 ], [ -117.7061, 40.8442 ], [ -117.7081, 40.8398 ], [ -117.709, 40.8352 ], [ -117.7081, 40.8326 ] ] ], [ [ [ -117.7205, 40.8483 ], [ -117.7268, 40.8429 ], [ -117.7281, 40.8388 ], [ -117.7271, 40.8341 ], [ -117.7288, 40.8355 ], [ -117.7317, 40.8455 ], [ -117.728, 40.8571 ], [ -117.722, 40.857 ], [ -117.7228, 40.8509 ], [ -117.7205, 40.8483 ] ] ] ] } },
{ "type": "Feature", "properties": { "tier": "B", "name": "Dun Glen formation" }, "geometry": { "type": "MultiPolygon", "coordinates": [ [ [ [ -117.728, 40.8571 ], [ -117.7259, 40.8623 ], [ -117.7242, 40.8631 ], [ -117.722, 40.857 ], [ -117.728, 40.8571 ] ] ], [ [ [ -117.7073, 40.8763 ], [ -117.7016, 40.8653 ], [ -117.7026, 40.8572 ], [ -117.7066, 40.8571 ], [ -117.7096, 40.8586 ], [ -117.7074, 40.8622 ], [ -117.7079, 40.8683 ], [ -117.7127, 40.8766 ], [ -117.7194, 40.8804 ], [ -117.7181, 40.883 ], [ -117.7125, 40.8818 ], [ -117.7073, 40.8763 ] ] ] ] } },
{ "type": "Feature", "properties": { "tier": "B", "name": "Grass Valley Frm; mudst, sandst, argill, qtzite" }, "geometry": { "type": "MultiPolygon", "coordinates": [ [ [ [ -118.1474, 40.154 ], [ -118.143, 40.1522 ], [ -118.1422, 40.1494 ], [ -118.1487, 40.1527 ], [ -118.1474, 40.154 ] ] ], [ [ [ -118.1195, 40.1599 ], [ -118.1172, 40.1598 ], [ -118.1163, 40.1573 ], [ -118.1145, 40.1566 ], [ -118.1115, 40.1522 ], [ -118.1123, 40.1488 ], [ -118.1089, 40.1457 ], [ -118.1098, 40.1443 ], [ -118.1127, 40.1445 ], [ -118.1114, 40.1419 ], [ -118.1344, 40.1473 ], [ -118.1334, 40.1484 ], [ -118.1349, 40.1513 ], [ -118.1348, 40.1547 ], [ -118.1387, 40.1569 ], [ -118.1408, 40.1598 ], [ -118.1424, 40.1653 ], [ -118.1374, 40.166 ], [ -118.1347, 40.1695 ], [ -118.1309, 40.1637 ], [ -118.1256, 40.1618 ], [ -118.1215, 40.1618 ], [ -118.1195, 40.1599 ] ] ], [ [ [ -118.2171, 40.1574 ], [ -118.2188, 40.1617 ], [ -118.2179, 40.1629 ], [ -118.211, 40.1576 ], [ -118.2124, 40.1548 ], [ -118.2091, 40.1533 ], [ -118.2104, 40.1519 ], [ -118.2102, 40.1501 ], [ -118.2114, 40.1497 ], [ -118.2183, 40.1557 ], [ -118.2171, 40.1574 ] ] ], [ [ [ -118.1609, 40.1776 ], [ -118.1581, 40.1783 ], [ -118.1568, 40.1741 ], [ -118.1622, 40.1743 ], [ -118.1624, 40.1766 ], [ -118.1636, 40.1774 ], [ -118.165, 40.1758 ], [ -118.1702, 40.1745 ], [ -118.1641, 40.1715 ], [ -118.1629, 40.1655 ], [ -118.1611, 40.1638 ], [ -118.1595, 40.1656 ], [ -118.1562, 40.1662 ], [ -118.1582, 40.1692 ], [ -118.1553, 40.169 ], [ -118.1522, 40.1703 ], [ -118.1479, 40.1625 ], [ -118.1494, 40.1565 ], [ -118.155, 40.1586 ], [ -118.1527, 40.1555 ], [ -118.1531, 40.1541 ], [ -118.1618, 40.158 ], [ -118.1588, 40.152 ], [ -118.1622, 40.1537 ], [ -118.1648, 40.1577 ], [ -118.1667, 40.1574 ], [ -118.1673, 40.1544 ], [ -118.1574, 40.1481 ], [ -118.1641, 40.1501 ], [ -118.166, 40.1495 ], [ -118.16, 40.1439 ], [ -118.1745, 40.1502 ], [ -118.1729, 40.1526 ], [ -118.1726, 40.156 ], [ -118.1712, 40.1577 ], [ -118.1686, 40.1576 ], [ -118.1695, 40.1605 ], [ -118.1672, 40.1651 ], [ -118.169, 40.1692 ], [ -118.1741, 40.1736 ], [ -118.173, 40.1772 ], [ -118.1786, 40.1785 ], [ -118.175, 40.1805 ], [ -118.1799, 40.1819 ], [ -118.1811, 40.1834 ], [ -118.1796, 40.1845 ], [ -118.1761, 40.1828 ], [ -118.173, 40.1836 ], [ -118.1609, 40.1776 ] ] ], [ [ [ -118.1836, 40.1502 ], [ -118.1904, 40.1517 ], [ -118.1915, 40.1506 ], [ -118.2005, 40.1598 ], [ -118.1979, 40.1604 ], [ -118.1949, 40.1587 ], [ -118.1942, 40.1616 ], [ -118.1918, 40.1635 ], [ -118.1924, 40.1666 ], [ -118.1888, 40.1674 ], [ -118.1913, 40.1713 ], [ -118.1943, 40.1711 ], [ -118.195, 40.1666 ], [ -118.1966, 40.1665 ], [ -118.1988, 40.1701 ], [ -118.2013, 40.1686 ], [ -118.2053, 40.1689 ], [ -118.2001, 40.1642 ], [ -118.1994, 40.1619 ], [ -118.2005, 40.1612 ], [ -118.2033, 40.1627 ], [ -118.208, 40.1693 ], [ -118.2065, 40.1724 ], [ -118.2032, 40.173 ], [ -118.2044, 40.1754 ], [ -118.2062, 40.1756 ], [ -118.2095, 40.1731 ], [ -118.2124, 40.1756 ], [ -118.2121, 40.1781 ], [ -118.2147, 40.1785 ], [ -118.201, 40.1828 ], [ -118.1931, 40.1755 ], [ -118.1807, 40.16 ], [ -118.1879, 40.1628 ], [ -118.1777, 40.1526 ], [ -118.1804, 40.1527 ], [ -118.1836, 40.1502 ] ], [ [ -118.1925, 40.1551 ], [ -118.1891, 40.1541 ], [ -118.1879, 40.1582 ], [ -118.1928, 40.1568 ], [ -118.1925, 40.1551 ] ] ], [ [ [ -118.1608, 40.1895 ], [ -118.1533, 40.1833 ], [ -118.1524, 40.1786 ], [ -118.1656, 40.1874 ], [ -118.1608, 40.1895 ] ] ], [ [ [ -118.2002, 40.1845 ], [ -118.2014, 40.1874 ], [ -118.2032, 40.1885 ], [ -118.2011, 40.1904 ], [ -118.1968, 40.1908 ], [ -118.1928, 40.1878 ], [ -118.1852, 40.1852 ], [ -118.1838, 40.1809 ], [ -118.1883, 40.1814 ], [ -118.189, 40.1804 ], [ -118.1971, 40.187 ], [ -118.201, 40.1828 ], [ -118.2002, 40.1845 ] ] ], [ [ [ -118.1849, 40.1881 ], [ -118.1957, 40.1935 ], [ -118.1917, 40.1944 ], [ -118.1911, 40.1959 ], [ -118.1821, 40.1896 ], [ -118.1849, 40.1881 ] ] ], [ [ [ -118.1719, 40.1906 ], [ -118.1726, 40.1925 ], [ -118.1699, 40.1947 ], [ -118.1754, 40.1929 ], [ -118.1765, 40.1912 ], [ -118.1866, 40.1985 ], [ -118.1751, 40.2081 ], [ -118.1732, 40.2045 ], [ -118.1659, 40.2057 ], [ -118.1633, 40.1974 ], [ -118.1595, 40.1946 ], [ -118.1668, 40.1936 ], [ -118.1719, 40.1906 ] ] ], [ [ [ -118.2283, 40.4992 ], [ -118.232, 40.496 ], [ -118.2278, 40.4966 ], [ -118.2278, 40.4947 ], [ -118.2345, 40.4926 ], [ -118.2414, 40.4998 ], [ -118.2424, 40.5023 ], [ -118.2407, 40.5042 ], [ -118.2377, 40.5036 ], [ -118.2343, 40.5068 ], [ -118.2312, 40.5038 ], [ -118.2274, 40.5058 ], [ -118.2263, 40.5032 ], [ -118.2283, 40.4992 ] ] ], [ [ [ -118.232, 40.5222 ], [ -118.2358, 40.5172 ], [ -118.2349, 40.5147 ], [ -118.2403, 40.5142 ], [ -118.2409, 40.5193 ], [ -118.2379, 40.5212 ], [ -118.2368, 40.5238 ], [ -118.232, 40.5222 ] ] ], [ [ [ -118.2296, 40.5265 ], [ -118.2289, 40.5327 ], [ -118.2248, 40.5319 ], [ -118.2268, 40.5269 ], [ -118.2296, 40.5265 ] ] ], [ [ [ -118.1867, 40.5955 ], [ -118.1911, 40.5919 ], [ -118.1981, 40.5894 ], [ -118.1998, 40.5918 ], [ -118.202, 40.5923 ], [ -118.2128, 40.5877 ], [ -118.2151, 40.5873 ], [ -118.2189, 40.5894 ], [ -118.2168, 40.5857 ], [ -118.2178, 40.5799 ], [ -118.2208, 40.5777 ], [ -118.219, 40.5712 ], [ -118.2202, 40.5696 ], [ -118.2241, 40.5698 ], [ -118.2259, 40.5599 ], [ -118.2217, 40.5505 ], [ -118.2258, 40.5538 ], [ -118.2285, 40.5535 ], [ -118.2299, 40.5556 ], [ -118.2373, 40.5557 ], [ -118.2367, 40.553 ], [ -118.2286, 40.5502 ], [ -118.2287, 40.5477 ], [ -118.2239, 40.548 ], [ -118.2201, 40.5461 ], [ -118.2221, 40.5432 ], [ -118.2211, 40.5408 ], [ -118.2263, 40.5351 ], [ -118.2288, 40.5374 ], [ -118.2304, 40.5373 ], [ -118.2347, 40.5259 ], [ -118.237, 40.525 ], [ -118.239, 40.5258 ], [ -118.2424, 40.5333 ], [ -118.2394, 40.5377 ], [ -118.243, 40.5368 ], [ -118.2451, 40.5396 ], [ -118.2477, 40.5372 ], [ -118.2495, 40.5379 ], [ -118.2498, 40.5397 ], [ -118.2468, 40.5448 ], [ -118.2496, 40.547 ], [ -118.2475, 40.5484 ], [ -118.25, 40.5522 ], [ -118.248, 40.5579 ], [ -118.2445, 40.5547 ], [ -118.2422, 40.5565 ], [ -118.2386, 40.5564 ], [ -118.238, 40.5574 ], [ -118.239, 40.562 ], [ -118.2428, 40.5615 ], [ -118.2464, 40.5653 ], [ -118.2463, 40.5696 ], [ -118.2438, 40.5736 ], [ -118.2442, 40.577 ], [ -118.2419, 40.5765 ], [ -118.2417, 40.5808 ], [ -118.2339, 40.5847 ], [ -118.2345, 40.5884 ], [ -118.2333, 40.5886 ], [ -118.2321, 40.5863 ], [ -118.2308, 40.5868 ], [ -118.2325, 40.5933 ], [ -118.2257, 40.591 ], [ -118.2226, 40.5915 ], [ -118.2229, 40.5934 ], [ -118.2257, 40.5946 ], [ -118.2272, 40.5981 ], [ -118.2298, 40.6 ], [ -118.2199, 40.6097 ], [ -118.2036, 40.6191 ], [ -118.1968, 40.6177 ], [ -118.1981, 40.6151 ], [ -118.1976, 40.6131 ], [ -118.1947, 40.6138 ], [ -118.1903, 40.6098 ], [ -118.1899, 40.6048 ], [ -118.1876, 40.6047 ], [ -118.187, 40.6036 ], [ -118.1908, 40.6003 ], [ -118.1894, 40.5978 ], [ -118.1866, 40.5997 ], [ -118.1851, 40.5979 ], [ -118.1842, 40.6006 ], [ -118.1797, 40.6015 ], [ -118.1779, 40.5976 ], [ -118.179, 40.5965 ], [ -118.1838, 40.595 ], [ -118.1867, 40.5955 ] ] ], [ [ [ -118.1091, 40.1878 ], [ -118.1144, 40.1866 ], [ -118.1089, 40.1827 ], [ -118.1089, 40.1796 ], [ -118.1122, 40.1788 ], [ -118.1132, 40.1764 ], [ -118.1119, 40.1733 ], [ -118.1124, 40.1696 ], [ -118.1103, 40.1671 ], [ -118.1121, 40.1652 ], [ -118.117, 40.1648 ], [ -118.1225, 40.169 ], [ -118.1258, 40.1685 ], [ -118.1282, 40.1722 ], [ -118.1306, 40.1727 ], [ -118.1322, 40.1761 ], [ -118.1362, 40.1792 ], [ -118.1347, 40.1834 ], [ -118.1297, 40.1792 ], [ -118.1218, 40.1791 ], [ -118.1207, 40.1808 ], [ -118.1221, 40.1832 ], [ -118.1185, 40.1839 ], [ -118.1152, 40.1886 ], [ -118.1092, 40.1912 ], [ -118.1049, 40.1951 ], [ -118.0972, 40.1927 ], [ -118.1058, 40.1903 ], [ -118.1091, 40.1878 ] ] ], [ [ [ -118.0414, 40.6753 ], [ -118.0506, 40.6733 ], [ -118.0496, 40.6704 ], [ -118.0532, 40.6706 ], [ -118.0551, 40.6724 ], [ -118.0553, 40.6743 ], [ -118.0529, 40.676 ], [ -118.053, 40.6777 ], [ -118.0486, 40.6772 ], [ -118.0475, 40.6798 ], [ -118.0442, 40.6808 ], [ -118.0435, 40.6793 ], [ -118.041, 40.679 ], [ -118.042, 40.6778 ], [ -118.0409, 40.6767 ], [ -118.0414, 40.6753 ] ] ], [ [ [ -118.0371, 40.6763 ], [ -118.0399, 40.6772 ], [ -118.04, 40.6778 ], [ -118.0381, 40.6782 ], [ -118.0371, 40.6763 ] ] ], [ [ [ -118.0375, 40.6886 ], [ -118.0336, 40.6862 ], [ -118.0339, 40.6852 ], [ -118.0355, 40.6847 ], [ -118.0379, 40.6871 ], [ -118.0375, 40.6886 ] ] ], [ [ [ -117.8115, 40.6801 ], [ -117.8199, 40.6731 ], [ -117.8246, 40.6707 ], [ -117.8307, 40.6712 ], [ -117.8285, 40.6754 ], [ -117.8323, 40.6844 ], [ -117.8285, 40.6885 ], [ -117.8279, 40.6943 ], [ -117.8356, 40.6973 ], [ -117.8305, 40.6988 ], [ -117.8286, 40.6975 ], [ -117.8261, 40.7044 ], [ -117.8257, 40.7012 ], [ -117.8183, 40.7018 ], [ -117.8165, 40.7058 ], [ -117.816, 40.7029 ], [ -117.8172, 40.7001 ], [ -117.8163, 40.6967 ], [ -117.8193, 40.694 ], [ -117.8244, 40.6932 ], [ -117.8251, 40.6875 ], [ -117.8237, 40.6861 ], [ -117.8274, 40.6828 ], [ -117.8251, 40.6785 ], [ -117.8241, 40.6793 ], [ -117.8213, 40.6782 ], [ -117.8166, 40.6815 ], [ -117.8114, 40.6825 ], [ -117.8055, 40.6876 ], [ -117.8025, 40.6853 ], [ -117.8115, 40.6801 ] ] ], [ [ [ -117.836, 40.6949 ], [ -117.8345, 40.6949 ], [ -117.8334, 40.6915 ], [ -117.8348, 40.6907 ], [ -117.8378, 40.6925 ], [ -117.836, 40.6949 ] ] ], [ [ [ -117.8171, 40.7216 ], [ -117.82, 40.7184 ], [ -117.8154, 40.7185 ], [ -117.8153, 40.7123 ], [ -117.8228, 40.7094 ], [ -117.8204, 40.7259 ], [ -117.8154, 40.7263 ], [ -117.8171, 40.7216 ] ] ], [ [ [ -117.896, 40.7508 ], [ -117.8984, 40.7467 ], [ -117.9018, 40.7455 ], [ -117.9023, 40.7471 ], [ -117.8964, 40.7561 ], [ -117.896, 40.7508 ] ] ], [ [ [ -117.838, 40.8056 ], [ -117.8364, 40.8026 ], [ -117.8386, 40.8008 ], [ -117.8383, 40.7988 ], [ -117.8407, 40.7945 ], [ -117.8439, 40.7959 ], [ -117.8481, 40.7946 ], [ -117.8527, 40.797 ], [ -117.856, 40.797 ], [ -117.8477, 40.7929 ], [ -117.8484, 40.7907 ], [ -117.8524, 40.7901 ], [ -117.8508, 40.7864 ], [ -117.8368, 40.7801 ], [ -117.8459, 40.778 ], [ -117.8414, 40.7708 ], [ -117.8456, 40.7731 ], [ -117.8507, 40.7672 ], [ -117.8561, 40.7597 ], [ -117.8567, 40.7551 ], [ -117.8595, 40.7542 ], [ -117.8586, 40.7468 ], [ -117.8607, 40.7449 ], [ -117.8623, 40.7458 ], [ -117.8626, 40.7515 ], [ -117.8662, 40.7465 ], [ -117.8716, 40.7446 ], [ -117.8706, 40.7503 ], [ -117.8671, 40.7566 ], [ -117.8682, 40.7601 ], [ -117.8644, 40.7709 ], [ -117.8644, 40.7741 ], [ -117.869, 40.7751 ], [ -117.8789, 40.7735 ], [ -117.9028, 40.7626 ], [ -117.9098, 40.754 ], [ -117.9104, 40.7475 ], [ -117.9132, 40.7413 ], [ -117.9176, 40.7382 ], [ -117.9205, 40.7384 ], [ -117.9236, 40.7427 ], [ -117.9409, 40.7435 ], [ -117.9442, 40.7403 ], [ -117.9505, 40.739 ], [ -117.9535, 40.7417 ], [ -117.9621, 40.7424 ], [ -117.9659, 40.7469 ], [ -117.9668, 40.7491 ], [ -117.9586, 40.7542 ], [ -117.9493, 40.7716 ], [ -117.9373, 40.7811 ], [ -117.9204, 40.7896 ], [ -117.9103, 40.7963 ], [ -117.9075, 40.7953 ], [ -117.9028, 40.7962 ], [ -117.8941, 40.7953 ], [ -117.8865, 40.7978 ], [ -117.8863, 40.8013 ], [ -117.8818, 40.7991 ], [ -117.8776, 40.8003 ], [ -117.8772, 40.8033 ], [ -117.8792, 40.8085 ], [ -117.8753, 40.8205 ], [ -117.8844, 40.8442 ], [ -117.8824, 40.8446 ], [ -117.8739, 40.8336 ], [ -117.8609, 40.8265 ], [ -117.8565, 40.8157 ], [ -117.8502, 40.8072 ], [ -117.8484, 40.8061 ], [ -117.8435, 40.807 ], [ -117.838, 40.8056 ] ] ], [ [ [ -117.7058, 40.8313 ], [ -117.7062, 40.8229 ], [ -117.7047, 40.818 ], [ -117.7062, 40.8153 ], [ -117.709, 40.8196 ], [ -117.71, 40.8254 ], [ -117.709, 40.8291 ], [ -117.7058, 40.8313 ] ] ], [ [ [ -117.9522, 40.7957 ], [ -117.9516, 40.7984 ], [ -117.9535, 40.798 ], [ -117.9531, 40.801 ], [ -117.9689, 40.7951 ], [ -117.9725, 40.7955 ], [ -117.9753, 40.7985 ], [ -117.9728, 40.8013 ], [ -117.9677, 40.8027 ], [ -117.9674, 40.8054 ], [ -117.9651, 40.8074 ], [ -117.9694, 40.8093 ], [ -117.9703, 40.8132 ], [ -117.9585, 40.8269 ], [ -117.9551, 40.8331 ], [ -117.9471, 40.8546 ], [ -117.9412, 40.8512 ], [ -117.9377, 40.8527 ], [ -117.9344, 40.8563 ], [ -117.929, 40.8563 ], [ -117.9304, 40.8435 ], [ -117.934, 40.8356 ], [ -117.9327, 40.8277 ], [ -117.934, 40.82 ], [ -117.9377, 40.8104 ], [ -117.9504, 40.7957 ], [ -117.9522, 40.7957 ] ] ], [ [ [ -117.667, 40.8358 ], [ -117.6695, 40.8276 ], [ -117.6716, 40.83 ], [ -117.6749, 40.847 ], [ -117.6723, 40.8492 ], [ -117.6704, 40.8574 ], [ -117.6675, 40.8573 ], [ -117.6709, 40.8429 ], [ -117.667, 40.8358 ] ] ], [ [ [ -117.7003, 40.8436 ], [ -117.7074, 40.8415 ], [ -117.7006, 40.8505 ], [ -117.6999, 40.8528 ], [ -117.7026, 40.8572 ], [ -117.6965, 40.8572 ], [ -117.6953, 40.8526 ], [ -117.7003, 40.8436 ] ] ] ] } },
{ "type": "Feature", "properties": { "tier": "B", "name": "Grass Valley formation" }, "geometry": { "type": "MultiPolygon", "coordinates": [ [ [ [ -117.7512, 41.5354 ], [ -117.7524, 41.541 ], [ -117.7599, 41.5444 ], [ -117.7629, 41.5478 ], [ -117.7627, 41.5529 ], [ -117.7575, 41.557 ], [ -117.7583, 41.5605 ], [ -117.7621, 41.5661 ], [ -117.7592, 41.5664 ], [ -117.7576, 41.5626 ], [ -117.7542, 41.5613 ], [ -117.7526, 41.564 ], [ -117.7472, 41.5633 ], [ -117.7398, 41.5651 ], [ -117.729, 41.5712 ], [ -117.7313, 41.5634 ], [ -117.7328, 41.564 ], [ -117.7319, 41.5596 ], [ -117.7359, 41.5529 ], [ -117.7349, 41.5497 ], [ -117.741, 41.5424 ], [ -117.7416, 41.5366 ], [ -117.7473, 41.5341 ], [ -117.7512, 41.5354 ] ] ], [ [ [ -117.7255, 41.5676 ], [ -117.7229, 41.5698 ], [ -117.7242, 41.5637 ], [ -117.728, 41.5571 ], [ -117.7255, 41.5676 ] ] ], [ [ [ -117.7629, 41.5754 ], [ -117.7603, 41.5726 ], [ -117.7626, 41.5709 ], [ -117.7625, 41.5679 ], [ -117.7639, 41.5704 ], [ -117.7629, 41.5754 ] ] ], [ [ [ -117.7301, 41.5833 ], [ -117.733, 41.5853 ], [ -117.7303, 41.586 ], [ -117.7255, 41.5829 ], [ -117.729, 41.5712 ], [ -117.7314, 41.5751 ], [ -117.7295, 41.5773 ], [ -117.7301, 41.5833 ] ] ], [ [ [ -117.742, 41.5832 ], [ -117.7446, 41.5882 ], [ -117.7429, 41.5906 ], [ -117.7352, 41.5946 ], [ -117.7316, 41.6001 ], [ -117.7328, 41.5936 ], [ -117.7395, 41.5881 ], [ -117.7401, 41.5853 ], [ -117.7421, 41.5863 ], [ -117.742, 41.5832 ] ] ], [ [ [ -117.7257, 41.6026 ], [ -117.7146, 41.6089 ], [ -117.7134, 41.607 ], [ -117.7171, 41.6059 ], [ -117.7194, 41.6029 ], [ -117.7247, 41.5998 ], [ -117.7257, 41.5966 ], [ -117.7238, 41.5934 ], [ -117.7317, 41.5896 ], [ -117.7324, 41.5873 ], [ -117.7342, 41.5874 ], [ -117.7347, 41.5895 ], [ -117.7337, 41.5908 ], [ -117.7271, 41.5936 ], [ -117.7257, 41.6026 ] ] ], [ [ [ -117.7503, 41.6017 ], [ -117.7443, 41.6069 ], [ -117.745, 41.599 ], [ -117.7532, 41.5931 ], [ -117.7551, 41.5901 ], [ -117.7562, 41.5938 ], [ -117.7503, 41.6017 ] ] ], [ [ [ -117.7522, 41.6166 ], [ -117.7512, 41.6102 ], [ -117.7523, 41.6075 ], [ -117.7545, 41.6062 ], [ -117.7522, 41.6166 ] ] ], [ [ [ -117.7371, 41.6127 ], [ -117.7383, 41.6144 ], [ -117.7411, 41.6133 ], [ -117.7451, 41.6147 ], [ -117.7447, 41.6159 ], [ -117.7419, 41.6166 ], [ -117.7352, 41.6157 ], [ -117.7352, 41.6132 ], [ -117.7371, 41.6127 ] ] ], [ [ [ -117.7395, 41.6242 ], [ -117.7361, 41.6253 ], [ -117.7302, 41.6294 ], [ -117.731, 41.626 ], [ -117.7331, 41.6245 ], [ -117.7379, 41.6219 ], [ -117.74, 41.6227 ], [ -117.7395, 41.6242 ] ] ], [ [ [ -117.7319, 41.6497 ], [ -117.7395, 41.6393 ], [ -117.7406, 41.6399 ], [ -117.7393, 41.6433 ], [ -117.7452, 41.639 ], [ -117.7477, 41.6388 ], [ -117.7336, 41.6532 ], [ -117.7299, 41.6537 ], [ -117.7256, 41.6566 ], [ -117.7204, 41.6564 ], [ -117.7237, 41.6527 ], [ -117.7248, 41.6534 ], [ -117.7319, 41.6497 ] ] ], [ [ [ -117.6972, 40.8736 ], [ -117.6989, 40.8676 ], [ -117.6974, 40.8653 ], [ -117.6994, 40.8635 ], [ -117.6997, 40.861 ], [ -117.6965, 40.8572 ], [ -117.7026, 40.8572 ], [ -117.7016, 40.8653 ], [ -117.7073, 40.8763 ], [ -117.7125, 40.8818 ], [ -117.7102, 40.8825 ], [ -117.7104, 40.884 ], [ -117.7073, 40.8831 ], [ -117.7018, 40.8774 ], [ -117.6935, 40.8752 ], [ -117.6972, 40.8736 ] ] ], [ [ [ -117.6272, 41.3823 ], [ -117.6355, 41.3768 ], [ -117.6446, 41.3643 ], [ -117.6541, 41.3597 ], [ -117.6562, 41.3555 ], [ -117.6621, 41.3487 ], [ -117.6652, 41.3482 ], [ -117.6685, 41.3458 ], [ -117.6659, 41.3488 ], [ -117.6655, 41.353 ], [ -117.6643, 41.3536 ], [ -117.6613, 41.352 ], [ -117.66, 41.3549 ], [ -117.6571, 41.3571 ], [ -117.6518, 41.3683 ], [ -117.6587, 41.3639 ], [ -117.6565, 41.3689 ], [ -117.6403, 41.3835 ], [ -117.6333, 41.3881 ], [ -117.6249, 41.3902 ], [ -117.6242, 41.3892 ], [ -117.6266, 41.3865 ], [ -117.6272, 41.3823 ] ] ], [ [ [ -117.6481, 41.3786 ], [ -117.6543, 41.373 ], [ -117.6554, 41.3731 ], [ -117.6554, 41.3752 ], [ -117.6578, 41.3757 ], [ -117.6462, 41.3852 ], [ -117.6481, 41.3786 ] ] ], [ [ [ -117.7534, 41.5842 ], [ -117.7516, 41.5881 ], [ -117.7393, 41.5992 ], [ -117.7373, 41.6089 ], [ -117.7263, 41.6126 ], [ -117.7227, 41.6157 ], [ -117.7207, 41.6195 ], [ -117.7209, 41.6239 ], [ -117.7072, 41.6392 ], [ -117.7096, 41.6423 ], [ -117.7091, 41.6437 ], [ -117.701, 41.6451 ], [ -117.6959, 41.6479 ], [ -117.6959, 41.646 ], [ -117.6938, 41.6459 ], [ -117.6859, 41.6518 ], [ -117.6852, 41.6549 ], [ -117.6816, 41.6566 ], [ -117.6778, 41.6559 ], [ -117.6734, 41.6573 ], [ -117.6664, 41.6571 ], [ -117.6595, 41.6629 ], [ -117.6517, 41.6655 ], [ -117.6537, 41.6629 ], [ -117.664, 41.6564 ], [ -117.6661, 41.6522 ], [ -117.6703, 41.6507 ], [ -117.67, 41.6469 ], [ -117.6736, 41.6457 ], [ -117.6802, 41.6492 ], [ -117.6823, 41.6461 ], [ -117.6883, 41.6424 ], [ -117.694, 41.643 ], [ -117.6981, 41.6406 ], [ -117.7031, 41.636 ], [ -117.7048, 41.6297 ], [ -117.7086, 41.6242 ], [ -117.7144, 41.6199 ], [ -117.715, 41.6157 ], [ -117.7172, 41.6141 ], [ -117.719, 41.6104 ], [ -117.7256, 41.609 ], [ -117.7341, 41.6045 ], [ -117.7365, 41.5963 ], [ -117.7481, 41.59 ], [ -117.7511, 41.5864 ], [ -117.7508, 41.5834 ], [ -117.7534, 41.5842 ] ] ], [ [ [ -117.7232, 41.6392 ], [ -117.7173, 41.6418 ], [ -117.7183, 41.6352 ], [ -117.722, 41.6325 ], [ -117.7251, 41.6272 ], [ -117.7269, 41.6267 ], [ -117.7278, 41.6274 ], [ -117.726, 41.6366 ], [ -117.7232, 41.6392 ] ] ], [ [ [ -117.6531, 41.6475 ], [ -117.6517, 41.6448 ], [ -117.6523, 41.6403 ], [ -117.6561, 41.6345 ], [ -117.6654, 41.628 ], [ -117.6663, 41.631 ], [ -117.6624, 41.6418 ], [ -117.6585, 41.6454 ], [ -117.6531, 41.6475 ] ] ], [ [ [ -117.6648, 41.6483 ], [ -117.665, 41.6503 ], [ -117.6579, 41.6589 ], [ -117.6548, 41.6609 ], [ -117.6626, 41.6489 ], [ -117.6648, 41.6483 ] ] ], [ [ [ -117.7173, 41.6585 ], [ -117.7155, 41.6583 ], [ -117.7132, 41.657 ], [ -117.7165, 41.6545 ], [ -117.7179, 41.6572 ], [ -117.7173, 41.6585 ] ] ], [ [ [ -117.6172, 41.6799 ], [ -117.6229, 41.6767 ], [ -117.6291, 41.6635 ], [ -117.6327, 41.6607 ], [ -117.6369, 41.6534 ], [ -117.6463, 41.6481 ], [ -117.652, 41.6479 ], [ -117.6527, 41.6536 ], [ -117.6488, 41.6621 ], [ -117.648, 41.6587 ], [ -117.6406, 41.6684 ], [ -117.6374, 41.6711 ], [ -117.6318, 41.6723 ], [ -117.6239, 41.6813 ], [ -117.616, 41.6855 ], [ -117.6106, 41.6905 ], [ -117.5962, 41.6964 ], [ -117.5957, 41.6917 ], [ -117.5918, 41.6863 ], [ -117.6048, 41.6833 ], [ -117.6129, 41.6829 ], [ -117.6115, 41.6813 ], [ -117.6172, 41.6799 ] ] ] ] } },
{ "type": "Feature", "properties": { "tier": "B", "name": "Grass Valley, Osobb Frm; argillite, sandstone" }, "geometry": { "type": "MultiPolygon", "coordinates": [ [ [ [ -117.8531, 40.0456 ], [ -117.8483, 40.0519 ], [ -117.8491, 40.0433 ], [ -117.8513, 40.0413 ], [ -117.8563, 40.0394 ], [ -117.8637, 40.0392 ], [ -117.8531, 40.0456 ] ] ], [ [ [ -117.8457, 40.0653 ], [ -117.8472, 40.0615 ], [ -117.849, 40.0581 ], [ -117.8515, 40.0614 ], [ -117.8457, 40.0653 ] ] ], [ [ [ -117.8343, 40.0687 ], [ -117.8288, 40.0662 ], [ -117.8245, 40.0687 ], [ -117.8258, 40.0648 ], [ -117.8289, 40.0627 ], [ -117.8343, 40.0667 ], [ -117.8343, 40.0687 ] ] ], [ [ [ -117.8379, 40.0701 ], [ -117.8371, 40.0635 ], [ -117.8398, 40.0545 ], [ -117.8445, 40.0615 ], [ -117.8423, 40.069 ], [ -117.8443, 40.0684 ], [ -117.8409, 40.0777 ], [ -117.8377, 40.0765 ], [ -117.8352, 40.073 ], [ -117.8282, 40.08 ], [ -117.8195, 40.0847 ], [ -117.8278, 40.0751 ], [ -117.8379, 40.0701 ] ] ], [ [ [ -117.7942, 40.1541 ], [ -117.7925, 40.1507 ], [ -117.7939, 40.1469 ], [ -117.7934, 40.1409 ], [ -117.7976, 40.1306 ], [ -117.8029, 40.1275 ], [ -117.7973, 40.1411 ], [ -117.7942, 40.1541 ] ] ], [ [ [ -117.8043, 40.2101 ], [ -117.8075, 40.207 ], [ -117.8073, 40.1841 ], [ -117.799, 40.179 ], [ -117.7929, 40.1777 ], [ -117.8043, 40.1669 ], [ -117.812, 40.1619 ], [ -117.8087, 40.1769 ], [ -117.8115, 40.1817 ], [ -117.8198, 40.18 ], [ -117.8221, 40.1747 ], [ -117.8208, 40.1715 ], [ -117.822, 40.1671 ], [ -117.8184, 40.1635 ], [ -117.8158, 40.1538 ], [ -117.8216, 40.1514 ], [ -117.8216, 40.1496 ], [ -117.8185, 40.147 ], [ -117.8208, 40.1417 ], [ -117.8237, 40.1398 ], [ -117.8253, 40.1352 ], [ -117.8262, 40.1346 ], [ -117.8283, 40.1372 ], [ -117.8299, 40.1367 ], [ -117.8385, 40.1237 ], [ -117.8379, 40.1177 ], [ -117.8403, 40.1113 ], [ -117.8377, 40.0987 ], [ -117.8411, 40.0892 ], [ -117.8423, 40.093 ], [ -117.8456, 40.0912 ], [ -117.8476, 40.0864 ], [ -117.8469, 40.0817 ], [ -117.849, 40.0786 ], [ -117.8586, 40.0757 ], [ -117.8564, 40.0735 ], [ -117.8607, 40.0714 ], [ -117.8697, 40.0731 ], [ -117.8715, 40.0822 ], [ -117.8668, 40.0802 ], [ -117.8653, 40.0808 ], [ -117.8683, 40.0873 ], [ -117.8718, 40.0886 ], [ -117.872, 40.0898 ], [ -117.8615, 40.0995 ], [ -117.848, 40.1056 ], [ -117.8476, 40.1144 ], [ -117.8529, 40.1124 ], [ -117.8553, 40.1101 ], [ -117.8601, 40.1113 ], [ -117.8703, 40.1033 ], [ -117.8732, 40.1021 ], [ -117.8739, 40.1038 ], [ -117.8625, 40.117 ], [ -117.8573, 40.1181 ], [ -117.8479, 40.1235 ], [ -117.8475, 40.1171 ], [ -117.8441, 40.1205 ], [ -117.8421, 40.13 ], [ -117.8445, 40.1355 ], [ -117.8432, 40.1365 ], [ -117.8399, 40.135 ], [ -117.8378, 40.1493 ], [ -117.849, 40.1506 ], [ -117.8489, 40.1514 ], [ -117.847, 40.1537 ], [ -117.8425, 40.1544 ], [ -117.8361, 40.1531 ], [ -117.8308, 40.1689 ], [ -117.8235, 40.1773 ], [ -117.8247, 40.1834 ], [ -117.8198, 40.1903 ], [ -117.8138, 40.1953 ], [ -117.8133, 40.2017 ], [ -117.8111, 40.2068 ], [ -117.8132, 40.2094 ], [ -117.8128, 40.2127 ], [ -117.8092, 40.2143 ], [ -117.8093, 40.2177 ], [ -117.8026, 40.2175 ], [ -117.8037, 40.2164 ], [ -117.8043, 40.2101 ] ] ], [ [ [ -117.7796, 40.1656 ], [ -117.7766, 40.1663 ], [ -117.7765, 40.1635 ], [ -117.7806, 40.1621 ], [ -117.7899, 40.165 ], [ -117.7891, 40.1678 ], [ -117.7852, 40.1677 ], [ -117.7796, 40.1656 ] ] ], [ [ [ -117.7817, 40.1811 ], [ -117.787, 40.1794 ], [ -117.7882, 40.1921 ], [ -117.7844, 40.1911 ], [ -117.7807, 40.1926 ], [ -117.78, 40.191 ], [ -117.7812, 40.1827 ], [ -117.7817, 40.1811 ] ] ], [ [ [ -117.852, 40.1894 ], [ -117.8504, 40.191 ], [ -117.8482, 40.1896 ], [ -117.8492, 40.1873 ], [ -117.8513, 40.187 ], [ -117.852, 40.1894 ] ] ], [ [ [ -117.7812, 40.2199 ], [ -117.7801, 40.2053 ], [ -117.7823, 40.1987 ], [ -117.7887, 40.1944 ], [ -117.7906, 40.2053 ], [ -117.787, 40.2208 ], [ -117.7812, 40.2199 ] ] ] ] } },
{ "type": "Feature", "properties": { "tier": "B", "name": "Limestone and Dolomite" }, "geometry": { "type": "Polygon", "coordinates": [ [ [ -118.126, 39.3324 ], [ -118.1238, 39.33 ], [ -118.1201, 39.332 ], [ -118.113, 39.3281 ], [ -118.1139, 39.3255 ], [ -118.1181, 39.3213 ], [ -118.1212, 39.3112 ], [ -118.1317, 39.3195 ], [ -118.1344, 39.3238 ], [ -118.133, 39.3288 ], [ -118.1311, 39.3309 ], [ -118.126, 39.3324 ] ], [ [ -118.128, 39.3205 ], [ -118.1268, 39.3233 ], [ -118.1245, 39.3254 ], [ -118.1274, 39.3256 ], [ -118.1268, 39.3269 ], [ -118.1303, 39.3276 ], [ -118.1297, 39.3247 ], [ -118.1326, 39.3258 ], [ -118.132, 39.3244 ], [ -118.1285, 39.3231 ], [ -118.1311, 39.3217 ], [ -118.1289, 39.3183 ], [ -118.1276, 39.3182 ], [ -118.128, 39.3205 ] ] ] } },
{ "type": "Feature", "properties": { "tier": "B", "name": "Limestone and dolomite" }, "geometry": { "type": "MultiPolygon", "coordinates": [ [ [ [ -118.0655, 39.287 ], [ -118.0656, 39.291 ], [ -118.0593, 39.2912 ], [ -118.0612, 39.2881 ], [ -118.0655, 39.287 ] ] ], [ [ [ -118.3077, 39.4184 ], [ -118.3105, 39.4168 ], [ -118.316, 39.4205 ], [ -118.3099, 39.4221 ], [ -118.3075, 39.4212 ], [ -118.3077, 39.4184 ] ] ], [ [ [ -118.2896, 39.4204 ], [ -118.2915, 39.4175 ], [ -118.2952, 39.4208 ], [ -118.3075, 39.4212 ], [ -118.3061, 39.423 ], [ -118.3032, 39.423 ], [ -118.3022, 39.4251 ], [ -118.295, 39.4233 ], [ -118.2965, 39.4251 ], [ -118.2947, 39.4264 ], [ -118.301, 39.4278 ], [ -118.3, 39.4327 ], [ -118.2907, 39.4356 ], [ -118.2914, 39.4332 ], [ -118.2824, 39.4349 ], [ -118.2857, 39.4301 ], [ -118.294, 39.4246 ], [ -118.2892, 39.424 ], [ -118.2896, 39.4204 ] ] ], [ [ [ -118.3115, 39.4726 ], [ -118.3127, 39.4711 ], [ -118.3118, 39.4678 ], [ -118.3136, 39.469 ], [ -118.315, 39.4671 ], [ -118.3168, 39.4705 ], [ -118.3212, 39.4724 ], [ -118.322, 39.4747 ], [ -118.3267, 39.4709 ], [ -118.3188, 39.4645 ], [ -118.318, 39.4609 ], [ -118.314, 39.4622 ], [ -118.3148, 39.4654 ], [ -118.3119, 39.4653 ], [ -118.3106, 39.4636 ], [ -118.3074, 39.4649 ], [ -118.303, 39.4585 ], [ -118.3044, 39.4564 ], [ -118.2994, 39.4515 ], [ -118.2959, 39.4507 ], [ -118.2938, 39.4517 ], [ -118.2876, 39.4482 ], [ -118.278, 39.4475 ], [ -118.2774, 39.4412 ], [ -118.2785, 39.4414 ], [ -118.2788, 39.4401 ], [ -118.2802, 39.4408 ], [ -118.2806, 39.4427 ], [ -118.2793, 39.4448 ], [ -118.2827, 39.4454 ], [ -118.2836, 39.4436 ], [ -118.2819, 39.4399 ], [ -118.2833, 39.4363 ], [ -118.2893, 39.4448 ], [ -118.2913, 39.4447 ], [ -118.291, 39.4468 ], [ -118.2931, 39.4462 ], [ -118.2931, 39.4488 ], [ -118.2968, 39.4453 ], [ -118.2969, 39.4413 ], [ -118.3029, 39.4428 ], [ -118.3099, 39.439 ], [ -118.3098, 39.4379 ], [ -118.3079, 39.4383 ], [ -118.3078, 39.4358 ], [ -118.2976, 39.4378 ], [ -118.3026, 39.4351 ], [ -118.3027, 39.4335 ], [ -118.3069, 39.4336 ], [ -118.3035, 39.4311 ], [ -118.3057, 39.4296 ], [ -118.3112, 39.4323 ], [ -118.3159, 39.4309 ], [ -118.3159, 39.4289 ], [ -118.3143, 39.427 ], [ -118.3061, 39.423 ], [ -118.3161, 39.4266 ], [ -118.3195, 39.4327 ], [ -118.321, 39.433 ], [ -118.326, 39.4318 ], [ -118.3227, 39.431 ], [ -118.3242, 39.4298 ], [ -118.3127, 39.4233 ], [ -118.3146, 39.4225 ], [ -118.3203, 39.424 ], [ -118.328, 39.4218 ], [ -118.3317, 39.4237 ], [ -118.335, 39.4234 ], [ -118.33, 39.4285 ], [ -118.331, 39.4357 ], [ -118.3253, 39.4381 ], [ -118.3256, 39.4414 ], [ -118.328, 39.4429 ], [ -118.328, 39.4455 ], [ -118.3332, 39.4459 ], [ -118.3249, 39.448 ], [ -118.3144, 39.4488 ], [ -118.3143, 39.4506 ], [ -118.3151, 39.4551 ], [ -118.3199, 39.4558 ], [ -118.3215, 39.4623 ], [ -118.3245, 39.4627 ], [ -118.3262, 39.4647 ], [ -118.3302, 39.4636 ], [ -118.3312, 39.4678 ], [ -118.3356, 39.4729 ], [ -118.3353, 39.474 ], [ -118.329, 39.4766 ], [ -118.3276, 39.4807 ], [ -118.3225, 39.4805 ], [ -118.318, 39.4825 ], [ -118.3151, 39.4853 ], [ -118.3138, 39.4838 ], [ -118.3107, 39.485 ], [ -118.3105, 39.4835 ], [ -118.3076, 39.4823 ], [ -118.3083, 39.4804 ], [ -118.306, 39.4763 ], [ -118.3071, 39.4726 ], [ -118.3101, 39.4708 ], [ -118.3115, 39.4726 ] ], [ [ -118.3197, 39.4346 ], [ -118.3185, 39.4348 ], [ -118.3169, 39.4384 ], [ -118.3174, 39.441 ], [ -118.3197, 39.4377 ], [ -118.3197, 39.4346 ] ] ] ] } },
{ "type": "Feature", "properties": { "tier": "B", "name": "Marine sedimentary rocks" }, "geometry": { "type": "MultiPolygon", "coordinates": [ [ [ [ -115.2743, 40.2539 ], [ -115.2772, 40.2541 ], [ -115.2716, 40.2586 ], [ -115.2714, 40.2561 ], [ -115.2743, 40.2539 ] ] ], [ [ [ -115.197, 40.2849 ], [ -115.1943, 40.2831 ], [ -115.1942, 40.2812 ], [ -115.1975, 40.2836 ], [ -115.197, 40.2849 ] ] ], [ [ [ -115.1859, 40.288 ], [ -115.1875, 40.2869 ], [ -115.1897, 40.2863 ], [ -115.1852, 40.2913 ], [ -115.1859, 40.288 ] ] ], [ [ [ -115.1789, 40.2881 ], [ -115.1855, 40.2822 ], [ -115.1861, 40.2802 ], [ -115.1904, 40.2804 ], [ -115.191, 40.2786 ], [ -115.1923, 40.2801 ], [ -115.1917, 40.2827 ], [ -115.1895, 40.2812 ], [ -115.1842, 40.2868 ], [ -115.1637, 40.2999 ], [ -115.1671, 40.3021 ], [ -115.1652, 40.3078 ], [ -115.1645, 40.3051 ], [ -115.1595, 40.3016 ], [ -115.1691, 40.2935 ], [ -115.1789, 40.2881 ] ] ], [ [ [ -115.1669, 40.3079 ], [ -115.1713, 40.3028 ], [ -115.1782, 40.3014 ], [ -115.1721, 40.3045 ], [ -115.1698, 40.3079 ], [ -115.1684, 40.3069 ], [ -115.1688, 40.3092 ], [ -115.1669, 40.3079 ] ] ], [ [ [ -115.1608, 40.311 ], [ -115.1588, 40.306 ], [ -115.1671, 40.3112 ], [ -115.1664, 40.3123 ], [ -115.1608, 40.311 ] ] ], [ [ [ -115.2069, 40.2988 ], [ -115.2084, 40.3053 ], [ -115.2049, 40.3126 ], [ -115.2038, 40.318 ], [ -115.2013, 40.3212 ], [ -115.1964, 40.3211 ], [ -115.1918, 40.3242 ], [ -115.2003, 40.3123 ], [ -115.201, 40.309 ], [ -115.2001, 40.3077 ], [ -115.2069, 40.2988 ] ], [ [ -115.1986, 40.3161 ], [ -115.1999, 40.3174 ], [ -115.2033, 40.3109 ], [ -115.2016, 40.3115 ], [ -115.1986, 40.3161 ] ] ], [ [ [ -115.5774, 41.5622 ], [ -115.5832, 41.5625 ], [ -115.5831, 41.5658 ], [ -115.5782, 41.5643 ], [ -115.5774, 41.5622 ] ] ], [ [ [ -115.3538, 41.5754 ], [ -115.3604, 41.5733 ], [ -115.3637, 41.5791 ], [ -115.3538, 41.5754 ] ] ], [ [ [ -115.3531, 41.5834 ], [ -115.3464, 41.5774 ], [ -115.3474, 41.5746 ], [ -115.3531, 41.5797 ], [ -115.3594, 41.5817 ], [ -115.361, 41.5865 ], [ -115.3593, 41.5909 ], [ -115.3567, 41.59 ], [ -115.355, 41.5873 ], [ -115.3566, 41.5855 ], [ -115.3564, 41.584 ], [ -115.3531, 41.5834 ] ] ], [ [ [ -115.622, 41.587 ], [ -115.6286, 41.5931 ], [ -115.6256, 41.5926 ], [ -115.6198, 41.5944 ], [ -115.6184, 41.5846 ], [ -115.6154, 41.5866 ], [ -115.6147, 41.5845 ], [ -115.6115, 41.5845 ], [ -115.6114, 41.5828 ], [ -115.6203, 41.5735 ], [ -115.6192, 41.5827 ], [ -115.622, 41.587 ] ] ], [ [ [ -115.5523, 41.5844 ], [ -115.5578, 41.5813 ], [ -115.5466, 41.5831 ], [ -115.5452, 41.5823 ], [ -115.5452, 41.5814 ], [ -115.5544, 41.5806 ], [ -115.5614, 41.5758 ], [ -115.5683, 41.5744 ], [ -115.5752, 41.5697 ], [ -115.5745, 41.5685 ], [ -115.5761, 41.5676 ], [ -115.5789, 41.5679 ], [ -115.5792, 41.5711 ], [ -115.5675, 41.5776 ], [ -115.5775, 41.5762 ], [ -115.5835, 41.5793 ], [ -115.5836, 41.5816 ], [ -115.5985, 41.5802 ], [ -115.6011, 41.5896 ], [ -115.6091, 41.5987 ], [ -115.6097, 41.6068 ], [ -115.615, 41.6187 ], [ -115.6172, 41.6189 ], [ -115.6223, 41.6249 ], [ -115.6271, 41.6243 ], [ -115.6282, 41.6339 ], [ -115.6314, 41.6326 ], [ -115.6302, 41.6386 ], [ -115.6307, 41.643 ], [ -115.6207, 41.6428 ], [ -115.6188, 41.6456 ], [ -115.6081, 41.6503 ], [ -115.6094, 41.6519 ], [ -115.6037, 41.6539 ], [ -115.596, 41.6537 ], [ -115.5898, 41.6606 ], [ -115.5959, 41.6603 ], [ -115.5963, 41.6614 ], [ -115.5937, 41.6635 ], [ -115.5901, 41.6633 ], [ -115.5858, 41.6586 ], [ -115.5846, 41.6552 ], [ -115.5871, 41.6468 ], [ -115.5819, 41.6459 ], [ -115.5826, 41.6425 ], [ -115.5812, 41.6345 ], [ -115.5832, 41.6326 ], [ -115.5838, 41.6293 ], [ -115.5807, 41.6252 ], [ -115.5852, 41.625 ], [ -115.6027, 41.6284 ], [ -115.606, 41.6253 ], [ -115.5976, 41.6257 ], [ -115.5827, 41.6234 ], [ -115.5821, 41.6207 ], [ -115.5858, 41.6151 ], [ -115.5886, 41.6131 ], [ -115.5873, 41.6093 ], [ -115.5894, 41.6035 ], [ -115.5815, 41.6121 ], [ -115.5763, 41.6214 ], [ -115.5673, 41.6248 ], [ -115.5547, 41.6247 ], [ -115.5767, 41.6153 ], [ -115.5742, 41.6147 ], [ -115.5752, 41.6116 ], [ -115.5697, 41.6158 ], [ -115.556, 41.6215 ], [ -115.5511, 41.6224 ], [ -115.5534, 41.619 ], [ -115.551, 41.613 ], [ -115.553, 41.6074 ], [ -115.5504, 41.6011 ], [ -115.5526, 41.5995 ], [ -115.5559, 41.5937 ], [ -115.5514, 41.5863 ], [ -115.5523, 41.5844 ] ] ], [ [ [ -115.6599, 41.61 ], [ -115.6577, 41.6165 ], [ -115.6571, 41.6123 ], [ -115.659, 41.6073 ], [ -115.656, 41.6063 ], [ -115.6561, 41.6047 ], [ -115.653, 41.608 ], [ -115.6498, 41.6065 ], [ -115.647, 41.6103 ], [ -115.6377, 41.6138 ], [ -115.6365, 41.6158 ], [ -115.6389, 41.6174 ], [ -115.6304, 41.6224 ], [ -115.6265, 41.6212 ], [ -115.6255, 41.6158 ], [ -115.6228, 41.6157 ], [ -115.6231, 41.6102 ], [ -115.6284, 41.6125 ], [ -115.6274, 41.6085 ], [ -115.6291, 41.6048 ], [ -115.6265, 41.6037 ], [ -115.6263, 41.6025 ], [ -115.6287, 41.5984 ], [ -115.6305, 41.597 ], [ -115.6319, 41.6074 ], [ -115.6384, 41.6034 ], [ -115.6404, 41.5916 ], [ -115.6426, 41.5901 ], [ -115.6438, 41.5805 ], [ -115.6462, 41.5776 ], [ -115.6506, 41.582 ], [ -115.6526, 41.5868 ], [ -115.6538, 41.586 ], [ -115.6595, 41.5731 ], [ -115.6665, 41.5627 ], [ -115.668, 41.5711 ], [ -115.6734, 41.5694 ], [ -115.6771, 41.5735 ], [ -115.6823, 41.571 ], [ -115.6758, 41.583 ], [ -115.6781, 41.5846 ], [ -115.6807, 41.5893 ], [ -115.6842, 41.5849 ], [ -115.6855, 41.5856 ], [ -115.6858, 41.5894 ], [ -115.6885, 41.5922 ], [ -115.6885, 41.5961 ], [ -115.6849, 41.6002 ], [ -115.6842, 41.6034 ], [ -115.6804, 41.6039 ], [ -115.678, 41.608 ], [ -115.6731, 41.6092 ], [ -115.6684, 41.6146 ], [ -115.6651, 41.6161 ], [ -115.6648, 41.6255 ], [ -115.6622, 41.6259 ], [ -115.6602, 41.6204 ], [ -115.662, 41.6157 ], [ -115.6609, 41.6099 ], [ -115.6599, 41.61 ] ], [ [ -115.6562, 41.6032 ], [ -115.6616, 41.6044 ], [ -115.6606, 41.6015 ], [ -115.6558, 41.5981 ], [ -115.6562, 41.6032 ] ] ], [ [ [ -115.1471, 41.6045 ], [ -115.1423, 41.6001 ], [ -115.1614, 41.6031 ], [ -115.1662, 41.6025 ], [ -115.1652, 41.601 ], [ -115.1753, 41.6045 ], [ -115.173, 41.6068 ], [ -115.1667, 41.605 ], [ -115.1653, 41.6065 ], [ -115.16, 41.604 ], [ -115.158, 41.6055 ], [ -115.1538, 41.6059 ], [ -115.1471, 41.6045 ] ] ], [ [ [ -115.5727, 41.6305 ], [ -115.5684, 41.6333 ], [ -115.5644, 41.6344 ], [ -115.5659, 41.63 ], [ -115.565, 41.6268 ], [ -115.5699, 41.6274 ], [ -115.576, 41.6246 ], [ -115.5727, 41.6305 ] ] ], [ [ [ -115.346, 41.6356 ], [ -115.3448, 41.633 ], [ -115.3483, 41.6323 ], [ -115.3466, 41.6406 ], [ -115.3441, 41.6378 ], [ -115.346, 41.6356 ] ] ], [ [ [ -115.6717, 41.6393 ], [ -115.6741, 41.641 ], [ -115.6736, 41.6461 ], [ -115.6757, 41.6452 ], [ -115.6736, 41.6504 ], [ -115.6684, 41.6475 ], [ -115.6717, 41.6393 ] ] ], [ [ [ -115.6197, 41.6553 ], [ -115.6144, 41.6564 ], [ -115.6107, 41.6538 ], [ -115.625, 41.6449 ], [ -115.6278, 41.6468 ], [ -115.6197, 41.6553 ] ] ], [ [ [ -115.6736, 41.6504 ], [ -115.6792, 41.6543 ], [ -115.6761, 41.6654 ], [ -115.6743, 41.6568 ], [ -115.6729, 41.6566 ], [ -115.6736, 41.6504 ] ] ], [ [ [ -115.318, 41.6844 ], [ -115.315, 41.6834 ], [ -115.3194, 41.6779 ], [ -115.3211, 41.6824 ], [ -115.318, 41.6844 ] ] ], [ [ [ -115.3946, 41.6867 ], [ -115.3926, 41.6884 ], [ -115.3906, 41.6881 ], [ -115.3898, 41.6872 ], [ -115.3907, 41.6834 ], [ -115.3874, 41.6833 ], [ -115.3905, 41.6759 ], [ -115.3942, 41.6772 ], [ -115.3971, 41.6812 ], [ -115.3946, 41.6867 ] ] ], [ [ [ -115.3226, 41.6905 ], [ -115.3188, 41.6906 ], [ -115.3123, 41.6968 ], [ -115.3088, 41.6968 ], [ -115.3144, 41.6846 ], [ -115.3173, 41.6883 ], [ -115.3192, 41.6884 ], [ -115.3195, 41.6869 ], [ -115.3226, 41.6905 ] ] ], [ [ [ -115.3402, 41.7217 ], [ -115.3353, 41.7232 ], [ -115.3296, 41.7274 ], [ -115.3267, 41.7261 ], [ -115.3352, 41.7223 ], [ -115.3411, 41.7154 ], [ -115.342, 41.7162 ], [ -115.3402, 41.7217 ] ] ], [ [ [ -115.3544, 41.7317 ], [ -115.3595, 41.7332 ], [ -115.3605, 41.7318 ], [ -115.3559, 41.7264 ], [ -115.3536, 41.7264 ], [ -115.3531, 41.7239 ], [ -115.3444, 41.7217 ], [ -115.3441, 41.7239 ], [ -115.3415, 41.7225 ], [ -115.3435, 41.7163 ], [ -115.3452, 41.7158 ], [ -115.3452, 41.7112 ], [ -115.3495, 41.7065 ], [ -115.3554, 41.7212 ], [ -115.3597, 41.7198 ], [ -115.357, 41.7167 ], [ -115.359, 41.7106 ], [ -115.3606, 41.7082 ], [ -115.3621, 41.709 ], [ -115.3633, 41.7146 ], [ -115.3616, 41.7148 ], [ -115.361, 41.7216 ], [ -115.3572, 41.7227 ], [ -115.3593, 41.7252 ], [ -115.3596, 41.7281 ], [ -115.3628, 41.7301 ], [ -115.3639, 41.7273 ], [ -115.3667, 41.7255 ], [ -115.3677, 41.7335 ], [ -115.3635, 41.7361 ], [ -115.3663, 41.7375 ], [ -115.3576, 41.7414 ], [ -115.3566, 41.7395 ], [ -115.3522, 41.7403 ], [ -115.348, 41.7441 ], [ -115.3464, 41.742 ], [ -115.3526, 41.7389 ], [ -115.3491, 41.7388 ], [ -115.3478, 41.7383 ], [ -115.3482, 41.7374 ], [ -115.3549, 41.7381 ], [ -115.3534, 41.7335 ], [ -115.3544, 41.7317 ] ] ], [ [ [ -115.3288, 41.7358 ], [ -115.3284, 41.7386 ], [ -115.3239, 41.739 ], [ -115.3221, 41.7319 ], [ -115.327, 41.7313 ], [ -115.3272, 41.7347 ], [ -115.3288, 41.7358 ] ] ], [ [ [ -115.1585, 40.2599 ], [ -115.1541, 40.262 ], [ -115.155, 40.255 ], [ -115.1578, 40.2565 ], [ -115.1585, 40.2599 ] ] ], [ [ [ -115.1002, 40.2591 ], [ -115.1022, 40.263 ], [ -115.0969, 40.2681 ], [ -115.0926, 40.2576 ], [ -115.0896, 40.2541 ], [ -115.0972, 40.2567 ], [ -115.1002, 40.2591 ] ] ], [ [ [ -115.132, 40.2765 ], [ -115.1363, 40.277 ], [ -115.1354, 40.2804 ], [ -115.134, 40.2799 ], [ -115.132, 40.2765 ] ] ], [ [ [ -115.1449, 40.2742 ], [ -115.1452, 40.2712 ], [ -115.1469, 40.2712 ], [ -115.1485, 40.2691 ], [ -115.149, 40.2732 ], [ -115.1506, 40.2705 ], [ -115.1551, 40.2699 ], [ -115.1566, 40.2712 ], [ -115.1571, 40.2745 ], [ -115.1582, 40.2749 ], [ -115.1578, 40.2714 ], [ -115.1605, 40.273 ], [ -115.1618, 40.2762 ], [ -115.1644, 40.2744 ], [ -115.1626, 40.2725 ], [ -115.1625, 40.2693 ], [ -115.1658, 40.2701 ], [ -115.1651, 40.272 ], [ -115.1674, 40.2715 ], [ -115.1686, 40.2728 ], [ -115.1689, 40.2773 ], [ -115.1715, 40.2695 ], [ -115.1752, 40.275 ], [ -115.1744, 40.2766 ], [ -115.1765, 40.2809 ], [ -115.1747, 40.2825 ], [ -115.1746, 40.2864 ], [ -115.1702, 40.2878 ], [ -115.1726, 40.2804 ], [ -115.1709, 40.2798 ], [ -115.1632, 40.2844 ], [ -115.1639, 40.2812 ], [ -115.1612, 40.2839 ], [ -115.1603, 40.2822 ], [ -115.1577, 40.2855 ], [ -115.1476, 40.2883 ], [ -115.1419, 40.2874 ], [ -115.1407, 40.2861 ], [ -115.1443, 40.283 ], [ -115.145, 40.2802 ], [ -115.1411, 40.2786 ], [ -115.1386, 40.2753 ], [ -115.1363, 40.277 ], [ -115.1322, 40.2721 ], [ -115.1363, 40.2719 ], [ -115.1363, 40.2734 ], [ -115.1385, 40.2713 ], [ -115.1425, 40.2746 ], [ -115.1449, 40.2742 ] ] ], [ [ [ -115.1261, 40.2808 ], [ -115.1278, 40.2784 ], [ -115.1311, 40.2788 ], [ -115.1306, 40.2845 ], [ -115.1267, 40.2839 ], [ -115.1261, 40.2808 ] ] ], [ [ [ -115.094, 40.2758 ], [ -115.1034, 40.2832 ], [ -115.1048, 40.286 ], [ -115.1042, 40.2877 ], [ -115.0933, 40.2857 ], [ -115.0967, 40.2797 ], [ -115.0943, 40.2786 ], [ -115.094, 40.2758 ] ] ], [ [ [ -114.7323, 40.3251 ], [ -114.7297, 40.3167 ], [ -114.73, 40.3145 ], [ -114.7328, 40.3127 ], [ -114.7353, 40.3158 ], [ -114.736, 40.3232 ], [ -114.7352, 40.3254 ], [ -114.7323, 40.3251 ] ] ], [ [ [ -114.8485, 40.3214 ], [ -114.8447, 40.3225 ], [ -114.8426, 40.3216 ], [ -114.8434, 40.3201 ], [ -114.8472, 40.3192 ], [ -114.8485, 40.3214 ] ] ], [ [ [ -114.8315, 40.3691 ], [ -114.8322, 40.3748 ], [ -114.8357, 40.3799 ], [ -114.8347, 40.3834 ], [ -114.8293, 40.3751 ], [ -114.8296, 40.3708 ], [ -114.8263, 40.3686 ], [ -114.8274, 40.3621 ], [ -114.83, 40.3621 ], [ -114.829, 40.356 ], [ -114.8313, 40.3577 ], [ -114.8328, 40.3614 ], [ -114.8318, 40.3637 ], [ -114.8324, 40.3687 ], [ -114.8315, 40.3691 ] ] ], [ [ [ -114.7703, 40.426 ], [ -114.7677, 40.4195 ], [ -114.7624, 40.4212 ], [ -114.7572, 40.4192 ], [ -114.7587, 40.4131 ], [ -114.7655, 40.3997 ], [ -114.7676, 40.3966 ], [ -114.7681, 40.3978 ], [ -114.7706, 40.3963 ], [ -114.7732, 40.3897 ], [ -114.7764, 40.3918 ], [ -114.7761, 40.403 ], [ -114.777, 40.4038 ], [ -114.7792, 40.3936 ], [ -114.7846, 40.3919 ], [ -114.7798, 40.3901 ], [ -114.7785, 40.3878 ], [ -114.7847, 40.3846 ], [ -114.7826, 40.3827 ], [ -114.783, 40.3792 ], [ -114.7888, 40.3748 ], [ -114.7842, 40.3759 ], [ -114.7761, 40.3865 ], [ -114.7728, 40.3872 ], [ -114.7809, 40.3662 ], [ -114.7832, 40.3668 ], [ -114.7867, 40.362 ], [ -114.791, 40.3641 ], [ -114.7941, 40.3627 ], [ -114.7987, 40.3692 ], [ -114.7938, 40.3734 ], [ -114.7926, 40.3813 ], [ -114.7886, 40.3914 ], [ -114.7887, 40.4026 ], [ -114.7867, 40.4059 ], [ -114.7845, 40.4215 ], [ -114.782, 40.4227 ], [ -114.7808, 40.4283 ], [ -114.7784, 40.431 ], [ -114.7751, 40.4304 ], [ -114.774, 40.4258 ], [ -114.7703, 40.426 ] ] ], [ [ [ -114.7265, 40.4116 ], [ -114.7212, 40.4147 ], [ -114.7189, 40.4148 ], [ -114.7189, 40.4114 ], [ -114.7262, 40.3998 ], [ -114.7308, 40.3982 ], [ -114.7327, 40.4091 ], [ -114.7292, 40.414 ], [ -114.7273, 40.4143 ], [ -114.7265, 40.4116 ] ] ], [ [ [ -114.7231, 40.4303 ], [ -114.7254, 40.4301 ], [ -114.7251, 40.4344 ], [ -114.7227, 40.4324 ], [ -114.7231, 40.4303 ] ] ], [ [ [ -114.7671, 40.4493 ], [ -114.7642, 40.4477 ], [ -114.7631, 40.4463 ], [ -114.7661, 40.446 ], [ -114.7692, 40.4481 ], [ -114.7671, 40.4493 ] ] ], [ [ [ -115.0814, 40.6957 ], [ -115.0866, 40.6953 ], [ -115.0884, 40.6921 ], [ -115.0918, 40.6913 ], [ -115.0953, 40.6839 ], [ -115.0991, 40.6821 ], [ -115.1019, 40.6822 ], [ -115.101, 40.6857 ], [ -115.0959, 40.6888 ], [ -115.0959, 40.691 ], [ -115.0858, 40.6974 ], [ -115.0789, 40.697 ], [ -115.0784, 40.6943 ], [ -115.0821, 40.6929 ], [ -115.0814, 40.6957 ] ] ], [ [ [ -115.0759, 40.7014 ], [ -115.074, 40.7014 ], [ -115.0726, 40.6971 ], [ -115.0745, 40.6967 ], [ -115.0756, 40.6979 ], [ -115.0759, 40.7014 ] ] ], [ [ [ -115.0912, 40.7253 ], [ -115.0945, 40.7231 ], [ -115.0932, 40.7206 ], [ -115.0957, 40.7143 ], [ -115.0849, 40.7137 ], [ -115.0786, 40.711 ], [ -115.0778, 40.7088 ], [ -115.0755, 40.7076 ], [ -115.0774, 40.7056 ], [ -115.0771, 40.7022 ], [ -115.0831, 40.7067 ], [ -115.0821, 40.7097 ], [ -115.0861, 40.7086 ], [ -115.0897, 40.7112 ], [ -115.0949, 40.7119 ], [ -115.0954, 40.7133 ], [ -115.1013, 40.7157 ], [ -115.097, 40.7099 ], [ -115.0964, 40.7072 ], [ -115.0979, 40.707 ], [ -115.1016, 40.7103 ], [ -115.1047, 40.7058 ], [ -115.098, 40.7046 ], [ -115.0929, 40.702 ], [ -115.0928, 40.7009 ], [ -115.098, 40.6999 ], [ -115.1033, 40.6923 ], [ -115.1134, 40.6862 ], [ -115.1103, 40.693 ], [ -115.1094, 40.6987 ], [ -115.1129, 40.6982 ], [ -115.1143, 40.6998 ], [ -115.115, 40.7063 ], [ -115.1102, 40.7101 ], [ -115.1092, 40.7143 ], [ -115.1053, 40.718 ], [ -115.1028, 40.7232 ], [ -115.1, 40.7244 ], [ -115.1006, 40.7175 ], [ -115.0975, 40.7157 ], [ -115.096, 40.724 ], [ -115.0918, 40.7278 ], [ -115.0881, 40.7298 ], [ -115.0875, 40.7274 ], [ -115.0818, 40.7244 ], [ -115.0901, 40.7203 ], [ -115.0919, 40.7223 ], [ -115.0899, 40.7247 ], [ -115.0912, 40.7253 ] ] ], [ [ [ -115.0506, 40.7252 ], [ -115.0536, 40.727 ], [ -115.0485, 40.7285 ], [ -115.0483, 40.7272 ], [ -115.0506, 40.7252 ] ] ], [ [ [ -115.07, 40.7303 ], [ -115.0621, 40.7301 ], [ -115.0628, 40.7315 ], [ -115.0727, 40.733 ], [ -115.0693, 40.7348 ], [ -115.0734, 40.7362 ], [ -115.0693, 40.7381 ], [ -115.0605, 40.7384 ], [ -115.0642, 40.7397 ], [ -115.0638, 40.7408 ], [ -115.0565, 40.7416 ], [ -115.053, 40.7408 ], [ -115.0546, 40.7391 ], [ -115.0512, 40.7374 ], [ -115.0501, 40.7373 ], [ -115.0501, 40.7392 ], [ -115.0444, 40.7366 ], [ -115.0466, 40.7348 ], [ -115.0458, 40.7321 ], [ -115.0476, 40.7306 ], [ -115.0528, 40.7306 ], [ -115.0548, 40.7335 ], [ -115.0577, 40.7349 ], [ -115.0622, 40.7339 ], [ -115.0603, 40.7315 ], [ -115.0606, 40.7297 ], [ -115.0628, 40.7284 ], [ -115.0666, 40.7283 ], [ -115.0664, 40.7271 ], [ -115.0557, 40.7277 ], [ -115.0546, 40.7265 ], [ -115.0551, 40.7245 ], [ -115.0609, 40.7246 ], [ -115.0619, 40.7218 ], [ -115.0684, 40.7228 ], [ -115.0692, 40.7255 ], [ -115.068, 40.7263 ], [ -115.07, 40.7303 ] ] ], [ [ [ -115.0682, 40.7419 ], [ -115.0699, 40.7405 ], [ -115.0732, 40.7418 ], [ -115.0717, 40.7438 ], [ -115.0682, 40.7419 ] ] ], [ [ [ -115.0455, 40.7405 ], [ -115.0522, 40.7412 ], [ -115.051, 40.7429 ], [ -115.0529, 40.7443 ], [ -115.0454, 40.746 ], [ -115.0455, 40.7405 ] ] ], [ [ [ -115.1262, 41.5909 ], [ -115.1314, 41.5941 ], [ -115.1255, 41.5937 ], [ -115.1176, 41.5967 ], [ -115.1049, 41.5898 ], [ -115.1144, 41.5852 ], [ -115.1192, 41.5852 ], [ -115.1231, 41.5869 ], [ -115.1262, 41.5909 ] ] ], [ [ [ -115.088, 41.5927 ], [ -115.092, 41.5954 ], [ -115.0937, 41.5944 ], [ -115.0928, 41.592 ], [ -115.0994, 41.5922 ], [ -115.0977, 41.5944 ], [ -115.0996, 41.5954 ], [ -115.0947, 41.5971 ], [ -115.0922, 41.6056 ], [ -115.0893, 41.6085 ], [ -115.0871, 41.6082 ], [ -115.0851, 41.6047 ], [ -115.0835, 41.5935 ], [ -115.088, 41.5927 ] ] ], [ [ [ -114.9332, 41.6172 ], [ -114.9389, 41.619 ], [ -114.9414, 41.6157 ], [ -114.9455, 41.6167 ], [ -114.9471, 41.6187 ], [ -114.9453, 41.6246 ], [ -114.942, 41.6277 ], [ -114.9398, 41.6333 ], [ -114.9369, 41.6343 ], [ -114.9369, 41.6311 ], [ -114.9328, 41.6233 ], [ -114.9319, 41.6189 ], [ -114.9332, 41.6172 ] ] ], [ [ [ -114.9571, 41.6461 ], [ -114.9588, 41.6426 ], [ -114.9567, 41.6412 ], [ -114.9532, 41.6417 ], [ -114.954, 41.6374 ], [ -114.9431, 41.6366 ], [ -114.944, 41.6314 ], [ -114.95, 41.629 ], [ -114.9506, 41.6304 ], [ -114.9533, 41.631 ], [ -114.9545, 41.6364 ], [ -114.9581, 41.6376 ], [ -114.9604, 41.6408 ], [ -114.9597, 41.6473 ], [ -114.9623, 41.6491 ], [ -114.9641, 41.6535 ], [ -114.9655, 41.6519 ], [ -114.9643, 41.6433 ], [ -114.9651, 41.6415 ], [ -114.9717, 41.6408 ], [ -114.976, 41.6462 ], [ -114.9733, 41.6499 ], [ -114.9774, 41.6483 ], [ -114.9813, 41.6548 ], [ -114.9813, 41.6474 ], [ -114.9852, 41.6437 ], [ -114.9815, 41.6435 ], [ -114.9819, 41.6405 ], [ -114.9784, 41.6416 ], [ -114.9713, 41.6385 ], [ -114.9708, 41.6371 ], [ -114.9619, 41.6356 ], [ -114.9563, 41.6299 ], [ -114.9585, 41.6279 ], [ -114.9535, 41.6247 ], [ -114.9534, 41.6215 ], [ -114.9573, 41.6228 ], [ -114.957, 41.6212 ], [ -114.9517, 41.6199 ], [ -114.9486, 41.6167 ], [ -114.9655, 41.6137 ], [ -114.9705, 41.6243 ], [ -114.98, 41.6357 ], [ -114.9886, 41.636 ], [ -114.9903, 41.6349 ], [ -114.9937, 41.6378 ], [ -115.0019, 41.6396 ], [ -115.003, 41.643 ], [ -115.0015, 41.6518 ], [ -114.9997, 41.6545 ], [ -115.0014, 41.6556 ], [ -115.0001, 41.661 ], [ -115.0124, 41.6599 ], [ -115.0153, 41.6685 ], [ -115.0156, 41.6762 ], [ -115.013, 41.6799 ], [ -115.0107, 41.6804 ], [ -115.0016, 41.6758 ], [ -114.9961, 41.6711 ], [ -114.9892, 41.672 ], [ -114.984, 41.6681 ], [ -114.9777, 41.6705 ], [ -114.9677, 41.666 ], [ -114.9559, 41.659 ], [ -114.9569, 41.6544 ], [ -114.9535, 41.646 ], [ -114.9571, 41.6461 ] ], [ [ -114.9628, 41.6553 ], [ -114.9618, 41.6555 ], [ -114.9599, 41.6582 ], [ -114.9636, 41.6576 ], [ -114.9628, 41.6553 ] ] ], [ [ [ -115.0265, 41.6781 ], [ -115.0275, 41.6821 ], [ -115.0268, 41.6841 ], [ -115.0239, 41.6864 ], [ -115.0209, 41.6863 ], [ -115.0199, 41.6827 ], [ -115.0212, 41.6761 ], [ -115.0194, 41.6704 ], [ -115.0234, 41.6664 ], [ -115.0274, 41.674 ], [ -115.0265, 41.6781 ] ] ], [ [ [ -114.936, 41.7039 ], [ -114.9332, 41.7037 ], [ -114.9332, 41.7008 ], [ -114.9301, 41.6995 ], [ -114.9304, 41.6984 ], [ -114.9395, 41.6983 ], [ -114.936, 41.7039 ] ] ], [ [ [ -114.6424, 40.2136 ], [ -114.646, 40.2164 ], [ -114.648, 40.221 ], [ -114.6501, 40.2224 ], [ -114.6536, 40.2212 ], [ -114.6538, 40.2196 ], [ -114.6618, 40.2179 ], [ -114.6635, 40.2221 ], [ -114.6613, 40.2243 ], [ -114.6636, 40.2253 ], [ -114.6672, 40.2244 ], [ -114.67, 40.226 ], [ -114.6663, 40.2267 ], [ -114.667, 40.2307 ], [ -114.6654, 40.2319 ], [ -114.6666, 40.2342 ], [ -114.6637, 40.234 ], [ -114.6611, 40.2358 ], [ -114.6558, 40.2341 ], [ -114.6492, 40.2288 ], [ -114.65, 40.2274 ], [ -114.6484, 40.2245 ], [ -114.6442, 40.2237 ], [ -114.6311, 40.2086 ], [ -114.6424, 40.2136 ] ] ], [ [ [ -114.6439, 40.238 ], [ -114.6391, 40.2325 ], [ -114.6399, 40.2301 ], [ -114.6422, 40.2294 ], [ -114.6486, 40.2353 ], [ -114.6481, 40.2372 ], [ -114.6439, 40.238 ] ] ], [ [ [ -114.678, 40.2362 ], [ -114.682, 40.2378 ], [ -114.6822, 40.2389 ], [ -114.6778, 40.2384 ], [ -114.6754, 40.2358 ], [ -114.6779, 40.2346 ], [ -114.678, 40.2362 ] ] ], [ [ [ -114.6559, 40.2382 ], [ -114.6585, 40.2372 ], [ -114.6587, 40.2408 ], [ -114.6554, 40.2401 ], [ -114.6559, 40.2382 ] ] ], [ [ [ -114.6359, 40.2387 ], [ -114.64, 40.2382 ], [ -114.6414, 40.2403 ], [ -114.6384, 40.2403 ], [ -114.6365, 40.2417 ], [ -114.6359, 40.2387 ] ] ], [ [ [ -114.684, 40.2425 ], [ -114.6842, 40.2404 ], [ -114.6855, 40.2399 ], [ -114.6856, 40.2421 ], [ -114.6882, 40.244 ], [ -114.6854, 40.2443 ], [ -114.684, 40.2425 ] ] ], [ [ [ -114.6956, 40.2528 ], [ -114.6948, 40.2438 ], [ -114.6961, 40.2428 ], [ -114.6972, 40.2539 ], [ -114.6956, 40.2528 ] ] ], [ [ [ -114.6515, 40.2531 ], [ -114.6508, 40.2548 ], [ -114.6466, 40.2545 ], [ -114.6472, 40.2524 ], [ -114.6515, 40.2531 ] ] ], [ [ [ -114.6952, 40.264 ], [ -114.6897, 40.2676 ], [ -114.6836, 40.2655 ], [ -114.6832, 40.2636 ], [ -114.6864, 40.2633 ], [ -114.6882, 40.2595 ], [ -114.6924, 40.2603 ], [ -114.6952, 40.264 ] ] ], [ [ [ -114.6046, 40.2721 ], [ -114.6085, 40.2754 ], [ -114.6115, 40.2699 ], [ -114.6155, 40.2772 ], [ -114.6192, 40.28 ], [ -114.6448, 40.2843 ], [ -114.6411, 40.2761 ], [ -114.6175, 40.2585 ], [ -114.6282, 40.2596 ], [ -114.6318, 40.264 ], [ -114.6365, 40.2667 ], [ -114.6377, 40.2725 ], [ -114.6412, 40.273 ], [ -114.644, 40.2751 ], [ -114.6465, 40.2843 ], [ -114.6444, 40.2873 ], [ -114.6387, 40.2849 ], [ -114.6387, 40.2882 ], [ -114.6367, 40.2897 ], [ -114.6344, 40.2895 ], [ -114.633, 40.2865 ], [ -114.6289, 40.2848 ], [ -114.6231, 40.2863 ], [ -114.6278, 40.2909 ], [ -114.6334, 40.2923 ], [ -114.6353, 40.2944 ], [ -114.6344, 40.2951 ], [ -114.6307, 40.2949 ], [ -114.6211, 40.289 ], [ -114.6163, 40.2883 ], [ -114.6229, 40.2968 ], [ -114.6164, 40.299 ], [ -114.6144, 40.2973 ], [ -114.6149, 40.2942 ], [ -114.6117, 40.2924 ], [ -114.6098, 40.2886 ], [ -114.6073, 40.2883 ], [ -114.604, 40.2854 ], [ -114.6027, 40.2829 ], [ -114.6046, 40.2827 ], [ -114.6031, 40.2799 ], [ -114.6039, 40.2763 ], [ -114.6028, 40.2756 ], [ -114.6031, 40.273 ], [ -114.6046, 40.2721 ] ] ], [ [ [ -114.7176, 40.2771 ], [ -114.7184, 40.2763 ], [ -114.7206, 40.2803 ], [ -114.7212, 40.2887 ], [ -114.7176, 40.2771 ] ] ], [ [ [ -114.7274, 40.3023 ], [ -114.726, 40.3072 ], [ -114.7229, 40.3064 ], [ -114.7208, 40.3087 ], [ -114.7187, 40.3083 ], [ -114.7173, 40.3055 ], [ -114.7141, 40.3055 ], [ -114.7174, 40.3036 ], [ -114.7188, 40.3006 ], [ -114.7226, 40.2996 ], [ -114.7274, 40.3023 ] ] ], [ [ [ -114.7179, 40.3971 ], [ -114.7242, 40.3935 ], [ -114.7258, 40.3973 ], [ -114.7235, 40.3998 ], [ -114.7181, 40.4013 ], [ -114.7168, 40.4002 ], [ -114.7179, 40.3971 ] ] ], [ [ [ -114.697, 40.4238 ], [ -114.6933, 40.4251 ], [ -114.6912, 40.4234 ], [ -114.6957, 40.4216 ], [ -114.697, 40.4222 ], [ -114.697, 40.4238 ] ] ], [ [ [ -114.7014, 40.4416 ], [ -114.6978, 40.4334 ], [ -114.6989, 40.4298 ], [ -114.7005, 40.429 ], [ -114.7048, 40.432 ], [ -114.7076, 40.4376 ], [ -114.7049, 40.4405 ], [ -114.7014, 40.4416 ] ] ], [ [ [ -114.6869, 40.438 ], [ -114.6906, 40.4373 ], [ -114.6898, 40.4389 ], [ -114.6859, 40.4411 ], [ -114.6869, 40.438 ] ] ], [ [ [ -114.6529, 40.5517 ], [ -114.6527, 40.5498 ], [ -114.6566, 40.5483 ], [ -114.6602, 40.5445 ], [ -114.6526, 40.5453 ], [ -114.6493, 40.5435 ], [ -114.65, 40.5416 ], [ -114.661, 40.537 ], [ -114.6662, 40.5321 ], [ -114.6705, 40.5261 ], [ -114.6739, 40.5171 ], [ -114.6755, 40.5049 ], [ -114.6821, 40.5037 ], [ -114.6863, 40.4986 ], [ -114.6864, 40.4973 ], [ -114.6853, 40.4975 ], [ -114.6794, 40.5015 ], [ -114.6834, 40.4812 ], [ -114.6889, 40.4707 ], [ -114.6908, 40.4723 ], [ -114.6919, 40.4705 ], [ -114.6885, 40.4663 ], [ -114.6861, 40.4659 ], [ -114.6871, 40.4638 ], [ -114.6913, 40.4635 ], [ -114.6956, 40.4731 ], [ -114.6989, 40.4747 ], [ -114.7045, 40.4701 ], [ -114.7022, 40.4673 ], [ -114.7026, 40.4653 ], [ -114.7088, 40.4656 ], [ -114.7064, 40.462 ], [ -114.7026, 40.4616 ], [ -114.7044, 40.4559 ], [ -114.7039, 40.4488 ], [ -114.7075, 40.4412 ], [ -114.7094, 40.44 ], [ -114.7117, 40.4406 ], [ -114.7121, 40.4309 ], [ -114.7132, 40.4302 ], [ -114.7144, 40.4323 ], [ -114.7142, 40.4369 ], [ -114.7161, 40.4384 ], [ -114.7165, 40.4411 ], [ -114.7149, 40.449 ], [ -114.715, 40.4619 ], [ -114.7168, 40.4642 ], [ -114.7219, 40.466 ], [ -114.725, 40.4635 ], [ -114.7268, 40.4666 ], [ -114.7152, 40.484 ], [ -114.7106, 40.4884 ], [ -114.7075, 40.4861 ], [ -114.7049, 40.4911 ], [ -114.6976, 40.5081 ], [ -114.7021, 40.5112 ], [ -114.7007, 40.5138 ], [ -114.703, 40.5147 ], [ -114.6809, 40.5526 ], [ -114.6698, 40.5678 ], [ -114.666, 40.5668 ], [ -114.6576, 40.5684 ], [ -114.6426, 40.5759 ], [ -114.6375, 40.5764 ], [ -114.6366, 40.5748 ], [ -114.6403, 40.5683 ], [ -114.6419, 40.557 ], [ -114.6493, 40.5488 ], [ -114.6507, 40.552 ], [ -114.6529, 40.5517 ] ] ], [ [ [ -114.6249, 40.5759 ], [ -114.6223, 40.5772 ], [ -114.6198, 40.5745 ], [ -114.6205, 40.5723 ], [ -114.6249, 40.5759 ] ] ], [ [ [ -114.6134, 40.5832 ], [ -114.6119, 40.582 ], [ -114.6133, 40.5778 ], [ -114.6172, 40.5789 ], [ -114.6155, 40.5827 ], [ -114.6134, 40.5832 ] ] ], [ [ [ -114.6209, 40.5842 ], [ -114.6163, 40.5916 ], [ -114.6138, 40.5856 ], [ -114.6167, 40.5836 ], [ -114.6209, 40.5842 ] ] ], [ [ [ -114.6069, 40.6022 ], [ -114.604, 40.6069 ], [ -114.6016, 40.5996 ], [ -114.6069, 40.6022 ] ] ], [ [ [ -114.5848, 40.6052 ], [ -114.5881, 40.6048 ], [ -114.5891, 40.6073 ], [ -114.5858, 40.608 ], [ -114.5848, 40.6052 ] ] ], [ [ [ -114.7033, 41.3642 ], [ -114.7018, 41.3642 ], [ -114.701, 41.3583 ], [ -114.6967, 41.3524 ], [ -114.7022, 41.3554 ], [ -114.7044, 41.3619 ], [ -114.7033, 41.3642 ] ] ], [ [ [ -114.6404, 41.3681 ], [ -114.642, 41.3617 ], [ -114.6318, 41.3504 ], [ -114.6313, 41.3478 ], [ -114.637, 41.3433 ], [ -114.6425, 41.3434 ], [ -114.6538, 41.3374 ], [ -114.6535, 41.3338 ], [ -114.6613, 41.3352 ], [ -114.6716, 41.3562 ], [ -114.6706, 41.3598 ], [ -114.6646, 41.3663 ], [ -114.6623, 41.3759 ], [ -114.6596, 41.3746 ], [ -114.6597, 41.3778 ], [ -114.6637, 41.3804 ], [ -114.6622, 41.3842 ], [ -114.6584, 41.3812 ], [ -114.6562, 41.3754 ], [ -114.6594, 41.3649 ], [ -114.6575, 41.3638 ], [ -114.6538, 41.3673 ], [ -114.6506, 41.3657 ], [ -114.6447, 41.3724 ], [ -114.6404, 41.3681 ] ] ], [ [ [ -114.6663, 41.3901 ], [ -114.665, 41.3815 ], [ -114.6676, 41.3783 ], [ -114.6712, 41.3771 ], [ -114.6752, 41.3585 ], [ -114.6852, 41.3483 ], [ -114.6943, 41.3542 ], [ -114.6963, 41.3639 ], [ -114.7024, 41.3673 ], [ -114.7042, 41.3705 ], [ -114.7017, 41.3718 ], [ -114.7007, 41.3793 ], [ -114.695, 41.3824 ], [ -114.685, 41.383 ], [ -114.6848, 41.3882 ], [ -114.6891, 41.3965 ], [ -114.6894, 41.4005 ], [ -114.6809, 41.3956 ], [ -114.6742, 41.3941 ], [ -114.6705, 41.3897 ], [ -114.6663, 41.3901 ] ] ], [ [ [ -114.7017, 41.377 ], [ -114.7047, 41.3721 ], [ -114.7061, 41.3773 ], [ -114.7038, 41.378 ], [ -114.7017, 41.377 ] ] ], [ [ [ -114.5275, 40.3081 ], [ -114.5268, 40.3016 ], [ -114.5347, 40.3034 ], [ -114.5344, 40.3117 ], [ -114.532, 40.3092 ], [ -114.5275, 40.3081 ] ] ], [ [ [ -114.4427, 40.3271 ], [ -114.4387, 40.3251 ], [ -114.4383, 40.3223 ], [ -114.4448, 40.3228 ], [ -114.4455, 40.3248 ], [ -114.4427, 40.3271 ] ] ], [ [ [ -114.431, 40.3298 ], [ -114.4323, 40.3312 ], [ -114.431, 40.3322 ], [ -114.4279, 40.332 ], [ -114.428, 40.33 ], [ -114.431, 40.3298 ] ] ], [ [ [ -114.5198, 40.3437 ], [ -114.5188, 40.3342 ], [ -114.5252, 40.3374 ], [ -114.5268, 40.3444 ], [ -114.5198, 40.3437 ] ] ], [ [ [ -114.1913, 40.4205 ], [ -114.1928, 40.4169 ], [ -114.1951, 40.4172 ], [ -114.1946, 40.4212 ], [ -114.1916, 40.4234 ], [ -114.1913, 40.4205 ] ] ], [ [ [ -114.2086, 40.4351 ], [ -114.2091, 40.4329 ], [ -114.2109, 40.4328 ], [ -114.218, 40.4412 ], [ -114.2176, 40.4425 ], [ -114.2135, 40.4414 ], [ -114.2086, 40.4351 ] ] ], [ [ [ -114.5809, 40.609 ], [ -114.5842, 40.6115 ], [ -114.582, 40.6134 ], [ -114.5793, 40.6126 ], [ -114.5809, 40.609 ] ] ], [ [ [ -114.5573, 40.6801 ], [ -114.5531, 40.6794 ], [ -114.5533, 40.6784 ], [ -114.555, 40.6776 ], [ -114.5601, 40.6791 ], [ -114.5573, 40.6801 ] ] ], [ [ [ -114.5845, 40.6964 ], [ -114.5827, 40.694 ], [ -114.5856, 40.6934 ], [ -114.5876, 40.6959 ], [ -114.5845, 40.6964 ] ] ], [ [ [ -114.5856, 40.7103 ], [ -114.5851, 40.7154 ], [ -114.5824, 40.716 ], [ -114.5823, 40.711 ], [ -114.5856, 40.7103 ] ] ], [ [ [ -114.5614, 40.723 ], [ -114.5638, 40.7224 ], [ -114.5664, 40.7189 ], [ -114.5677, 40.7242 ], [ -114.5614, 40.723 ] ] ], [ [ [ -114.3568, 41.2147 ], [ -114.3523, 41.2137 ], [ -114.3453, 41.2153 ], [ -114.3419, 41.2177 ], [ -114.3406, 41.2222 ], [ -114.3362, 41.226 ], [ -114.3196, 41.2368 ], [ -114.3131, 41.2354 ], [ -114.3155, 41.2341 ], [ -114.3142, 41.2328 ], [ -114.3066, 41.2318 ], [ -114.306, 41.2292 ], [ -114.3082, 41.2262 ], [ -114.3026, 41.2244 ], [ -114.3032, 41.2215 ], [ -114.3061, 41.2205 ], [ -114.3105, 41.2209 ], [ -114.3145, 41.2237 ], [ -114.3268, 41.2239 ], [ -114.3285, 41.2252 ], [ -114.3476, 41.2086 ], [ -114.3658, 41.2099 ], [ -114.3568, 41.2147 ] ] ], [ [ [ -114.3059, 41.236 ], [ -114.3173, 41.2379 ], [ -114.3061, 41.2433 ], [ -114.3059, 41.236 ] ] ], [ [ [ -114.3171, 41.3081 ], [ -114.3199, 41.3055 ], [ -114.3119, 41.3059 ], [ -114.3102, 41.3043 ], [ -114.3138, 41.3005 ], [ -114.3177, 41.3 ], [ -114.3153, 41.2974 ], [ -114.3239, 41.2947 ], [ -114.3225, 41.2927 ], [ -114.3193, 41.2924 ], [ -114.3172, 41.2938 ], [ -114.3115, 41.2914 ], [ -114.3117, 41.288 ], [ -114.3232, 41.2762 ], [ -114.332, 41.2744 ], [ -114.3334, 41.2759 ], [ -114.3376, 41.2693 ], [ -114.3462, 41.2609 ], [ -114.3576, 41.2587 ], [ -114.3659, 41.2602 ], [ -114.3763, 41.2601 ], [ -114.3867, 41.2662 ], [ -114.3895, 41.2648 ], [ -114.3927, 41.2669 ], [ -114.3954, 41.2653 ], [ -114.399, 41.26 ], [ -114.3971, 41.2576 ], [ -114.399, 41.2544 ], [ -114.4001, 41.26 ], [ -114.3992, 41.2659 ], [ -114.3937, 41.2755 ], [ -114.3847, 41.2829 ], [ -114.3875, 41.287 ], [ -114.3873, 41.2885 ], [ -114.3765, 41.2881 ], [ -114.3624, 41.2918 ], [ -114.3561, 41.2972 ], [ -114.3529, 41.3036 ], [ -114.3419, 41.3136 ], [ -114.3388, 41.315 ], [ -114.3158, 41.3117 ], [ -114.3167, 41.3098 ], [ -114.3201, 41.31 ], [ -114.3171, 41.3081 ] ] ], [ [ [ -114.0585, 41.5322 ], [ -114.0601, 41.5372 ], [ -114.055, 41.5339 ], [ -114.0554, 41.5322 ], [ -114.0585, 41.5322 ] ] ], [ [ [ -114.0569, 41.5399 ], [ -114.0588, 41.5502 ], [ -114.0561, 41.5512 ], [ -114.0537, 41.5505 ], [ -114.0512, 41.5477 ], [ -114.0507, 41.5449 ], [ -114.0543, 41.5425 ], [ -114.0507, 41.5416 ], [ -114.0536, 41.5378 ], [ -114.0569, 41.5399 ] ] ], [ [ [ -114.0881, 41.5448 ], [ -114.0899, 41.5424 ], [ -114.0986, 41.5465 ], [ -114.0926, 41.5468 ], [ -114.0881, 41.5448 ] ] ], [ [ [ -114.0771, 41.5492 ], [ -114.0826, 41.5489 ], [ -114.0814, 41.5513 ], [ -114.0728, 41.5561 ], [ -114.0609, 41.5437 ], [ -114.0602, 41.5406 ], [ -114.0627, 41.5397 ], [ -114.0672, 41.5431 ], [ -114.0766, 41.5464 ], [ -114.0771, 41.5492 ] ] ], [ [ [ -114.0882, 41.5475 ], [ -114.0979, 41.5491 ], [ -114.0934, 41.5522 ], [ -114.0882, 41.5475 ] ] ], [ [ [ -114.0988, 41.57 ], [ -114.0945, 41.5703 ], [ -114.0975, 41.5658 ], [ -114.0983, 41.5676 ], [ -114.0988, 41.57 ] ] ], [ [ [ -114.092, 41.6171 ], [ -114.0884, 41.6169 ], [ -114.086, 41.6199 ], [ -114.0832, 41.6196 ], [ -114.0797, 41.6166 ], [ -114.08, 41.6195 ], [ -114.0781, 41.6195 ], [ -114.0775, 41.6167 ], [ -114.0791, 41.6115 ], [ -114.0772, 41.6072 ], [ -114.0767, 41.6121 ], [ -114.0747, 41.6137 ], [ -114.0757, 41.6182 ], [ -114.075, 41.6203 ], [ -114.0727, 41.6231 ], [ -114.0667, 41.623 ], [ -114.0659, 41.6132 ], [ -114.0676, 41.6121 ], [ -114.066, 41.6101 ], [ -114.0612, 41.6092 ], [ -114.0595, 41.6066 ], [ -114.0597, 41.6028 ], [ -114.0625, 41.6002 ], [ -114.0594, 41.5982 ], [ -114.0667, 41.5915 ], [ -114.0722, 41.593 ], [ -114.0712, 41.5888 ], [ -114.0778, 41.5939 ], [ -114.0862, 41.5959 ], [ -114.0894, 41.5918 ], [ -114.0932, 41.5904 ], [ -114.0955, 41.5927 ], [ -114.0947, 41.5979 ], [ -114.0982, 41.5978 ], [ -114.1002, 41.596 ], [ -114.1, 41.5946 ], [ -114.0947, 41.5891 ], [ -114.0963, 41.5822 ], [ -114.1089, 41.5869 ], [ -114.1061, 41.5702 ], [ -114.1157, 41.5786 ], [ -114.1199, 41.5806 ], [ -114.124, 41.5691 ], [ -114.1294, 41.5636 ], [ -114.1331, 41.5642 ], [ -114.1404, 41.5617 ], [ -114.1473, 41.5532 ], [ -114.1514, 41.554 ], [ -114.1532, 41.5591 ], [ -114.1507, 41.5631 ], [ -114.151, 41.565 ], [ -114.1447, 41.5691 ], [ -114.1494, 41.5728 ], [ -114.1465, 41.5742 ], [ -114.1514, 41.5742 ], [ -114.1497, 41.5764 ], [ -114.1505, 41.5798 ], [ -114.148, 41.5856 ], [ -114.1463, 41.5876 ], [ -114.1419, 41.5895 ], [ -114.1358, 41.5885 ], [ -114.1321, 41.5894 ], [ -114.1322, 41.5911 ], [ -114.1358, 41.5934 ], [ -114.1366, 41.5956 ], [ -114.1276, 41.5943 ], [ -114.1289, 41.598 ], [ -114.1265, 41.6019 ], [ -114.1217, 41.6062 ], [ -114.1175, 41.6081 ], [ -114.1204, 41.6091 ], [ -114.1238, 41.6081 ], [ -114.1221, 41.6116 ], [ -114.1243, 41.6142 ], [ -114.1334, 41.6029 ], [ -114.1418, 41.5994 ], [ -114.1459, 41.5952 ], [ -114.1486, 41.5957 ], [ -114.1506, 41.5986 ], [ -114.1452, 41.5995 ], [ -114.1433, 41.6031 ], [ -114.1353, 41.6043 ], [ -114.1288, 41.6124 ], [ -114.1263, 41.6176 ], [ -114.1096, 41.622 ], [ -114.1032, 41.6255 ], [ -114.101, 41.6172 ], [ -114.0983, 41.6143 ], [ -114.0965, 41.6131 ], [ -114.0948, 41.6138 ], [ -114.092, 41.6171 ] ], [ [ -114.11, 41.6163 ], [ -114.1144, 41.6138 ], [ -114.1166, 41.615 ], [ -114.1187, 41.6132 ], [ -114.1179, 41.6091 ], [ -114.1151, 41.6088 ], [ -114.1107, 41.6115 ], [ -114.11, 41.6163 ] ], [ [ -114.1075, 41.6093 ], [ -114.1018, 41.6051 ], [ -114.0988, 41.5992 ], [ -114.0974, 41.5997 ], [ -114.0969, 41.6062 ], [ -114.098, 41.61 ], [ -114.1075, 41.6093 ] ], [ [ -114.1095, 41.6002 ], [ -114.1082, 41.6021 ], [ -114.1093, 41.6051 ], [ -114.1146, 41.6074 ], [ -114.1151, 41.605 ], [ -114.1095, 41.6002 ] ], [ [ -114.0829, 41.6055 ], [ -114.0808, 41.6081 ], [ -114.0815, 41.6089 ], [ -114.0836, 41.6085 ], [ -114.0871, 41.6036 ], [ -114.0849, 41.6018 ], [ -114.0852, 41.5993 ], [ -114.0787, 41.602 ], [ -114.0821, 41.6036 ], [ -114.0829, 41.6055 ] ] ], [ [ [ -114.0932, 41.9417 ], [ -114.0974, 41.9438 ], [ -114.0953, 41.9468 ], [ -114.0965, 41.9489 ], [ -114.0899, 41.948 ], [ -114.0901, 41.944 ], [ -114.0928, 41.9433 ], [ -114.0932, 41.9417 ] ] ], [ [ [ -114.1156, 41.9276 ], [ -114.1174, 41.9267 ], [ -114.1145, 41.9191 ], [ -114.1174, 41.9189 ], [ -114.1172, 41.9151 ], [ -114.1188, 41.9149 ], [ -114.1274, 41.9249 ], [ -114.1284, 41.9322 ], [ -114.1445, 41.9374 ], [ -114.1533, 41.936 ], [ -114.1578, 41.9399 ], [ -114.1627, 41.952 ], [ -114.1647, 41.9538 ], [ -114.1669, 41.9611 ], [ -114.167, 41.9669 ], [ -114.1696, 41.9704 ], [ -114.1696, 41.9744 ], [ -114.1751, 41.9805 ], [ -114.1761, 41.9943 ], [ -114.1179, 41.9942 ], [ -114.1167, 41.9869 ], [ -114.115, 41.9891 ], [ -114.1138, 41.9881 ], [ -114.1129, 41.9811 ], [ -114.1025, 41.9792 ], [ -114.1042, 41.9767 ], [ -114.1144, 41.9787 ], [ -114.1167, 41.9722 ], [ -114.1157, 41.9699 ], [ -114.1122, 41.9697 ], [ -114.1081, 41.9635 ], [ -114.1061, 41.9645 ], [ -114.1041, 41.97 ], [ -114.1025, 41.9653 ], [ -114.1039, 41.9635 ], [ -114.1005, 41.9618 ], [ -114.1038, 41.9586 ], [ -114.106, 41.9618 ], [ -114.1076, 41.962 ], [ -114.1095, 41.9558 ], [ -114.1177, 41.9456 ], [ -114.116, 41.9392 ], [ -114.1202, 41.9342 ], [ -114.1161, 41.9309 ], [ -114.1156, 41.9276 ] ], [ [ -114.1247, 41.9386 ], [ -114.1285, 41.9388 ], [ -114.1299, 41.9367 ], [ -114.1233, 41.9303 ], [ -114.1234, 41.933 ], [ -114.1221, 41.935 ], [ -114.1247, 41.9386 ] ] ] ] } },
{ "type": "Feature", "properties": { "tier": "B", "name": "Nonmarine sedimentary rocks" }, "geometry": { "type": "MultiPolygon", "coordinates": [ [ [ [ -114.7525, 40.2498 ], [ -114.7536, 40.2535 ], [ -114.7527, 40.2552 ], [ -114.7511, 40.2538 ], [ -114.7514, 40.2509 ], [ -114.7525, 40.2498 ] ] ], [ [ [ -114.7402, 40.2653 ], [ -114.7407, 40.2612 ], [ -114.7445, 40.2636 ], [ -114.7424, 40.2654 ], [ -114.743, 40.268 ], [ -114.7402, 40.2653 ] ] ], [ [ [ -114.7762, 40.3648 ], [ -114.7694, 40.3656 ], [ -114.7683, 40.3614 ], [ -114.7651, 40.3602 ], [ -114.7706, 40.3539 ], [ -114.7728, 40.3457 ], [ -114.7755, 40.3463 ], [ -114.7782, 40.35 ], [ -114.7791, 40.3594 ], [ -114.7833, 40.3595 ], [ -114.7867, 40.362 ], [ -114.7832, 40.3668 ], [ -114.7796, 40.3656 ], [ -114.7781, 40.3628 ], [ -114.7762, 40.3648 ] ] ], [ [ [ -114.7713, 40.378 ], [ -114.7699, 40.3736 ], [ -114.7658, 40.3703 ], [ -114.7659, 40.3684 ], [ -114.7688, 40.3671 ], [ -114.7754, 40.3697 ], [ -114.7796, 40.3656 ], [ -114.7809, 40.3662 ], [ -114.7726, 40.3864 ], [ -114.7705, 40.3859 ], [ -114.7716, 40.3822 ], [ -114.7702, 40.3806 ], [ -114.7713, 40.378 ] ] ], [ [ [ -114.7532, 40.3985 ], [ -114.7521, 40.4028 ], [ -114.7491, 40.4022 ], [ -114.7492, 40.4005 ], [ -114.7532, 40.3985 ] ] ], [ [ [ -114.7572, 40.4192 ], [ -114.7498, 40.419 ], [ -114.7454, 40.408 ], [ -114.738, 40.4011 ], [ -114.7378, 40.3983 ], [ -114.7405, 40.3966 ], [ -114.7444, 40.3965 ], [ -114.747, 40.4044 ], [ -114.7514, 40.4057 ], [ -114.758, 40.3984 ], [ -114.7608, 40.3996 ], [ -114.7607, 40.3968 ], [ -114.7634, 40.392 ], [ -114.7649, 40.3923 ], [ -114.7638, 40.3942 ], [ -114.7647, 40.3971 ], [ -114.7662, 40.3936 ], [ -114.768, 40.3931 ], [ -114.7676, 40.3966 ], [ -114.7598, 40.4104 ], [ -114.7572, 40.4192 ] ] ], [ [ [ -114.695, 40.2572 ], [ -114.6974, 40.2602 ], [ -114.6998, 40.2576 ], [ -114.7011, 40.2625 ], [ -114.6978, 40.2616 ], [ -114.6952, 40.264 ], [ -114.6924, 40.2603 ], [ -114.695, 40.2572 ] ] ], [ [ [ -114.713, 40.2803 ], [ -114.7124, 40.2778 ], [ -114.7135, 40.2754 ], [ -114.7165, 40.2818 ], [ -114.7163, 40.2837 ], [ -114.713, 40.2803 ] ] ], [ [ [ -114.7373, 40.272 ], [ -114.7427, 40.2714 ], [ -114.7403, 40.2781 ], [ -114.7417, 40.2897 ], [ -114.7381, 40.2932 ], [ -114.7387, 40.2861 ], [ -114.7352, 40.2844 ], [ -114.7343, 40.2818 ], [ -114.7392, 40.2785 ], [ -114.7373, 40.272 ] ] ], [ [ [ -114.7141, 40.3046 ], [ -114.715, 40.3011 ], [ -114.7188, 40.3006 ], [ -114.7174, 40.3036 ], [ -114.7141, 40.3046 ] ] ], [ [ [ -114.7397, 40.3155 ], [ -114.7392, 40.3231 ], [ -114.7352, 40.3254 ], [ -114.7356, 40.3168 ], [ -114.7328, 40.3127 ], [ -114.7372, 40.3123 ], [ -114.7397, 40.3155 ] ] ], [ [ [ -114.0669, 41.8168 ], [ -114.061, 41.817 ], [ -114.0581, 41.8151 ], [ -114.0609, 41.8122 ], [ -114.0648, 41.8106 ], [ -114.0698, 41.8124 ], [ -114.0698, 41.8139 ], [ -114.0669, 41.8142 ], [ -114.0756, 41.82 ], [ -114.0784, 41.8272 ], [ -114.0694, 41.8202 ], [ -114.0669, 41.8168 ] ] ] ] } },
{ "type": "Feature", "properties": { "tier": "B", "name": "Osobb Formation" }, "geometry": { "type": "MultiPolygon", "coordinates": [ [ [ [ -117.5437, 39.8911 ], [ -117.5583, 39.9039 ], [ -117.5562, 39.9084 ], [ -117.5566, 39.9167 ], [ -117.5635, 39.9178 ], [ -117.5634, 39.919 ], [ -117.5676, 39.9172 ], [ -117.5728, 39.9188 ], [ -117.5735, 39.9306 ], [ -117.561, 39.9305 ], [ -117.5568, 39.9314 ], [ -117.5552, 39.933 ], [ -117.566, 39.938 ], [ -117.5654, 39.9389 ], [ -117.5506, 39.9332 ], [ -117.5491, 39.9336 ], [ -117.549, 39.9398 ], [ -117.5455, 39.9325 ], [ -117.5482, 39.9115 ], [ -117.5426, 39.8942 ], [ -117.5437, 39.8911 ] ] ], [ [ [ -117.6657, 39.9368 ], [ -117.6638, 39.9331 ], [ -117.6673, 39.9334 ], [ -117.6657, 39.9368 ] ] ], [ [ [ -117.6227, 39.9595 ], [ -117.6291, 39.9566 ], [ -117.6195, 39.9474 ], [ -117.6256, 39.9438 ], [ -117.6289, 39.9458 ], [ -117.6298, 39.9494 ], [ -117.6335, 39.9493 ], [ -117.6338, 39.9517 ], [ -117.636, 39.9514 ], [ -117.6378, 39.9558 ], [ -117.6445, 39.9588 ], [ -117.6394, 39.9581 ], [ -117.6379, 39.9594 ], [ -117.6433, 39.9605 ], [ -117.6469, 39.9598 ], [ -117.6483, 39.9636 ], [ -117.6474, 39.9653 ], [ -117.6449, 39.9644 ], [ -117.6441, 39.9622 ], [ -117.6285, 39.9594 ], [ -117.6227, 39.9595 ] ] ], [ [ [ -117.5691, 39.9499 ], [ -117.5757, 39.9548 ], [ -117.5764, 39.9602 ], [ -117.5784, 39.9599 ], [ -117.5796, 39.9634 ], [ -117.5816, 39.9607 ], [ -117.5836, 39.9611 ], [ -117.5852, 39.9661 ], [ -117.6012, 39.9764 ], [ -117.6022, 39.9791 ], [ -117.5997, 39.9827 ], [ -117.6031, 39.9845 ], [ -117.6089, 39.9905 ], [ -117.6077, 39.992 ], [ -117.61, 39.9975 ], [ -117.6092, 39.9995 ], [ -117.6038, 40.0013 ], [ -117.5873, 40.0008 ], [ -117.5783, 40.0032 ], [ -117.5831, 39.9886 ], [ -117.5812, 39.9891 ], [ -117.5742, 39.9971 ], [ -117.5799, 39.9691 ], [ -117.5694, 39.9673 ], [ -117.5691, 39.9499 ] ] ], [ [ [ -117.6476, 39.973 ], [ -117.6538, 39.9736 ], [ -117.654, 39.9764 ], [ -117.6566, 39.978 ], [ -117.6541, 39.9836 ], [ -117.6522, 39.9829 ], [ -117.6514, 39.9784 ], [ -117.6476, 39.973 ] ] ], [ [ [ -117.2513, 40.3224 ], [ -117.2431, 40.3204 ], [ -117.2389, 40.3209 ], [ -117.237, 40.3221 ], [ -117.2345, 40.3278 ], [ -117.2314, 40.3252 ], [ -117.229, 40.3208 ], [ -117.2287, 40.3195 ], [ -117.2337, 40.3178 ], [ -117.2328, 40.3165 ], [ -117.2348, 40.3134 ], [ -117.2343, 40.3121 ], [ -117.2305, 40.3116 ], [ -117.2276, 40.317 ], [ -117.2182, 40.3195 ], [ -117.2178, 40.3175 ], [ -117.221, 40.3158 ], [ -117.2238, 40.3123 ], [ -117.2141, 40.3088 ], [ -117.2109, 40.2995 ], [ -117.2057, 40.2994 ], [ -117.2039, 40.2948 ], [ -117.2057, 40.2912 ], [ -117.2085, 40.2895 ], [ -117.2133, 40.2894 ], [ -117.228, 40.2929 ], [ -117.2351, 40.3019 ], [ -117.2399, 40.304 ], [ -117.2403, 40.3061 ], [ -117.2381, 40.31 ], [ -117.2429, 40.3116 ], [ -117.2425, 40.3133 ], [ -117.2451, 40.313 ], [ -117.2508, 40.3211 ], [ -117.2549, 40.3172 ], [ -117.2572, 40.3177 ], [ -117.2602, 40.3206 ], [ -117.2642, 40.3203 ], [ -117.2639, 40.3234 ], [ -117.2608, 40.3246 ], [ -117.2607, 40.331 ], [ -117.2596, 40.332 ], [ -117.2583, 40.3298 ], [ -117.2553, 40.3295 ], [ -117.2535, 40.3263 ], [ -117.2493, 40.3252 ], [ -117.2517, 40.3238 ], [ -117.2513, 40.3224 ] ], [ [ -117.2387, 40.3112 ], [ -117.2373, 40.3122 ], [ -117.2374, 40.3145 ], [ -117.2404, 40.3124 ], [ -117.2387, 40.3112 ] ], [ [ -117.2092, 40.2922 ], [ -117.2077, 40.2966 ], [ -117.2093, 40.2975 ], [ -117.2114, 40.296 ], [ -117.2167, 40.2959 ], [ -117.218, 40.2943 ], [ -117.2092, 40.2922 ] ] ] ] } },
{ "type": "Feature", "properties": { "tier": "B", "name": "Osobb Frm; sandst, mudst, carbonate rock" }, "geometry": { "type": "MultiPolygon", "coordinates": [ [ [ [ -117.598, 40.0014 ], [ -117.5891, 40.0054 ], [ -117.5869, 40.0055 ], [ -117.5896, 40.0014 ], [ -117.598, 40.0014 ] ] ], [ [ [ -117.5984, 40.022 ], [ -117.5946, 40.0106 ], [ -117.6012, 40.011 ], [ -117.6076, 40.0168 ], [ -117.6072, 40.019 ], [ -117.6035, 40.0202 ], [ -117.6016, 40.0228 ], [ -117.5984, 40.022 ] ] ], [ [ [ -117.5858, 40.3074 ], [ -117.5889, 40.3055 ], [ -117.589, 40.3076 ], [ -117.5905, 40.3076 ], [ -117.5924, 40.3056 ], [ -117.5921, 40.3029 ], [ -117.59, 40.3047 ], [ -117.5917, 40.2971 ], [ -117.5877, 40.2949 ], [ -117.5887, 40.2923 ], [ -117.587, 40.2874 ], [ -117.5798, 40.283 ], [ -117.5783, 40.2802 ], [ -117.5906, 40.279 ], [ -117.5967, 40.2844 ], [ -117.5949, 40.2875 ], [ -117.5964, 40.2888 ], [ -117.5955, 40.2917 ], [ -117.5977, 40.2965 ], [ -117.5949, 40.3034 ], [ -117.5949, 40.3089 ], [ -117.5872, 40.3164 ], [ -117.5861, 40.3151 ], [ -117.5858, 40.3074 ] ] ], [ [ [ -117.608, 40.3166 ], [ -117.6123, 40.3124 ], [ -117.6109, 40.3089 ], [ -117.6126, 40.3057 ], [ -117.6194, 40.3088 ], [ -117.6225, 40.3076 ], [ -117.6244, 40.2991 ], [ -117.6167, 40.2901 ], [ -117.6139, 40.289 ], [ -117.6123, 40.2911 ], [ -117.6083, 40.291 ], [ -117.6018, 40.285 ], [ -117.6023, 40.2815 ], [ -117.605, 40.2809 ], [ -117.6097, 40.2821 ], [ -117.615, 40.2863 ], [ -117.6162, 40.2832 ], [ -117.6197, 40.2842 ], [ -117.6239, 40.289 ], [ -117.6282, 40.2914 ], [ -117.6302, 40.2949 ], [ -117.6308, 40.2999 ], [ -117.6285, 40.3043 ], [ -117.628, 40.31 ], [ -117.6262, 40.3112 ], [ -117.6212, 40.3095 ], [ -117.6178, 40.3109 ], [ -117.6183, 40.3149 ], [ -117.6139, 40.3208 ], [ -117.6199, 40.3203 ], [ -117.609, 40.3291 ], [ -117.6035, 40.3227 ], [ -117.6007, 40.3231 ], [ -117.6012, 40.319 ], [ -117.608, 40.3166 ] ] ] ] } },
{ "type": "Feature", "properties": { "tier": "B", "name": "Raspberry Frm.; mudst., sandst., limest." }, "geometry": { "type": "Polygon", "coordinates": [ [ [ -117.9012, 40.8566 ], [ -117.9002, 40.8528 ], [ -117.8943, 40.8478 ], [ -117.8953, 40.8402 ], [ -117.8934, 40.8265 ], [ -117.8945, 40.8204 ], [ -117.9002, 40.8091 ], [ -117.9061, 40.8006 ], [ -117.9112, 40.7955 ], [ -117.9373, 40.7811 ], [ -117.9471, 40.7741 ], [ -117.9533, 40.7655 ], [ -117.9595, 40.7532 ], [ -117.9668, 40.7491 ], [ -117.9685, 40.7505 ], [ -117.9764, 40.7501 ], [ -117.98, 40.7518 ], [ -117.9777, 40.7579 ], [ -117.9799, 40.7617 ], [ -117.9831, 40.7615 ], [ -117.988, 40.7662 ], [ -118.0012, 40.7692 ], [ -118.0015, 40.7707 ], [ -117.9993, 40.7721 ], [ -117.9912, 40.7716 ], [ -117.9909, 40.775 ], [ -117.9945, 40.7761 ], [ -117.9922, 40.7783 ], [ -117.9858, 40.7807 ], [ -117.9764, 40.7791 ], [ -117.9757, 40.7832 ], [ -117.9729, 40.7858 ], [ -117.9752, 40.7876 ], [ -117.9749, 40.79 ], [ -117.9539, 40.7957 ], [ -117.9546, 40.7909 ], [ -117.9458, 40.7974 ], [ -117.9377, 40.8104 ], [ -117.934, 40.82 ], [ -117.9327, 40.8277 ], [ -117.934, 40.8356 ], [ -117.9304, 40.8435 ], [ -117.929, 40.8563 ], [ -117.9012, 40.8566 ] ] ] } },
{ "type": "Feature", "properties": { "tier": "B", "name": "Raspberry fmatn in the Santa Rosa Range: Andorno" }, "geometry": { "type": "MultiPolygon", "coordinates": [ [ [ [ -117.7852, 41.3069 ], [ -117.7956, 41.3022 ], [ -117.8051, 41.2942 ], [ -117.8076, 41.2964 ], [ -117.8025, 41.2995 ], [ -117.8127, 41.3001 ], [ -117.813, 41.3016 ], [ -117.8093, 41.3032 ], [ -117.8164, 41.3083 ], [ -117.8166, 41.3113 ], [ -117.8119, 41.3157 ], [ -117.8115, 41.3203 ], [ -117.8048, 41.33 ], [ -117.807, 41.3335 ], [ -117.7998, 41.3326 ], [ -117.7985, 41.3335 ], [ -117.806, 41.3376 ], [ -117.806, 41.346 ], [ -117.8046, 41.3482 ], [ -117.8065, 41.3494 ], [ -117.8123, 41.3489 ], [ -117.8144, 41.3512 ], [ -117.8049, 41.3614 ], [ -117.8029, 41.3581 ], [ -117.8011, 41.3385 ], [ -117.7955, 41.336 ], [ -117.7917, 41.3378 ], [ -117.787, 41.3426 ], [ -117.7852, 41.3413 ], [ -117.7854, 41.3369 ], [ -117.7836, 41.3334 ], [ -117.7849, 41.3262 ], [ -117.7818, 41.3219 ], [ -117.7827, 41.3168 ], [ -117.7811, 41.3115 ], [ -117.7852, 41.3069 ] ] ], [ [ [ -117.6691, 41.4426 ], [ -117.6726, 41.4424 ], [ -117.6743, 41.4408 ], [ -117.6755, 41.4367 ], [ -117.6751, 41.4328 ], [ -117.6794, 41.4266 ], [ -117.7016, 41.4094 ], [ -117.7194, 41.3878 ], [ -117.7318, 41.3783 ], [ -117.7359, 41.3803 ], [ -117.7355, 41.3878 ], [ -117.7365, 41.3899 ], [ -117.7487, 41.3954 ], [ -117.7445, 41.3965 ], [ -117.749, 41.3993 ], [ -117.7484, 41.4011 ], [ -117.7004, 41.4488 ], [ -117.6924, 41.4589 ], [ -117.6924, 41.4639 ], [ -117.6855, 41.4584 ], [ -117.6771, 41.4549 ], [ -117.6627, 41.4542 ], [ -117.6566, 41.4575 ], [ -117.6691, 41.4426 ] ] ], [ [ [ -117.6435, 41.4719 ], [ -117.6492, 41.4775 ], [ -117.6486, 41.4809 ], [ -117.6383, 41.4871 ], [ -117.6368, 41.4924 ], [ -117.6264, 41.4991 ], [ -117.6303, 41.4902 ], [ -117.6374, 41.48 ], [ -117.6429, 41.4658 ], [ -117.6504, 41.4589 ], [ -117.6435, 41.4719 ] ] ], [ [ [ -117.6899, 41.518 ], [ -117.6879, 41.5158 ], [ -117.6796, 41.5147 ], [ -117.6794, 41.5132 ], [ -117.6884, 41.5132 ], [ -117.6937, 41.5069 ], [ -117.6962, 41.5066 ], [ -117.6992, 41.5186 ], [ -117.6899, 41.518 ] ] ], [ [ [ -117.5967, 41.5617 ], [ -117.6106, 41.5531 ], [ -117.6128, 41.5481 ], [ -117.6165, 41.5453 ], [ -117.6254, 41.5439 ], [ -117.6317, 41.5395 ], [ -117.6389, 41.54 ], [ -117.629, 41.555 ], [ -117.6303, 41.5586 ], [ -117.6279, 41.5638 ], [ -117.6311, 41.5678 ], [ -117.6313, 41.5704 ], [ -117.6284, 41.578 ], [ -117.6207, 41.5839 ], [ -117.6208, 41.5867 ], [ -117.6231, 41.5905 ], [ -117.6177, 41.59 ], [ -117.6141, 41.5843 ], [ -117.6116, 41.5835 ], [ -117.5998, 41.5972 ], [ -117.5963, 41.5905 ], [ -117.6012, 41.5877 ], [ -117.6022, 41.5817 ], [ -117.6094, 41.5787 ], [ -117.6085, 41.5738 ], [ -117.6044, 41.5779 ], [ -117.6026, 41.5781 ], [ -117.5976, 41.5715 ], [ -117.5996, 41.5662 ], [ -117.5967, 41.5617 ] ] ] ] } },
{ "type": "Feature", "properties": { "tier": "B", "name": "Raspberry fmatn in the Santa Rosa Range: Mullinix" }, "geometry": { "type": "MultiPolygon", "coordinates": [ [ [ [ -117.6924, 41.4639 ], [ -117.6924, 41.4589 ], [ -117.7004, 41.4488 ], [ -117.7391, 41.4112 ], [ -117.749, 41.3993 ], [ -117.7554, 41.408 ], [ -117.7541, 41.4142 ], [ -117.7547, 41.4183 ], [ -117.7606, 41.4255 ], [ -117.7579, 41.4297 ], [ -117.7538, 41.4302 ], [ -117.7567, 41.4266 ], [ -117.7524, 41.423 ], [ -117.7399, 41.4224 ], [ -117.7365, 41.4244 ], [ -117.7345, 41.4292 ], [ -117.7375, 41.4344 ], [ -117.7479, 41.4368 ], [ -117.7391, 41.4451 ], [ -117.7354, 41.4446 ], [ -117.7308, 41.4419 ], [ -117.7273, 41.4424 ], [ -117.7275, 41.4465 ], [ -117.7317, 41.4493 ], [ -117.7338, 41.4528 ], [ -117.7337, 41.4574 ], [ -117.7306, 41.4583 ], [ -117.7267, 41.4574 ], [ -117.7235, 41.4592 ], [ -117.7208, 41.4554 ], [ -117.7187, 41.4554 ], [ -117.7103, 41.4663 ], [ -117.709, 41.474 ], [ -117.7115, 41.4835 ], [ -117.7201, 41.4964 ], [ -117.709, 41.5027 ], [ -117.7087, 41.4978 ], [ -117.706, 41.4932 ], [ -117.708, 41.4938 ], [ -117.7126, 41.4984 ], [ -117.7117, 41.4953 ], [ -117.7056, 41.4879 ], [ -117.7062, 41.4806 ], [ -117.7041, 41.473 ], [ -117.6924, 41.4639 ] ] ], [ [ [ -117.7056, 41.5041 ], [ -117.7054, 41.5104 ], [ -117.7095, 41.5182 ], [ -117.7081, 41.5266 ], [ -117.7043, 41.5198 ], [ -117.6992, 41.5186 ], [ -117.6962, 41.5066 ], [ -117.7056, 41.5041 ] ] ], [ [ [ -117.5998, 41.5972 ], [ -117.6073, 41.5874 ], [ -117.6123, 41.5834 ], [ -117.6146, 41.5849 ], [ -117.6177, 41.59 ], [ -117.6231, 41.5905 ], [ -117.6297, 41.5993 ], [ -117.6212, 41.6052 ], [ -117.6294, 41.6026 ], [ -117.6256, 41.6059 ], [ -117.6259, 41.6069 ], [ -117.6302, 41.6045 ], [ -117.625, 41.6094 ], [ -117.6256, 41.6125 ], [ -117.6273, 41.6123 ], [ -117.637, 41.599 ], [ -117.6413, 41.6002 ], [ -117.6358, 41.608 ], [ -117.6275, 41.6143 ], [ -117.6179, 41.6165 ], [ -117.6192, 41.614 ], [ -117.6179, 41.6125 ], [ -117.6143, 41.6148 ], [ -117.6029, 41.6163 ], [ -117.6026, 41.615 ], [ -117.6084, 41.6124 ], [ -117.6084, 41.6104 ], [ -117.5998, 41.5972 ] ] ] ] } },
{ "type": "Feature", "properties": { "tier": "B", "name": "Raspberry fmatn: Santa Rosa: formations of Compton" }, "geometry": { "type": "MultiPolygon", "coordinates": [ [ [ [ -117.7316, 41.1585 ], [ -117.7363, 41.1586 ], [ -117.7332, 41.156 ], [ -117.7343, 41.1543 ], [ -117.7375, 41.1536 ], [ -117.745, 41.1547 ], [ -117.748, 41.1508 ], [ -117.7555, 41.1538 ], [ -117.7589, 41.1578 ], [ -117.7596, 41.1531 ], [ -117.7537, 41.1501 ], [ -117.7532, 41.1471 ], [ -117.757, 41.1458 ], [ -117.7658, 41.1476 ], [ -117.7672, 41.1466 ], [ -117.7635, 41.1439 ], [ -117.7646, 41.1417 ], [ -117.7625, 41.1394 ], [ -117.7355, 41.1302 ], [ -117.733, 41.1265 ], [ -117.734, 41.1218 ], [ -117.7254, 41.1205 ], [ -117.7283, 41.1187 ], [ -117.7269, 41.1157 ], [ -117.7412, 41.1161 ], [ -117.7476, 41.1137 ], [ -117.7555, 41.1072 ], [ -117.7648, 41.1054 ], [ -117.7726, 41.1075 ], [ -117.7717, 41.1121 ], [ -117.7735, 41.1169 ], [ -117.769, 41.12 ], [ -117.777, 41.1198 ], [ -117.7783, 41.119 ], [ -117.7753, 41.1145 ], [ -117.7848, 41.114 ], [ -117.784, 41.1126 ], [ -117.7786, 41.1119 ], [ -117.7781, 41.1096 ], [ -117.7817, 41.1083 ], [ -117.7901, 41.109 ], [ -117.7925, 41.1107 ], [ -117.7928, 41.1128 ], [ -117.7894, 41.1148 ], [ -117.7902, 41.1183 ], [ -117.7883, 41.1199 ], [ -117.789, 41.1216 ], [ -117.7866, 41.1246 ], [ -117.7907, 41.1267 ], [ -117.7918, 41.129 ], [ -117.7972, 41.1304 ], [ -117.8016, 41.1334 ], [ -117.8032, 41.1373 ], [ -117.7955, 41.1466 ], [ -117.789, 41.1485 ], [ -117.7905, 41.1504 ], [ -117.7972, 41.1519 ], [ -117.7909, 41.1543 ], [ -117.7907, 41.1572 ], [ -117.7996, 41.1595 ], [ -117.7995, 41.1672 ], [ -117.8031, 41.1704 ], [ -117.7991, 41.1717 ], [ -117.7982, 41.1748 ], [ -117.8057, 41.1744 ], [ -117.807, 41.179 ], [ -117.8038, 41.1818 ], [ -117.791, 41.1801 ], [ -117.7901, 41.1821 ], [ -117.7862, 41.183 ], [ -117.7837, 41.1795 ], [ -117.7818, 41.1833 ], [ -117.7801, 41.1836 ], [ -117.7819, 41.1734 ], [ -117.7783, 41.1756 ], [ -117.7746, 41.1709 ], [ -117.7791, 41.1682 ], [ -117.7809, 41.1645 ], [ -117.7843, 41.1635 ], [ -117.7812, 41.1619 ], [ -117.7813, 41.1598 ], [ -117.7692, 41.1629 ], [ -117.7607, 41.1672 ], [ -117.7409, 41.1633 ], [ -117.7263, 41.1625 ], [ -117.7316, 41.1585 ] ] ], [ [ [ -117.7384, 41.1462 ], [ -117.7422, 41.1487 ], [ -117.7444, 41.1521 ], [ -117.7403, 41.1522 ], [ -117.7389, 41.1509 ], [ -117.7384, 41.1462 ] ] ], [ [ [ -117.7939, 41.2645 ], [ -117.7915, 41.2662 ], [ -117.7877, 41.2656 ], [ -117.784, 41.2598 ], [ -117.775, 41.2586 ], [ -117.7743, 41.2551 ], [ -117.7652, 41.2528 ], [ -117.7609, 41.255 ], [ -117.7623, 41.2497 ], [ -117.756, 41.2517 ], [ -117.7449, 41.2478 ], [ -117.7391, 41.2495 ], [ -117.7319, 41.2484 ], [ -117.7251, 41.2492 ], [ -117.7223, 41.2517 ], [ -117.7235, 41.2574 ], [ -117.7215, 41.261 ], [ -117.7165, 41.2629 ], [ -117.7129, 41.262 ], [ -117.7123, 41.2579 ], [ -117.7136, 41.2542 ], [ -117.7157, 41.2526 ], [ -117.7143, 41.2508 ], [ -117.7135, 41.2454 ], [ -117.721, 41.2404 ], [ -117.7212, 41.2358 ], [ -117.7239, 41.2296 ], [ -117.724, 41.2201 ], [ -117.7227, 41.218 ], [ -117.7194, 41.2208 ], [ -117.7187, 41.2165 ], [ -117.7176, 41.2165 ], [ -117.7158, 41.2199 ], [ -117.7132, 41.2177 ], [ -117.7079, 41.2198 ], [ -117.7083, 41.2173 ], [ -117.7034, 41.2167 ], [ -117.706, 41.1997 ], [ -117.7107, 41.2027 ], [ -117.7104, 41.2082 ], [ -117.7133, 41.2066 ], [ -117.7188, 41.2063 ], [ -117.7264, 41.2086 ], [ -117.7263, 41.2044 ], [ -117.7279, 41.2022 ], [ -117.7273, 41.1991 ], [ -117.7299, 41.198 ], [ -117.735, 41.1987 ], [ -117.7389, 41.2017 ], [ -117.7445, 41.1997 ], [ -117.7555, 41.2005 ], [ -117.7542, 41.2016 ], [ -117.7424, 41.2023 ], [ -117.7436, 41.2049 ], [ -117.7466, 41.206 ], [ -117.7567, 41.2074 ], [ -117.7679, 41.2068 ], [ -117.7772, 41.2049 ], [ -117.7774, 41.2036 ], [ -117.7741, 41.201 ], [ -117.7745, 41.1994 ], [ -117.7775, 41.1979 ], [ -117.7772, 41.1952 ], [ -117.789, 41.1928 ], [ -117.7895, 41.1919 ], [ -117.7874, 41.1912 ], [ -117.7887, 41.1896 ], [ -117.7942, 41.1906 ], [ -117.7925, 41.1931 ], [ -117.797, 41.1971 ], [ -117.7966, 41.2064 ], [ -117.7947, 41.209 ], [ -117.799, 41.2118 ], [ -117.8001, 41.2214 ], [ -117.8081, 41.224 ], [ -117.8132, 41.2349 ], [ -117.8136, 41.2374 ], [ -117.8086, 41.2415 ], [ -117.817, 41.2432 ], [ -117.8184, 41.2485 ], [ -117.8166, 41.2507 ], [ -117.8017, 41.2538 ], [ -117.8003, 41.2617 ], [ -117.8021, 41.2696 ], [ -117.8013, 41.2701 ], [ -117.7977, 41.269 ], [ -117.796, 41.2651 ], [ -117.7939, 41.2645 ] ] ], [ [ [ -117.7435, 41.2948 ], [ -117.7397, 41.2941 ], [ -117.7353, 41.2952 ], [ -117.7357, 41.2908 ], [ -117.7325, 41.2926 ], [ -117.727, 41.2992 ], [ -117.7242, 41.2998 ], [ -117.7253, 41.2928 ], [ -117.7274, 41.2901 ], [ -117.7294, 41.2826 ], [ -117.7271, 41.2825 ], [ -117.7224, 41.2891 ], [ -117.7187, 41.2911 ], [ -117.7188, 41.2891 ], [ -117.7243, 41.2834 ], [ -117.7252, 41.2802 ], [ -117.7244, 41.2795 ], [ -117.7211, 41.2806 ], [ -117.7217, 41.2768 ], [ -117.7208, 41.2757 ], [ -117.7145, 41.2774 ], [ -117.7134, 41.2761 ], [ -117.7148, 41.2745 ], [ -117.7189, 41.274 ], [ -117.7251, 41.2766 ], [ -117.7323, 41.2764 ], [ -117.7418, 41.2796 ], [ -117.7512, 41.2793 ], [ -117.7623, 41.2843 ], [ -117.7658, 41.2847 ], [ -117.7824, 41.2806 ], [ -117.7925, 41.2794 ], [ -117.8035, 41.2744 ], [ -117.8085, 41.2747 ], [ -117.8105, 41.2769 ], [ -117.8065, 41.2793 ], [ -117.7983, 41.2954 ], [ -117.8021, 41.2931 ], [ -117.8051, 41.2942 ], [ -117.7956, 41.3022 ], [ -117.7861, 41.3062 ], [ -117.7836, 41.3095 ], [ -117.7801, 41.3105 ], [ -117.7758, 41.3072 ], [ -117.772, 41.2986 ], [ -117.7673, 41.2979 ], [ -117.758, 41.3013 ], [ -117.7483, 41.2969 ], [ -117.7433, 41.2994 ], [ -117.7424, 41.2985 ], [ -117.7435, 41.2948 ] ] ], [ [ [ -117.7429, 41.4522 ], [ -117.7439, 41.45 ], [ -117.7419, 41.4496 ], [ -117.7391, 41.4451 ], [ -117.7479, 41.4368 ], [ -117.7515, 41.4375 ], [ -117.755, 41.4356 ], [ -117.7579, 41.436 ], [ -117.7579, 41.4297 ], [ -117.7606, 41.4255 ], [ -117.7667, 41.4403 ], [ -117.7614, 41.449 ], [ -117.7608, 41.4611 ], [ -117.7583, 41.4657 ], [ -117.7594, 41.4721 ], [ -117.7557, 41.4768 ], [ -117.7446, 41.4841 ], [ -117.7413, 41.4939 ], [ -117.7376, 41.4941 ], [ -117.7333, 41.5018 ], [ -117.727, 41.525 ], [ -117.7291, 41.5388 ], [ -117.7265, 41.5491 ], [ -117.723, 41.5594 ], [ -117.7197, 41.5646 ], [ -117.7186, 41.5722 ], [ -117.7144, 41.5844 ], [ -117.705, 41.5975 ], [ -117.7036, 41.5978 ], [ -117.7019, 41.5932 ], [ -117.6902, 41.6066 ], [ -117.6681, 41.6216 ], [ -117.6612, 41.628 ], [ -117.6385, 41.6408 ], [ -117.6192, 41.6496 ], [ -117.6176, 41.6548 ], [ -117.6229, 41.6603 ], [ -117.6188, 41.6701 ], [ -117.6134, 41.6656 ], [ -117.6147, 41.6617 ], [ -117.6042, 41.659 ], [ -117.6001, 41.6547 ], [ -117.5901, 41.6568 ], [ -117.5836, 41.66 ], [ -117.5799, 41.6636 ], [ -117.579, 41.6743 ], [ -117.5827, 41.6779 ], [ -117.5827, 41.6821 ], [ -117.5798, 41.6853 ], [ -117.5734, 41.6874 ], [ -117.5705, 41.6863 ], [ -117.5692, 41.6842 ], [ -117.5717, 41.6663 ], [ -117.5694, 41.662 ], [ -117.5643, 41.6588 ], [ -117.5605, 41.6578 ], [ -117.5565, 41.6588 ], [ -117.561, 41.6671 ], [ -117.56, 41.6708 ], [ -117.5581, 41.6718 ], [ -117.5511, 41.6718 ], [ -117.5451, 41.6681 ], [ -117.5422, 41.6625 ], [ -117.5418, 41.6572 ], [ -117.5349, 41.6499 ], [ -117.5316, 41.641 ], [ -117.5384, 41.6405 ], [ -117.5401, 41.6383 ], [ -117.5428, 41.6377 ], [ -117.5415, 41.6432 ], [ -117.5459, 41.6438 ], [ -117.547, 41.6465 ], [ -117.5492, 41.6467 ], [ -117.5587, 41.6449 ], [ -117.5599, 41.6407 ], [ -117.5628, 41.6374 ], [ -117.5751, 41.6436 ], [ -117.5959, 41.6464 ], [ -117.6011, 41.643 ], [ -117.6037, 41.635 ], [ -117.6064, 41.6311 ], [ -117.6053, 41.6291 ], [ -117.5988, 41.6279 ], [ -117.5967, 41.6263 ], [ -117.5958, 41.6242 ], [ -117.5976, 41.6195 ], [ -117.6007, 41.6186 ], [ -117.6098, 41.623 ], [ -117.6106, 41.6224 ], [ -117.6087, 41.6192 ], [ -117.6095, 41.6181 ], [ -117.6147, 41.6182 ], [ -117.628, 41.614 ], [ -117.6376, 41.6061 ], [ -117.6432, 41.5987 ], [ -117.6435, 41.5951 ], [ -117.6527, 41.5939 ], [ -117.6534, 41.6031 ], [ -117.6596, 41.6077 ], [ -117.6677, 41.6091 ], [ -117.6802, 41.6069 ], [ -117.6868, 41.6024 ], [ -117.6905, 41.5956 ], [ -117.6915, 41.5837 ], [ -117.7006, 41.5773 ], [ -117.6978, 41.5763 ], [ -117.7013, 41.574 ], [ -117.7028, 41.5753 ], [ -117.7072, 41.5679 ], [ -117.7095, 41.557 ], [ -117.7159, 41.5496 ], [ -117.7159, 41.5326 ], [ -117.7109, 41.5299 ], [ -117.7081, 41.5266 ], [ -117.7095, 41.5182 ], [ -117.7054, 41.5104 ], [ -117.7056, 41.5041 ], [ -117.7214, 41.4961 ], [ -117.7201, 41.4964 ], [ -117.7115, 41.4835 ], [ -117.709, 41.474 ], [ -117.7103, 41.4663 ], [ -117.7181, 41.4557 ], [ -117.7208, 41.4554 ], [ -117.7235, 41.4592 ], [ -117.7277, 41.4572 ], [ -117.7317, 41.4583 ], [ -117.7339, 41.4569 ], [ -117.7338, 41.4528 ], [ -117.7429, 41.4522 ] ] ], [ [ [ -117.5938, 41.5451 ], [ -117.6014, 41.5374 ], [ -117.5978, 41.5286 ], [ -117.5974, 41.5226 ], [ -117.6016, 41.5115 ], [ -117.5984, 41.5073 ], [ -117.6, 41.5018 ], [ -117.5977, 41.4988 ], [ -117.606, 41.4883 ], [ -117.6035, 41.4797 ], [ -117.605, 41.4734 ], [ -117.6038, 41.47 ], [ -117.6072, 41.465 ], [ -117.6149, 41.4614 ], [ -117.6159, 41.4589 ], [ -117.6153, 41.4561 ], [ -117.6223, 41.4519 ], [ -117.6235, 41.4491 ], [ -117.6209, 41.4421 ], [ -117.6187, 41.4406 ], [ -117.6199, 41.4365 ], [ -117.6239, 41.4374 ], [ -117.6249, 41.4363 ], [ -117.6159, 41.4312 ], [ -117.6142, 41.429 ], [ -117.6167, 41.4281 ], [ -117.6242, 41.4301 ], [ -117.6207, 41.4277 ], [ -117.62, 41.4249 ], [ -117.6259, 41.4285 ], [ -117.6363, 41.427 ], [ -117.6507, 41.4113 ], [ -117.6589, 41.4069 ], [ -117.6796, 41.3841 ], [ -117.6916, 41.3791 ], [ -117.7014, 41.3714 ], [ -117.7052, 41.3669 ], [ -117.712, 41.3681 ], [ -117.7212, 41.3762 ], [ -117.7147, 41.3855 ], [ -117.7243, 41.3761 ], [ -117.7324, 41.3744 ], [ -117.7312, 41.3792 ], [ -117.7194, 41.3878 ], [ -117.7016, 41.4094 ], [ -117.6794, 41.4266 ], [ -117.6751, 41.4328 ], [ -117.6683, 41.4292 ], [ -117.6675, 41.4265 ], [ -117.6833, 41.4143 ], [ -117.6891, 41.4116 ], [ -117.6935, 41.4123 ], [ -117.6977, 41.4105 ], [ -117.7058, 41.398 ], [ -117.7115, 41.3928 ], [ -117.7019, 41.3974 ], [ -117.6995, 41.4017 ], [ -117.6957, 41.4038 ], [ -117.6897, 41.3902 ], [ -117.6862, 41.3896 ], [ -117.6837, 41.3934 ], [ -117.6875, 41.3973 ], [ -117.6905, 41.4069 ], [ -117.6782, 41.4145 ], [ -117.6679, 41.424 ], [ -117.6529, 41.4269 ], [ -117.6527, 41.4296 ], [ -117.6544, 41.4324 ], [ -117.6629, 41.4398 ], [ -117.6691, 41.4426 ], [ -117.6656, 41.4479 ], [ -117.6575, 41.4558 ], [ -117.6558, 41.4551 ], [ -117.653, 41.4567 ], [ -117.6429, 41.4658 ], [ -117.6374, 41.48 ], [ -117.6288, 41.4929 ], [ -117.6255, 41.5015 ], [ -117.6203, 41.506 ], [ -117.6233, 41.5256 ], [ -117.6176, 41.5298 ], [ -117.6156, 41.5339 ], [ -117.6096, 41.5408 ], [ -117.5992, 41.5479 ], [ -117.5961, 41.5565 ], [ -117.6036, 41.5568 ], [ -117.5967, 41.5617 ], [ -117.5953, 41.5581 ], [ -117.5901, 41.5547 ], [ -117.5933, 41.5492 ], [ -117.5938, 41.5451 ] ] ], [ [ [ -117.6918, 41.6324 ], [ -117.6881, 41.6373 ], [ -117.6732, 41.6387 ], [ -117.6711, 41.6382 ], [ -117.6699, 41.6352 ], [ -117.6706, 41.6296 ], [ -117.6746, 41.6216 ], [ -117.691, 41.6099 ], [ -117.6969, 41.6098 ], [ -117.6981, 41.6127 ], [ -117.6996, 41.6132 ], [ -117.7007, 41.6104 ], [ -117.6987, 41.6076 ], [ -117.7005, 41.6064 ], [ -117.7118, 41.6138 ], [ -117.7131, 41.6152 ], [ -117.7127, 41.6182 ], [ -117.7037, 41.6246 ], [ -117.7013, 41.6292 ], [ -117.6918, 41.6324 ] ] ] ] } },
{ "type": "Feature", "properties": { "tier": "B", "name": "Raspberry formation in the Santa Rosa Range" }, "geometry": { "type": "MultiPolygon", "coordinates": [ [ [ [ -117.8863, 40.9469 ], [ -117.8855, 40.9434 ], [ -117.8827, 40.9416 ], [ -117.8854, 40.9355 ], [ -117.8804, 40.9356 ], [ -117.8834, 40.9315 ], [ -117.8874, 40.9297 ], [ -117.8896, 40.9302 ], [ -117.8896, 40.9343 ], [ -117.8923, 40.9368 ], [ -117.8863, 40.9469 ] ] ], [ [ [ -117.7767, 40.9777 ], [ -117.7808, 40.98 ], [ -117.7858, 40.9783 ], [ -117.7906, 40.9808 ], [ -117.7967, 40.9817 ], [ -117.7911, 40.9848 ], [ -117.7843, 40.9831 ], [ -117.779, 40.9843 ], [ -117.7777, 40.983 ], [ -117.7731, 40.9824 ], [ -117.7749, 40.9785 ], [ -117.7767, 40.9777 ] ] ], [ [ [ -117.9994, 41.0356 ], [ -118.0012, 41.0333 ], [ -118.0014, 41.03 ], [ -117.9981, 41.0267 ], [ -117.9931, 41.0266 ], [ -117.9902, 41.028 ], [ -117.9884, 41.0307 ], [ -117.9845, 41.0311 ], [ -117.9792, 41.0291 ], [ -117.977, 41.0261 ], [ -117.9767, 41.0247 ], [ -117.9792, 41.0215 ], [ -117.9777, 41.0067 ], [ -117.9797, 41.0037 ], [ -117.9792, 40.9993 ], [ -117.9832, 40.9995 ], [ -117.9885, 41.0057 ], [ -117.994, 41.0096 ], [ -118.0, 41.0101 ], [ -118.0017, 41.0076 ], [ -118.0016, 40.9989 ], [ -118.0041, 40.9939 ], [ -118.0029, 40.9887 ], [ -118.0035, 40.9827 ], [ -118.008, 40.9839 ], [ -118.0104, 40.9816 ], [ -118.008, 40.9775 ], [ -118.0418, 40.9499 ], [ -118.0472, 40.9545 ], [ -118.0498, 40.9517 ], [ -118.053, 40.9519 ], [ -118.0619, 40.9568 ], [ -118.0633, 40.9616 ], [ -118.0637, 40.9707 ], [ -118.0607, 40.9703 ], [ -118.0596, 40.972 ], [ -118.0666, 40.9868 ], [ -118.0697, 40.9969 ], [ -118.0804, 41.0138 ], [ -118.083, 41.022 ], [ -118.0825, 41.027 ], [ -118.0711, 41.0285 ], [ -118.0671, 41.0325 ], [ -118.0629, 41.0339 ], [ -118.0521, 41.0351 ], [ -118.0359, 41.0347 ], [ -118.0388, 41.0442 ], [ -118.0369, 41.053 ], [ -118.0423, 41.0571 ], [ -118.0413, 41.0589 ], [ -118.0377, 41.0597 ], [ -118.0294, 41.0557 ], [ -118.0298, 41.0536 ], [ -118.0336, 41.0503 ], [ -118.0321, 41.0474 ], [ -118.0284, 41.0451 ], [ -118.0223, 41.0448 ], [ -118.0219, 41.0476 ], [ -118.0197, 41.0493 ], [ -118.0197, 41.052 ], [ -118.0181, 41.0531 ], [ -118.015, 41.0526 ], [ -118.0169, 41.0416 ], [ -118.0108, 41.0452 ], [ -118.0101, 41.0486 ], [ -118.0131, 41.0533 ], [ -118.0095, 41.0548 ], [ -118.0072, 41.0528 ], [ -118.0058, 41.0478 ], [ -118.0034, 41.0453 ], [ -117.9972, 41.0443 ], [ -117.9994, 41.0356 ] ], [ [ -118.0283, 41.0202 ], [ -118.0351, 41.03 ], [ -118.0378, 41.0283 ], [ -118.0334, 41.0202 ], [ -118.0345, 41.0178 ], [ -118.0483, 41.0234 ], [ -118.0488, 41.027 ], [ -118.0502, 41.0269 ], [ -118.0632, 41.014 ], [ -118.0653, 41.0061 ], [ -118.0621, 41.0061 ], [ -118.0554, 41.01 ], [ -118.0522, 41.0104 ], [ -118.0519, 41.0084 ], [ -118.0591, 41.003 ], [ -118.053, 41.0022 ], [ -118.0512, 41.0008 ], [ -118.0504, 40.9997 ], [ -118.0511, 40.9965 ], [ -118.0502, 40.9961 ], [ -118.0421, 40.9982 ], [ -118.035, 41.0014 ], [ -118.0331, 41.0057 ], [ -118.0373, 41.0074 ], [ -118.0283, 41.0202 ] ] ], [ [ [ -117.8874, 41.0409 ], [ -117.8883, 41.0423 ], [ -117.8914, 41.0431 ], [ -117.8887, 41.0403 ], [ -117.8874, 41.0408 ], [ -117.887, 41.0388 ], [ -117.884, 41.0415 ], [ -117.8818, 41.041 ], [ -117.8808, 41.0389 ], [ -117.8752, 41.0352 ], [ -117.8763, 41.0301 ], [ -117.8855, 41.0353 ], [ -117.8883, 41.0338 ], [ -117.8975, 41.0262 ], [ -117.9028, 41.0151 ], [ -117.91, 41.0102 ], [ -117.9192, 41.0072 ], [ -117.9222, 41.0007 ], [ -117.9317, 40.9929 ], [ -117.9425, 40.9857 ], [ -117.9461, 40.9859 ], [ -117.9421, 40.9939 ], [ -117.9454, 40.997 ], [ -117.9455, 41.002 ], [ -117.9476, 41.0076 ], [ -117.9479, 41.0138 ], [ -117.9465, 41.0177 ], [ -117.9473, 41.0217 ], [ -117.9454, 41.026 ], [ -117.9423, 41.0293 ], [ -117.9355, 41.0329 ], [ -117.9224, 41.0342 ], [ -117.9158, 41.0339 ], [ -117.9047, 41.0305 ], [ -117.8932, 41.0346 ], [ -117.8974, 41.038 ], [ -117.9043, 41.0354 ], [ -117.9056, 41.0397 ], [ -117.8965, 41.0432 ], [ -117.8949, 41.0426 ], [ -117.8943, 41.0394 ], [ -117.8912, 41.0381 ], [ -117.8907, 41.0395 ], [ -117.8927, 41.0431 ], [ -117.8892, 41.0443 ], [ -117.8874, 41.0409 ] ], [ [ -117.932, 41.0258 ], [ -117.9309, 41.0243 ], [ -117.9266, 41.0233 ], [ -117.9248, 41.0245 ], [ -117.93, 41.0274 ], [ -117.932, 41.0258 ] ] ], [ [ [ -117.8684, 41.0394 ], [ -117.8693, 41.0405 ], [ -117.8673, 41.0455 ], [ -117.8661, 41.0447 ], [ -117.8662, 41.0418 ], [ -117.8684, 41.0394 ] ] ] ] } },
{ "type": "Feature", "properties": { "tier": "B", "name": "Tobin Frm.; sandst., mudst., limest., greenst." }, "geometry": { "type": "MultiPolygon", "coordinates": [ [ [ [ -117.5069, 40.1128 ], [ -117.5041, 40.1124 ], [ -117.5037, 40.1113 ], [ -117.5061, 40.1104 ], [ -117.505, 40.1086 ], [ -117.506, 40.1064 ], [ -117.5053, 40.104 ], [ -117.5099, 40.105 ], [ -117.5106, 40.1002 ], [ -117.5132, 40.0974 ], [ -117.5124, 40.0959 ], [ -117.5144, 40.0948 ], [ -117.5159, 40.098 ], [ -117.5192, 40.0983 ], [ -117.5173, 40.0947 ], [ -117.5217, 40.0907 ], [ -117.5221, 40.0879 ], [ -117.5298, 40.0835 ], [ -117.5276, 40.081 ], [ -117.5304, 40.0776 ], [ -117.5278, 40.0753 ], [ -117.5297, 40.0741 ], [ -117.5343, 40.0746 ], [ -117.5336, 40.0703 ], [ -117.5353, 40.0659 ], [ -117.5352, 40.0598 ], [ -117.5383, 40.0593 ], [ -117.5365, 40.0571 ], [ -117.5418, 40.0586 ], [ -117.5407, 40.0627 ], [ -117.5433, 40.0645 ], [ -117.5476, 40.0655 ], [ -117.5488, 40.0604 ], [ -117.5537, 40.064 ], [ -117.5522, 40.0694 ], [ -117.5466, 40.0691 ], [ -117.5511, 40.0724 ], [ -117.5517, 40.0757 ], [ -117.5495, 40.0773 ], [ -117.5481, 40.0758 ], [ -117.5431, 40.0825 ], [ -117.5411, 40.0812 ], [ -117.5394, 40.0819 ], [ -117.5399, 40.0874 ], [ -117.5372, 40.0935 ], [ -117.5353, 40.0926 ], [ -117.5314, 40.0935 ], [ -117.5299, 40.1009 ], [ -117.5225, 40.1027 ], [ -117.5224, 40.1044 ], [ -117.5137, 40.112 ], [ -117.5157, 40.1208 ], [ -117.5143, 40.1196 ], [ -117.512, 40.1214 ], [ -117.5104, 40.1202 ], [ -117.5044, 40.1215 ], [ -117.5082, 40.1143 ], [ -117.5069, 40.1128 ] ], [ [ -117.5245, 40.091 ], [ -117.5259, 40.0922 ], [ -117.5294, 40.0909 ], [ -117.5252, 40.09 ], [ -117.5245, 40.091 ] ] ], [ [ [ -117.5917, 40.1412 ], [ -117.5936, 40.1391 ], [ -117.5992, 40.1368 ], [ -117.6003, 40.1338 ], [ -117.6086, 40.1416 ], [ -117.6042, 40.1401 ], [ -117.5996, 40.141 ], [ -117.5994, 40.1463 ], [ -117.6017, 40.1487 ], [ -117.6012, 40.1501 ], [ -117.5963, 40.1517 ], [ -117.5975, 40.1424 ], [ -117.5944, 40.1406 ], [ -117.5925, 40.1452 ], [ -117.5917, 40.1412 ] ] ], [ [ [ -117.6062, 40.172 ], [ -117.6147, 40.1656 ], [ -117.6149, 40.1642 ], [ -117.6129, 40.1619 ], [ -117.6151, 40.1599 ], [ -117.6155, 40.1545 ], [ -117.6199, 40.1611 ], [ -117.6212, 40.1692 ], [ -117.61, 40.1733 ], [ -117.6077, 40.1777 ], [ -117.6045, 40.1741 ], [ -117.6048, 40.1712 ], [ -117.6062, 40.172 ] ] ], [ [ [ -117.5891, 40.1825 ], [ -117.5889, 40.1769 ], [ -117.5906, 40.1758 ], [ -117.5948, 40.1674 ], [ -117.5995, 40.1632 ], [ -117.6006, 40.1659 ], [ -117.5973, 40.1714 ], [ -117.5993, 40.1723 ], [ -117.5999, 40.1745 ], [ -117.6022, 40.1742 ], [ -117.6023, 40.1761 ], [ -117.601, 40.181 ], [ -117.602, 40.1861 ], [ -117.6005, 40.1876 ], [ -117.6009, 40.1919 ], [ -117.5993, 40.1942 ], [ -117.6008, 40.1949 ], [ -117.5992, 40.1964 ], [ -117.5956, 40.1972 ], [ -117.5957, 40.1872 ], [ -117.592, 40.1871 ], [ -117.5847, 40.1912 ], [ -117.5868, 40.184 ], [ -117.5891, 40.1825 ] ] ], [ [ [ -117.6156, 40.1816 ], [ -117.615, 40.1829 ], [ -117.6117, 40.1834 ], [ -117.6121, 40.1801 ], [ -117.6179, 40.1779 ], [ -117.6177, 40.1831 ], [ -117.6156, 40.1816 ] ] ], [ [ [ -117.621, 40.1847 ], [ -117.6246, 40.183 ], [ -117.6253, 40.1969 ], [ -117.6242, 40.1991 ], [ -117.6206, 40.1887 ], [ -117.6172, 40.1864 ], [ -117.6176, 40.1842 ], [ -117.621, 40.1847 ] ] ], [ [ [ -117.6071, 40.19 ], [ -117.6091, 40.1899 ], [ -117.609, 40.1962 ], [ -117.6101, 40.2 ], [ -117.6118, 40.2001 ], [ -117.6085, 40.2063 ], [ -117.6074, 40.2053 ], [ -117.6077, 40.201 ], [ -117.6038, 40.2017 ], [ -117.6007, 40.1994 ], [ -117.6071, 40.19 ] ] ], [ [ [ -117.5662, 40.1962 ], [ -117.5678, 40.1955 ], [ -117.5669, 40.194 ], [ -117.5689, 40.1931 ], [ -117.5731, 40.1946 ], [ -117.5724, 40.1962 ], [ -117.5757, 40.1988 ], [ -117.5726, 40.2014 ], [ -117.5724, 40.2044 ], [ -117.5696, 40.2029 ], [ -117.5662, 40.1962 ] ] ], [ [ [ -117.6463, 40.2254 ], [ -117.6445, 40.2296 ], [ -117.642, 40.2285 ], [ -117.6417, 40.2252 ], [ -117.6463, 40.2254 ] ] ] ] } },
{ "type": "Feature", "properties": { "tier": "B", "name": "Winnemucca Frm; Sandst, calstics, limest, dolomite" }, "geometry": { "type": "MultiPolygon", "coordinates": [ [ [ [ -117.8093, 40.1248 ], [ -117.8082, 40.1258 ], [ -117.8029, 40.1275 ], [ -117.8056, 40.1209 ], [ -117.808, 40.1219 ], [ -117.8093, 40.1248 ] ] ], [ [ [ -117.8149, 40.1663 ], [ -117.8123, 40.172 ], [ -117.8096, 40.1729 ], [ -117.8126, 40.1594 ], [ -117.815, 40.1626 ], [ -117.8149, 40.1663 ] ] ], [ [ [ -117.8019, 40.1847 ], [ -117.8018, 40.1808 ], [ -117.8073, 40.1841 ], [ -117.8049, 40.1873 ], [ -117.8019, 40.1847 ] ] ], [ [ [ -117.814, 40.6841 ], [ -117.8175, 40.6841 ], [ -117.8202, 40.682 ], [ -117.8203, 40.6896 ], [ -117.8143, 40.692 ], [ -117.8117, 40.6993 ], [ -117.8133, 40.7089 ], [ -117.8093, 40.709 ], [ -117.8069, 40.7076 ], [ -117.8054, 40.702 ], [ -117.8048, 40.6975 ], [ -117.8062, 40.6933 ], [ -117.8034, 40.6913 ], [ -117.814, 40.6841 ] ] ], [ [ [ -117.8906, 40.8094 ], [ -117.8893, 40.8092 ], [ -117.8909, 40.8065 ], [ -117.8883, 40.8062 ], [ -117.8881, 40.8052 ], [ -117.8903, 40.8 ], [ -117.8938, 40.7992 ], [ -117.8954, 40.8004 ], [ -117.8948, 40.8056 ], [ -117.8906, 40.8094 ] ] ], [ [ [ -117.8408, 40.8543 ], [ -117.8396, 40.8492 ], [ -117.8396, 40.8424 ], [ -117.8313, 40.8414 ], [ -117.8328, 40.8354 ], [ -117.8312, 40.8315 ], [ -117.8353, 40.8289 ], [ -117.8368, 40.8255 ], [ -117.841, 40.8241 ], [ -117.8354, 40.8184 ], [ -117.8468, 40.8131 ], [ -117.8502, 40.8072 ], [ -117.8565, 40.8157 ], [ -117.8609, 40.8265 ], [ -117.8742, 40.8339 ], [ -117.882, 40.8431 ], [ -117.8824, 40.8446 ], [ -117.8756, 40.8473 ], [ -117.8751, 40.8486 ], [ -117.8785, 40.8523 ], [ -117.8792, 40.8559 ], [ -117.8814, 40.8567 ], [ -117.8494, 40.8569 ], [ -117.8456, 40.8546 ], [ -117.8408, 40.8543 ] ], [ [ -117.8511, 40.833 ], [ -117.8484, 40.8384 ], [ -117.8506, 40.8423 ], [ -117.8508, 40.8476 ], [ -117.8532, 40.8471 ], [ -117.8566, 40.8428 ], [ -117.8599, 40.8449 ], [ -117.8642, 40.8431 ], [ -117.8608, 40.8395 ], [ -117.8576, 40.8411 ], [ -117.8566, 40.8362 ], [ -117.8511, 40.833 ] ], [ [ -117.8645, 40.8332 ], [ -117.8627, 40.833 ], [ -117.8603, 40.835 ], [ -117.8665, 40.8382 ], [ -117.8645, 40.8332 ] ], [ [ -117.8496, 40.8285 ], [ -117.8483, 40.8293 ], [ -117.8528, 40.8316 ], [ -117.8531, 40.8295 ], [ -117.8496, 40.8285 ] ] ], [ [ [ -117.8814, 40.8567 ], [ -117.8871, 40.8547 ], [ -117.8876, 40.8566 ], [ -117.8814, 40.8567 ] ] ], [ [ [ -117.7922, 40.1169 ], [ -117.7943, 40.0965 ], [ -117.7971, 40.0885 ], [ -117.8024, 40.0936 ], [ -117.8054, 40.1072 ], [ -117.8025, 40.1162 ], [ -117.7967, 40.1255 ], [ -117.7941, 40.1277 ], [ -117.793, 40.132 ], [ -117.7894, 40.1345 ], [ -117.7841, 40.1347 ], [ -117.7922, 40.1169 ] ] ], [ [ [ -117.7969, 40.1647 ], [ -117.8032, 40.1458 ], [ -117.81, 40.1344 ], [ -117.8134, 40.1233 ], [ -117.8177, 40.1174 ], [ -117.8185, 40.122 ], [ -117.8175, 40.1347 ], [ -117.8098, 40.1479 ], [ -117.8087, 40.1579 ], [ -117.8059, 40.1616 ], [ -117.8065, 40.1655 ], [ -117.7955, 40.1746 ], [ -117.7956, 40.1709 ], [ -117.7874, 40.1766 ], [ -117.7924, 40.1584 ], [ -117.7969, 40.1647 ] ] ], [ [ [ -117.7903, 40.2006 ], [ -117.7874, 40.1846 ], [ -117.7895, 40.1823 ], [ -117.7922, 40.1834 ], [ -117.7946, 40.1864 ], [ -117.7967, 40.1937 ], [ -117.7991, 40.1964 ], [ -117.7977, 40.1984 ], [ -117.8011, 40.1995 ], [ -117.8028, 40.2016 ], [ -117.8008, 40.2065 ], [ -117.8008, 40.2118 ], [ -117.7966, 40.2169 ], [ -117.7961, 40.2199 ], [ -117.787, 40.2208 ], [ -117.7898, 40.2112 ], [ -117.7903, 40.2006 ] ] ], [ [ [ -117.5963, 40.2926 ], [ -117.6033, 40.2858 ], [ -117.6083, 40.291 ], [ -117.6123, 40.2911 ], [ -117.6106, 40.2929 ], [ -117.6192, 40.2991 ], [ -117.6187, 40.306 ], [ -117.6144, 40.3066 ], [ -117.6085, 40.3038 ], [ -117.606, 40.3109 ], [ -117.604, 40.3119 ], [ -117.6022, 40.3062 ], [ -117.5995, 40.3042 ], [ -117.6029, 40.3028 ], [ -117.6062, 40.2954 ], [ -117.6028, 40.296 ], [ -117.5977, 40.302 ], [ -117.5966, 40.3002 ], [ -117.5978, 40.2965 ], [ -117.5963, 40.2926 ] ], [ [ -117.6022, 40.2954 ], [ -117.6007, 40.293 ], [ -117.5986, 40.2935 ], [ -117.5993, 40.2971 ], [ -117.6022, 40.2954 ] ] ], [ [ [ -117.7243, 40.8076 ], [ -117.7214, 40.8096 ], [ -117.7111, 40.8129 ], [ -117.7119, 40.8097 ], [ -117.7161, 40.8076 ], [ -117.7186, 40.8028 ], [ -117.7196, 40.8055 ], [ -117.7239, 40.8064 ], [ -117.7243, 40.8076 ] ] ], [ [ [ -117.7192, 40.8165 ], [ -117.7214, 40.8194 ], [ -117.7209, 40.8218 ], [ -117.7271, 40.8341 ], [ -117.7281, 40.8388 ], [ -117.7263, 40.8438 ], [ -117.7205, 40.8483 ], [ -117.7228, 40.8509 ], [ -117.722, 40.857 ], [ -117.7066, 40.8571 ], [ -117.7054, 40.8564 ], [ -117.7059, 40.852 ], [ -117.7129, 40.8356 ], [ -117.7118, 40.8312 ], [ -117.7128, 40.8216 ], [ -117.7087, 40.8148 ], [ -117.7157, 40.8144 ], [ -117.719, 40.813 ], [ -117.7198, 40.8133 ], [ -117.7192, 40.8165 ] ], [ [ -117.7182, 40.8241 ], [ -117.7163, 40.8295 ], [ -117.7169, 40.8343 ], [ -117.7189, 40.8379 ], [ -117.7211, 40.8275 ], [ -117.7205, 40.8216 ], [ -117.7182, 40.8241 ] ] ] ] } },
{ "type": "Feature", "properties": { "tier": "B", "name": "Winnemucca formation" }, "geometry": { "type": "MultiPolygon", "coordinates": [ [ [ [ -117.9557, 40.9117 ], [ -117.9538, 40.913 ], [ -117.9508, 40.9127 ], [ -117.9513, 40.9114 ], [ -117.9549, 40.9104 ], [ -117.9557, 40.9117 ] ] ], [ [ [ -117.9127, 40.9168 ], [ -117.914, 40.9138 ], [ -117.9191, 40.9122 ], [ -117.9146, 40.9175 ], [ -117.9127, 40.9168 ] ] ], [ [ [ -117.9494, 40.9078 ], [ -117.9514, 40.9088 ], [ -117.9505, 40.9136 ], [ -117.9551, 40.9134 ], [ -117.9602, 40.9111 ], [ -117.9613, 40.9117 ], [ -117.9592, 40.9186 ], [ -117.9527, 40.9191 ], [ -117.9463, 40.9226 ], [ -117.9398, 40.9214 ], [ -117.938, 40.9183 ], [ -117.939, 40.915 ], [ -117.9494, 40.9078 ] ] ], [ [ [ -117.9157, 40.9193 ], [ -117.9193, 40.9151 ], [ -117.9218, 40.9144 ], [ -117.9178, 40.9193 ], [ -117.9157, 40.9193 ] ] ], [ [ [ -117.9291, 40.9188 ], [ -117.9314, 40.9191 ], [ -117.9305, 40.9226 ], [ -117.9269, 40.9248 ], [ -117.9249, 40.9245 ], [ -117.925, 40.9216 ], [ -117.9291, 40.9188 ] ] ], [ [ [ -117.9122, 40.9262 ], [ -117.9062, 40.9357 ], [ -117.9056, 40.9305 ], [ -117.9089, 40.9243 ], [ -117.9076, 40.9154 ], [ -117.9113, 40.9166 ], [ -117.9122, 40.9262 ] ] ], [ [ [ -117.8952, 40.9262 ], [ -117.8979, 40.9246 ], [ -117.8973, 40.9324 ], [ -117.9003, 40.9394 ], [ -117.8945, 40.9409 ], [ -117.8887, 40.9491 ], [ -117.8863, 40.9469 ], [ -117.8908, 40.9406 ], [ -117.8952, 40.9262 ] ] ], [ [ [ -117.7369, 41.0093 ], [ -117.7472, 40.9996 ], [ -117.758, 40.9944 ], [ -117.7525, 41.0014 ], [ -117.7503, 41.0094 ], [ -117.7679, 40.994 ], [ -117.7731, 40.9824 ], [ -117.7777, 40.983 ], [ -117.7797, 40.9845 ], [ -117.7843, 40.9831 ], [ -117.7911, 40.9848 ], [ -117.7967, 40.9817 ], [ -117.799, 40.9838 ], [ -117.7976, 40.9925 ], [ -117.8026, 40.9987 ], [ -117.8017, 41.0048 ], [ -117.8093, 41.0087 ], [ -117.8063, 41.0095 ], [ -117.8054, 41.0135 ], [ -117.7881, 41.0235 ], [ -117.7712, 41.029 ], [ -117.7593, 41.0311 ], [ -117.7588, 41.0275 ], [ -117.7492, 41.0277 ], [ -117.7442, 41.0248 ], [ -117.7428, 41.0203 ], [ -117.746, 41.0144 ], [ -117.7369, 41.0093 ] ] ], [ [ [ -117.722, 40.857 ], [ -117.7241, 40.8648 ], [ -117.7258, 40.866 ], [ -117.7241, 40.8702 ], [ -117.7211, 40.8712 ], [ -117.7228, 40.8734 ], [ -117.7194, 40.8804 ], [ -117.7127, 40.8766 ], [ -117.7079, 40.8683 ], [ -117.7074, 40.8622 ], [ -117.7096, 40.8586 ], [ -117.7066, 40.8571 ], [ -117.722, 40.857 ] ] ], [ [ [ -117.6749, 41.3286 ], [ -117.6742, 41.3273 ], [ -117.6787, 41.3239 ], [ -117.6793, 41.3221 ], [ -117.6816, 41.3232 ], [ -117.6749, 41.3286 ] ] ], [ [ [ -117.6262, 41.4025 ], [ -117.6311, 41.3986 ], [ -117.6315, 41.3961 ], [ -117.6267, 41.3969 ], [ -117.6244, 41.3948 ], [ -117.6192, 41.3945 ], [ -117.6249, 41.3902 ], [ -117.6333, 41.3881 ], [ -117.6376, 41.3854 ], [ -117.6565, 41.3689 ], [ -117.6587, 41.3639 ], [ -117.6518, 41.3683 ], [ -117.6571, 41.3571 ], [ -117.66, 41.3549 ], [ -117.6613, 41.352 ], [ -117.6643, 41.3536 ], [ -117.6655, 41.353 ], [ -117.6659, 41.3488 ], [ -117.6685, 41.3458 ], [ -117.6652, 41.3482 ], [ -117.6621, 41.3487 ], [ -117.6562, 41.3555 ], [ -117.6541, 41.3597 ], [ -117.6446, 41.3643 ], [ -117.6355, 41.3768 ], [ -117.6272, 41.3823 ], [ -117.6266, 41.3865 ], [ -117.6242, 41.3892 ], [ -117.6225, 41.3863 ], [ -117.6239, 41.3834 ], [ -117.6207, 41.3787 ], [ -117.6251, 41.3757 ], [ -117.6251, 41.3703 ], [ -117.6292, 41.3719 ], [ -117.6317, 41.3699 ], [ -117.6315, 41.3685 ], [ -117.6255, 41.3673 ], [ -117.6248, 41.3662 ], [ -117.6333, 41.3622 ], [ -117.6383, 41.3539 ], [ -117.6363, 41.3485 ], [ -117.6374, 41.3465 ], [ -117.636, 41.3411 ], [ -117.642, 41.3371 ], [ -117.6424, 41.3337 ], [ -117.6459, 41.3349 ], [ -117.6477, 41.3395 ], [ -117.6528, 41.3396 ], [ -117.6547, 41.342 ], [ -117.6596, 41.3404 ], [ -117.6706, 41.3324 ], [ -117.6776, 41.3297 ], [ -117.6739, 41.3333 ], [ -117.6849, 41.3286 ], [ -117.6861, 41.3321 ], [ -117.6824, 41.339 ], [ -117.6829, 41.3397 ], [ -117.693, 41.3348 ], [ -117.6941, 41.3357 ], [ -117.6963, 41.3481 ], [ -117.7014, 41.3513 ], [ -117.6941, 41.3574 ], [ -117.6913, 41.3634 ], [ -117.6878, 41.3653 ], [ -117.6814, 41.372 ], [ -117.6768, 41.3708 ], [ -117.657, 41.396 ], [ -117.6558, 41.3942 ], [ -117.6519, 41.3973 ], [ -117.649, 41.3956 ], [ -117.643, 41.3971 ], [ -117.6385, 41.4002 ], [ -117.6333, 41.4017 ], [ -117.6309, 41.4057 ], [ -117.6225, 41.4134 ], [ -117.618, 41.4164 ], [ -117.6156, 41.4155 ], [ -117.6251, 41.4077 ], [ -117.6262, 41.4025 ] ], [ [ -117.637, 41.3435 ], [ -117.6431, 41.3499 ], [ -117.6464, 41.3482 ], [ -117.6463, 41.3466 ], [ -117.643, 41.3448 ], [ -117.6417, 41.3423 ], [ -117.6383, 41.3415 ], [ -117.637, 41.3435 ] ], [ [ -117.639, 41.3925 ], [ -117.6351, 41.3945 ], [ -117.6353, 41.3967 ], [ -117.6391, 41.3939 ], [ -117.639, 41.3925 ] ], [ [ -117.6562, 41.3758 ], [ -117.6554, 41.3731 ], [ -117.6543, 41.373 ], [ -117.6502, 41.3763 ], [ -117.6472, 41.3805 ], [ -117.6462, 41.3852 ], [ -117.658, 41.3763 ], [ -117.6562, 41.3758 ] ] ], [ [ [ -117.755, 41.4773 ], [ -117.7416, 41.4922 ], [ -117.7451, 41.4834 ], [ -117.755, 41.4773 ] ] ], [ [ [ -117.7405, 41.4961 ], [ -117.7333, 41.5018 ], [ -117.7376, 41.4941 ], [ -117.7413, 41.4939 ], [ -117.7405, 41.4961 ] ] ], [ [ [ -117.7288, 41.521 ], [ -117.7312, 41.5101 ], [ -117.7333, 41.5018 ], [ -117.7346, 41.5116 ], [ -117.7313, 41.5144 ], [ -117.733, 41.5176 ], [ -117.7296, 41.522 ], [ -117.7283, 41.5266 ], [ -117.727, 41.525 ], [ -117.7288, 41.521 ] ] ], [ [ [ -117.616, 41.6855 ], [ -117.6244, 41.6809 ], [ -117.6318, 41.6723 ], [ -117.6374, 41.6711 ], [ -117.648, 41.6587 ], [ -117.6488, 41.6621 ], [ -117.6528, 41.6526 ], [ -117.652, 41.6479 ], [ -117.6503, 41.6472 ], [ -117.6455, 41.6484 ], [ -117.6427, 41.6509 ], [ -117.6376, 41.6528 ], [ -117.6327, 41.6607 ], [ -117.6291, 41.6635 ], [ -117.6229, 41.6767 ], [ -117.6196, 41.6791 ], [ -117.6115, 41.6813 ], [ -117.611, 41.6806 ], [ -117.6202, 41.6743 ], [ -117.6188, 41.6701 ], [ -117.6229, 41.6603 ], [ -117.6176, 41.6548 ], [ -117.6192, 41.6496 ], [ -117.6385, 41.6408 ], [ -117.6612, 41.628 ], [ -117.6681, 41.6216 ], [ -117.6902, 41.6066 ], [ -117.7019, 41.5932 ], [ -117.7036, 41.5978 ], [ -117.7046, 41.5979 ], [ -117.7119, 41.5885 ], [ -117.7166, 41.5791 ], [ -117.7195, 41.5654 ], [ -117.723, 41.5594 ], [ -117.7286, 41.5413 ], [ -117.7272, 41.5254 ], [ -117.7293, 41.528 ], [ -117.7317, 41.536 ], [ -117.7366, 41.5385 ], [ -117.7416, 41.5366 ], [ -117.7419, 41.5397 ], [ -117.7349, 41.5497 ], [ -117.7359, 41.5529 ], [ -117.7318, 41.5601 ], [ -117.7328, 41.564 ], [ -117.7313, 41.5634 ], [ -117.7285, 41.5741 ], [ -117.7259, 41.5789 ], [ -117.7255, 41.5829 ], [ -117.7303, 41.586 ], [ -117.7328, 41.5856 ], [ -117.7301, 41.5833 ], [ -117.7295, 41.5773 ], [ -117.7314, 41.5751 ], [ -117.7312, 41.5778 ], [ -117.7329, 41.5802 ], [ -117.7368, 41.5808 ], [ -117.7401, 41.5853 ], [ -117.7395, 41.5881 ], [ -117.7328, 41.5936 ], [ -117.7316, 41.6001 ], [ -117.7368, 41.5933 ], [ -117.7429, 41.5906 ], [ -117.7446, 41.5882 ], [ -117.7462, 41.5892 ], [ -117.7483, 41.5885 ], [ -117.7489, 41.5867 ], [ -117.7465, 41.5821 ], [ -117.7511, 41.585 ], [ -117.7505, 41.5876 ], [ -117.7365, 41.5963 ], [ -117.7341, 41.6045 ], [ -117.7256, 41.609 ], [ -117.719, 41.6104 ], [ -117.7172, 41.6141 ], [ -117.715, 41.6157 ], [ -117.7144, 41.6199 ], [ -117.7086, 41.6242 ], [ -117.7048, 41.6297 ], [ -117.7031, 41.636 ], [ -117.6981, 41.6406 ], [ -117.694, 41.643 ], [ -117.6883, 41.6424 ], [ -117.6823, 41.6461 ], [ -117.6802, 41.6492 ], [ -117.6736, 41.6457 ], [ -117.67, 41.6469 ], [ -117.6703, 41.6507 ], [ -117.6661, 41.6522 ], [ -117.664, 41.6564 ], [ -117.6537, 41.6629 ], [ -117.6517, 41.6655 ], [ -117.6595, 41.6629 ], [ -117.6664, 41.6571 ], [ -117.6734, 41.6573 ], [ -117.6778, 41.6559 ], [ -117.6816, 41.6566 ], [ -117.6852, 41.6549 ], [ -117.6859, 41.6518 ], [ -117.6938, 41.6459 ], [ -117.6959, 41.646 ], [ -117.6959, 41.6479 ], [ -117.701, 41.6451 ], [ -117.7091, 41.6437 ], [ -117.7096, 41.6423 ], [ -117.7072, 41.6392 ], [ -117.7209, 41.6239 ], [ -117.7207, 41.6195 ], [ -117.7227, 41.6157 ], [ -117.7263, 41.6126 ], [ -117.7373, 41.6089 ], [ -117.7393, 41.5992 ], [ -117.7524, 41.5871 ], [ -117.756, 41.5813 ], [ -117.7568, 41.5766 ], [ -117.7629, 41.5754 ], [ -117.7548, 41.5883 ], [ -117.7542, 41.5921 ], [ -117.745, 41.599 ], [ -117.7442, 41.6013 ], [ -117.7443, 41.6069 ], [ -117.7503, 41.6017 ], [ -117.7562, 41.5938 ], [ -117.7572, 41.5969 ], [ -117.7545, 41.602 ], [ -117.7545, 41.6062 ], [ -117.7523, 41.6075 ], [ -117.7512, 41.6102 ], [ -117.7522, 41.6166 ], [ -117.7464, 41.6221 ], [ -117.7508, 41.6274 ], [ -117.752, 41.6337 ], [ -117.7501, 41.6377 ], [ -117.751, 41.6398 ], [ -117.7501, 41.642 ], [ -117.7434, 41.6477 ], [ -117.7418, 41.6559 ], [ -117.7326, 41.6581 ], [ -117.7324, 41.6626 ], [ -117.7297, 41.6665 ], [ -117.7296, 41.661 ], [ -117.7285, 41.6596 ], [ -117.7253, 41.6602 ], [ -117.7202, 41.6635 ], [ -117.7199, 41.6606 ], [ -117.7128, 41.6638 ], [ -117.7113, 41.6619 ], [ -117.7127, 41.659 ], [ -117.7075, 41.6619 ], [ -117.7064, 41.6655 ], [ -117.705, 41.6661 ], [ -117.7019, 41.6651 ], [ -117.7043, 41.6592 ], [ -117.6999, 41.6611 ], [ -117.6956, 41.661 ], [ -117.6908, 41.6656 ], [ -117.6889, 41.666 ], [ -117.6881, 41.6642 ], [ -117.6896, 41.6599 ], [ -117.6817, 41.6575 ], [ -117.6728, 41.6643 ], [ -117.6529, 41.6683 ], [ -117.6377, 41.6748 ], [ -117.6127, 41.6933 ], [ -117.6021, 41.6995 ], [ -117.5967, 41.7012 ], [ -117.5962, 41.6964 ], [ -117.6106, 41.6905 ], [ -117.616, 41.6855 ] ], [ [ -117.7179, 41.6572 ], [ -117.7165, 41.6545 ], [ -117.7132, 41.657 ], [ -117.7173, 41.6585 ], [ -117.7179, 41.6572 ] ], [ [ -117.7237, 41.6527 ], [ -117.7204, 41.6564 ], [ -117.7256, 41.6566 ], [ -117.7299, 41.6537 ], [ -117.7336, 41.6532 ], [ -117.7477, 41.6388 ], [ -117.7452, 41.639 ], [ -117.7393, 41.6433 ], [ -117.7406, 41.6399 ], [ -117.7395, 41.6393 ], [ -117.7319, 41.6497 ], [ -117.7248, 41.6534 ], [ -117.7237, 41.6527 ] ], [ [ -117.7257, 41.6268 ], [ -117.722, 41.6325 ], [ -117.7183, 41.6352 ], [ -117.7173, 41.6418 ], [ -117.7232, 41.6392 ], [ -117.726, 41.6366 ], [ -117.7278, 41.6274 ], [ -117.7257, 41.6268 ] ], [ [ -117.7302, 41.6294 ], [ -117.7361, 41.6253 ], [ -117.7395, 41.6242 ], [ -117.74, 41.6227 ], [ -117.7379, 41.6219 ], [ -117.731, 41.626 ], [ -117.7302, 41.6294 ] ], [ [ -117.7451, 41.6147 ], [ -117.7411, 41.6133 ], [ -117.7383, 41.6144 ], [ -117.7371, 41.6127 ], [ -117.7345, 41.6143 ], [ -117.7352, 41.6157 ], [ -117.7419, 41.6166 ], [ -117.7447, 41.6159 ], [ -117.7451, 41.6147 ] ], [ [ -117.665, 41.6503 ], [ -117.6648, 41.6483 ], [ -117.6626, 41.6489 ], [ -117.6548, 41.6609 ], [ -117.6579, 41.6589 ], [ -117.665, 41.6503 ] ], [ [ -117.6596, 41.6312 ], [ -117.6523, 41.6403 ], [ -117.6525, 41.6474 ], [ -117.6611, 41.6435 ], [ -117.6649, 41.6368 ], [ -117.6663, 41.631 ], [ -117.6654, 41.628 ], [ -117.6596, 41.6312 ] ], [ [ -117.7131, 41.6152 ], [ -117.7005, 41.6064 ], [ -117.6987, 41.6076 ], [ -117.7007, 41.6104 ], [ -117.6996, 41.6132 ], [ -117.6981, 41.6127 ], [ -117.6969, 41.6098 ], [ -117.691, 41.6099 ], [ -117.6746, 41.6216 ], [ -117.6706, 41.6296 ], [ -117.6703, 41.637 ], [ -117.6732, 41.6387 ], [ -117.6888, 41.637 ], [ -117.6893, 41.6344 ], [ -117.6918, 41.6324 ], [ -117.7013, 41.6292 ], [ -117.7037, 41.6246 ], [ -117.7127, 41.6182 ], [ -117.7131, 41.6152 ] ], [ [ -117.7337, 41.5908 ], [ -117.7348, 41.5882 ], [ -117.7328, 41.5871 ], [ -117.7317, 41.5896 ], [ -117.7238, 41.5934 ], [ -117.7257, 41.5966 ], [ -117.7247, 41.5998 ], [ -117.7194, 41.6029 ], [ -117.7171, 41.6059 ], [ -117.7137, 41.6066 ], [ -117.7136, 41.6081 ], [ -117.7163, 41.6087 ], [ -117.7248, 41.6036 ], [ -117.7271, 41.5982 ], [ -117.7271, 41.5936 ], [ -117.7337, 41.5908 ] ], [ [ -117.7255, 41.5676 ], [ -117.728, 41.5571 ], [ -117.7242, 41.5637 ], [ -117.7229, 41.5698 ], [ -117.7255, 41.5676 ] ] ] ] } },
{ "type": "Feature", "properties": { "tier": "B", "name": "intermediate subunit" }, "geometry": { "type": "MultiPolygon", "coordinates": [ [ [ [ -117.723, 39.7009 ], [ -117.7033, 39.6874 ], [ -117.7005, 39.6792 ], [ -117.7024, 39.6724 ], [ -117.7059, 39.6708 ], [ -117.7026, 39.6757 ], [ -117.7039, 39.6797 ], [ -117.7104, 39.6827 ], [ -117.712, 39.6813 ], [ -117.7164, 39.6807 ], [ -117.7189, 39.6754 ], [ -117.7108, 39.6704 ], [ -117.7249, 39.6694 ], [ -117.7295, 39.668 ], [ -117.7314, 39.6656 ], [ -117.7266, 39.6655 ], [ -117.7253, 39.6628 ], [ -117.7313, 39.6592 ], [ -117.7393, 39.6516 ], [ -117.7482, 39.6392 ], [ -117.7576, 39.6459 ], [ -117.7666, 39.6553 ], [ -117.7732, 39.6595 ], [ -117.777, 39.6678 ], [ -117.7851, 39.6799 ], [ -117.7824, 39.6803 ], [ -117.7811, 39.6763 ], [ -117.7786, 39.6758 ], [ -117.7756, 39.6778 ], [ -117.7754, 39.68 ], [ -117.7693, 39.6831 ], [ -117.7636, 39.6887 ], [ -117.7589, 39.6887 ], [ -117.7571, 39.6877 ], [ -117.7569, 39.6853 ], [ -117.7491, 39.6844 ], [ -117.7438, 39.6789 ], [ -117.744, 39.6752 ], [ -117.7402, 39.6725 ], [ -117.7371, 39.6725 ], [ -117.7381, 39.6777 ], [ -117.7365, 39.6794 ], [ -117.7333, 39.6746 ], [ -117.7307, 39.6756 ], [ -117.7273, 39.6749 ], [ -117.728, 39.6801 ], [ -117.7367, 39.6871 ], [ -117.7312, 39.6888 ], [ -117.7288, 39.6869 ], [ -117.7246, 39.6875 ], [ -117.718, 39.6861 ], [ -117.7185, 39.6876 ], [ -117.7262, 39.6914 ], [ -117.724, 39.6932 ], [ -117.7281, 39.6953 ], [ -117.7281, 39.6987 ], [ -117.732, 39.7015 ], [ -117.7304, 39.708 ], [ -117.723, 39.7009 ] ], [ [ -117.7374, 39.6626 ], [ -117.7339, 39.6632 ], [ -117.7335, 39.6651 ], [ -117.738, 39.6646 ], [ -117.7374, 39.6626 ] ] ], [ [ [ -117.8559, 39.7153 ], [ -117.8554, 39.7209 ], [ -117.8503, 39.7217 ], [ -117.8475, 39.7163 ], [ -117.8542, 39.7132 ], [ -117.8559, 39.7153 ] ] ], [ [ [ -117.8554, 39.7209 ], [ -117.8595, 39.7203 ], [ -117.8599, 39.7182 ], [ -117.858, 39.7145 ], [ -117.8589, 39.7133 ], [ -117.864, 39.7127 ], [ -117.8699, 39.7163 ], [ -117.8754, 39.7125 ], [ -117.876, 39.7099 ], [ -117.878, 39.7112 ], [ -117.8765, 39.7157 ], [ -117.8689, 39.7205 ], [ -117.8571, 39.7237 ], [ -117.8567, 39.7253 ], [ -117.8494, 39.7291 ], [ -117.8408, 39.7321 ], [ -117.8404, 39.7309 ], [ -117.8554, 39.7209 ] ] ], [ [ [ -117.7637, 39.7943 ], [ -117.7568, 39.7745 ], [ -117.7484, 39.7639 ], [ -117.7493, 39.7571 ], [ -117.7497, 39.7555 ], [ -117.7584, 39.7584 ], [ -117.7572, 39.7622 ], [ -117.7521, 39.7622 ], [ -117.7518, 39.7636 ], [ -117.7641, 39.7688 ], [ -117.7648, 39.7671 ], [ -117.7617, 39.7669 ], [ -117.7601, 39.7639 ], [ -117.7636, 39.7636 ], [ -117.7685, 39.7607 ], [ -117.7659, 39.7605 ], [ -117.7591, 39.757 ], [ -117.7588, 39.7547 ], [ -117.7606, 39.7514 ], [ -117.7553, 39.7494 ], [ -117.7493, 39.7504 ], [ -117.7402, 39.7481 ], [ -117.742, 39.7359 ], [ -117.7465, 39.7384 ], [ -117.7522, 39.7384 ], [ -117.7561, 39.7405 ], [ -117.7546, 39.7366 ], [ -117.7713, 39.7346 ], [ -117.7737, 39.7331 ], [ -117.775, 39.7305 ], [ -117.7826, 39.7286 ], [ -117.7754, 39.7267 ], [ -117.7675, 39.7286 ], [ -117.7591, 39.7272 ], [ -117.756, 39.7283 ], [ -117.7544, 39.7258 ], [ -117.7512, 39.728 ], [ -117.744, 39.7282 ], [ -117.75, 39.7216 ], [ -117.7471, 39.7203 ], [ -117.7472, 39.7173 ], [ -117.7454, 39.7155 ], [ -117.7467, 39.7145 ], [ -117.7478, 39.7155 ], [ -117.756, 39.7156 ], [ -117.7568, 39.714 ], [ -117.7536, 39.7118 ], [ -117.7559, 39.7095 ], [ -117.7668, 39.7114 ], [ -117.7704, 39.7096 ], [ -117.774, 39.7111 ], [ -117.7757, 39.709 ], [ -117.7785, 39.7083 ], [ -117.7839, 39.7124 ], [ -117.7839, 39.7152 ], [ -117.788, 39.7218 ], [ -117.8012, 39.7294 ], [ -117.8161, 39.7425 ], [ -117.8142, 39.7493 ], [ -117.8167, 39.7541 ], [ -117.8153, 39.7564 ], [ -117.816, 39.7584 ], [ -117.8148, 39.7611 ], [ -117.8106, 39.7629 ], [ -117.8126, 39.7666 ], [ -117.8085, 39.7689 ], [ -117.8083, 39.7714 ], [ -117.8054, 39.7758 ], [ -117.8062, 39.7798 ], [ -117.794, 39.7817 ], [ -117.7922, 39.783 ], [ -117.7791, 39.7792 ], [ -117.7679, 39.7852 ], [ -117.767, 39.7904 ], [ -117.7686, 39.7939 ], [ -117.7683, 39.7957 ], [ -117.7665, 39.7961 ], [ -117.7656, 39.7941 ], [ -117.7637, 39.7943 ] ], [ [ -117.7645, 39.7657 ], [ -117.7691, 39.7686 ], [ -117.7757, 39.7677 ], [ -117.7702, 39.7632 ], [ -117.7669, 39.7632 ], [ -117.7645, 39.7657 ] ] ] ] } },
{ "type": "Feature", "properties": { "tier": "B", "name": "lower subunit" }, "geometry": { "type": "Polygon", "coordinates": [ [ [ -117.7849, 39.7157 ], [ -117.7866, 39.7155 ], [ -117.7947, 39.7247 ], [ -117.7968, 39.7256 ], [ -117.7966, 39.7214 ], [ -117.7905, 39.7114 ], [ -117.7896, 39.7045 ], [ -117.7864, 39.7017 ], [ -117.7889, 39.7008 ], [ -117.7871, 39.6967 ], [ -117.7902, 39.6963 ], [ -117.7907, 39.6925 ], [ -117.789, 39.6905 ], [ -117.7925, 39.6893 ], [ -117.795, 39.6808 ], [ -117.7935, 39.6803 ], [ -117.7905, 39.6822 ], [ -117.7891, 39.6793 ], [ -117.7851, 39.6799 ], [ -117.777, 39.6678 ], [ -117.7732, 39.6595 ], [ -117.7666, 39.6553 ], [ -117.7576, 39.6459 ], [ -117.7482, 39.6392 ], [ -117.7508, 39.6302 ], [ -117.755, 39.6278 ], [ -117.759, 39.6284 ], [ -117.7597, 39.6269 ], [ -117.7682, 39.6304 ], [ -117.7698, 39.6289 ], [ -117.804, 39.6518 ], [ -117.8113, 39.6579 ], [ -117.8219, 39.6623 ], [ -117.82, 39.6741 ], [ -117.8219, 39.686 ], [ -117.8289, 39.691 ], [ -117.8287, 39.6957 ], [ -117.8311, 39.6987 ], [ -117.8322, 39.7027 ], [ -117.832, 39.7137 ], [ -117.8359, 39.7191 ], [ -117.8416, 39.7191 ], [ -117.8362, 39.7223 ], [ -117.835, 39.7216 ], [ -117.8343, 39.7233 ], [ -117.8303, 39.7171 ], [ -117.8233, 39.7155 ], [ -117.8203, 39.7222 ], [ -117.8234, 39.729 ], [ -117.8176, 39.7262 ], [ -117.8218, 39.7301 ], [ -117.8161, 39.7425 ], [ -117.8012, 39.7294 ], [ -117.788, 39.7218 ], [ -117.7849, 39.7157 ] ] ] } },
{ "type": "Feature", "properties": { "tier": "B", "name": "undivided shale, sand, and siltstone" }, "geometry": { "type": "MultiPolygon", "coordinates": [ [ [ [ -118.1396, 39.4156 ], [ -118.1435, 39.4049 ], [ -118.1449, 39.4041 ], [ -118.1442, 39.4098 ], [ -118.1396, 39.4156 ] ] ], [ [ [ -118.2997, 39.4156 ], [ -118.3028, 39.4165 ], [ -118.3105, 39.4168 ], [ -118.3077, 39.4184 ], [ -118.3075, 39.4212 ], [ -118.305, 39.4204 ], [ -118.3026, 39.4216 ], [ -118.2988, 39.4202 ], [ -118.2997, 39.4156 ] ] ], [ [ [ -118.2324, 39.4234 ], [ -118.238, 39.419 ], [ -118.2409, 39.4198 ], [ -118.2435, 39.4245 ], [ -118.2444, 39.431 ], [ -118.243, 39.4305 ], [ -118.2413, 39.4318 ], [ -118.2409, 39.4291 ], [ -118.2385, 39.4279 ], [ -118.2401, 39.4266 ], [ -118.2388, 39.4235 ], [ -118.2345, 39.4258 ], [ -118.2313, 39.4231 ], [ -118.2324, 39.4234 ] ] ], [ [ [ -118.3075, 39.4212 ], [ -118.3197, 39.4215 ], [ -118.3205, 39.4231 ], [ -118.324, 39.4225 ], [ -118.3203, 39.424 ], [ -118.3146, 39.4225 ], [ -118.3127, 39.4233 ], [ -118.3168, 39.425 ], [ -118.3207, 39.4287 ], [ -118.324, 39.4296 ], [ -118.3227, 39.431 ], [ -118.3261, 39.4323 ], [ -118.3195, 39.4327 ], [ -118.3161, 39.4266 ], [ -118.3058, 39.4223 ], [ -118.3075, 39.4212 ] ] ], [ [ [ -118.2493, 39.4256 ], [ -118.2553, 39.4252 ], [ -118.257, 39.4244 ], [ -118.2575, 39.422 ], [ -118.2599, 39.4233 ], [ -118.2587, 39.4216 ], [ -118.2607, 39.4214 ], [ -118.2606, 39.4184 ], [ -118.264, 39.4178 ], [ -118.2664, 39.4149 ], [ -118.2667, 39.4177 ], [ -118.264, 39.4209 ], [ -118.2642, 39.4232 ], [ -118.2699, 39.426 ], [ -118.2716, 39.4257 ], [ -118.2703, 39.4284 ], [ -118.2754, 39.4288 ], [ -118.2799, 39.4264 ], [ -118.284, 39.4208 ], [ -118.2853, 39.4215 ], [ -118.2854, 39.4235 ], [ -118.2828, 39.4249 ], [ -118.2869, 39.4256 ], [ -118.2816, 39.4301 ], [ -118.274, 39.4325 ], [ -118.2732, 39.4309 ], [ -118.2653, 39.4337 ], [ -118.2653, 39.4346 ], [ -118.2678, 39.4347 ], [ -118.2722, 39.4331 ], [ -118.2713, 39.4355 ], [ -118.2742, 39.4391 ], [ -118.2775, 39.4392 ], [ -118.278, 39.4475 ], [ -118.2758, 39.4487 ], [ -118.2737, 39.4423 ], [ -118.2687, 39.4427 ], [ -118.2637, 39.4382 ], [ -118.2611, 39.4383 ], [ -118.2545, 39.4308 ], [ -118.2519, 39.4305 ], [ -118.2474, 39.4277 ], [ -118.2465, 39.4247 ], [ -118.2479, 39.4237 ], [ -118.2493, 39.4256 ] ] ], [ [ [ -118.3174, 39.441 ], [ -118.3169, 39.4384 ], [ -118.3185, 39.4348 ], [ -118.3197, 39.4346 ], [ -118.3197, 39.4377 ], [ -118.3174, 39.441 ] ] ], [ [ [ -118.1655, 39.7395 ], [ -118.1674, 39.7412 ], [ -118.1701, 39.7416 ], [ -118.17, 39.7459 ], [ -118.174, 39.7463 ], [ -118.1746, 39.7485 ], [ -118.1652, 39.7468 ], [ -118.1621, 39.7419 ], [ -118.1655, 39.7395 ] ] ], [ [ [ -118.1514, 39.7463 ], [ -118.1496, 39.7479 ], [ -118.1483, 39.7463 ], [ -118.15, 39.7427 ], [ -118.1514, 39.7463 ] ] ], [ [ [ -118.1496, 39.7527 ], [ -118.1585, 39.7532 ], [ -118.1545, 39.7579 ], [ -118.1553, 39.7602 ], [ -118.1538, 39.7641 ], [ -118.1549, 39.7701 ], [ -118.1532, 39.7706 ], [ -118.1475, 39.7669 ], [ -118.1447, 39.7615 ], [ -118.1496, 39.7527 ] ] ], [ [ [ -118.1846, 39.8645 ], [ -118.1791, 39.8655 ], [ -118.1765, 39.8624 ], [ -118.1731, 39.8614 ], [ -118.1718, 39.8597 ], [ -118.1749, 39.8561 ], [ -118.1714, 39.8509 ], [ -118.1714, 39.8453 ], [ -118.1741, 39.8405 ], [ -118.1707, 39.834 ], [ -118.173, 39.8324 ], [ -118.1831, 39.8375 ], [ -118.1835, 39.8355 ], [ -118.1819, 39.8319 ], [ -118.1852, 39.8295 ], [ -118.1892, 39.8148 ], [ -118.1878, 39.8104 ], [ -118.1845, 39.8142 ], [ -118.1789, 39.808 ], [ -118.1754, 39.8019 ], [ -118.1704, 39.7999 ], [ -118.1693, 39.797 ], [ -118.1824, 39.7853 ], [ -118.1924, 39.7718 ], [ -118.1982, 39.7607 ], [ -118.1924, 39.7606 ], [ -118.1896, 39.7565 ], [ -118.1822, 39.7534 ], [ -118.1794, 39.7407 ], [ -118.1794, 39.7355 ], [ -118.1837, 39.7278 ], [ -118.1908, 39.7244 ], [ -118.1983, 39.7238 ], [ -118.1944, 39.7276 ], [ -118.1939, 39.7293 ], [ -118.1958, 39.7295 ], [ -118.1973, 39.7278 ], [ -118.2016, 39.7267 ], [ -118.2058, 39.7218 ], [ -118.209, 39.7216 ], [ -118.2084, 39.7185 ], [ -118.2108, 39.7167 ], [ -118.2096, 39.7157 ], [ -118.2102, 39.7131 ], [ -118.2076, 39.7138 ], [ -118.2061, 39.7122 ], [ -118.2006, 39.7179 ], [ -118.1988, 39.7161 ], [ -118.2001, 39.7147 ], [ -118.1953, 39.7138 ], [ -118.1944, 39.7121 ], [ -118.1986, 39.6947 ], [ -118.1982, 39.6812 ], [ -118.1905, 39.674 ], [ -118.1976, 39.6749 ], [ -118.2081, 39.6727 ], [ -118.1998, 39.6717 ], [ -118.205, 39.6708 ], [ -118.2106, 39.6672 ], [ -118.2147, 39.6701 ], [ -118.2177, 39.67 ], [ -118.2311, 39.6659 ], [ -118.2326, 39.6681 ], [ -118.2382, 39.6687 ], [ -118.2435, 39.6686 ], [ -118.2447, 39.6669 ], [ -118.2471, 39.6665 ], [ -118.2486, 39.6693 ], [ -118.2543, 39.671 ], [ -118.2575, 39.6688 ], [ -118.2664, 39.6696 ], [ -118.2716, 39.6737 ], [ -118.292, 39.6836 ], [ -118.291, 39.6854 ], [ -118.2859, 39.6865 ], [ -118.2856, 39.6879 ], [ -118.2893, 39.6905 ], [ -118.2948, 39.6906 ], [ -118.2953, 39.6926 ], [ -118.2928, 39.6946 ], [ -118.2916, 39.6977 ], [ -118.2875, 39.6982 ], [ -118.2879, 39.701 ], [ -118.2852, 39.7061 ], [ -118.2861, 39.7111 ], [ -118.2824, 39.713 ], [ -118.2765, 39.7205 ], [ -118.2749, 39.7194 ], [ -118.2731, 39.7231 ], [ -118.2735, 39.7261 ], [ -118.2704, 39.73 ], [ -118.2693, 39.7337 ], [ -118.2653, 39.7348 ], [ -118.2626, 39.7416 ], [ -118.2627, 39.7455 ], [ -118.2602, 39.7454 ], [ -118.256, 39.7554 ], [ -118.2503, 39.7591 ], [ -118.2464, 39.77 ], [ -118.2423, 39.7754 ], [ -118.2413, 39.7805 ], [ -118.2351, 39.7861 ], [ -118.2344, 39.7892 ], [ -118.2315, 39.7915 ], [ -118.2273, 39.8007 ], [ -118.2224, 39.8044 ], [ -118.2157, 39.8069 ], [ -118.2116, 39.8052 ], [ -118.21, 39.8102 ], [ -118.2122, 39.8115 ], [ -118.2122, 39.8169 ], [ -118.208, 39.8195 ], [ -118.2036, 39.8192 ], [ -118.1967, 39.8223 ], [ -118.1934, 39.8255 ], [ -118.1938, 39.8322 ], [ -118.1897, 39.8377 ], [ -118.1911, 39.8426 ], [ -118.1963, 39.8483 ], [ -118.1975, 39.8523 ], [ -118.2171, 39.8582 ], [ -118.2155, 39.8645 ], [ -118.2094, 39.8674 ], [ -118.1999, 39.8664 ], [ -118.2004, 39.8627 ], [ -118.2027, 39.8616 ], [ -118.2013, 39.8599 ], [ -118.207, 39.8568 ], [ -118.2046, 39.8558 ], [ -118.1963, 39.8583 ], [ -118.1967, 39.8614 ], [ -118.1946, 39.8635 ], [ -118.1975, 39.8643 ], [ -118.1976, 39.8666 ], [ -118.1993, 39.8682 ], [ -118.1946, 39.8683 ], [ -118.1932, 39.8699 ], [ -118.1885, 39.8698 ], [ -118.1912, 39.8676 ], [ -118.1863, 39.8667 ], [ -118.1846, 39.8645 ] ], [ [ -118.193, 39.8455 ], [ -118.1863, 39.8462 ], [ -118.1845, 39.8478 ], [ -118.1857, 39.8493 ], [ -118.193, 39.8491 ], [ -118.1941, 39.8478 ], [ -118.193, 39.8455 ] ], [ [ -118.1856, 39.8438 ], [ -118.186, 39.8418 ], [ -118.1786, 39.8423 ], [ -118.1813, 39.8438 ], [ -118.1856, 39.8438 ] ] ], [ [ [ -118.0772, 39.8182 ], [ -118.0758, 39.8165 ], [ -118.0732, 39.8156 ], [ -118.0729, 39.8143 ], [ -118.0799, 39.8156 ], [ -118.08, 39.8188 ], [ -118.0838, 39.8215 ], [ -118.0922, 39.8196 ], [ -118.0966, 39.8162 ], [ -118.1048, 39.8164 ], [ -118.1082, 39.8153 ], [ -118.1045, 39.8119 ], [ -118.097, 39.8124 ], [ -118.0874, 39.8095 ], [ -118.0825, 39.8125 ], [ -118.0863, 39.8009 ], [ -118.0802, 39.8022 ], [ -118.0809, 39.7977 ], [ -118.0831, 39.7934 ], [ -118.0889, 39.7981 ], [ -118.0987, 39.7935 ], [ -118.1007, 39.7902 ], [ -118.1073, 39.7885 ], [ -118.1089, 39.7856 ], [ -118.1158, 39.7803 ], [ -118.1207, 39.7792 ], [ -118.1186, 39.7844 ], [ -118.1202, 39.7865 ], [ -118.1249, 39.7869 ], [ -118.1228, 39.7919 ], [ -118.1258, 39.794 ], [ -118.125, 39.7986 ], [ -118.1231, 39.7986 ], [ -118.1219, 39.8011 ], [ -118.1232, 39.803 ], [ -118.1343, 39.8076 ], [ -118.1337, 39.823 ], [ -118.1289, 39.8223 ], [ -118.132, 39.8256 ], [ -118.1234, 39.8315 ], [ -118.1197, 39.8279 ], [ -118.1151, 39.8269 ], [ -118.1106, 39.8223 ], [ -118.1004, 39.8216 ], [ -118.0975, 39.8234 ], [ -118.0981, 39.8259 ], [ -118.0959, 39.8316 ], [ -118.092, 39.8308 ], [ -118.0897, 39.8285 ], [ -118.0869, 39.8295 ], [ -118.0803, 39.8273 ], [ -118.0771, 39.8219 ], [ -118.0772, 39.8182 ] ], [ [ -118.0986, 39.8046 ], [ -118.0988, 39.8059 ], [ -118.1032, 39.8059 ], [ -118.1006, 39.8037 ], [ -118.0986, 39.8046 ] ], [ [ -118.0937, 39.799 ], [ -118.093, 39.8013 ], [ -118.0967, 39.8 ], [ -118.0937, 39.799 ] ] ], [ [ [ -118.0798, 39.8052 ], [ -118.0791, 39.809 ], [ -118.0756, 39.8112 ], [ -118.0728, 39.8113 ], [ -118.0739, 39.8073 ], [ -118.0778, 39.8048 ], [ -118.0798, 39.8052 ] ] ], [ [ [ -118.0621, 39.8193 ], [ -118.0612, 39.817 ], [ -118.062, 39.8143 ], [ -118.0672, 39.8132 ], [ -118.0666, 39.8156 ], [ -118.0621, 39.8193 ] ] ], [ [ [ -118.074, 39.8161 ], [ -118.0704, 39.8214 ], [ -118.0687, 39.8166 ], [ -118.074, 39.8161 ] ] ], [ [ [ -118.0675, 39.8282 ], [ -118.0637, 39.8278 ], [ -118.0621, 39.8193 ], [ -118.0649, 39.8184 ], [ -118.0669, 39.819 ], [ -118.0649, 39.8232 ], [ -118.0658, 39.8247 ], [ -118.0713, 39.8255 ], [ -118.076, 39.8242 ], [ -118.0773, 39.8262 ], [ -118.0764, 39.8303 ], [ -118.0706, 39.8277 ], [ -118.0725, 39.8266 ], [ -118.0686, 39.8266 ], [ -118.0675, 39.8282 ] ] ], [ [ [ -117.8964, 39.9658 ], [ -117.8957, 39.9637 ], [ -117.8967, 39.961 ], [ -117.8955, 39.9592 ], [ -117.8984, 39.9571 ], [ -117.9007, 39.9606 ], [ -117.8974, 39.9632 ], [ -117.8964, 39.9658 ] ] ], [ [ [ -117.867, 39.9937 ], [ -117.8698, 39.9858 ], [ -117.8729, 39.982 ], [ -117.8732, 39.9788 ], [ -117.8757, 39.9771 ], [ -117.8749, 39.9808 ], [ -117.8765, 39.9836 ], [ -117.8727, 39.9863 ], [ -117.8726, 39.99 ], [ -117.8697, 39.9921 ], [ -117.869, 39.9964 ], [ -117.8644, 39.9998 ], [ -117.8645, 40.0023 ], [ -117.8494, 40.0022 ], [ -117.867, 39.9937 ] ] ], [ [ [ -118.0333, 39.9971 ], [ -118.0232, 39.9944 ], [ -118.017, 39.9963 ], [ -118.0162, 39.9931 ], [ -118.0187, 39.9918 ], [ -118.027, 39.9934 ], [ -118.0289, 39.9919 ], [ -118.0336, 39.9916 ], [ -118.0375, 39.988 ], [ -118.0443, 39.9884 ], [ -118.0447, 39.9866 ], [ -118.0416, 39.9842 ], [ -118.0458, 39.9838 ], [ -118.0466, 39.9811 ], [ -118.0576, 39.9952 ], [ -118.0536, 40.0008 ], [ -118.0382, 40.0008 ], [ -118.036, 39.9965 ], [ -118.0333, 39.9971 ] ], [ [ -118.0391, 39.9974 ], [ -118.0427, 39.9993 ], [ -118.0432, 39.9978 ], [ -118.0396, 39.9963 ], [ -118.0391, 39.9974 ] ] ], [ [ [ -118.0246, 39.999 ], [ -118.0254, 40.0009 ], [ -118.0149, 40.0009 ], [ -118.0181, 39.9973 ], [ -118.0246, 39.999 ] ] ] ] } },
{ "type": "Feature", "properties": { "tier": "B", "name": "upper subunit" }, "geometry": { "type": "MultiPolygon", "coordinates": [ [ [ [ -117.8124, 39.767 ], [ -117.8119, 39.7707 ], [ -117.8104, 39.7721 ], [ -117.8082, 39.77 ], [ -117.8089, 39.7683 ], [ -117.8124, 39.767 ] ] ], [ [ [ -117.81, 39.7741 ], [ -117.8097, 39.7779 ], [ -117.8062, 39.7798 ], [ -117.8054, 39.7758 ], [ -117.8083, 39.7714 ], [ -117.81, 39.7741 ] ] ], [ [ [ -117.7844, 39.8223 ], [ -117.7747, 39.8194 ], [ -117.7736, 39.8167 ], [ -117.7652, 39.8166 ], [ -117.7636, 39.8136 ], [ -117.7622, 39.8086 ], [ -117.7654, 39.8074 ], [ -117.766, 39.8043 ], [ -117.7637, 39.7943 ], [ -117.7656, 39.7941 ], [ -117.7665, 39.7961 ], [ -117.7684, 39.7956 ], [ -117.767, 39.7904 ], [ -117.7679, 39.7852 ], [ -117.7791, 39.7792 ], [ -117.7922, 39.783 ], [ -117.794, 39.7817 ], [ -117.8062, 39.7798 ], [ -117.7992, 39.785 ], [ -117.7969, 39.7883 ], [ -117.797, 39.792 ], [ -117.801, 39.8003 ], [ -117.7963, 39.8023 ], [ -117.7998, 39.8099 ], [ -117.7992, 39.8122 ], [ -117.7966, 39.814 ], [ -117.7957, 39.8163 ], [ -117.7918, 39.8182 ], [ -117.7871, 39.8158 ], [ -117.7845, 39.8158 ], [ -117.787, 39.8178 ], [ -117.7877, 39.8203 ], [ -117.7867, 39.8216 ], [ -117.7844, 39.8223 ] ] ], [ [ [ -117.6688, 39.85 ], [ -117.665, 39.8435 ], [ -117.6594, 39.8391 ], [ -117.6588, 39.8353 ], [ -117.6732, 39.8268 ], [ -117.6733, 39.8234 ], [ -117.6772, 39.8195 ], [ -117.678, 39.8168 ], [ -117.6797, 39.8212 ], [ -117.6824, 39.821 ], [ -117.6873, 39.829 ], [ -117.6746, 39.8449 ], [ -117.6784, 39.8451 ], [ -117.6814, 39.8491 ], [ -117.6865, 39.8519 ], [ -117.6841, 39.856 ], [ -117.6816, 39.8542 ], [ -117.6734, 39.8546 ], [ -117.6726, 39.8537 ], [ -117.6736, 39.8526 ], [ -117.6688, 39.85 ] ] ], [ [ [ -117.6682, 39.8604 ], [ -117.6692, 39.8551 ], [ -117.6846, 39.8568 ], [ -117.6835, 39.8586 ], [ -117.6791, 39.8573 ], [ -117.6794, 39.8596 ], [ -117.683, 39.8616 ], [ -117.6748, 39.8656 ], [ -117.6714, 39.8655 ], [ -117.6682, 39.8604 ] ] ] ] } }
]
}
